regime,source,seed,feature,learned_feature,reference_variable,output_variable,reference_zero_rate,output_zero_rate,activity_rate_error,support_violation,finite
primary,real_row_resample,1337,iot__fridge__condition_high_fraction,True,True,True,0.017188316590209626,0.018815331010452963,0.0016270144202433362,0.0,True
primary,real_row_resample,1337,iot__fridge__temperature_mean,True,True,True,0.0012194413797108183,0.0008710801393728223,0.00034836124033799597,0.0,True
primary,real_row_resample,1337,iot__garage__door_open_fraction,True,True,True,0.5932872655478776,0.5944250871080139,0.0011378215601363095,0.0,True
primary,real_row_resample,1337,iot__garage__smartphone_signal_true_fraction,False,True,True,0.5932872655478776,0.5944250871080139,0.0011378215601363095,0.0,True
primary,real_row_resample,1337,iot__gps__latitude_mean,True,True,True,0.0009871668311944718,0.0005226480836236934,0.0004645187475707784,0.0,True
primary,real_row_resample,1337,iot__gps__longitude_mean,True,True,True,0.0009871668311944718,0.0005226480836236934,0.0004645187475707784,0.0,True
primary,real_row_resample,1337,iot__modbus__register_1_mean,True,True,True,0.0009871668311944718,0.0005226480836236934,0.0004645187475707784,0.0,True
primary,real_row_resample,1337,iot__modbus__register_2_mean,True,True,True,0.0009871668311944718,0.0005226480836236934,0.0004645187475707784,0.0,True
primary,real_row_resample,1337,iot__modbus__register_3_mean,True,True,True,0.0009871668311944718,0.0005226480836236934,0.0004645187475707784,0.0,True
primary,real_row_resample,1337,iot__modbus__register_4_mean,True,True,True,0.0009871668311944718,0.0005226480836236934,0.0004645187475707784,0.0,True
primary,real_row_resample,1337,iot__motion_light__light_on_fraction,True,True,True,0.2423204227396783,0.23414634146341465,0.00817408127626365,0.0,True
primary,real_row_resample,1337,iot__motion_light__motion_true_fraction,True,True,True,0.2423204227396783,0.23414634146341465,0.00817408127626365,0.0,True
primary,real_row_resample,1337,iot__thermostat__status_true_fraction,True,True,True,0.007490854189652169,0.006097560975609756,0.0013932932140424126,0.0,True
primary,real_row_resample,1337,iot__thermostat__temperature_mean,True,True,True,0.0020904709366471167,0.0020905923344947735,1.2139784765679076e-07,0.0,True
primary,real_row_resample,1337,iot__weather__humidity_mean,True,True,True,0.0009290981940653852,0.0003484320557491289,0.0005806661383162563,0.0,True
primary,real_row_resample,1337,iot__weather__pressure_mean,True,True,True,0.0009290981940653852,0.0003484320557491289,0.0005806661383162563,0.0,True
primary,real_row_resample,1337,iot__weather__temperature_mean,True,True,True,0.0009290981940653852,0.0003484320557491289,0.0005806661383162563,0.0,True
primary,real_row_resample,1337,router__general__arp_count,False,True,True,0.12043435340572557,0.1289198606271777,0.008485507221452124,0.0,True
primary,real_row_resample,1337,router__general__byte_count,True,True,True,0.0004645490970326926,0.0003484320557491289,0.0001161170412835637,0.0,True
primary,real_row_resample,1337,router__general__dns_port_packets,True,True,True,0.6286510655594914,0.6310104529616725,0.0023593874021811123,0.0,True
primary,real_row_resample,1337,router__general__http_port_packets,True,True,True,0.9925672144474769,0.9926829268292683,0.00011571238179142185,0.0,True
primary,real_row_resample,1337,router__general__https_port_packets,True,True,True,0.8894953835433482,0.8888501742160279,0.000645209327320373,0.0,True
primary,real_row_resample,1337,router__general__icmp_count,True,True,True,0.058358980314732016,0.0578397212543554,0.0005192590603766145,0.0,True
primary,real_row_resample,1337,router__general__interarrival_positive_mean,False,True,True,0.0004645490970326926,0.0003484320557491289,0.0001161170412835637,0.0,True
primary,real_row_resample,1337,router__general__interarrival_positive_std,False,True,True,0.0004645490970326926,0.0003484320557491289,0.0001161170412835637,0.0,True
primary,real_row_resample,1337,router__general__ipv4_count,True,True,True,0.0004645490970326926,0.0003484320557491289,0.0001161170412835637,0.0,True
primary,real_row_resample,1337,router__general__ipv6_count,True,True,True,0.34074676267348003,0.35156794425087107,0.010821181577391037,0.0,True
primary,real_row_resample,1337,router__general__mqtt_port_packets,True,True,True,0.00220660821090529,0.0013937282229965157,0.0008128799879087742,0.0,True
primary,real_row_resample,1337,router__general__packet_count,True,True,True,0.0004645490970326926,0.0003484320557491289,0.0001161170412835637,0.0,True
primary,real_row_resample,1337,router__general__packet_length_max,True,True,True,0.0004645490970326926,0.0003484320557491289,0.0001161170412835637,0.0,True
primary,real_row_resample,1337,router__general__packet_length_mean,True,True,True,0.0004645490970326926,0.0003484320557491289,0.0001161170412835637,0.0,True
primary,real_row_resample,1337,router__general__packet_length_min,True,True,True,0.0004645490970326926,0.0003484320557491289,0.0001161170412835637,0.0,True
primary,real_row_resample,1337,router__general__packet_length_std,True,True,True,0.0004645490970326926,0.0003484320557491289,0.0001161170412835637,0.0,True
primary,real_row_resample,1337,router__general__tcp_count,True,True,True,0.0004645490970326926,0.0003484320557491289,0.0001161170412835637,0.0,True
primary,real_row_resample,1337,router__general__tcp_fin_count,False,True,True,0.9743336623889437,0.9726480836236934,0.0016855787652503285,0.0,True
primary,real_row_resample,1337,router__general__tcp_rst_count,False,True,True,0.9891411648568608,0.9888501742160278,0.00029099064083293325,0.0,True
primary,real_row_resample,1337,router__general__tcp_syn_count,False,True,True,0.9693397595958423,0.9695121951219512,0.000172435526108905,0.0,True
primary,real_row_resample,1337,router__general__udp_count,True,True,True,0.29667266709250334,0.30452961672473866,0.007856949632235322,0.0,True
primary,real_row_resample,1337,router__general__unique_dst_ip_count,False,True,True,0.0004645490970326926,0.0003484320557491289,0.0001161170412835637,0.0,True
primary,real_row_resample,1337,router__general__unique_endpoint_pair_count,True,True,True,0.0004645490970326926,0.0003484320557491289,0.0001161170412835637,0.0,True
primary,real_row_resample,1337,router__general__unique_src_ip_count,False,True,True,0.0004645490970326926,0.0003484320557491289,0.0001161170412835637,0.0,True
primary,real_row_resample,1337,router__iot_named__arp_count,True,True,True,0.20614366180825736,0.221602787456446,0.015459125648188632,0.0,True
primary,real_row_resample,1337,router__iot_named__byte_count,True,True,True,0.0002322745485163463,0.00017421602787456446,5.805852064178185e-05,0.0,True
primary,real_row_resample,1337,router__iot_named__dns_port_packets,True,True,True,0.6611114337146508,0.6674216027874564,0.0063101690728056825,0.0,True
primary,real_row_resample,1337,router__iot_named__http_port_packets,False,True,True,0.9983740781603856,0.9980836236933798,0.00029045446700581845,0.0,True
primary,real_row_resample,1337,router__iot_named__https_port_packets,True,True,True,0.9447767260902387,0.9463414634146341,0.0015647373243954377,0.0,True
primary,real_row_resample,1337,router__iot_named__icmp_count,False,True,True,0.9982579408861274,0.9979094076655052,0.0003485332206222269,0.0,True
primary,real_row_resample,1337,router__iot_named__interarrival_positive_mean,False,True,True,0.0002322745485163463,0.00017421602787456446,5.805852064178185e-05,0.0,True
primary,real_row_resample,1337,router__iot_named__interarrival_positive_std,False,True,True,0.0002322745485163463,0.00017421602787456446,5.805852064178185e-05,0.0,True
primary,real_row_resample,1337,router__iot_named__ipv4_count,True,True,True,0.0002322745485163463,0.00017421602787456446,5.805852064178185e-05,0.0,True
primary,real_row_resample,1337,router__iot_named__mqtt_port_packets,True,True,True,0.0018581963881307705,0.0012195121951219512,0.0006386841930088193,0.0,True
primary,real_row_resample,1337,router__iot_named__packet_count,True,True,True,0.0002322745485163463,0.00017421602787456446,5.805852064178185e-05,0.0,True
primary,real_row_resample,1337,router__iot_named__packet_length_max,True,True,True,0.0002322745485163463,0.00017421602787456446,5.805852064178185e-05,0.0,True
primary,real_row_resample,1337,router__iot_named__packet_length_mean,True,True,True,0.0002322745485163463,0.00017421602787456446,5.805852064178185e-05,0.0,True
primary,real_row_resample,1337,router__iot_named__packet_length_min,True,True,True,0.0002322745485163463,0.00017421602787456446,5.805852064178185e-05,0.0,True
primary,real_row_resample,1337,router__iot_named__packet_length_std,True,True,True,0.0002322745485163463,0.00017421602787456446,5.805852064178185e-05,0.0,True
primary,real_row_resample,1337,router__iot_named__tcp_count,True,True,True,0.00040648045990360605,0.0003484320557491289,5.8048404154477135e-05,0.0,True
primary,real_row_resample,1337,router__iot_named__tcp_fin_count,False,True,True,0.9912316357935079,0.9895470383275261,0.0016845974659818186,0.0,True
primary,real_row_resample,1337,router__iot_named__tcp_rst_count,False,True,True,0.9979095290633528,0.9979094076655052,1.2139784766329598e-07,0.0,True
primary,real_row_resample,1337,router__iot_named__tcp_syn_count,False,True,True,0.9929736949073805,0.9939024390243902,0.0009287441170097166,0.0,True
primary,real_row_resample,1337,router__iot_named__udp_count,True,True,True,0.40078973346495556,0.4097560975609756,0.00896636409602003,0.0,True
primary,real_row_resample,1337,router__iot_named__unique_dst_ip_count,True,True,True,0.0002322745485163463,0.00017421602787456446,5.805852064178185e-05,0.0,True
primary,real_row_resample,1337,router__iot_named__unique_endpoint_pair_count,True,True,True,0.0002322745485163463,0.00017421602787456446,5.805852064178185e-05,0.0,True
primary,real_row_resample,1337,router__iot_named__unique_src_ip_count,True,True,True,0.0002322745485163463,0.00017421602787456446,5.805852064178185e-05,0.0,True
primary,real_row_resample,1338,iot__fridge__condition_high_fraction,True,True,True,0.017188316590209626,0.018118466898954706,0.0009301503087450792,0.0,True
primary,real_row_resample,1338,iot__fridge__temperature_mean,True,True,True,0.0012194413797108183,0.0017421602787456446,0.0005227188990348263,0.0,True
primary,real_row_resample,1338,iot__garage__door_open_fraction,True,True,True,0.5932872655478776,0.578397212543554,0.014890053004323556,0.0,True
primary,real_row_resample,1338,iot__garage__smartphone_signal_true_fraction,False,True,True,0.5932872655478776,0.578397212543554,0.014890053004323556,0.0,True
primary,real_row_resample,1338,iot__gps__latitude_mean,True,True,True,0.0009871668311944718,0.0015679442508710801,0.0005807774196766083,0.0,True
primary,real_row_resample,1338,iot__gps__longitude_mean,True,True,True,0.0009871668311944718,0.0015679442508710801,0.0005807774196766083,0.0,True
primary,real_row_resample,1338,iot__modbus__register_1_mean,True,True,True,0.0009871668311944718,0.0015679442508710801,0.0005807774196766083,0.0,True
primary,real_row_resample,1338,iot__modbus__register_2_mean,True,True,True,0.0009871668311944718,0.0015679442508710801,0.0005807774196766083,0.0,True
primary,real_row_resample,1338,iot__modbus__register_3_mean,True,True,True,0.0009871668311944718,0.0015679442508710801,0.0005807774196766083,0.0,True
primary,real_row_resample,1338,iot__modbus__register_4_mean,True,True,True,0.0009871668311944718,0.0015679442508710801,0.0005807774196766083,0.0,True
primary,real_row_resample,1338,iot__motion_light__light_on_fraction,True,True,True,0.2423204227396783,0.23832752613240418,0.003992896607274116,0.0,True
primary,real_row_resample,1338,iot__motion_light__motion_true_fraction,True,True,True,0.2423204227396783,0.23832752613240418,0.003992896607274116,0.0,True
primary,real_row_resample,1338,iot__thermostat__status_true_fraction,True,True,True,0.007490854189652169,0.006794425087108014,0.0006964291025441547,0.0,True
primary,real_row_resample,1338,iot__thermostat__temperature_mean,True,True,True,0.0020904709366471167,0.0017421602787456446,0.00034831065790147213,0.0,True
primary,real_row_resample,1338,iot__weather__humidity_mean,True,True,True,0.0009290981940653852,0.0015679442508710801,0.0006388460568056949,0.0,True
primary,real_row_resample,1338,iot__weather__pressure_mean,True,True,True,0.0009290981940653852,0.0015679442508710801,0.0006388460568056949,0.0,True
primary,real_row_resample,1338,iot__weather__temperature_mean,True,True,True,0.0009290981940653852,0.0015679442508710801,0.0006388460568056949,0.0,True
primary,real_row_resample,1338,router__general__arp_count,False,True,True,0.12043435340572557,0.12369337979094076,0.0032590263852151913,0.0,True
primary,real_row_resample,1338,router__general__byte_count,True,True,True,0.0004645490970326926,0.0006968641114982578,0.00023231501446556522,0.0,True
primary,real_row_resample,1338,router__general__dns_port_packets,True,True,True,0.6286510655594914,0.6200348432055749,0.008616222353916458,0.0,True
primary,real_row_resample,1338,router__general__http_port_packets,True,True,True,0.9925672144474769,0.9935540069686412,0.0009867925211642925,0.0,True
primary,real_row_resample,1338,router__general__https_port_packets,True,True,True,0.8894953835433482,0.8876306620209059,0.0018647215224423253,0.0,True
primary,real_row_resample,1338,router__general__icmp_count,True,True,True,0.058358980314732016,0.06062717770034843,0.0022681973856164134,0.0,True
primary,real_row_resample,1338,router__general__interarrival_positive_mean,False,True,True,0.0004645490970326926,0.0006968641114982578,0.00023231501446556522,0.0,True
primary,real_row_resample,1338,router__general__interarrival_positive_std,False,True,True,0.0004645490970326926,0.0006968641114982578,0.00023231501446556522,0.0,True
primary,real_row_resample,1338,router__general__ipv4_count,True,True,True,0.0004645490970326926,0.0006968641114982578,0.00023231501446556522,0.0,True
primary,real_row_resample,1338,router__general__ipv6_count,True,True,True,0.34074676267348003,0.3426829268292683,0.0019361641557882892,0.0,True
primary,real_row_resample,1338,router__general__mqtt_port_packets,True,True,True,0.00220660821090529,0.003310104529616725,0.001103496318711435,0.0,True
primary,real_row_resample,1338,router__general__packet_count,True,True,True,0.0004645490970326926,0.0006968641114982578,0.00023231501446556522,0.0,True
primary,real_row_resample,1338,router__general__packet_length_max,True,True,True,0.0004645490970326926,0.0006968641114982578,0.00023231501446556522,0.0,True
primary,real_row_resample,1338,router__general__packet_length_mean,True,True,True,0.0004645490970326926,0.0006968641114982578,0.00023231501446556522,0.0,True
primary,real_row_resample,1338,router__general__packet_length_min,True,True,True,0.0004645490970326926,0.0006968641114982578,0.00023231501446556522,0.0,True
primary,real_row_resample,1338,router__general__packet_length_std,True,True,True,0.0004645490970326926,0.0006968641114982578,0.00023231501446556522,0.0,True
primary,real_row_resample,1338,router__general__tcp_count,True,True,True,0.0004645490970326926,0.0006968641114982578,0.00023231501446556522,0.0,True
primary,real_row_resample,1338,router__general__tcp_fin_count,False,True,True,0.9743336623889437,0.9761324041811846,0.0017987417922409321,0.0,True
primary,real_row_resample,1338,router__general__tcp_rst_count,False,True,True,0.9891411648568608,0.9893728222996516,0.00023165744279085576,0.0,True
primary,real_row_resample,1338,router__general__tcp_syn_count,False,True,True,0.9693397595958423,0.967595818815331,0.0017439407805113216,0.0,True
primary,real_row_resample,1338,router__general__udp_count,True,True,True,0.29667266709250334,0.29477351916376304,0.0018991479287402968,0.0,True
primary,real_row_resample,1338,router__general__unique_dst_ip_count,False,True,True,0.0004645490970326926,0.0006968641114982578,0.00023231501446556522,0.0,True
primary,real_row_resample,1338,router__general__unique_endpoint_pair_count,True,True,True,0.0004645490970326926,0.0006968641114982578,0.00023231501446556522,0.0,True
primary,real_row_resample,1338,router__general__unique_src_ip_count,False,True,True,0.0004645490970326926,0.0006968641114982578,0.00023231501446556522,0.0,True
primary,real_row_resample,1338,router__iot_named__arp_count,True,True,True,0.20614366180825736,0.20714285714285716,0.0009991953345998006,0.0,True
primary,real_row_resample,1338,router__iot_named__byte_count,True,True,True,0.0002322745485163463,0.00017421602787456446,5.805852064178185e-05,0.0,True
primary,real_row_resample,1338,router__iot_named__dns_port_packets,True,True,True,0.6611114337146508,0.6567944250871081,0.0043170086275426955,0.0,True
primary,real_row_resample,1338,router__iot_named__http_port_packets,False,True,True,0.9983740781603856,0.9991289198606271,0.0007548417002415375,0.0,True
primary,real_row_resample,1338,router__iot_named__https_port_packets,True,True,True,0.9447767260902387,0.944425087108014,0.00035163898222467793,0.0,True
primary,real_row_resample,1338,router__iot_named__icmp_count,False,True,True,0.9982579408861274,0.9982578397212544,1.0116487303424293e-07,0.0,True
primary,real_row_resample,1338,router__iot_named__interarrival_positive_mean,False,True,True,0.0002322745485163463,0.00017421602787456446,5.805852064178185e-05,0.0,True
primary,real_row_resample,1338,router__iot_named__interarrival_positive_std,False,True,True,0.0002322745485163463,0.00017421602787456446,5.805852064178185e-05,0.0,True
primary,real_row_resample,1338,router__iot_named__ipv4_count,True,True,True,0.0002322745485163463,0.00017421602787456446,5.805852064178185e-05,0.0,True
primary,real_row_resample,1338,router__iot_named__mqtt_port_packets,True,True,True,0.0018581963881307705,0.0024390243902439024,0.000580828002113132,0.0,True
primary,real_row_resample,1338,router__iot_named__packet_count,True,True,True,0.0002322745485163463,0.00017421602787456446,5.805852064178185e-05,0.0,True
primary,real_row_resample,1338,router__iot_named__packet_length_max,True,True,True,0.0002322745485163463,0.00017421602787456446,5.805852064178185e-05,0.0,True
primary,real_row_resample,1338,router__iot_named__packet_length_mean,True,True,True,0.0002322745485163463,0.00017421602787456446,5.805852064178185e-05,0.0,True
primary,real_row_resample,1338,router__iot_named__packet_length_min,True,True,True,0.0002322745485163463,0.00017421602787456446,5.805852064178185e-05,0.0,True
primary,real_row_resample,1338,router__iot_named__packet_length_std,True,True,True,0.0002322745485163463,0.00017421602787456446,5.805852064178185e-05,0.0,True
primary,real_row_resample,1338,router__iot_named__tcp_count,True,True,True,0.00040648045990360605,0.0006968641114982578,0.0002903836515946518,0.0,True
primary,real_row_resample,1338,router__iot_named__tcp_fin_count,False,True,True,0.9912316357935079,0.9921602787456446,0.0009286429521366824,0.0,True
primary,real_row_resample,1338,router__iot_named__tcp_rst_count,False,True,True,0.9979095290633528,0.9977351916376307,0.0001743374257221486,0.0,True
primary,real_row_resample,1338,router__iot_named__tcp_syn_count,False,True,True,0.9929736949073805,0.9921602787456446,0.0008134161617359137,0.0,True
primary,real_row_resample,1338,router__iot_named__udp_count,True,True,True,0.40078973346495556,0.3973867595818815,0.003402973883074034,0.0,True
primary,real_row_resample,1338,router__iot_named__unique_dst_ip_count,True,True,True,0.0002322745485163463,0.00017421602787456446,5.805852064178185e-05,0.0,True
primary,real_row_resample,1338,router__iot_named__unique_endpoint_pair_count,True,True,True,0.0002322745485163463,0.00017421602787456446,5.805852064178185e-05,0.0,True
primary,real_row_resample,1338,router__iot_named__unique_src_ip_count,True,True,True,0.0002322745485163463,0.00017421602787456446,5.805852064178185e-05,0.0,True
primary,real_row_resample,1339,iot__fridge__condition_high_fraction,True,True,True,0.017188316590209626,0.017770034843205575,0.000581718252995949,0.0,True
primary,real_row_resample,1339,iot__fridge__temperature_mean,True,True,True,0.0012194413797108183,0.0006968641114982578,0.0005225772682125604,0.0,True
primary,real_row_resample,1339,iot__garage__door_open_fraction,True,True,True,0.5932872655478776,0.5858885017421602,0.007398763805717357,0.0,True
primary,real_row_resample,1339,iot__garage__smartphone_signal_true_fraction,False,True,True,0.5932872655478776,0.5858885017421602,0.007398763805717357,0.0,True
primary,real_row_resample,1339,iot__gps__latitude_mean,True,True,True,0.0009871668311944718,0.0005226480836236934,0.0004645187475707784,0.0,True
primary,real_row_resample,1339,iot__gps__longitude_mean,True,True,True,0.0009871668311944718,0.0005226480836236934,0.0004645187475707784,0.0,True
primary,real_row_resample,1339,iot__modbus__register_1_mean,True,True,True,0.0009871668311944718,0.0005226480836236934,0.0004645187475707784,0.0,True
primary,real_row_resample,1339,iot__modbus__register_2_mean,True,True,True,0.0009871668311944718,0.0005226480836236934,0.0004645187475707784,0.0,True
primary,real_row_resample,1339,iot__modbus__register_3_mean,True,True,True,0.0009871668311944718,0.0005226480836236934,0.0004645187475707784,0.0,True
primary,real_row_resample,1339,iot__modbus__register_4_mean,True,True,True,0.0009871668311944718,0.0005226480836236934,0.0004645187475707784,0.0,True
primary,real_row_resample,1339,iot__motion_light__light_on_fraction,True,True,True,0.2423204227396783,0.24930313588850175,0.006982713148823455,0.0,True
primary,real_row_resample,1339,iot__motion_light__motion_true_fraction,True,True,True,0.2423204227396783,0.24930313588850175,0.006982713148823455,0.0,True
primary,real_row_resample,1339,iot__thermostat__status_true_fraction,True,True,True,0.007490854189652169,0.007665505226480836,0.00017465103682866735,0.0,True
primary,real_row_resample,1339,iot__thermostat__temperature_mean,True,True,True,0.0020904709366471167,0.0017421602787456446,0.00034831065790147213,0.0,True
primary,real_row_resample,1339,iot__weather__humidity_mean,True,True,True,0.0009290981940653852,0.0005226480836236934,0.00040645011044169186,0.0,True
primary,real_row_resample,1339,iot__weather__pressure_mean,True,True,True,0.0009290981940653852,0.0005226480836236934,0.00040645011044169186,0.0,True
primary,real_row_resample,1339,iot__weather__temperature_mean,True,True,True,0.0009290981940653852,0.0005226480836236934,0.00040645011044169186,0.0,True
primary,real_row_resample,1339,router__general__arp_count,False,True,True,0.12043435340572557,0.12282229965156795,0.002387946245842376,0.0,True
primary,real_row_resample,1339,router__general__byte_count,True,True,True,0.0004645490970326926,0.0006968641114982578,0.00023231501446556522,0.0,True
primary,real_row_resample,1339,router__general__dns_port_packets,True,True,True,0.6286510655594914,0.6315331010452961,0.0028820354858047903,0.0,True
primary,real_row_resample,1339,router__general__http_port_packets,True,True,True,0.9925672144474769,0.9918118466898954,0.0007553677575814488,0.0,True
primary,real_row_resample,1339,router__general__https_port_packets,True,True,True,0.8894953835433482,0.8874564459930313,0.0020389375503169216,0.0,True
primary,real_row_resample,1339,router__general__icmp_count,True,True,True,0.058358980314732016,0.058710801393728224,0.00035182107899620757,0.0,True
primary,real_row_resample,1339,router__general__interarrival_positive_mean,False,True,True,0.0004645490970326926,0.0006968641114982578,0.00023231501446556522,0.0,True
primary,real_row_resample,1339,router__general__interarrival_positive_std,False,True,True,0.0004645490970326926,0.0006968641114982578,0.00023231501446556522,0.0,True
primary,real_row_resample,1339,router__general__ipv4_count,True,True,True,0.0004645490970326926,0.0006968641114982578,0.00023231501446556522,0.0,True
primary,real_row_resample,1339,router__general__ipv6_count,True,True,True,0.34074676267348003,0.34738675958188153,0.006639996908401502,0.0,True
primary,real_row_resample,1339,router__general__mqtt_port_packets,True,True,True,0.00220660821090529,0.003832752613240418,0.0016261444023351283,0.0,True
primary,real_row_resample,1339,router__general__packet_count,True,True,True,0.0004645490970326926,0.0006968641114982578,0.00023231501446556522,0.0,True
primary,real_row_resample,1339,router__general__packet_length_max,True,True,True,0.0004645490970326926,0.0006968641114982578,0.00023231501446556522,0.0,True
primary,real_row_resample,1339,router__general__packet_length_mean,True,True,True,0.0004645490970326926,0.0006968641114982578,0.00023231501446556522,0.0,True
primary,real_row_resample,1339,router__general__packet_length_min,True,True,True,0.0004645490970326926,0.0006968641114982578,0.00023231501446556522,0.0,True
primary,real_row_resample,1339,router__general__packet_length_std,True,True,True,0.0004645490970326926,0.0006968641114982578,0.00023231501446556522,0.0,True
primary,real_row_resample,1339,router__general__tcp_count,True,True,True,0.0004645490970326926,0.0006968641114982578,0.00023231501446556522,0.0,True
primary,real_row_resample,1339,router__general__tcp_fin_count,False,True,True,0.9743336623889437,0.9757839721254356,0.0014503097364918505,0.0,True
primary,real_row_resample,1339,router__general__tcp_rst_count,False,True,True,0.9891411648568608,0.9879790940766551,0.0011620707802056929,0.0,True
primary,real_row_resample,1339,router__general__tcp_syn_count,False,True,True,0.9693397595958423,0.9733449477351916,0.004005188139349358,0.0,True
primary,real_row_resample,1339,router__general__udp_count,True,True,True,0.29667266709250334,0.3015679442508711,0.004895277158367739,0.0,True
primary,real_row_resample,1339,router__general__unique_dst_ip_count,False,True,True,0.0004645490970326926,0.0006968641114982578,0.00023231501446556522,0.0,True
primary,real_row_resample,1339,router__general__unique_endpoint_pair_count,True,True,True,0.0004645490970326926,0.0006968641114982578,0.00023231501446556522,0.0,True
primary,real_row_resample,1339,router__general__unique_src_ip_count,False,True,True,0.0004645490970326926,0.0006968641114982578,0.00023231501446556522,0.0,True
primary,real_row_resample,1339,router__iot_named__arp_count,True,True,True,0.20614366180825736,0.20853658536585365,0.0023929235575962937,0.0,True
primary,real_row_resample,1339,router__iot_named__byte_count,True,True,True,0.0002322745485163463,0.00017421602787456446,5.805852064178185e-05,0.0,True
primary,real_row_resample,1339,router__iot_named__dns_port_packets,True,True,True,0.6611114337146508,0.6644599303135889,0.0033484965989381,0.0,True
primary,real_row_resample,1339,router__iot_named__http_port_packets,False,True,True,0.9983740781603856,0.9982578397212544,0.00011623843913122212,0.0,True
primary,real_row_resample,1339,router__iot_named__https_port_packets,True,True,True,0.9447767260902387,0.9440766550522648,0.0007000710379738706,0.0,True
primary,real_row_resample,1339,router__iot_named__icmp_count,False,True,True,0.9982579408861274,0.998432055749129,0.0001741148630015621,0.0,True
primary,real_row_resample,1339,router__iot_named__interarrival_positive_mean,False,True,True,0.0002322745485163463,0.00017421602787456446,5.805852064178185e-05,0.0,True
primary,real_row_resample,1339,router__iot_named__interarrival_positive_std,False,True,True,0.0002322745485163463,0.00017421602787456446,5.805852064178185e-05,0.0,True
primary,real_row_resample,1339,router__iot_named__ipv4_count,True,True,True,0.0002322745485163463,0.00017421602787456446,5.805852064178185e-05,0.0,True
primary,real_row_resample,1339,router__iot_named__mqtt_port_packets,True,True,True,0.0018581963881307705,0.0031358885017421603,0.0012776921136113898,0.0,True
primary,real_row_resample,1339,router__iot_named__packet_count,True,True,True,0.0002322745485163463,0.00017421602787456446,5.805852064178185e-05,0.0,True
primary,real_row_resample,1339,router__iot_named__packet_length_max,True,True,True,0.0002322745485163463,0.00017421602787456446,5.805852064178185e-05,0.0,True
primary,real_row_resample,1339,router__iot_named__packet_length_mean,True,True,True,0.0002322745485163463,0.00017421602787456446,5.805852064178185e-05,0.0,True
primary,real_row_resample,1339,router__iot_named__packet_length_min,True,True,True,0.0002322745485163463,0.00017421602787456446,5.805852064178185e-05,0.0,True
primary,real_row_resample,1339,router__iot_named__packet_length_std,True,True,True,0.0002322745485163463,0.00017421602787456446,5.805852064178185e-05,0.0,True
primary,real_row_resample,1339,router__iot_named__tcp_count,True,True,True,0.00040648045990360605,0.00017421602787456446,0.0002322644320290416,0.0,True
primary,real_row_resample,1339,router__iot_named__tcp_fin_count,False,True,True,0.9912316357935079,0.9911149825783973,0.00011665321511067361,0.0,True
primary,real_row_resample,1339,router__iot_named__tcp_rst_count,False,True,True,0.9979095290633528,0.9982578397212544,0.0003483106579015294,0.0,True
primary,real_row_resample,1339,router__iot_named__tcp_syn_count,False,True,True,0.9929736949073805,0.9940766550522648,0.001102960144884313,0.0,True
primary,real_row_resample,1339,router__iot_named__udp_count,True,True,True,0.40078973346495556,0.4045296167247387,0.003739883259783139,0.0,True
primary,real_row_resample,1339,router__iot_named__unique_dst_ip_count,True,True,True,0.0002322745485163463,0.00017421602787456446,5.805852064178185e-05,0.0,True
primary,real_row_resample,1339,router__iot_named__unique_endpoint_pair_count,True,True,True,0.0002322745485163463,0.00017421602787456446,5.805852064178185e-05,0.0,True
primary,real_row_resample,1339,router__iot_named__unique_src_ip_count,True,True,True,0.0002322745485163463,0.00017421602787456446,5.805852064178185e-05,0.0,True
primary,real_row_resample,1340,iot__fridge__condition_high_fraction,True,True,True,0.017188316590209626,0.018815331010452963,0.0016270144202433362,0.0,True
primary,real_row_resample,1340,iot__fridge__temperature_mean,True,True,True,0.0012194413797108183,0.0010452961672473868,0.0001741452124634315,0.0,True
primary,real_row_resample,1340,iot__garage__door_open_fraction,True,True,True,0.5932872655478776,0.589198606271777,0.004088659276100581,0.0,True
primary,real_row_resample,1340,iot__garage__smartphone_signal_true_fraction,False,True,True,0.5932872655478776,0.589198606271777,0.004088659276100581,0.0,True
primary,real_row_resample,1340,iot__gps__latitude_mean,True,True,True,0.0009871668311944718,0.0005226480836236934,0.0004645187475707784,0.0,True
primary,real_row_resample,1340,iot__gps__longitude_mean,True,True,True,0.0009871668311944718,0.0005226480836236934,0.0004645187475707784,0.0,True
primary,real_row_resample,1340,iot__modbus__register_1_mean,True,True,True,0.0009871668311944718,0.0005226480836236934,0.0004645187475707784,0.0,True
primary,real_row_resample,1340,iot__modbus__register_2_mean,True,True,True,0.0009871668311944718,0.0005226480836236934,0.0004645187475707784,0.0,True
primary,real_row_resample,1340,iot__modbus__register_3_mean,True,True,True,0.0009871668311944718,0.0005226480836236934,0.0004645187475707784,0.0,True
primary,real_row_resample,1340,iot__modbus__register_4_mean,True,True,True,0.0009871668311944718,0.0005226480836236934,0.0004645187475707784,0.0,True
primary,real_row_resample,1340,iot__motion_light__light_on_fraction,True,True,True,0.2423204227396783,0.2533101045296167,0.010989681789938421,0.0,True
primary,real_row_resample,1340,iot__motion_light__motion_true_fraction,True,True,True,0.2423204227396783,0.2533101045296167,0.010989681789938421,0.0,True
primary,real_row_resample,1340,iot__thermostat__status_true_fraction,True,True,True,0.007490854189652169,0.005749128919860627,0.001741725269791542,0.0,True
primary,real_row_resample,1340,iot__thermostat__temperature_mean,True,True,True,0.0020904709366471167,0.0012195121951219512,0.0008709587415251655,0.0,True
primary,real_row_resample,1340,iot__weather__humidity_mean,True,True,True,0.0009290981940653852,0.0005226480836236934,0.00040645011044169186,0.0,True
primary,real_row_resample,1340,iot__weather__pressure_mean,True,True,True,0.0009290981940653852,0.0005226480836236934,0.00040645011044169186,0.0,True
primary,real_row_resample,1340,iot__weather__temperature_mean,True,True,True,0.0009290981940653852,0.0005226480836236934,0.00040645011044169186,0.0,True
primary,real_row_resample,1340,router__general__arp_count,False,True,True,0.12043435340572557,0.11689895470383276,0.003535398701892817,0.0,True
primary,real_row_resample,1340,router__general__byte_count,True,True,True,0.0004645490970326926,0.0003484320557491289,0.0001161170412835637,0.0,True
primary,real_row_resample,1340,router__general__dns_port_packets,True,True,True,0.6286510655594914,0.633623693379791,0.004972627820299613,0.0,True
primary,real_row_resample,1340,router__general__http_port_packets,True,True,True,0.9925672144474769,0.9916376306620209,0.0009295837854559341,0.0,True
primary,real_row_resample,1340,router__general__https_port_packets,True,True,True,0.8894953835433482,0.8937282229965157,0.004232839453167436,0.0,True
primary,real_row_resample,1340,router__general__icmp_count,True,True,True,0.058358980314732016,0.062369337979094074,0.0040103576643620575,0.0,True
primary,real_row_resample,1340,router__general__interarrival_positive_mean,False,True,True,0.0004645490970326926,0.0003484320557491289,0.0001161170412835637,0.0,True
primary,real_row_resample,1340,router__general__interarrival_positive_std,False,True,True,0.0004645490970326926,0.0003484320557491289,0.0001161170412835637,0.0,True
primary,real_row_resample,1340,router__general__ipv4_count,True,True,True,0.0004645490970326926,0.0003484320557491289,0.0001161170412835637,0.0,True
primary,real_row_resample,1340,router__general__ipv6_count,True,True,True,0.34074676267348003,0.3480836236933798,0.007336861019899776,0.0,True
primary,real_row_resample,1340,router__general__mqtt_port_packets,True,True,True,0.00220660821090529,0.001916376306620209,0.0002902319042850808,0.0,True
primary,real_row_resample,1340,router__general__packet_count,True,True,True,0.0004645490970326926,0.0003484320557491289,0.0001161170412835637,0.0,True
primary,real_row_resample,1340,router__general__packet_length_max,True,True,True,0.0004645490970326926,0.0003484320557491289,0.0001161170412835637,0.0,True
primary,real_row_resample,1340,router__general__packet_length_mean,True,True,True,0.0004645490970326926,0.0003484320557491289,0.0001161170412835637,0.0,True
primary,real_row_resample,1340,router__general__packet_length_min,True,True,True,0.0004645490970326926,0.0003484320557491289,0.0001161170412835637,0.0,True
primary,real_row_resample,1340,router__general__packet_length_std,True,True,True,0.0004645490970326926,0.0003484320557491289,0.0001161170412835637,0.0,True
primary,real_row_resample,1340,router__general__tcp_count,True,True,True,0.0004645490970326926,0.0003484320557491289,0.0001161170412835637,0.0,True
primary,real_row_resample,1340,router__general__tcp_fin_count,False,True,True,0.9743336623889437,0.9750871080139373,0.0007534456249935761,0.0,True
primary,real_row_resample,1340,router__general__tcp_rst_count,False,True,True,0.9891411648568608,0.9879790940766551,0.0011620707802056929,0.0,True
primary,real_row_resample,1340,router__general__tcp_syn_count,False,True,True,0.9693397595958423,0.9672473867595819,0.0020923728362604033,0.0,True
primary,real_row_resample,1340,router__general__udp_count,True,True,True,0.29667266709250334,0.2984320557491289,0.00175938865662556,0.0,True
primary,real_row_resample,1340,router__general__unique_dst_ip_count,False,True,True,0.0004645490970326926,0.0003484320557491289,0.0001161170412835637,0.0,True
primary,real_row_resample,1340,router__general__unique_endpoint_pair_count,True,True,True,0.0004645490970326926,0.0003484320557491289,0.0001161170412835637,0.0,True
primary,real_row_resample,1340,router__general__unique_src_ip_count,False,True,True,0.0004645490970326926,0.0003484320557491289,0.0001161170412835637,0.0,True
primary,real_row_resample,1340,router__iot_named__arp_count,True,True,True,0.20614366180825736,0.20331010452961673,0.002833557278640625,0.0,True
primary,real_row_resample,1340,router__iot_named__byte_count,True,True,True,0.0002322745485163463,0.0003484320557491289,0.00011615750723278261,0.0,True
primary,real_row_resample,1340,router__iot_named__dns_port_packets,True,True,True,0.6611114337146508,0.6705574912891986,0.009446057574547861,0.0,True
primary,real_row_resample,1340,router__iot_named__http_port_packets,False,True,True,0.9983740781603856,0.9979094076655052,0.0004646704948804148,0.0,True
primary,real_row_resample,1340,router__iot_named__https_port_packets,True,True,True,0.9447767260902387,0.947212543554007,0.0024358174637683083,0.0,True
primary,real_row_resample,1340,router__iot_named__icmp_count,False,True,True,0.9982579408861274,0.998432055749129,0.0001741148630015621,0.0,True
primary,real_row_resample,1340,router__iot_named__interarrival_positive_mean,False,True,True,0.0002322745485163463,0.0003484320557491289,0.00011615750723278261,0.0,True
primary,real_row_resample,1340,router__iot_named__interarrival_positive_std,False,True,True,0.0002322745485163463,0.0003484320557491289,0.00011615750723278261,0.0,True
primary,real_row_resample,1340,router__iot_named__ipv4_count,True,True,True,0.0002322745485163463,0.0003484320557491289,0.00011615750723278261,0.0,True
primary,real_row_resample,1340,router__iot_named__mqtt_port_packets,True,True,True,0.0018581963881307705,0.001916376306620209,5.8179918489438586e-05,0.0,True
primary,real_row_resample,1340,router__iot_named__packet_count,True,True,True,0.0002322745485163463,0.0003484320557491289,0.00011615750723278261,0.0,True
primary,real_row_resample,1340,router__iot_named__packet_length_max,True,True,True,0.0002322745485163463,0.0003484320557491289,0.00011615750723278261,0.0,True
primary,real_row_resample,1340,router__iot_named__packet_length_mean,True,True,True,0.0002322745485163463,0.0003484320557491289,0.00011615750723278261,0.0,True
primary,real_row_resample,1340,router__iot_named__packet_length_min,True,True,True,0.0002322745485163463,0.0003484320557491289,0.00011615750723278261,0.0,True
primary,real_row_resample,1340,router__iot_named__packet_length_std,True,True,True,0.0002322745485163463,0.0003484320557491289,0.00011615750723278261,0.0,True
primary,real_row_resample,1340,router__iot_named__tcp_count,True,True,True,0.00040648045990360605,0.0005226480836236934,0.00011616762372008733,0.0,True
primary,real_row_resample,1340,router__iot_named__tcp_fin_count,False,True,True,0.9912316357935079,0.99198606271777,0.000754426924262086,0.0,True
primary,real_row_resample,1340,router__iot_named__tcp_rst_count,False,True,True,0.9979095290633528,0.9982578397212544,0.0003483106579015294,0.0,True
primary,real_row_resample,1340,router__iot_named__tcp_syn_count,False,True,True,0.9929736949073805,0.9921602787456446,0.0008134161617359137,0.0,True
primary,real_row_resample,1340,router__iot_named__udp_count,True,True,True,0.40078973346495556,0.40470383275261324,0.00391409928765768,0.0,True
primary,real_row_resample,1340,router__iot_named__unique_dst_ip_count,True,True,True,0.0002322745485163463,0.0003484320557491289,0.00011615750723278261,0.0,True
primary,real_row_resample,1340,router__iot_named__unique_endpoint_pair_count,True,True,True,0.0002322745485163463,0.0003484320557491289,0.00011615750723278261,0.0,True
primary,real_row_resample,1340,router__iot_named__unique_src_ip_count,True,True,True,0.0002322745485163463,0.0003484320557491289,0.00011615750723278261,0.0,True
primary,real_row_resample,1341,iot__fridge__condition_high_fraction,True,True,True,0.017188316590209626,0.01916376306620209,0.001975446475992463,0.0,True
primary,real_row_resample,1341,iot__fridge__temperature_mean,True,True,True,0.0012194413797108183,0.00017421602787456446,0.0010452253518362538,0.0,True
primary,real_row_resample,1341,iot__garage__door_open_fraction,True,True,True,0.5932872655478776,0.6029616724738676,0.009674406925989976,0.0,True
primary,real_row_resample,1341,iot__garage__smartphone_signal_true_fraction,False,True,True,0.5932872655478776,0.6029616724738676,0.009674406925989976,0.0,True
primary,real_row_resample,1341,iot__gps__latitude_mean,True,True,True,0.0009871668311944718,0.0,0.0009871668311944718,0.0,True
primary,real_row_resample,1341,iot__gps__longitude_mean,True,True,True,0.0009871668311944718,0.0,0.0009871668311944718,0.0,True
primary,real_row_resample,1341,iot__modbus__register_1_mean,True,True,True,0.0009871668311944718,0.0,0.0009871668311944718,0.0,True
primary,real_row_resample,1341,iot__modbus__register_2_mean,True,True,True,0.0009871668311944718,0.0,0.0009871668311944718,0.0,True
primary,real_row_resample,1341,iot__modbus__register_3_mean,True,True,True,0.0009871668311944718,0.0,0.0009871668311944718,0.0,True
primary,real_row_resample,1341,iot__modbus__register_4_mean,True,True,True,0.0009871668311944718,0.0,0.0009871668311944718,0.0,True
primary,real_row_resample,1341,iot__motion_light__light_on_fraction,True,True,True,0.2423204227396783,0.24477351916376305,0.0024530964240847553,0.0,True
primary,real_row_resample,1341,iot__motion_light__motion_true_fraction,True,True,True,0.2423204227396783,0.24477351916376305,0.0024530964240847553,0.0,True
primary,real_row_resample,1341,iot__thermostat__status_true_fraction,True,True,True,0.007490854189652169,0.007665505226480836,0.00017465103682866735,0.0,True
primary,real_row_resample,1341,iot__thermostat__temperature_mean,True,True,True,0.0020904709366471167,0.0024390243902439024,0.0003485534535967857,0.0,True
primary,real_row_resample,1341,iot__weather__humidity_mean,True,True,True,0.0009290981940653852,0.0,0.0009290981940653852,0.0,True
primary,real_row_resample,1341,iot__weather__pressure_mean,True,True,True,0.0009290981940653852,0.0,0.0009290981940653852,0.0,True
primary,real_row_resample,1341,iot__weather__temperature_mean,True,True,True,0.0009290981940653852,0.0,0.0009290981940653852,0.0,True
primary,real_row_resample,1341,router__general__arp_count,False,True,True,0.12043435340572557,0.12351916376306621,0.0030848103573406366,0.0,True
primary,real_row_resample,1341,router__general__byte_count,True,True,True,0.0004645490970326926,0.0005226480836236934,5.809898659100076e-05,0.0,True
primary,real_row_resample,1341,router__general__dns_port_packets,True,True,True,0.6286510655594914,0.6365853658536585,0.007934300294167196,0.0,True
primary,real_row_resample,1341,router__general__http_port_packets,True,True,True,0.9925672144474769,0.9937282229965156,0.0011610085490387778,0.0,True
primary,real_row_resample,1341,router__general__https_port_packets,True,True,True,0.8894953835433482,0.8883275261324042,0.001167857410944051,0.0,True
primary,real_row_resample,1341,router__general__icmp_count,True,True,True,0.058358980314732016,0.05714285714285714,0.001216123171874875,0.0,True
primary,real_row_resample,1341,router__general__interarrival_positive_mean,False,True,True,0.0004645490970326926,0.0005226480836236934,5.809898659100076e-05,0.0,True
primary,real_row_resample,1341,router__general__interarrival_positive_std,False,True,True,0.0004645490970326926,0.0005226480836236934,5.809898659100076e-05,0.0,True
primary,real_row_resample,1341,router__general__ipv4_count,True,True,True,0.0004645490970326926,0.0005226480836236934,5.809898659100076e-05,0.0,True
primary,real_row_resample,1341,router__general__ipv6_count,True,True,True,0.34074676267348003,0.33693379790940764,0.0038129647640723907,0.0,True
primary,real_row_resample,1341,router__general__mqtt_port_packets,True,True,True,0.00220660821090529,0.0012195121951219512,0.0009870960157833386,0.0,True
primary,real_row_resample,1341,router__general__packet_count,True,True,True,0.0004645490970326926,0.0005226480836236934,5.809898659100076e-05,0.0,True
primary,real_row_resample,1341,router__general__packet_length_max,True,True,True,0.0004645490970326926,0.0005226480836236934,5.809898659100076e-05,0.0,True
primary,real_row_resample,1341,router__general__packet_length_mean,True,True,True,0.0004645490970326926,0.0005226480836236934,5.809898659100076e-05,0.0,True
primary,real_row_resample,1341,router__general__packet_length_min,True,True,True,0.0004645490970326926,0.0005226480836236934,5.809898659100076e-05,0.0,True
primary,real_row_resample,1341,router__general__packet_length_std,True,True,True,0.0004645490970326926,0.0005226480836236934,5.809898659100076e-05,0.0,True
primary,real_row_resample,1341,router__general__tcp_count,True,True,True,0.0004645490970326926,0.0005226480836236934,5.809898659100076e-05,0.0,True
primary,real_row_resample,1341,router__general__tcp_fin_count,False,True,True,0.9743336623889437,0.9733449477351916,0.0009887146537520541,0.0,True
primary,real_row_resample,1341,router__general__tcp_rst_count,False,True,True,0.9891411648568608,0.9914634146341463,0.0023222497772855677,0.0,True
primary,real_row_resample,1341,router__general__tcp_syn_count,False,True,True,0.9693397595958423,0.9672473867595819,0.0020923728362604033,0.0,True
primary,real_row_resample,1341,router__general__udp_count,True,True,True,0.29667266709250334,0.30627177700348435,0.009599109910981007,0.0,True
primary,real_row_resample,1341,router__general__unique_dst_ip_count,False,True,True,0.0004645490970326926,0.0005226480836236934,5.809898659100076e-05,0.0,True
primary,real_row_resample,1341,router__general__unique_endpoint_pair_count,True,True,True,0.0004645490970326926,0.0005226480836236934,5.809898659100076e-05,0.0,True
primary,real_row_resample,1341,router__general__unique_src_ip_count,False,True,True,0.0004645490970326926,0.0005226480836236934,5.809898659100076e-05,0.0,True
primary,real_row_resample,1341,router__iot_named__arp_count,True,True,True,0.20614366180825736,0.20958188153310103,0.0034382197248436774,0.0,True
primary,real_row_resample,1341,router__iot_named__byte_count,True,True,True,0.0002322745485163463,0.00017421602787456446,5.805852064178185e-05,0.0,True
primary,real_row_resample,1341,router__iot_named__dns_port_packets,True,True,True,0.6611114337146508,0.6670731707317074,0.005961737017056601,0.0,True
primary,real_row_resample,1341,router__iot_named__http_port_packets,False,True,True,0.9983740781603856,0.9991289198606271,0.0007548417002415375,0.0,True
primary,real_row_resample,1341,router__iot_named__https_port_packets,True,True,True,0.9447767260902387,0.9433797909407665,0.001396935149472145,0.0,True
primary,real_row_resample,1341,router__iot_named__icmp_count,False,True,True,0.9982579408861274,0.9982578397212544,1.0116487303424293e-07,0.0,True
primary,real_row_resample,1341,router__iot_named__interarrival_positive_mean,False,True,True,0.0002322745485163463,0.00017421602787456446,5.805852064178185e-05,0.0,True
primary,real_row_resample,1341,router__iot_named__interarrival_positive_std,False,True,True,0.0002322745485163463,0.00017421602787456446,5.805852064178185e-05,0.0,True
primary,real_row_resample,1341,router__iot_named__ipv4_count,True,True,True,0.0002322745485163463,0.00017421602787456446,5.805852064178185e-05,0.0,True
primary,real_row_resample,1341,router__iot_named__mqtt_port_packets,True,True,True,0.0018581963881307705,0.0008710801393728223,0.0009871162487579482,0.0,True
primary,real_row_resample,1341,router__iot_named__packet_count,True,True,True,0.0002322745485163463,0.00017421602787456446,5.805852064178185e-05,0.0,True
primary,real_row_resample,1341,router__iot_named__packet_length_max,True,True,True,0.0002322745485163463,0.00017421602787456446,5.805852064178185e-05,0.0,True
primary,real_row_resample,1341,router__iot_named__packet_length_mean,True,True,True,0.0002322745485163463,0.00017421602787456446,5.805852064178185e-05,0.0,True
primary,real_row_resample,1341,router__iot_named__packet_length_min,True,True,True,0.0002322745485163463,0.00017421602787456446,5.805852064178185e-05,0.0,True
primary,real_row_resample,1341,router__iot_named__packet_length_std,True,True,True,0.0002322745485163463,0.00017421602787456446,5.805852064178185e-05,0.0,True
primary,real_row_resample,1341,router__iot_named__tcp_count,True,True,True,0.00040648045990360605,0.00017421602787456446,0.0002322644320290416,0.0,True
primary,real_row_resample,1341,router__iot_named__tcp_fin_count,False,True,True,0.9912316357935079,0.9900696864111498,0.0011619493823581406,0.0,True
primary,real_row_resample,1341,router__iot_named__tcp_rst_count,False,True,True,0.9979095290633528,0.9980836236933798,0.00017409463002693304,0.0,True
primary,real_row_resample,1341,router__iot_named__tcp_syn_count,False,True,True,0.9929736949073805,0.9914634146341463,0.001510280273234188,0.0,True
primary,real_row_resample,1341,router__iot_named__udp_count,True,True,True,0.40078973346495556,0.40871080139372823,0.007921067928772674,0.0,True
primary,real_row_resample,1341,router__iot_named__unique_dst_ip_count,True,True,True,0.0002322745485163463,0.00017421602787456446,5.805852064178185e-05,0.0,True
primary,real_row_resample,1341,router__iot_named__unique_endpoint_pair_count,True,True,True,0.0002322745485163463,0.00017421602787456446,5.805852064178185e-05,0.0,True
primary,real_row_resample,1341,router__iot_named__unique_src_ip_count,True,True,True,0.0002322745485163463,0.00017421602787456446,5.805852064178185e-05,0.0,True
primary,real_contiguous_block,1337,iot__fridge__condition_high_fraction,True,True,True,0.017188316590209626,0.01951219512195122,0.002323878531741593,0.0,True
primary,real_contiguous_block,1337,iot__fridge__temperature_mean,True,True,True,0.0012194413797108183,0.0031358885017421603,0.001916447122031342,0.0,True
primary,real_contiguous_block,1337,iot__garage__door_open_fraction,True,True,True,0.5932872655478776,0.5912891986062718,0.0019980669416057584,0.0,True
primary,real_contiguous_block,1337,iot__garage__smartphone_signal_true_fraction,False,True,True,0.5932872655478776,0.5912891986062718,0.0019980669416057584,0.0,True
primary,real_contiguous_block,1337,iot__gps__latitude_mean,True,True,True,0.0009871668311944718,0.0024390243902439024,0.0014518575590494306,0.0,True
primary,real_contiguous_block,1337,iot__gps__longitude_mean,True,True,True,0.0009871668311944718,0.0024390243902439024,0.0014518575590494306,0.0,True
primary,real_contiguous_block,1337,iot__modbus__register_1_mean,True,True,True,0.0009871668311944718,0.0024390243902439024,0.0014518575590494306,0.0,True
primary,real_contiguous_block,1337,iot__modbus__register_2_mean,True,True,True,0.0009871668311944718,0.0024390243902439024,0.0014518575590494306,0.0,True
primary,real_contiguous_block,1337,iot__modbus__register_3_mean,True,True,True,0.0009871668311944718,0.0024390243902439024,0.0014518575590494306,0.0,True
primary,real_contiguous_block,1337,iot__modbus__register_4_mean,True,True,True,0.0009871668311944718,0.0024390243902439024,0.0014518575590494306,0.0,True
primary,real_contiguous_block,1337,iot__motion_light__light_on_fraction,True,True,True,0.2423204227396783,0.24616724738675957,0.003846824647081276,0.0,True
primary,real_contiguous_block,1337,iot__motion_light__motion_true_fraction,True,True,True,0.2423204227396783,0.24616724738675957,0.003846824647081276,0.0,True
primary,real_contiguous_block,1337,iot__thermostat__status_true_fraction,True,True,True,0.007490854189652169,0.008885017421602788,0.0013941632319506188,0.0,True
primary,real_contiguous_block,1337,iot__thermostat__temperature_mean,True,True,True,0.0020904709366471167,0.003310104529616725,0.0012196335929696082,0.0,True
primary,real_contiguous_block,1337,iot__weather__humidity_mean,True,True,True,0.0009290981940653852,0.0024390243902439024,0.0015099261961785172,0.0,True
primary,real_contiguous_block,1337,iot__weather__pressure_mean,True,True,True,0.0009290981940653852,0.0024390243902439024,0.0015099261961785172,0.0,True
primary,real_contiguous_block,1337,iot__weather__temperature_mean,True,True,True,0.0009290981940653852,0.0024390243902439024,0.0015099261961785172,0.0,True
primary,real_contiguous_block,1337,router__general__arp_count,False,True,True,0.12043435340572557,0.06515679442508711,0.055277558980638464,0.0,True
primary,real_contiguous_block,1337,router__general__byte_count,True,True,True,0.0004645490970326926,0.0013937282229965157,0.0009291791259638231,0.0,True
primary,real_contiguous_block,1337,router__general__dns_port_packets,True,True,True,0.6286510655594914,0.6310104529616725,0.0023593874021811123,0.0,True
primary,real_contiguous_block,1337,router__general__http_port_packets,True,True,True,0.9925672144474769,0.9961672473867595,0.0036000329392826824,0.0,True
primary,real_contiguous_block,1337,router__general__https_port_packets,True,True,True,0.8894953835433482,0.895993031358885,0.0064976478155367445,0.0,True
primary,real_contiguous_block,1337,router__general__icmp_count,True,True,True,0.058358980314732016,0.0027874564459930314,0.05557152386873898,0.0,True
primary,real_contiguous_block,1337,router__general__interarrival_positive_mean,False,True,True,0.0004645490970326926,0.0013937282229965157,0.0009291791259638231,0.0,True
primary,real_contiguous_block,1337,router__general__interarrival_positive_std,False,True,True,0.0004645490970326926,0.0013937282229965157,0.0009291791259638231,0.0,True
primary,real_contiguous_block,1337,router__general__ipv4_count,True,True,True,0.0004645490970326926,0.0013937282229965157,0.0009291791259638231,0.0,True
primary,real_contiguous_block,1337,router__general__ipv6_count,True,True,True,0.34074676267348003,0.2465156794425087,0.09423108323097132,0.0,True
primary,real_contiguous_block,1337,router__general__mqtt_port_packets,True,True,True,0.00220660821090529,0.004703832752613241,0.0024972245417079508,0.0,True
primary,real_contiguous_block,1337,router__general__packet_count,True,True,True,0.0004645490970326926,0.0013937282229965157,0.0009291791259638231,0.0,True
primary,real_contiguous_block,1337,router__general__packet_length_max,True,True,True,0.0004645490970326926,0.0013937282229965157,0.0009291791259638231,0.0,True
primary,real_contiguous_block,1337,router__general__packet_length_mean,True,True,True,0.0004645490970326926,0.0013937282229965157,0.0009291791259638231,0.0,True
primary,real_contiguous_block,1337,router__general__packet_length_min,True,True,True,0.0004645490970326926,0.0013937282229965157,0.0009291791259638231,0.0,True
primary,real_contiguous_block,1337,router__general__packet_length_std,True,True,True,0.0004645490970326926,0.0013937282229965157,0.0009291791259638231,0.0,True
primary,real_contiguous_block,1337,router__general__tcp_count,True,True,True,0.0004645490970326926,0.0013937282229965157,0.0009291791259638231,0.0,True
primary,real_contiguous_block,1337,router__general__tcp_fin_count,False,True,True,0.9743336623889437,0.9766550522648083,0.00232138987586461,0.0,True
primary,real_contiguous_block,1337,router__general__tcp_rst_count,False,True,True,0.9891411648568608,0.9885017421602788,0.0006394226965820149,0.0,True
primary,real_contiguous_block,1337,router__general__tcp_syn_count,False,True,True,0.9693397595958423,0.9703832752613241,0.0010435156654817757,0.0,True
primary,real_contiguous_block,1337,router__general__udp_count,True,True,True,0.29667266709250334,0.15,0.14667266709250334,0.0,True
primary,real_contiguous_block,1337,router__general__unique_dst_ip_count,False,True,True,0.0004645490970326926,0.0013937282229965157,0.0009291791259638231,0.0,True
primary,real_contiguous_block,1337,router__general__unique_endpoint_pair_count,True,True,True,0.0004645490970326926,0.0013937282229965157,0.0009291791259638231,0.0,True
primary,real_contiguous_block,1337,router__general__unique_src_ip_count,False,True,True,0.0004645490970326926,0.0013937282229965157,0.0009291791259638231,0.0,True
primary,real_contiguous_block,1337,router__iot_named__arp_count,True,True,True,0.20614366180825736,0.11968641114982578,0.08645725065843157,0.0,True
primary,real_contiguous_block,1337,router__iot_named__byte_count,True,True,True,0.0002322745485163463,0.0006968641114982578,0.00046458956298191153,0.0,True
primary,real_contiguous_block,1337,router__iot_named__dns_port_packets,True,True,True,0.6611114337146508,0.662020905923345,0.0009094722086941953,0.0,True
primary,real_contiguous_block,1337,router__iot_named__http_port_packets,False,True,True,0.9983740781603856,0.9998257839721254,0.0014517058117398118,0.0,True
primary,real_contiguous_block,1337,router__iot_named__https_port_packets,True,True,True,0.9447767260902387,0.9477351916376306,0.0029584655473919863,0.0,True
primary,real_contiguous_block,1337,router__iot_named__icmp_count,False,True,True,0.9982579408861274,0.9996515679442509,0.0013936270581235144,0.0,True
primary,real_contiguous_block,1337,router__iot_named__interarrival_positive_mean,False,True,True,0.0002322745485163463,0.0006968641114982578,0.00046458956298191153,0.0,True
primary,real_contiguous_block,1337,router__iot_named__interarrival_positive_std,False,True,True,0.0002322745485163463,0.0006968641114982578,0.00046458956298191153,0.0,True
primary,real_contiguous_block,1337,router__iot_named__ipv4_count,True,True,True,0.0002322745485163463,0.0006968641114982578,0.00046458956298191153,0.0,True
primary,real_contiguous_block,1337,router__iot_named__mqtt_port_packets,True,True,True,0.0018581963881307705,0.003658536585365854,0.0018003401972350834,0.0,True
primary,real_contiguous_block,1337,router__iot_named__packet_count,True,True,True,0.0002322745485163463,0.0006968641114982578,0.00046458956298191153,0.0,True
primary,real_contiguous_block,1337,router__iot_named__packet_length_max,True,True,True,0.0002322745485163463,0.0006968641114982578,0.00046458956298191153,0.0,True
primary,real_contiguous_block,1337,router__iot_named__packet_length_mean,True,True,True,0.0002322745485163463,0.0006968641114982578,0.00046458956298191153,0.0,True
primary,real_contiguous_block,1337,router__iot_named__packet_length_min,True,True,True,0.0002322745485163463,0.0006968641114982578,0.00046458956298191153,0.0,True
primary,real_contiguous_block,1337,router__iot_named__packet_length_std,True,True,True,0.0002322745485163463,0.0006968641114982578,0.00046458956298191153,0.0,True
primary,real_contiguous_block,1337,router__iot_named__tcp_count,True,True,True,0.00040648045990360605,0.0012195121951219512,0.0008130317352183452,0.0,True
primary,real_contiguous_block,1337,router__iot_named__tcp_fin_count,False,True,True,0.9912316357935079,0.990418118466899,0.0008135173266089479,0.0,True
primary,real_contiguous_block,1337,router__iot_named__tcp_rst_count,False,True,True,0.9979095290633528,0.9982578397212544,0.0003483106579015294,0.0,True
primary,real_contiguous_block,1337,router__iot_named__tcp_syn_count,False,True,True,0.9929736949073805,0.9923344947735192,0.0006392001338613174,0.0,True
primary,real_contiguous_block,1337,router__iot_named__udp_count,True,True,True,0.40078973346495556,0.26933797909407664,0.13145175437087891,0.0,True
primary,real_contiguous_block,1337,router__iot_named__unique_dst_ip_count,True,True,True,0.0002322745485163463,0.0006968641114982578,0.00046458956298191153,0.0,True
primary,real_contiguous_block,1337,router__iot_named__unique_endpoint_pair_count,True,True,True,0.0002322745485163463,0.0006968641114982578,0.00046458956298191153,0.0,True
primary,real_contiguous_block,1337,router__iot_named__unique_src_ip_count,True,True,True,0.0002322745485163463,0.0006968641114982578,0.00046458956298191153,0.0,True
primary,real_contiguous_block,1338,iot__fridge__condition_high_fraction,True,True,True,0.017188316590209626,0.015156794425087107,0.002031522165122519,0.0,True
primary,real_contiguous_block,1338,iot__fridge__temperature_mean,True,True,True,0.0012194413797108183,0.00017421602787456446,0.0010452253518362538,0.0,True
primary,real_contiguous_block,1338,iot__garage__door_open_fraction,True,True,True,0.5932872655478776,0.5965156794425087,0.0032284138946311325,0.0,True
primary,real_contiguous_block,1338,iot__garage__smartphone_signal_true_fraction,False,True,True,0.5932872655478776,0.5965156794425087,0.0032284138946311325,0.0,True
primary,real_contiguous_block,1338,iot__gps__latitude_mean,True,True,True,0.0009871668311944718,0.00017421602787456446,0.0008129508033199073,0.0,True
primary,real_contiguous_block,1338,iot__gps__longitude_mean,True,True,True,0.0009871668311944718,0.00017421602787456446,0.0008129508033199073,0.0,True
primary,real_contiguous_block,1338,iot__modbus__register_1_mean,True,True,True,0.0009871668311944718,0.00017421602787456446,0.0008129508033199073,0.0,True
primary,real_contiguous_block,1338,iot__modbus__register_2_mean,True,True,True,0.0009871668311944718,0.00017421602787456446,0.0008129508033199073,0.0,True
primary,real_contiguous_block,1338,iot__modbus__register_3_mean,True,True,True,0.0009871668311944718,0.00017421602787456446,0.0008129508033199073,0.0,True
primary,real_contiguous_block,1338,iot__modbus__register_4_mean,True,True,True,0.0009871668311944718,0.00017421602787456446,0.0008129508033199073,0.0,True
primary,real_contiguous_block,1338,iot__motion_light__light_on_fraction,True,True,True,0.2423204227396783,0.2445993031358885,0.0022788803962102144,0.0,True
primary,real_contiguous_block,1338,iot__motion_light__motion_true_fraction,True,True,True,0.2423204227396783,0.2445993031358885,0.0022788803962102144,0.0,True
primary,real_contiguous_block,1338,iot__thermostat__status_true_fraction,True,True,True,0.007490854189652169,0.005923344947735192,0.0015675092419169768,0.0,True
primary,real_contiguous_block,1338,iot__thermostat__temperature_mean,True,True,True,0.0020904709366471167,0.0012195121951219512,0.0008709587415251655,0.0,True
primary,real_contiguous_block,1338,iot__weather__humidity_mean,True,True,True,0.0009290981940653852,0.00017421602787456446,0.0007548821661908208,0.0,True
primary,real_contiguous_block,1338,iot__weather__pressure_mean,True,True,True,0.0009290981940653852,0.00017421602787456446,0.0007548821661908208,0.0,True
primary,real_contiguous_block,1338,iot__weather__temperature_mean,True,True,True,0.0009290981940653852,0.00017421602787456446,0.0007548821661908208,0.0,True
primary,real_contiguous_block,1338,router__general__arp_count,False,True,True,0.12043435340572557,0.11393728222996516,0.006497071175760413,0.0,True
primary,real_contiguous_block,1338,router__general__byte_count,True,True,True,0.0004645490970326926,0.0,0.0004645490970326926,0.0,True
primary,real_contiguous_block,1338,router__general__dns_port_packets,True,True,True,0.6286510655594914,0.6318815331010453,0.003230467541553983,0.0,True
primary,real_contiguous_block,1338,router__general__http_port_packets,True,True,True,0.9925672144474769,0.9980836236933798,0.005516409245902909,0.0,True
primary,real_contiguous_block,1338,router__general__https_port_packets,True,True,True,0.8894953835433482,0.9017421602787457,0.012246776735397424,0.0,True
primary,real_contiguous_block,1338,router__general__icmp_count,True,True,True,0.058358980314732016,0.0003484320557491289,0.058010548258982886,0.0,True
primary,real_contiguous_block,1338,router__general__interarrival_positive_mean,False,True,True,0.0004645490970326926,0.0,0.0004645490970326926,0.0,True
primary,real_contiguous_block,1338,router__general__interarrival_positive_std,False,True,True,0.0004645490970326926,0.0,0.0004645490970326926,0.0,True
primary,real_contiguous_block,1338,router__general__ipv4_count,True,True,True,0.0004645490970326926,0.0,0.0004645490970326926,0.0,True
primary,real_contiguous_block,1338,router__general__ipv6_count,True,True,True,0.34074676267348003,0.33397212543554006,0.006774637237939973,0.0,True
primary,real_contiguous_block,1338,router__general__mqtt_port_packets,True,True,True,0.00220660821090529,0.0015679442508710801,0.0006386639600342097,0.0,True
primary,real_contiguous_block,1338,router__general__packet_count,True,True,True,0.0004645490970326926,0.0,0.0004645490970326926,0.0,True
primary,real_contiguous_block,1338,router__general__packet_length_max,True,True,True,0.0004645490970326926,0.0,0.0004645490970326926,0.0,True
primary,real_contiguous_block,1338,router__general__packet_length_mean,True,True,True,0.0004645490970326926,0.0,0.0004645490970326926,0.0,True
primary,real_contiguous_block,1338,router__general__packet_length_min,True,True,True,0.0004645490970326926,0.0,0.0004645490970326926,0.0,True
primary,real_contiguous_block,1338,router__general__packet_length_std,True,True,True,0.0004645490970326926,0.0,0.0004645490970326926,0.0,True
primary,real_contiguous_block,1338,router__general__tcp_count,True,True,True,0.0004645490970326926,0.0,0.0004645490970326926,0.0,True
primary,real_contiguous_block,1338,router__general__tcp_fin_count,False,True,True,0.9743336623889437,0.9777003484320558,0.003366686043112077,0.0,True
primary,real_contiguous_block,1338,router__general__tcp_rst_count,False,True,True,0.9891411648568608,0.9898954703832753,0.0007543055264145337,0.0,True
primary,real_contiguous_block,1338,router__general__tcp_syn_count,False,True,True,0.9693397595958423,0.973170731707317,0.003830972111474762,0.0,True
primary,real_contiguous_block,1338,router__general__udp_count,True,True,True,0.29667266709250334,0.2729965156794425,0.023676151413060842,0.0,True
primary,real_contiguous_block,1338,router__general__unique_dst_ip_count,False,True,True,0.0004645490970326926,0.0,0.0004645490970326926,0.0,True
primary,real_contiguous_block,1338,router__general__unique_endpoint_pair_count,True,True,True,0.0004645490970326926,0.0,0.0004645490970326926,0.0,True
primary,real_contiguous_block,1338,router__general__unique_src_ip_count,False,True,True,0.0004645490970326926,0.0,0.0004645490970326926,0.0,True
primary,real_contiguous_block,1338,router__iot_named__arp_count,True,True,True,0.20614366180825736,0.20609756097560974,4.610083264761089e-05,0.0,True
primary,real_contiguous_block,1338,router__iot_named__byte_count,True,True,True,0.0002322745485163463,0.0,0.0002322745485163463,0.0,True
primary,real_contiguous_block,1338,router__iot_named__dns_port_packets,True,True,True,0.6611114337146508,0.660801393728223,0.000310039986427757,0.0,True
primary,real_contiguous_block,1338,router__iot_named__http_port_packets,False,True,False,0.9983740781603856,1.0,0.0016259218396144082,0.0,True
primary,real_contiguous_block,1338,router__iot_named__https_port_packets,True,True,True,0.9447767260902387,0.9517421602787457,0.006965434188507036,0.0,True
primary,real_contiguous_block,1338,router__iot_named__icmp_count,False,True,True,0.9982579408861274,0.998780487804878,0.0005225469187506437,0.0,True
primary,real_contiguous_block,1338,router__iot_named__interarrival_positive_mean,False,True,True,0.0002322745485163463,0.0,0.0002322745485163463,0.0,True
primary,real_contiguous_block,1338,router__iot_named__interarrival_positive_std,False,True,True,0.0002322745485163463,0.0,0.0002322745485163463,0.0,True
primary,real_contiguous_block,1338,router__iot_named__ipv4_count,True,True,True,0.0002322745485163463,0.0,0.0002322745485163463,0.0,True
primary,real_contiguous_block,1338,router__iot_named__mqtt_port_packets,True,True,True,0.0018581963881307705,0.0015679442508710801,0.00029025213725969033,0.0,True
primary,real_contiguous_block,1338,router__iot_named__packet_count,True,True,True,0.0002322745485163463,0.0,0.0002322745485163463,0.0,True
primary,real_contiguous_block,1338,router__iot_named__packet_length_max,True,True,True,0.0002322745485163463,0.0,0.0002322745485163463,0.0,True
primary,real_contiguous_block,1338,router__iot_named__packet_length_mean,True,True,True,0.0002322745485163463,0.0,0.0002322745485163463,0.0,True
primary,real_contiguous_block,1338,router__iot_named__packet_length_min,True,True,True,0.0002322745485163463,0.0,0.0002322745485163463,0.0,True
primary,real_contiguous_block,1338,router__iot_named__packet_length_std,True,True,True,0.0002322745485163463,0.0,0.0002322745485163463,0.0,True
primary,real_contiguous_block,1338,router__iot_named__tcp_count,True,True,True,0.00040648045990360605,0.0,0.00040648045990360605,0.0,True
primary,real_contiguous_block,1338,router__iot_named__tcp_fin_count,False,True,True,0.9912316357935079,0.9926829268292683,0.0014512910357603603,0.0,True
primary,real_contiguous_block,1338,router__iot_named__tcp_rst_count,False,True,True,0.9979095290633528,0.9980836236933798,0.00017409463002693304,0.0,True
primary,real_contiguous_block,1338,router__iot_named__tcp_syn_count,False,True,True,0.9929736949073805,0.9939024390243902,0.0009287441170097166,0.0,True
primary,real_contiguous_block,1338,router__iot_named__udp_count,True,True,True,0.40078973346495556,0.3832752613240418,0.01751447214091373,0.0,True
primary,real_contiguous_block,1338,router__iot_named__unique_dst_ip_count,True,True,True,0.0002322745485163463,0.0,0.0002322745485163463,0.0,True
primary,real_contiguous_block,1338,router__iot_named__unique_endpoint_pair_count,True,True,True,0.0002322745485163463,0.0,0.0002322745485163463,0.0,True
primary,real_contiguous_block,1338,router__iot_named__unique_src_ip_count,True,True,True,0.0002322745485163463,0.0,0.0002322745485163463,0.0,True
primary,real_contiguous_block,1339,iot__fridge__condition_high_fraction,True,True,True,0.017188316590209626,0.019686411149825785,0.0024980945596161583,0.0,True
primary,real_contiguous_block,1339,iot__fridge__temperature_mean,True,True,True,0.0012194413797108183,0.0031358885017421603,0.001916447122031342,0.0,True
primary,real_contiguous_block,1339,iot__garage__door_open_fraction,True,True,True,0.5932872655478776,0.5874564459930314,0.005830819554846212,0.0,True
primary,real_contiguous_block,1339,iot__garage__smartphone_signal_true_fraction,False,True,True,0.5932872655478776,0.5874564459930314,0.005830819554846212,0.0,True
primary,real_contiguous_block,1339,iot__gps__latitude_mean,True,True,True,0.0009871668311944718,0.0024390243902439024,0.0014518575590494306,0.0,True
primary,real_contiguous_block,1339,iot__gps__longitude_mean,True,True,True,0.0009871668311944718,0.0024390243902439024,0.0014518575590494306,0.0,True
primary,real_contiguous_block,1339,iot__modbus__register_1_mean,True,True,True,0.0009871668311944718,0.0024390243902439024,0.0014518575590494306,0.0,True
primary,real_contiguous_block,1339,iot__modbus__register_2_mean,True,True,True,0.0009871668311944718,0.0024390243902439024,0.0014518575590494306,0.0,True
primary,real_contiguous_block,1339,iot__modbus__register_3_mean,True,True,True,0.0009871668311944718,0.0024390243902439024,0.0014518575590494306,0.0,True
primary,real_contiguous_block,1339,iot__modbus__register_4_mean,True,True,True,0.0009871668311944718,0.0024390243902439024,0.0014518575590494306,0.0,True
primary,real_contiguous_block,1339,iot__motion_light__light_on_fraction,True,True,True,0.2423204227396783,0.24059233449477352,0.0017280882449047796,0.0,True
primary,real_contiguous_block,1339,iot__motion_light__motion_true_fraction,True,True,True,0.2423204227396783,0.24059233449477352,0.0017280882449047796,0.0,True
primary,real_contiguous_block,1339,iot__thermostat__status_true_fraction,True,True,True,0.007490854189652169,0.00975609756097561,0.002265243371323441,0.0,True
primary,real_contiguous_block,1339,iot__thermostat__temperature_mean,True,True,True,0.0020904709366471167,0.003658536585365854,0.0015680656487187371,0.0,True
primary,real_contiguous_block,1339,iot__weather__humidity_mean,True,True,True,0.0009290981940653852,0.0024390243902439024,0.0015099261961785172,0.0,True
primary,real_contiguous_block,1339,iot__weather__pressure_mean,True,True,True,0.0009290981940653852,0.0024390243902439024,0.0015099261961785172,0.0,True
primary,real_contiguous_block,1339,iot__weather__temperature_mean,True,True,True,0.0009290981940653852,0.0024390243902439024,0.0015099261961785172,0.0,True
primary,real_contiguous_block,1339,router__general__arp_count,False,True,True,0.12043435340572557,0.022996515679442508,0.09743783772628306,0.0,True
primary,real_contiguous_block,1339,router__general__byte_count,True,True,True,0.0004645490970326926,0.0013937282229965157,0.0009291791259638231,0.0,True
primary,real_contiguous_block,1339,router__general__dns_port_packets,True,True,True,0.6286510655594914,0.6308362369337979,0.002185171374306516,0.0,True
primary,real_contiguous_block,1339,router__general__http_port_packets,True,True,True,0.9925672144474769,0.9958188153310105,0.0032516008835336008,0.0,True
primary,real_contiguous_block,1339,router__general__https_port_packets,True,True,True,0.8894953835433482,0.8979094076655052,0.008414024122156971,0.0,True
primary,real_contiguous_block,1339,router__general__icmp_count,True,True,True,0.058358980314732016,0.02857142857142857,0.029787551743303445,0.0,True
primary,real_contiguous_block,1339,router__general__interarrival_positive_mean,False,True,True,0.0004645490970326926,0.0013937282229965157,0.0009291791259638231,0.0,True
primary,real_contiguous_block,1339,router__general__interarrival_positive_std,False,True,True,0.0004645490970326926,0.0013937282229965157,0.0009291791259638231,0.0,True
primary,real_contiguous_block,1339,router__general__ipv4_count,True,True,True,0.0004645490970326926,0.0013937282229965157,0.0009291791259638231,0.0,True
primary,real_contiguous_block,1339,router__general__ipv6_count,True,True,True,0.34074676267348003,0.19965156794425087,0.14109519472922916,0.0,True
primary,real_contiguous_block,1339,router__general__mqtt_port_packets,True,True,True,0.00220660821090529,0.0031358885017421603,0.0009292802908368704,0.0,True
primary,real_contiguous_block,1339,router__general__packet_count,True,True,True,0.0004645490970326926,0.0013937282229965157,0.0009291791259638231,0.0,True
primary,real_contiguous_block,1339,router__general__packet_length_max,True,True,True,0.0004645490970326926,0.0013937282229965157,0.0009291791259638231,0.0,True
primary,real_contiguous_block,1339,router__general__packet_length_mean,True,True,True,0.0004645490970326926,0.0013937282229965157,0.0009291791259638231,0.0,True
primary,real_contiguous_block,1339,router__general__packet_length_min,True,True,True,0.0004645490970326926,0.0013937282229965157,0.0009291791259638231,0.0,True
primary,real_contiguous_block,1339,router__general__packet_length_std,True,True,True,0.0004645490970326926,0.0013937282229965157,0.0009291791259638231,0.0,True
primary,real_contiguous_block,1339,router__general__tcp_count,True,True,True,0.0004645490970326926,0.0013937282229965157,0.0009291791259638231,0.0,True
primary,real_contiguous_block,1339,router__general__tcp_fin_count,False,True,True,0.9743336623889437,0.9773519163763066,0.0030182539873628844,0.0,True
primary,real_contiguous_block,1339,router__general__tcp_rst_count,False,True,True,0.9891411648568608,0.9897212543554007,0.0005800894985399374,0.0,True
primary,real_contiguous_block,1339,router__general__tcp_syn_count,False,True,True,0.9693397595958423,0.971602787456446,0.002263027860603728,0.0,True
primary,real_contiguous_block,1339,router__general__udp_count,True,True,True,0.29667266709250334,0.06097560975609756,0.23569705733640578,0.0,True
primary,real_contiguous_block,1339,router__general__unique_dst_ip_count,False,True,True,0.0004645490970326926,0.0013937282229965157,0.0009291791259638231,0.0,True
primary,real_contiguous_block,1339,router__general__unique_endpoint_pair_count,True,True,True,0.0004645490970326926,0.0013937282229965157,0.0009291791259638231,0.0,True
primary,real_contiguous_block,1339,router__general__unique_src_ip_count,False,True,True,0.0004645490970326926,0.0013937282229965157,0.0009291791259638231,0.0,True
primary,real_contiguous_block,1339,router__iot_named__arp_count,True,True,True,0.20614366180825736,0.054181184668989545,0.1519624771392678,0.0,True
primary,real_contiguous_block,1339,router__iot_named__byte_count,True,True,True,0.0002322745485163463,0.0006968641114982578,0.00046458956298191153,0.0,True
primary,real_contiguous_block,1339,router__iot_named__dns_port_packets,True,True,True,0.6611114337146508,0.6627177700348432,0.0016063363201924696,0.0,True
primary,real_contiguous_block,1339,router__iot_named__http_port_packets,False,True,True,0.9983740781603856,0.9998257839721254,0.0014517058117398118,0.0,True
primary,real_contiguous_block,1339,router__iot_named__https_port_packets,True,True,True,0.9447767260902387,0.9515679442508711,0.0067912181606324395,0.0,True
primary,real_contiguous_block,1339,router__iot_named__icmp_count,False,True,True,0.9982579408861274,0.997212543554007,0.0010453973321203902,0.0,True
primary,real_contiguous_block,1339,router__iot_named__interarrival_positive_mean,False,True,True,0.0002322745485163463,0.0006968641114982578,0.00046458956298191153,0.0,True
primary,real_contiguous_block,1339,router__iot_named__interarrival_positive_std,False,True,True,0.0002322745485163463,0.0006968641114982578,0.00046458956298191153,0.0,True
primary,real_contiguous_block,1339,router__iot_named__ipv4_count,True,True,True,0.0002322745485163463,0.0006968641114982578,0.00046458956298191153,0.0,True
primary,real_contiguous_block,1339,router__iot_named__mqtt_port_packets,True,True,True,0.0018581963881307705,0.0020905923344947735,0.00023239594636400305,0.0,True
primary,real_contiguous_block,1339,router__iot_named__packet_count,True,True,True,0.0002322745485163463,0.0006968641114982578,0.00046458956298191153,0.0,True
primary,real_contiguous_block,1339,router__iot_named__packet_length_max,True,True,True,0.0002322745485163463,0.0006968641114982578,0.00046458956298191153,0.0,True
primary,real_contiguous_block,1339,router__iot_named__packet_length_mean,True,True,True,0.0002322745485163463,0.0006968641114982578,0.00046458956298191153,0.0,True
primary,real_contiguous_block,1339,router__iot_named__packet_length_min,True,True,True,0.0002322745485163463,0.0006968641114982578,0.00046458956298191153,0.0,True
primary,real_contiguous_block,1339,router__iot_named__packet_length_std,True,True,True,0.0002322745485163463,0.0006968641114982578,0.00046458956298191153,0.0,True
primary,real_contiguous_block,1339,router__iot_named__tcp_count,True,True,True,0.00040648045990360605,0.0012195121951219512,0.0008130317352183452,0.0,True
primary,real_contiguous_block,1339,router__iot_named__tcp_fin_count,False,True,True,0.9912316357935079,0.9921602787456446,0.0009286429521366824,0.0,True
primary,real_contiguous_block,1339,router__iot_named__tcp_rst_count,False,True,True,0.9979095290633528,0.998780487804878,0.0008709587415252074,0.0,True
primary,real_contiguous_block,1339,router__iot_named__tcp_syn_count,False,True,True,0.9929736949073805,0.9928571428571429,0.00011655205023763937,0.0,True
primary,real_contiguous_block,1339,router__iot_named__udp_count,True,True,True,0.40078973346495556,0.17804878048780487,0.22274095297715069,0.0,True
primary,real_contiguous_block,1339,router__iot_named__unique_dst_ip_count,True,True,True,0.0002322745485163463,0.0006968641114982578,0.00046458956298191153,0.0,True
primary,real_contiguous_block,1339,router__iot_named__unique_endpoint_pair_count,True,True,True,0.0002322745485163463,0.0006968641114982578,0.00046458956298191153,0.0,True
primary,real_contiguous_block,1339,router__iot_named__unique_src_ip_count,True,True,True,0.0002322745485163463,0.0006968641114982578,0.00046458956298191153,0.0,True
primary,real_contiguous_block,1340,iot__fridge__condition_high_fraction,True,True,True,0.017188316590209626,0.01602787456445993,0.0011604420257496952,0.0,True
primary,real_contiguous_block,1340,iot__fridge__temperature_mean,True,True,True,0.0012194413797108183,0.0003484320557491289,0.0008710093239616894,0.0,True
primary,real_contiguous_block,1340,iot__garage__door_open_fraction,True,True,True,0.5932872655478776,0.6005226480836237,0.007235382535746071,0.0,True
primary,real_contiguous_block,1340,iot__garage__smartphone_signal_true_fraction,False,True,True,0.5932872655478776,0.6005226480836237,0.007235382535746071,0.0,True
primary,real_contiguous_block,1340,iot__gps__latitude_mean,True,True,True,0.0009871668311944718,0.0003484320557491289,0.0006387347754453429,0.0,True
primary,real_contiguous_block,1340,iot__gps__longitude_mean,True,True,True,0.0009871668311944718,0.0003484320557491289,0.0006387347754453429,0.0,True
primary,real_contiguous_block,1340,iot__modbus__register_1_mean,True,True,True,0.0009871668311944718,0.0003484320557491289,0.0006387347754453429,0.0,True
primary,real_contiguous_block,1340,iot__modbus__register_2_mean,True,True,True,0.0009871668311944718,0.0003484320557491289,0.0006387347754453429,0.0,True
primary,real_contiguous_block,1340,iot__modbus__register_3_mean,True,True,True,0.0009871668311944718,0.0003484320557491289,0.0006387347754453429,0.0,True
primary,real_contiguous_block,1340,iot__modbus__register_4_mean,True,True,True,0.0009871668311944718,0.0003484320557491289,0.0006387347754453429,0.0,True
primary,real_contiguous_block,1340,iot__motion_light__light_on_fraction,True,True,True,0.2423204227396783,0.23850174216027875,0.003818680579399547,0.0,True
primary,real_contiguous_block,1340,iot__motion_light__motion_true_fraction,True,True,True,0.2423204227396783,0.23850174216027875,0.003818680579399547,0.0,True
primary,real_contiguous_block,1340,iot__thermostat__status_true_fraction,True,True,True,0.007490854189652169,0.006445993031358885,0.001044861158293284,0.0,True
primary,real_contiguous_block,1340,iot__thermostat__temperature_mean,True,True,True,0.0020904709366471167,0.0013937282229965157,0.000696742713650601,0.0,True
primary,real_contiguous_block,1340,iot__weather__humidity_mean,True,True,True,0.0009290981940653852,0.00017421602787456446,0.0007548821661908208,0.0,True
primary,real_contiguous_block,1340,iot__weather__pressure_mean,True,True,True,0.0009290981940653852,0.00017421602787456446,0.0007548821661908208,0.0,True
primary,real_contiguous_block,1340,iot__weather__temperature_mean,True,True,True,0.0009290981940653852,0.00017421602787456446,0.0007548821661908208,0.0,True
primary,real_contiguous_block,1340,router__general__arp_count,False,True,True,0.12043435340572557,0.18693379790940767,0.0664994445036821,0.0,True
primary,real_contiguous_block,1340,router__general__byte_count,True,True,True,0.0004645490970326926,0.0,0.0004645490970326926,0.0,True
primary,real_contiguous_block,1340,router__general__dns_port_packets,True,True,True,0.6286510655594914,0.6280487804878049,0.0006022850716864703,0.0,True
primary,real_contiguous_block,1340,router__general__http_port_packets,True,True,True,0.9925672144474769,0.9867595818815331,0.005807632565943743,0.0,True
primary,real_contiguous_block,1340,router__general__https_port_packets,True,True,True,0.8894953835433482,0.8846689895470383,0.004826393996309908,0.0,True
primary,real_contiguous_block,1340,router__general__icmp_count,True,True,True,0.058358980314732016,0.0,0.058358980314732016,0.0,True
primary,real_contiguous_block,1340,router__general__interarrival_positive_mean,False,True,True,0.0004645490970326926,0.0,0.0004645490970326926,0.0,True
primary,real_contiguous_block,1340,router__general__interarrival_positive_std,False,True,True,0.0004645490970326926,0.0,0.0004645490970326926,0.0,True
primary,real_contiguous_block,1340,router__general__ipv4_count,True,True,True,0.0004645490970326926,0.0,0.0004645490970326926,0.0,True
primary,real_contiguous_block,1340,router__general__ipv6_count,True,True,True,0.34074676267348003,0.5414634146341464,0.20071665196066635,0.0,True
primary,real_contiguous_block,1340,router__general__mqtt_port_packets,True,True,True,0.00220660821090529,0.0013937282229965157,0.0008128799879087742,0.0,True
primary,real_contiguous_block,1340,router__general__packet_count,True,True,True,0.0004645490970326926,0.0,0.0004645490970326926,0.0,True
primary,real_contiguous_block,1340,router__general__packet_length_max,True,True,True,0.0004645490970326926,0.0,0.0004645490970326926,0.0,True
primary,real_contiguous_block,1340,router__general__packet_length_mean,True,True,True,0.0004645490970326926,0.0,0.0004645490970326926,0.0,True
primary,real_contiguous_block,1340,router__general__packet_length_min,True,True,True,0.0004645490970326926,0.0,0.0004645490970326926,0.0,True
primary,real_contiguous_block,1340,router__general__packet_length_std,True,True,True,0.0004645490970326926,0.0,0.0004645490970326926,0.0,True
primary,real_contiguous_block,1340,router__general__tcp_count,True,True,True,0.0004645490970326926,0.0,0.0004645490970326926,0.0,True
primary,real_contiguous_block,1340,router__general__tcp_fin_count,False,True,True,0.9743336623889437,0.9717770034843206,0.002556658904623088,0.0,True
primary,real_contiguous_block,1340,router__general__tcp_rst_count,False,True,True,0.9891411648568608,0.9890243902439024,0.00011677461295833691,0.0,True
primary,real_contiguous_block,1340,router__general__tcp_syn_count,False,True,True,0.9693397595958423,0.9656794425087109,0.0036603170871314372,0.0,True
primary,real_contiguous_block,1340,router__general__udp_count,True,True,True,0.29667266709250334,0.5041811846689895,0.2075085175764862,0.0,True
primary,real_contiguous_block,1340,router__general__unique_dst_ip_count,False,True,True,0.0004645490970326926,0.0,0.0004645490970326926,0.0,True
primary,real_contiguous_block,1340,router__general__unique_endpoint_pair_count,True,True,True,0.0004645490970326926,0.0,0.0004645490970326926,0.0,True
primary,real_contiguous_block,1340,router__general__unique_src_ip_count,False,True,True,0.0004645490970326926,0.0,0.0004645490970326926,0.0,True
primary,real_contiguous_block,1340,router__iot_named__arp_count,True,True,True,0.20614366180825736,0.3613240418118467,0.15518038000358933,0.0,True
primary,real_contiguous_block,1340,router__iot_named__byte_count,True,True,True,0.0002322745485163463,0.0,0.0002322745485163463,0.0,True
primary,real_contiguous_block,1340,router__iot_named__dns_port_packets,True,True,True,0.6611114337146508,0.6601045296167247,0.0010069040979260313,0.0,True
primary,real_contiguous_block,1340,router__iot_named__http_port_packets,False,True,True,0.9983740781603856,0.9952961672473868,0.0030779109129988047,0.0,True
primary,real_contiguous_block,1340,router__iot_named__https_port_packets,True,True,True,0.9447767260902387,0.943205574912892,0.0015711511773466302,0.0,True
primary,real_contiguous_block,1340,router__iot_named__icmp_count,False,True,True,0.9982579408861274,0.998432055749129,0.0001741148630015621,0.0,True
primary,real_contiguous_block,1340,router__iot_named__interarrival_positive_mean,False,True,True,0.0002322745485163463,0.0,0.0002322745485163463,0.0,True
primary,real_contiguous_block,1340,router__iot_named__interarrival_positive_std,False,True,True,0.0002322745485163463,0.0,0.0002322745485163463,0.0,True
primary,real_contiguous_block,1340,router__iot_named__ipv4_count,True,True,True,0.0002322745485163463,0.0,0.0002322745485163463,0.0,True
primary,real_contiguous_block,1340,router__iot_named__mqtt_port_packets,True,True,True,0.0018581963881307705,0.0013937282229965157,0.0004644681651342548,0.0,True
primary,real_contiguous_block,1340,router__iot_named__packet_count,True,True,True,0.0002322745485163463,0.0,0.0002322745485163463,0.0,True
primary,real_contiguous_block,1340,router__iot_named__packet_length_max,True,True,True,0.0002322745485163463,0.0,0.0002322745485163463,0.0,True
primary,real_contiguous_block,1340,router__iot_named__packet_length_mean,True,True,True,0.0002322745485163463,0.0,0.0002322745485163463,0.0,True
primary,real_contiguous_block,1340,router__iot_named__packet_length_min,True,True,True,0.0002322745485163463,0.0,0.0002322745485163463,0.0,True
primary,real_contiguous_block,1340,router__iot_named__packet_length_std,True,True,True,0.0002322745485163463,0.0,0.0002322745485163463,0.0,True
primary,real_contiguous_block,1340,router__iot_named__tcp_count,True,True,True,0.00040648045990360605,0.0,0.00040648045990360605,0.0,True
primary,real_contiguous_block,1340,router__iot_named__tcp_fin_count,False,True,True,0.9912316357935079,0.9909407665505227,0.00029086924298526995,0.0,True
primary,real_contiguous_block,1340,router__iot_named__tcp_rst_count,False,True,True,0.9979095290633528,0.9977351916376307,0.0001743374257221486,0.0,True
primary,real_contiguous_block,1340,router__iot_named__tcp_syn_count,False,True,True,0.9929736949073805,0.993205574912892,0.00023188000551144228,0.0,True
primary,real_contiguous_block,1340,router__iot_named__udp_count,True,True,True,0.40078973346495556,0.5952961672473868,0.1945064337824312,0.0,True
primary,real_contiguous_block,1340,router__iot_named__unique_dst_ip_count,True,True,True,0.0002322745485163463,0.0,0.0002322745485163463,0.0,True
primary,real_contiguous_block,1340,router__iot_named__unique_endpoint_pair_count,True,True,True,0.0002322745485163463,0.0,0.0002322745485163463,0.0,True
primary,real_contiguous_block,1340,router__iot_named__unique_src_ip_count,True,True,True,0.0002322745485163463,0.0,0.0002322745485163463,0.0,True
primary,real_contiguous_block,1341,iot__fridge__condition_high_fraction,True,True,True,0.017188316590209626,0.015331010452961672,0.0018573061372479539,0.0,True
primary,real_contiguous_block,1341,iot__fridge__temperature_mean,True,True,True,0.0012194413797108183,0.00017421602787456446,0.0010452253518362538,0.0,True
primary,real_contiguous_block,1341,iot__garage__door_open_fraction,True,True,True,0.5932872655478776,0.597212543554007,0.003925278006129407,0.0,True
primary,real_contiguous_block,1341,iot__garage__smartphone_signal_true_fraction,False,True,True,0.5932872655478776,0.597212543554007,0.003925278006129407,0.0,True
primary,real_contiguous_block,1341,iot__gps__latitude_mean,True,True,True,0.0009871668311944718,0.00017421602787456446,0.0008129508033199073,0.0,True
primary,real_contiguous_block,1341,iot__gps__longitude_mean,True,True,True,0.0009871668311944718,0.00017421602787456446,0.0008129508033199073,0.0,True
primary,real_contiguous_block,1341,iot__modbus__register_1_mean,True,True,True,0.0009871668311944718,0.00017421602787456446,0.0008129508033199073,0.0,True
primary,real_contiguous_block,1341,iot__modbus__register_2_mean,True,True,True,0.0009871668311944718,0.00017421602787456446,0.0008129508033199073,0.0,True
primary,real_contiguous_block,1341,iot__modbus__register_3_mean,True,True,True,0.0009871668311944718,0.00017421602787456446,0.0008129508033199073,0.0,True
primary,real_contiguous_block,1341,iot__modbus__register_4_mean,True,True,True,0.0009871668311944718,0.00017421602787456446,0.0008129508033199073,0.0,True
primary,real_contiguous_block,1341,iot__motion_light__light_on_fraction,True,True,True,0.2423204227396783,0.24442508710801394,0.002104664368335646,0.0,True
primary,real_contiguous_block,1341,iot__motion_light__motion_true_fraction,True,True,True,0.2423204227396783,0.24442508710801394,0.002104664368335646,0.0,True
primary,real_contiguous_block,1341,iot__thermostat__status_true_fraction,True,True,True,0.007490854189652169,0.005574912891986063,0.0019159412976661062,0.0,True
primary,real_contiguous_block,1341,iot__thermostat__temperature_mean,True,True,True,0.0020904709366471167,0.0012195121951219512,0.0008709587415251655,0.0,True
primary,real_contiguous_block,1341,iot__weather__humidity_mean,True,True,True,0.0009290981940653852,0.00017421602787456446,0.0007548821661908208,0.0,True
primary,real_contiguous_block,1341,iot__weather__pressure_mean,True,True,True,0.0009290981940653852,0.00017421602787456446,0.0007548821661908208,0.0,True
primary,real_contiguous_block,1341,iot__weather__temperature_mean,True,True,True,0.0009290981940653852,0.00017421602787456446,0.0007548821661908208,0.0,True
primary,real_contiguous_block,1341,router__general__arp_count,False,True,True,0.12043435340572557,0.12560975609756098,0.005175402691835404,0.0,True
primary,real_contiguous_block,1341,router__general__byte_count,True,True,True,0.0004645490970326926,0.0,0.0004645490970326926,0.0,True
primary,real_contiguous_block,1341,router__general__dns_port_packets,True,True,True,0.6286510655594914,0.6317073170731707,0.0030562515136793866,0.0,True
primary,real_contiguous_block,1341,router__general__http_port_packets,True,True,True,0.9925672144474769,0.9975609756097561,0.004993761162279231,0.0,True
primary,real_contiguous_block,1341,router__general__https_port_packets,True,True,True,0.8894953835433482,0.9019163763066202,0.01242099276327202,0.0,True
primary,real_contiguous_block,1341,router__general__icmp_count,True,True,True,0.058358980314732016,0.0003484320557491289,0.058010548258982886,0.0,True
primary,real_contiguous_block,1341,router__general__interarrival_positive_mean,False,True,True,0.0004645490970326926,0.0,0.0004645490970326926,0.0,True
primary,real_contiguous_block,1341,router__general__interarrival_positive_std,False,True,True,0.0004645490970326926,0.0,0.0004645490970326926,0.0,True
primary,real_contiguous_block,1341,router__general__ipv4_count,True,True,True,0.0004645490970326926,0.0,0.0004645490970326926,0.0,True
primary,real_contiguous_block,1341,router__general__ipv6_count,True,True,True,0.34074676267348003,0.36881533101045294,0.02806856833697291,0.0,True
primary,real_contiguous_block,1341,router__general__mqtt_port_packets,True,True,True,0.00220660821090529,0.0015679442508710801,0.0006386639600342097,0.0,True
primary,real_contiguous_block,1341,router__general__packet_count,True,True,True,0.0004645490970326926,0.0,0.0004645490970326926,0.0,True
primary,real_contiguous_block,1341,router__general__packet_length_max,True,True,True,0.0004645490970326926,0.0,0.0004645490970326926,0.0,True
primary,real_contiguous_block,1341,router__general__packet_length_mean,True,True,True,0.0004645490970326926,0.0,0.0004645490970326926,0.0,True
primary,real_contiguous_block,1341,router__general__packet_length_min,True,True,True,0.0004645490970326926,0.0,0.0004645490970326926,0.0,True
primary,real_contiguous_block,1341,router__general__packet_length_std,True,True,True,0.0004645490970326926,0.0,0.0004645490970326926,0.0,True
primary,real_contiguous_block,1341,router__general__tcp_count,True,True,True,0.0004645490970326926,0.0,0.0004645490970326926,0.0,True
primary,real_contiguous_block,1341,router__general__tcp_fin_count,False,True,True,0.9743336623889437,0.9770034843205575,0.0026698219316138028,0.0,True
primary,real_contiguous_block,1341,router__general__tcp_rst_count,False,True,True,0.9891411648568608,0.9898954703832753,0.0007543055264145337,0.0,True
primary,real_contiguous_block,1341,router__general__tcp_syn_count,False,True,True,0.9693397595958423,0.9724738675958188,0.0031341079999764876,0.0,True
primary,real_contiguous_block,1341,router__general__udp_count,True,True,True,0.29667266709250334,0.2984320557491289,0.00175938865662556,0.0,True
primary,real_contiguous_block,1341,router__general__unique_dst_ip_count,False,True,True,0.0004645490970326926,0.0,0.0004645490970326926,0.0,True
primary,real_contiguous_block,1341,router__general__unique_endpoint_pair_count,True,True,True,0.0004645490970326926,0.0,0.0004645490970326926,0.0,True
primary,real_contiguous_block,1341,router__general__unique_src_ip_count,False,True,True,0.0004645490970326926,0.0,0.0004645490970326926,0.0,True
primary,real_contiguous_block,1341,router__iot_named__arp_count,True,True,True,0.20614366180825736,0.22979094076655052,0.02364727895829316,0.0,True
primary,real_contiguous_block,1341,router__iot_named__byte_count,True,True,True,0.0002322745485163463,0.0,0.0002322745485163463,0.0,True
primary,real_contiguous_block,1341,router__iot_named__dns_port_packets,True,True,True,0.6611114337146508,0.660801393728223,0.000310039986427757,0.0,True
primary,real_contiguous_block,1341,router__iot_named__http_port_packets,False,True,False,0.9983740781603856,1.0,0.0016259218396144082,0.0,True
primary,real_contiguous_block,1341,router__iot_named__https_port_packets,True,True,True,0.9447767260902387,0.9517421602787457,0.006965434188507036,0.0,True
primary,real_contiguous_block,1341,router__iot_named__icmp_count,False,True,True,0.9982579408861274,0.9986062717770035,0.0003483308908760474,0.0,True
primary,real_contiguous_block,1341,router__iot_named__interarrival_positive_mean,False,True,True,0.0002322745485163463,0.0,0.0002322745485163463,0.0,True
primary,real_contiguous_block,1341,router__iot_named__interarrival_positive_std,False,True,True,0.0002322745485163463,0.0,0.0002322745485163463,0.0,True
primary,real_contiguous_block,1341,router__iot_named__ipv4_count,True,True,True,0.0002322745485163463,0.0,0.0002322745485163463,0.0,True
primary,real_contiguous_block,1341,router__iot_named__mqtt_port_packets,True,True,True,0.0018581963881307705,0.0015679442508710801,0.00029025213725969033,0.0,True
primary,real_contiguous_block,1341,router__iot_named__packet_count,True,True,True,0.0002322745485163463,0.0,0.0002322745485163463,0.0,True
primary,real_contiguous_block,1341,router__iot_named__packet_length_max,True,True,True,0.0002322745485163463,0.0,0.0002322745485163463,0.0,True
primary,real_contiguous_block,1341,router__iot_named__packet_length_mean,True,True,True,0.0002322745485163463,0.0,0.0002322745485163463,0.0,True
primary,real_contiguous_block,1341,router__iot_named__packet_length_min,True,True,True,0.0002322745485163463,0.0,0.0002322745485163463,0.0,True
primary,real_contiguous_block,1341,router__iot_named__packet_length_std,True,True,True,0.0002322745485163463,0.0,0.0002322745485163463,0.0,True
primary,real_contiguous_block,1341,router__iot_named__tcp_count,True,True,True,0.00040648045990360605,0.0,0.00040648045990360605,0.0,True
primary,real_contiguous_block,1341,router__iot_named__tcp_fin_count,False,True,True,0.9912316357935079,0.9925087108013937,0.001277075007885764,0.0,True
primary,real_contiguous_block,1341,router__iot_named__tcp_rst_count,False,True,True,0.9979095290633528,0.9980836236933798,0.00017409463002693304,0.0,True
primary,real_contiguous_block,1341,router__iot_named__tcp_syn_count,False,True,True,0.9929736949073805,0.9939024390243902,0.0009287441170097166,0.0,True
primary,real_contiguous_block,1341,router__iot_named__udp_count,True,True,True,0.40078973346495556,0.40557491289198605,0.004785179427030495,0.0,True
primary,real_contiguous_block,1341,router__iot_named__unique_dst_ip_count,True,True,True,0.0002322745485163463,0.0,0.0002322745485163463,0.0,True
primary,real_contiguous_block,1341,router__iot_named__unique_endpoint_pair_count,True,True,True,0.0002322745485163463,0.0,0.0002322745485163463,0.0,True
primary,real_contiguous_block,1341,router__iot_named__unique_src_ip_count,True,True,True,0.0002322745485163463,0.0,0.0002322745485163463,0.0,True
primary,independent_marginals,1337,iot__fridge__condition_high_fraction,True,True,True,0.017188316590209626,0.018815331010452963,0.0016270144202433362,0.0,True
primary,independent_marginals,1337,iot__fridge__temperature_mean,True,True,True,0.0012194413797108183,0.0008710801393728223,0.00034836124033799597,0.0,True
primary,independent_marginals,1337,iot__garage__door_open_fraction,True,True,True,0.5932872655478776,0.5836236933797909,0.009663572168086665,0.0,True
primary,independent_marginals,1337,iot__garage__smartphone_signal_true_fraction,False,True,True,0.5932872655478776,0.5897212543554007,0.0035660111924769033,0.0,True
primary,independent_marginals,1337,iot__gps__latitude_mean,True,True,True,0.0009871668311944718,0.0015679442508710801,0.0005807774196766083,0.0,True
primary,independent_marginals,1337,iot__gps__longitude_mean,True,True,True,0.0009871668311944718,0.0010452961672473868,5.812933605291496e-05,0.0,True
primary,independent_marginals,1337,iot__modbus__register_1_mean,True,True,True,0.0009871668311944718,0.0008710801393728223,0.0001160866918216495,0.0,True
primary,independent_marginals,1337,iot__modbus__register_2_mean,True,True,True,0.0009871668311944718,0.0005226480836236934,0.0004645187475707784,0.0,True
primary,independent_marginals,1337,iot__modbus__register_3_mean,True,True,True,0.0009871668311944718,0.0008710801393728223,0.0001160866918216495,0.0,True
primary,independent_marginals,1337,iot__modbus__register_4_mean,True,True,True,0.0009871668311944718,0.0008710801393728223,0.0001160866918216495,0.0,True
primary,independent_marginals,1337,iot__motion_light__light_on_fraction,True,True,True,0.2423204227396783,0.24581881533101047,0.0034983925913321667,0.0,True
primary,independent_marginals,1337,iot__motion_light__motion_true_fraction,True,True,True,0.2423204227396783,0.2480836236933798,0.005763200953701503,0.0,True
primary,independent_marginals,1337,iot__thermostat__status_true_fraction,True,True,True,0.007490854189652169,0.005923344947735192,0.0015675092419169768,0.0,True
primary,independent_marginals,1337,iot__thermostat__temperature_mean,True,True,True,0.0020904709366471167,0.002961672473867596,0.0008712015372204793,0.0,True
primary,independent_marginals,1337,iot__weather__humidity_mean,True,True,True,0.0009290981940653852,0.0012195121951219512,0.000290414001056566,0.0,True
primary,independent_marginals,1337,iot__weather__pressure_mean,True,True,True,0.0009290981940653852,0.0006968641114982578,0.0002322340825671274,0.0,True
primary,independent_marginals,1337,iot__weather__temperature_mean,True,True,True,0.0009290981940653852,0.0008710801393728223,5.801805469256294e-05,0.0,True
primary,independent_marginals,1337,router__general__arp_count,False,True,True,0.12043435340572557,0.12560975609756098,0.005175402691835404,0.0,True
primary,independent_marginals,1337,router__general__byte_count,True,True,True,0.0004645490970326926,0.0006968641114982578,0.00023231501446556522,0.0,True
primary,independent_marginals,1337,router__general__dns_port_packets,True,True,True,0.6286510655594914,0.6332752613240418,0.004624195764550421,0.0,True
primary,independent_marginals,1337,router__general__http_port_packets,True,True,True,0.9925672144474769,0.9926829268292683,0.00011571238179142185,0.0,True
primary,independent_marginals,1337,router__general__https_port_packets,True,True,True,0.8894953835433482,0.8921602787456446,0.0026648952022964023,0.0,True
primary,independent_marginals,1337,router__general__icmp_count,True,True,True,0.058358980314732016,0.05383275261324042,0.004526227701491595,0.0,True
primary,independent_marginals,1337,router__general__interarrival_positive_mean,False,True,True,0.0004645490970326926,0.0005226480836236934,5.809898659100076e-05,0.0,True
primary,independent_marginals,1337,router__general__interarrival_positive_std,False,True,True,0.0004645490970326926,0.0005226480836236934,5.809898659100076e-05,0.0,True
primary,independent_marginals,1337,router__general__ipv4_count,True,True,True,0.0004645490970326926,0.0005226480836236934,5.809898659100076e-05,0.0,True
primary,independent_marginals,1337,router__general__ipv6_count,True,True,True,0.34074676267348003,0.33066202090592334,0.010084741767556693,0.0,True
primary,independent_marginals,1337,router__general__mqtt_port_packets,True,True,True,0.00220660821090529,0.0013937282229965157,0.0008128799879087742,0.0,True
primary,independent_marginals,1337,router__general__packet_count,True,True,True,0.0004645490970326926,0.0003484320557491289,0.0001161170412835637,0.0,True
primary,independent_marginals,1337,router__general__packet_length_max,True,True,True,0.0004645490970326926,0.0005226480836236934,5.809898659100076e-05,0.0,True
primary,independent_marginals,1337,router__general__packet_length_mean,True,True,True,0.0004645490970326926,0.0,0.0004645490970326926,0.0,True
primary,independent_marginals,1337,router__general__packet_length_min,True,True,True,0.0004645490970326926,0.0,0.0004645490970326926,0.0,True
primary,independent_marginals,1337,router__general__packet_length_std,True,True,True,0.0004645490970326926,0.0003484320557491289,0.0001161170412835637,0.0,True
primary,independent_marginals,1337,router__general__tcp_count,True,True,True,0.0004645490970326926,0.0003484320557491289,0.0001161170412835637,0.0,True
primary,independent_marginals,1337,router__general__tcp_fin_count,False,True,True,0.9743336623889437,0.9729965156794426,0.0013371467095011358,0.0,True
primary,independent_marginals,1337,router__general__tcp_rst_count,False,True,True,0.9891411648568608,0.9878048780487805,0.0013362868080802892,0.0,True
primary,independent_marginals,1337,router__general__tcp_syn_count,False,True,True,0.9693397595958423,0.9649825783972126,0.0043571811986297115,0.0,True
primary,independent_marginals,1337,router__general__udp_count,True,True,True,0.29667266709250334,0.2940766550522648,0.0025960120402385156,0.0,True
primary,independent_marginals,1337,router__general__unique_dst_ip_count,False,True,True,0.0004645490970326926,0.00017421602787456446,0.00029033306915812816,0.0,True
primary,independent_marginals,1337,router__general__unique_endpoint_pair_count,True,True,True,0.0004645490970326926,0.0005226480836236934,5.809898659100076e-05,0.0,True
primary,independent_marginals,1337,router__general__unique_src_ip_count,False,True,True,0.0004645490970326926,0.0006968641114982578,0.00023231501446556522,0.0,True
primary,independent_marginals,1337,router__iot_named__arp_count,True,True,True,0.20614366180825736,0.2146341463414634,0.008490484533206055,0.0,True
primary,independent_marginals,1337,router__iot_named__byte_count,True,True,True,0.0002322745485163463,0.0,0.0002322745485163463,0.0,True
primary,independent_marginals,1337,router__iot_named__dns_port_packets,True,True,True,0.6611114337146508,0.659581881533101,0.0015295521815497093,0.0,True
primary,independent_marginals,1337,router__iot_named__http_port_packets,False,True,True,0.9983740781603856,0.9982578397212544,0.00011623843913122212,0.0,True
primary,independent_marginals,1337,router__iot_named__https_port_packets,True,True,True,0.9447767260902387,0.9452961672473867,0.0005194411571480817,0.0,True
primary,independent_marginals,1337,router__iot_named__icmp_count,False,True,True,0.9982579408861274,0.998432055749129,0.0001741148630015621,0.0,True
primary,independent_marginals,1337,router__iot_named__interarrival_positive_mean,False,True,True,0.0002322745485163463,0.00017421602787456446,5.805852064178185e-05,0.0,True
primary,independent_marginals,1337,router__iot_named__interarrival_positive_std,False,True,True,0.0002322745485163463,0.0003484320557491289,0.00011615750723278261,0.0,True
primary,independent_marginals,1337,router__iot_named__ipv4_count,True,True,True,0.0002322745485163463,0.0005226480836236934,0.00029037353510734707,0.0,True
primary,independent_marginals,1337,router__iot_named__mqtt_port_packets,True,True,True,0.0018581963881307705,0.0017421602787456446,0.00011603610938512587,0.0,True
primary,independent_marginals,1337,router__iot_named__packet_count,True,True,True,0.0002322745485163463,0.0,0.0002322745485163463,0.0,True
primary,independent_marginals,1337,router__iot_named__packet_length_max,True,True,True,0.0002322745485163463,0.0005226480836236934,0.00029037353510734707,0.0,True
primary,independent_marginals,1337,router__iot_named__packet_length_mean,True,True,True,0.0002322745485163463,0.0003484320557491289,0.00011615750723278261,0.0,True
primary,independent_marginals,1337,router__iot_named__packet_length_min,True,True,True,0.0002322745485163463,0.0003484320557491289,0.00011615750723278261,0.0,True
primary,independent_marginals,1337,router__iot_named__packet_length_std,True,True,True,0.0002322745485163463,0.00017421602787456446,5.805852064178185e-05,0.0,True
primary,independent_marginals,1337,router__iot_named__tcp_count,True,True,True,0.00040648045990360605,0.0005226480836236934,0.00011616762372008733,0.0,True
primary,independent_marginals,1337,router__iot_named__tcp_fin_count,False,True,True,0.9912316357935079,0.9916376306620209,0.00040599486851300437,0.0,True
primary,independent_marginals,1337,router__iot_named__tcp_rst_count,False,True,True,0.9979095290633528,0.9986062717770035,0.000696742713650611,0.0,True
primary,independent_marginals,1337,router__iot_named__tcp_syn_count,False,True,True,0.9929736949073805,0.9907665505226481,0.0022071443847324623,0.0,True
primary,independent_marginals,1337,router__iot_named__udp_count,True,True,True,0.40078973346495556,0.41498257839721253,0.014192844932256976,0.0,True
primary,independent_marginals,1337,router__iot_named__unique_dst_ip_count,True,True,True,0.0002322745485163463,0.0,0.0002322745485163463,0.0,True
primary,independent_marginals,1337,router__iot_named__unique_endpoint_pair_count,True,True,True,0.0002322745485163463,0.00017421602787456446,5.805852064178185e-05,0.0,True
primary,independent_marginals,1337,router__iot_named__unique_src_ip_count,True,True,True,0.0002322745485163463,0.0,0.0002322745485163463,0.0,True
primary,independent_marginals,1338,iot__fridge__condition_high_fraction,True,True,True,0.017188316590209626,0.018118466898954706,0.0009301503087450792,0.0,True
primary,independent_marginals,1338,iot__fridge__temperature_mean,True,True,True,0.0012194413797108183,0.0008710801393728223,0.00034836124033799597,0.0,True
primary,independent_marginals,1338,iot__garage__door_open_fraction,True,True,True,0.5932872655478776,0.5921602787456446,0.0011269868022329987,0.0,True
primary,independent_marginals,1338,iot__garage__smartphone_signal_true_fraction,False,True,True,0.5932872655478776,0.5860627177700348,0.00722454777784276,0.0,True
primary,independent_marginals,1338,iot__gps__latitude_mean,True,True,True,0.0009871668311944718,0.0008710801393728223,0.0001160866918216495,0.0,True
primary,independent_marginals,1338,iot__gps__longitude_mean,True,True,True,0.0009871668311944718,0.0015679442508710801,0.0005807774196766083,0.0,True
primary,independent_marginals,1338,iot__modbus__register_1_mean,True,True,True,0.0009871668311944718,0.0010452961672473868,5.812933605291496e-05,0.0,True
primary,independent_marginals,1338,iot__modbus__register_2_mean,True,True,True,0.0009871668311944718,0.0012195121951219512,0.00023234536392747942,0.0,True
primary,independent_marginals,1338,iot__modbus__register_3_mean,True,True,True,0.0009871668311944718,0.0013937282229965157,0.0004065613918020439,0.0,True
primary,independent_marginals,1338,iot__modbus__register_4_mean,True,True,True,0.0009871668311944718,0.0010452961672473868,5.812933605291496e-05,0.0,True
primary,independent_marginals,1338,iot__motion_light__light_on_fraction,True,True,True,0.2423204227396783,0.23623693379790942,0.006083488941768883,0.0,True
primary,independent_marginals,1338,iot__motion_light__motion_true_fraction,True,True,True,0.2423204227396783,0.23745644599303137,0.004863976746646931,0.0,True
primary,independent_marginals,1338,iot__thermostat__status_true_fraction,True,True,True,0.007490854189652169,0.00853658536585366,0.0010457311762014903,0.0,True
primary,independent_marginals,1338,iot__thermostat__temperature_mean,True,True,True,0.0020904709366471167,0.002613240418118467,0.0005227694814713504,0.0,True
primary,independent_marginals,1338,iot__weather__humidity_mean,True,True,True,0.0009290981940653852,0.0005226480836236934,0.00040645011044169186,0.0,True
primary,independent_marginals,1338,iot__weather__pressure_mean,True,True,True,0.0009290981940653852,0.0008710801393728223,5.801805469256294e-05,0.0,True
primary,independent_marginals,1338,iot__weather__temperature_mean,True,True,True,0.0009290981940653852,0.0010452961672473868,0.00011619797318200152,0.0,True
primary,independent_marginals,1338,router__general__arp_count,False,True,True,0.12043435340572557,0.1200348432055749,0.00039951020015066563,0.0,True
primary,independent_marginals,1338,router__general__byte_count,True,True,True,0.0004645490970326926,0.0006968641114982578,0.00023231501446556522,0.0,True
primary,independent_marginals,1338,router__general__dns_port_packets,True,True,True,0.6286510655594914,0.6299651567944251,0.0013140912349337563,0.0,True
primary,independent_marginals,1338,router__general__http_port_packets,True,True,True,0.9925672144474769,0.9914634146341463,0.0011037998133305305,0.0,True
primary,independent_marginals,1338,router__general__https_port_packets,True,True,True,0.8894953835433482,0.8933797909407666,0.0038844073974183546,0.0,True
primary,independent_marginals,1338,router__general__icmp_count,True,True,True,0.058358980314732016,0.06515679442508711,0.006797814110355092,0.0,True
primary,independent_marginals,1338,router__general__interarrival_positive_mean,False,True,True,0.0004645490970326926,0.0005226480836236934,5.809898659100076e-05,0.0,True
primary,independent_marginals,1338,router__general__interarrival_positive_std,False,True,True,0.0004645490970326926,0.0003484320557491289,0.0001161170412835637,0.0,True
primary,independent_marginals,1338,router__general__ipv4_count,True,True,True,0.0004645490970326926,0.0006968641114982578,0.00023231501446556522,0.0,True
primary,independent_marginals,1338,router__general__ipv6_count,True,True,True,0.34074676267348003,0.33484320557491287,0.005903557098567158,0.0,True
primary,independent_marginals,1338,router__general__mqtt_port_packets,True,True,True,0.00220660821090529,0.0020905923344947735,0.00011601587641051634,0.0,True
primary,independent_marginals,1338,router__general__packet_count,True,True,True,0.0004645490970326926,0.0005226480836236934,5.809898659100076e-05,0.0,True
primary,independent_marginals,1338,router__general__packet_length_max,True,True,True,0.0004645490970326926,0.00017421602787456446,0.00029033306915812816,0.0,True
primary,independent_marginals,1338,router__general__packet_length_mean,True,True,True,0.0004645490970326926,0.0003484320557491289,0.0001161170412835637,0.0,True
primary,independent_marginals,1338,router__general__packet_length_min,True,True,True,0.0004645490970326926,0.0008710801393728223,0.0004065310423401297,0.0,True
primary,independent_marginals,1338,router__general__packet_length_std,True,True,True,0.0004645490970326926,0.0010452961672473868,0.0005807470702146941,0.0,True
primary,independent_marginals,1338,router__general__tcp_count,True,True,True,0.0004645490970326926,0.0010452961672473868,0.0005807470702146941,0.0,True
primary,independent_marginals,1338,router__general__tcp_fin_count,False,True,True,0.9743336623889437,0.9773519163763066,0.0030182539873628844,0.0,True
primary,independent_marginals,1338,router__general__tcp_rst_count,False,True,True,0.9891411648568608,0.9898954703832753,0.0007543055264145337,0.0,True
primary,independent_marginals,1338,router__general__tcp_syn_count,False,True,True,0.9693397595958423,0.9693379790940767,1.7805017655803113e-06,0.0,True
primary,independent_marginals,1338,router__general__udp_count,True,True,True,0.29667266709250334,0.28623693379790943,0.010435733294593907,0.0,True
primary,independent_marginals,1338,router__general__unique_dst_ip_count,False,True,True,0.0004645490970326926,0.0012195121951219512,0.0007549630980892586,0.0,True
primary,independent_marginals,1338,router__general__unique_endpoint_pair_count,True,True,True,0.0004645490970326926,0.0003484320557491289,0.0001161170412835637,0.0,True
primary,independent_marginals,1338,router__general__unique_src_ip_count,False,True,True,0.0004645490970326926,0.0003484320557491289,0.0001161170412835637,0.0,True
primary,independent_marginals,1338,router__iot_named__arp_count,True,True,True,0.20614366180825736,0.2059233449477352,0.00022031686052215171,0.0,True
primary,independent_marginals,1338,router__iot_named__byte_count,True,True,True,0.0002322745485163463,0.0003484320557491289,0.00011615750723278261,0.0,True
primary,independent_marginals,1338,router__iot_named__dns_port_packets,True,True,True,0.6611114337146508,0.6616724738675959,0.0005610401529451137,0.0,True
primary,independent_marginals,1338,router__iot_named__http_port_packets,False,True,True,0.9983740781603856,0.998432055749129,5.797758874337422e-05,0.0,True
primary,independent_marginals,1338,router__iot_named__https_port_packets,True,True,True,0.9447767260902387,0.9470383275261324,0.002261601435893712,0.0,True
primary,independent_marginals,1338,router__iot_named__icmp_count,False,True,True,0.9982579408861274,0.9977351916376307,0.0005227492484967122,0.0,True
primary,independent_marginals,1338,router__iot_named__interarrival_positive_mean,False,True,True,0.0002322745485163463,0.00017421602787456446,5.805852064178185e-05,0.0,True
primary,independent_marginals,1338,router__iot_named__interarrival_positive_std,False,True,True,0.0002322745485163463,0.00017421602787456446,5.805852064178185e-05,0.0,True
primary,independent_marginals,1338,router__iot_named__ipv4_count,True,True,True,0.0002322745485163463,0.00017421602787456446,5.805852064178185e-05,0.0,True
primary,independent_marginals,1338,router__iot_named__mqtt_port_packets,True,True,True,0.0018581963881307705,0.002613240418118467,0.0007550440299876966,0.0,True
primary,independent_marginals,1338,router__iot_named__packet_count,True,True,True,0.0002322745485163463,0.00017421602787456446,5.805852064178185e-05,0.0,True
primary,independent_marginals,1338,router__iot_named__packet_length_max,True,True,True,0.0002322745485163463,0.0008710801393728223,0.000638805590856476,0.0,True
primary,independent_marginals,1338,router__iot_named__packet_length_mean,True,True,True,0.0002322745485163463,0.0003484320557491289,0.00011615750723278261,0.0,True
primary,independent_marginals,1338,router__iot_named__packet_length_min,True,True,True,0.0002322745485163463,0.0003484320557491289,0.00011615750723278261,0.0,True
primary,independent_marginals,1338,router__iot_named__packet_length_std,True,True,True,0.0002322745485163463,0.0,0.0002322745485163463,0.0,True
primary,independent_marginals,1338,router__iot_named__tcp_count,True,True,True,0.00040648045990360605,0.0005226480836236934,0.00011616762372008733,0.0,True
primary,independent_marginals,1338,router__iot_named__tcp_fin_count,False,True,True,0.9912316357935079,0.9911149825783973,0.00011665321511067361,0.0,True
primary,independent_marginals,1338,router__iot_named__tcp_rst_count,False,True,True,0.9979095290633528,0.9991289198606271,0.001219390797274289,0.0,True
primary,independent_marginals,1338,router__iot_named__tcp_syn_count,False,True,True,0.9929736949073805,0.9923344947735192,0.0006392001338613174,0.0,True
primary,independent_marginals,1338,router__iot_named__udp_count,True,True,True,0.40078973346495556,0.4020905923344948,0.0013008588695392342,0.0,True
primary,independent_marginals,1338,router__iot_named__unique_dst_ip_count,True,True,True,0.0002322745485163463,0.00017421602787456446,5.805852064178185e-05,0.0,True
primary,independent_marginals,1338,router__iot_named__unique_endpoint_pair_count,True,True,True,0.0002322745485163463,0.0003484320557491289,0.00011615750723278261,0.0,True
primary,independent_marginals,1338,router__iot_named__unique_src_ip_count,True,True,True,0.0002322745485163463,0.0003484320557491289,0.00011615750723278261,0.0,True
primary,independent_marginals,1339,iot__fridge__condition_high_fraction,True,True,True,0.017188316590209626,0.017770034843205575,0.000581718252995949,0.0,True
primary,independent_marginals,1339,iot__fridge__temperature_mean,True,True,True,0.0012194413797108183,0.0012195121951219512,7.081541113294725e-08,0.0,True
primary,independent_marginals,1339,iot__garage__door_open_fraction,True,True,True,0.5932872655478776,0.5932055749128919,8.169063498564277e-05,0.0,True
primary,independent_marginals,1339,iot__garage__smartphone_signal_true_fraction,False,True,True,0.5932872655478776,0.5984320557491289,0.005144790201251359,0.0,True
primary,independent_marginals,1339,iot__gps__latitude_mean,True,True,True,0.0009871668311944718,0.0024390243902439024,0.0014518575590494306,0.0,True
primary,independent_marginals,1339,iot__gps__longitude_mean,True,True,True,0.0009871668311944718,0.0010452961672473868,5.812933605291496e-05,0.0,True
primary,independent_marginals,1339,iot__modbus__register_1_mean,True,True,True,0.0009871668311944718,0.0015679442508710801,0.0005807774196766083,0.0,True
primary,independent_marginals,1339,iot__modbus__register_2_mean,True,True,True,0.0009871668311944718,0.0013937282229965157,0.0004065613918020439,0.0,True
primary,independent_marginals,1339,iot__modbus__register_3_mean,True,True,True,0.0009871668311944718,0.0006968641114982578,0.00029030271969621396,0.0,True
primary,independent_marginals,1339,iot__modbus__register_4_mean,True,True,True,0.0009871668311944718,0.0012195121951219512,0.00023234536392747942,0.0,True
primary,independent_marginals,1339,iot__motion_light__light_on_fraction,True,True,True,0.2423204227396783,0.23832752613240418,0.003992896607274116,0.0,True
primary,independent_marginals,1339,iot__motion_light__motion_true_fraction,True,True,True,0.2423204227396783,0.24965156794425086,0.0073311452045725645,0.0,True
primary,independent_marginals,1339,iot__thermostat__status_true_fraction,True,True,True,0.007490854189652169,0.00853658536585366,0.0010457311762014903,0.0,True
primary,independent_marginals,1339,iot__thermostat__temperature_mean,True,True,True,0.0020904709366471167,0.0020905923344947735,1.2139784765679076e-07,0.0,True
primary,independent_marginals,1339,iot__weather__humidity_mean,True,True,True,0.0009290981940653852,0.0013937282229965157,0.00046463002893113044,0.0,True
primary,independent_marginals,1339,iot__weather__pressure_mean,True,True,True,0.0009290981940653852,0.0,0.0009290981940653852,0.0,True
primary,independent_marginals,1339,iot__weather__temperature_mean,True,True,True,0.0009290981940653852,0.0005226480836236934,0.00040645011044169186,0.0,True
primary,independent_marginals,1339,router__general__arp_count,False,True,True,0.12043435340572557,0.12473867595818815,0.004304322552462575,0.0,True
primary,independent_marginals,1339,router__general__byte_count,True,True,True,0.0004645490970326926,0.0003484320557491289,0.0001161170412835637,0.0,True
primary,independent_marginals,1339,router__general__dns_port_packets,True,True,True,0.6286510655594914,0.6411149825783972,0.012463917018905812,0.0,True
primary,independent_marginals,1339,router__general__http_port_packets,True,True,True,0.9925672144474769,0.9918118466898954,0.0007553677575814488,0.0,True
primary,independent_marginals,1339,router__general__https_port_packets,True,True,True,0.8894953835433482,0.8822299651567944,0.0072654183865538124,0.0,True
primary,independent_marginals,1339,router__general__icmp_count,True,True,True,0.058358980314732016,0.06254355400696864,0.004184573692236619,0.0,True
primary,independent_marginals,1339,router__general__interarrival_positive_mean,False,True,True,0.0004645490970326926,0.0008710801393728223,0.0004065310423401297,0.0,True
primary,independent_marginals,1339,router__general__interarrival_positive_std,False,True,True,0.0004645490970326926,0.0005226480836236934,5.809898659100076e-05,0.0,True
primary,independent_marginals,1339,router__general__ipv4_count,True,True,True,0.0004645490970326926,0.0006968641114982578,0.00023231501446556522,0.0,True
primary,independent_marginals,1339,router__general__ipv6_count,True,True,True,0.34074676267348003,0.34581881533101044,0.005072052657530413,0.0,True
primary,independent_marginals,1339,router__general__mqtt_port_packets,True,True,True,0.00220660821090529,0.002613240418118467,0.00040663220721317726,0.0,True
primary,independent_marginals,1339,router__general__packet_count,True,True,True,0.0004645490970326926,0.0003484320557491289,0.0001161170412835637,0.0,True
primary,independent_marginals,1339,router__general__packet_length_max,True,True,True,0.0004645490970326926,0.0003484320557491289,0.0001161170412835637,0.0,True
primary,independent_marginals,1339,router__general__packet_length_mean,True,True,True,0.0004645490970326926,0.0003484320557491289,0.0001161170412835637,0.0,True
primary,independent_marginals,1339,router__general__packet_length_min,True,True,True,0.0004645490970326926,0.0005226480836236934,5.809898659100076e-05,0.0,True
primary,independent_marginals,1339,router__general__packet_length_std,True,True,True,0.0004645490970326926,0.0008710801393728223,0.0004065310423401297,0.0,True
primary,independent_marginals,1339,router__general__tcp_count,True,True,True,0.0004645490970326926,0.0003484320557491289,0.0001161170412835637,0.0,True
primary,independent_marginals,1339,router__general__tcp_fin_count,False,True,True,0.9743336623889437,0.9752613240418119,0.0009276616528681725,0.0,True
primary,independent_marginals,1339,router__general__tcp_rst_count,False,True,True,0.9891411648568608,0.9897212543554007,0.0005800894985399374,0.0,True
primary,independent_marginals,1339,router__general__tcp_syn_count,False,True,True,0.9693397595958423,0.9709059233449477,0.0015661637491054536,0.0,True
primary,independent_marginals,1339,router__general__udp_count,True,True,True,0.29667266709250334,0.29425087108013936,0.002421796012363975,0.0,True
primary,independent_marginals,1339,router__general__unique_dst_ip_count,False,True,True,0.0004645490970326926,0.0005226480836236934,5.809898659100076e-05,0.0,True
primary,independent_marginals,1339,router__general__unique_endpoint_pair_count,True,True,True,0.0004645490970326926,0.0005226480836236934,5.809898659100076e-05,0.0,True
primary,independent_marginals,1339,router__general__unique_src_ip_count,False,True,True,0.0004645490970326926,0.0003484320557491289,0.0001161170412835637,0.0,True
primary,independent_marginals,1339,router__iot_named__arp_count,True,True,True,0.20614366180825736,0.21445993031358884,0.008316268505331487,0.0,True
primary,independent_marginals,1339,router__iot_named__byte_count,True,True,True,0.0002322745485163463,0.00017421602787456446,5.805852064178185e-05,0.0,True
primary,independent_marginals,1339,router__iot_named__dns_port_packets,True,True,True,0.6611114337146508,0.6543554006968642,0.0067560330177866,0.0,True
primary,independent_marginals,1339,router__iot_named__http_port_packets,False,True,True,0.9983740781603856,0.9986062717770035,0.00023219361661785953,0.0,True
primary,independent_marginals,1339,router__iot_named__https_port_packets,True,True,True,0.9447767260902387,0.9416376306620209,0.003139095428217775,0.0,True
primary,independent_marginals,1339,router__iot_named__icmp_count,False,True,True,0.9982579408861274,0.9980836236933798,0.00017431719274763058,0.0,True
primary,independent_marginals,1339,router__iot_named__interarrival_positive_mean,False,True,True,0.0002322745485163463,0.0005226480836236934,0.00029037353510734707,0.0,True
primary,independent_marginals,1339,router__iot_named__interarrival_positive_std,False,True,True,0.0002322745485163463,0.00017421602787456446,5.805852064178185e-05,0.0,True
primary,independent_marginals,1339,router__iot_named__ipv4_count,True,True,True,0.0002322745485163463,0.0010452961672473868,0.0008130216187310405,0.0,True
primary,independent_marginals,1339,router__iot_named__mqtt_port_packets,True,True,True,0.0018581963881307705,0.002613240418118467,0.0007550440299876966,0.0,True
primary,independent_marginals,1339,router__iot_named__packet_count,True,True,True,0.0002322745485163463,0.0,0.0002322745485163463,0.0,True
primary,independent_marginals,1339,router__iot_named__packet_length_max,True,True,True,0.0002322745485163463,0.00017421602787456446,5.805852064178185e-05,0.0,True
primary,independent_marginals,1339,router__iot_named__packet_length_mean,True,True,True,0.0002322745485163463,0.0003484320557491289,0.00011615750723278261,0.0,True
primary,independent_marginals,1339,router__iot_named__packet_length_min,True,True,True,0.0002322745485163463,0.0,0.0002322745485163463,0.0,True
primary,independent_marginals,1339,router__iot_named__packet_length_std,True,True,True,0.0002322745485163463,0.0,0.0002322745485163463,0.0,True
primary,independent_marginals,1339,router__iot_named__tcp_count,True,True,True,0.00040648045990360605,0.0003484320557491289,5.8048404154477135e-05,0.0,True
primary,independent_marginals,1339,router__iot_named__tcp_fin_count,False,True,True,0.9912316357935079,0.9911149825783973,0.00011665321511067361,0.0,True
primary,independent_marginals,1339,router__iot_named__tcp_rst_count,False,True,True,0.9979095290633528,0.9970383275261324,0.0008712015372204229,0.0,True
primary,independent_marginals,1339,router__iot_named__tcp_syn_count,False,True,True,0.9929736949073805,0.9918118466898954,0.0011618482174851064,0.0,True
primary,independent_marginals,1339,router__iot_named__udp_count,True,True,True,0.40078973346495556,0.40313588850174215,0.00234615503678659,0.0,True
primary,independent_marginals,1339,router__iot_named__unique_dst_ip_count,True,True,True,0.0002322745485163463,0.00017421602787456446,5.805852064178185e-05,0.0,True
primary,independent_marginals,1339,router__iot_named__unique_endpoint_pair_count,True,True,True,0.0002322745485163463,0.00017421602787456446,5.805852064178185e-05,0.0,True
primary,independent_marginals,1339,router__iot_named__unique_src_ip_count,True,True,True,0.0002322745485163463,0.00017421602787456446,5.805852064178185e-05,0.0,True
primary,independent_marginals,1340,iot__fridge__condition_high_fraction,True,True,True,0.017188316590209626,0.018815331010452963,0.0016270144202433362,0.0,True
primary,independent_marginals,1340,iot__fridge__temperature_mean,True,True,True,0.0012194413797108183,0.0008710801393728223,0.00034836124033799597,0.0,True
primary,independent_marginals,1340,iot__garage__door_open_fraction,True,True,True,0.5932872655478776,0.5979094076655053,0.004622142117627681,0.0,True
primary,independent_marginals,1340,iot__garage__smartphone_signal_true_fraction,False,True,True,0.5932872655478776,0.6057491289198607,0.012461863371983073,0.0,True
primary,independent_marginals,1340,iot__gps__latitude_mean,True,True,True,0.0009871668311944718,0.0008710801393728223,0.0001160866918216495,0.0,True
primary,independent_marginals,1340,iot__gps__longitude_mean,True,True,True,0.0009871668311944718,0.0006968641114982578,0.00029030271969621396,0.0,True
primary,independent_marginals,1340,iot__modbus__register_1_mean,True,True,True,0.0009871668311944718,0.0017421602787456446,0.0007549934475511728,0.0,True
primary,independent_marginals,1340,iot__modbus__register_2_mean,True,True,True,0.0009871668311944718,0.0012195121951219512,0.00023234536392747942,0.0,True
primary,independent_marginals,1340,iot__modbus__register_3_mean,True,True,True,0.0009871668311944718,0.0012195121951219512,0.00023234536392747942,0.0,True
primary,independent_marginals,1340,iot__modbus__register_4_mean,True,True,True,0.0009871668311944718,0.0012195121951219512,0.00023234536392747942,0.0,True
primary,independent_marginals,1340,iot__motion_light__light_on_fraction,True,True,True,0.2423204227396783,0.24703832752613242,0.004717904786454119,0.0,True
primary,independent_marginals,1340,iot__motion_light__motion_true_fraction,True,True,True,0.2423204227396783,0.2445993031358885,0.0022788803962102144,0.0,True
primary,independent_marginals,1340,iot__thermostat__status_true_fraction,True,True,True,0.007490854189652169,0.00853658536585366,0.0010457311762014903,0.0,True
primary,independent_marginals,1340,iot__thermostat__temperature_mean,True,True,True,0.0020904709366471167,0.0020905923344947735,1.2139784765679076e-07,0.0,True
primary,independent_marginals,1340,iot__weather__humidity_mean,True,True,True,0.0009290981940653852,0.0012195121951219512,0.000290414001056566,0.0,True
primary,independent_marginals,1340,iot__weather__pressure_mean,True,True,True,0.0009290981940653852,0.0010452961672473868,0.00011619797318200152,0.0,True
primary,independent_marginals,1340,iot__weather__temperature_mean,True,True,True,0.0009290981940653852,0.0003484320557491289,0.0005806661383162563,0.0,True
primary,independent_marginals,1340,router__general__arp_count,False,True,True,0.12043435340572557,0.12264808362369338,0.0022137302179678076,0.0,True
primary,independent_marginals,1340,router__general__byte_count,True,True,True,0.0004645490970326926,0.00017421602787456446,0.00029033306915812816,0.0,True
primary,independent_marginals,1340,router__general__dns_port_packets,True,True,True,0.6286510655594914,0.6268292682926829,0.0018217972668084226,0.0,True
primary,independent_marginals,1340,router__general__http_port_packets,True,True,True,0.9925672144474769,0.9944250871080139,0.0018578726605370521,0.0,True
primary,independent_marginals,1340,router__general__https_port_packets,True,True,True,0.8894953835433482,0.8956445993031359,0.006149215759787663,0.0,True
primary,independent_marginals,1340,router__general__icmp_count,True,True,True,0.058358980314732016,0.059581881533101046,0.0012229012183690297,0.0,True
primary,independent_marginals,1340,router__general__interarrival_positive_mean,False,True,True,0.0004645490970326926,0.0,0.0004645490970326926,0.0,True
primary,independent_marginals,1340,router__general__interarrival_positive_std,False,True,True,0.0004645490970326926,0.0005226480836236934,5.809898659100076e-05,0.0,True
primary,independent_marginals,1340,router__general__ipv4_count,True,True,True,0.0004645490970326926,0.00017421602787456446,0.00029033306915812816,0.0,True
primary,independent_marginals,1340,router__general__ipv6_count,True,True,True,0.34074676267348003,0.3425087108013937,0.0017619481279136928,0.0,True
primary,independent_marginals,1340,router__general__mqtt_port_packets,True,True,True,0.00220660821090529,0.0017421602787456446,0.00046444793215964526,0.0,True
primary,independent_marginals,1340,router__general__packet_count,True,True,True,0.0004645490970326926,0.0006968641114982578,0.00023231501446556522,0.0,True
primary,independent_marginals,1340,router__general__packet_length_max,True,True,True,0.0004645490970326926,0.0006968641114982578,0.00023231501446556522,0.0,True
primary,independent_marginals,1340,router__general__packet_length_mean,True,True,True,0.0004645490970326926,0.0003484320557491289,0.0001161170412835637,0.0,True
primary,independent_marginals,1340,router__general__packet_length_min,True,True,True,0.0004645490970326926,0.0005226480836236934,5.809898659100076e-05,0.0,True
primary,independent_marginals,1340,router__general__packet_length_std,True,True,True,0.0004645490970326926,0.0006968641114982578,0.00023231501446556522,0.0,True
primary,independent_marginals,1340,router__general__tcp_count,True,True,True,0.0004645490970326926,0.00017421602787456446,0.00029033306915812816,0.0,True
primary,independent_marginals,1340,router__general__tcp_fin_count,False,True,True,0.9743336623889437,0.9752613240418119,0.0009276616528681725,0.0,True
primary,independent_marginals,1340,router__general__tcp_rst_count,False,True,True,0.9891411648568608,0.9905923344947736,0.001451169637912808,0.0,True
primary,independent_marginals,1340,router__general__tcp_syn_count,False,True,True,0.9693397595958423,0.9695121951219512,0.000172435526108905,0.0,True
primary,independent_marginals,1340,router__general__udp_count,True,True,True,0.29667266709250334,0.29668989547038327,1.7228377879929813e-05,0.0,True
primary,independent_marginals,1340,router__general__unique_dst_ip_count,False,True,True,0.0004645490970326926,0.0,0.0004645490970326926,0.0,True
primary,independent_marginals,1340,router__general__unique_endpoint_pair_count,True,True,True,0.0004645490970326926,0.00017421602787456446,0.00029033306915812816,0.0,True
primary,independent_marginals,1340,router__general__unique_src_ip_count,False,True,True,0.0004645490970326926,0.0005226480836236934,5.809898659100076e-05,0.0,True
primary,independent_marginals,1340,router__iot_named__arp_count,True,True,True,0.20614366180825736,0.20505226480836236,0.0010913969998949946,0.0,True
primary,independent_marginals,1340,router__iot_named__byte_count,True,True,True,0.0002322745485163463,0.0003484320557491289,0.00011615750723278261,0.0,True
primary,independent_marginals,1340,router__iot_named__dns_port_packets,True,True,True,0.6611114337146508,0.6557491289198606,0.0053623047947901625,0.0,True
primary,independent_marginals,1340,router__iot_named__http_port_packets,False,True,True,0.9983740781603856,0.9991289198606271,0.0007548417002415375,0.0,True
primary,independent_marginals,1340,router__iot_named__https_port_packets,True,True,True,0.9447767260902387,0.9465156794425087,0.001738953352270034,0.0,True
primary,independent_marginals,1340,router__iot_named__icmp_count,False,True,True,0.9982579408861274,0.9986062717770035,0.0003483308908760474,0.0,True
primary,independent_marginals,1340,router__iot_named__interarrival_positive_mean,False,True,True,0.0002322745485163463,0.0,0.0002322745485163463,0.0,True
primary,independent_marginals,1340,router__iot_named__interarrival_positive_std,False,True,True,0.0002322745485163463,0.0003484320557491289,0.00011615750723278261,0.0,True
primary,independent_marginals,1340,router__iot_named__ipv4_count,True,True,True,0.0002322745485163463,0.0005226480836236934,0.00029037353510734707,0.0,True
primary,independent_marginals,1340,router__iot_named__mqtt_port_packets,True,True,True,0.0018581963881307705,0.001916376306620209,5.8179918489438586e-05,0.0,True
primary,independent_marginals,1340,router__iot_named__packet_count,True,True,True,0.0002322745485163463,0.0,0.0002322745485163463,0.0,True
primary,independent_marginals,1340,router__iot_named__packet_length_max,True,True,True,0.0002322745485163463,0.0003484320557491289,0.00011615750723278261,0.0,True
primary,independent_marginals,1340,router__iot_named__packet_length_mean,True,True,True,0.0002322745485163463,0.0006968641114982578,0.00046458956298191153,0.0,True
primary,independent_marginals,1340,router__iot_named__packet_length_min,True,True,True,0.0002322745485163463,0.0,0.0002322745485163463,0.0,True
primary,independent_marginals,1340,router__iot_named__packet_length_std,True,True,True,0.0002322745485163463,0.0005226480836236934,0.00029037353510734707,0.0,True
primary,independent_marginals,1340,router__iot_named__tcp_count,True,True,True,0.00040648045990360605,0.0005226480836236934,0.00011616762372008733,0.0,True
primary,independent_marginals,1340,router__iot_named__tcp_fin_count,False,True,True,0.9912316357935079,0.9914634146341463,0.00023177884063840803,0.0,True
primary,independent_marginals,1340,router__iot_named__tcp_rst_count,False,True,True,0.9979095290633528,0.9975609756097561,0.00034855345359674494,0.0,True
primary,independent_marginals,1340,router__iot_named__tcp_syn_count,False,True,True,0.9929736949073805,0.9921602787456446,0.0008134161617359137,0.0,True
primary,independent_marginals,1340,router__iot_named__udp_count,True,True,True,0.40078973346495556,0.3994773519163763,0.0013123815485792667,0.0,True
primary,independent_marginals,1340,router__iot_named__unique_dst_ip_count,True,True,True,0.0002322745485163463,0.0003484320557491289,0.00011615750723278261,0.0,True
primary,independent_marginals,1340,router__iot_named__unique_endpoint_pair_count,True,True,True,0.0002322745485163463,0.00017421602787456446,5.805852064178185e-05,0.0,True
primary,independent_marginals,1340,router__iot_named__unique_src_ip_count,True,True,True,0.0002322745485163463,0.0003484320557491289,0.00011615750723278261,0.0,True
primary,independent_marginals,1341,iot__fridge__condition_high_fraction,True,True,True,0.017188316590209626,0.01916376306620209,0.001975446475992463,0.0,True
primary,independent_marginals,1341,iot__fridge__temperature_mean,True,True,True,0.0012194413797108183,0.0013937282229965157,0.0001742868432856974,0.0,True
primary,independent_marginals,1341,iot__garage__door_open_fraction,True,True,True,0.5932872655478776,0.5900696864111499,0.0032175791367277107,0.0,True
primary,independent_marginals,1341,iot__garage__smartphone_signal_true_fraction,False,True,True,0.5932872655478776,0.5963414634146341,0.003054197866756536,0.0,True
primary,independent_marginals,1341,iot__gps__latitude_mean,True,True,True,0.0009871668311944718,0.0012195121951219512,0.00023234536392747942,0.0,True
primary,independent_marginals,1341,iot__gps__longitude_mean,True,True,True,0.0009871668311944718,0.0010452961672473868,5.812933605291496e-05,0.0,True
primary,independent_marginals,1341,iot__modbus__register_1_mean,True,True,True,0.0009871668311944718,0.0010452961672473868,5.812933605291496e-05,0.0,True
primary,independent_marginals,1341,iot__modbus__register_2_mean,True,True,True,0.0009871668311944718,0.0003484320557491289,0.0006387347754453429,0.0,True
primary,independent_marginals,1341,iot__modbus__register_3_mean,True,True,True,0.0009871668311944718,0.0006968641114982578,0.00029030271969621396,0.0,True
primary,independent_marginals,1341,iot__modbus__register_4_mean,True,True,True,0.0009871668311944718,0.0008710801393728223,0.0001160866918216495,0.0,True
primary,independent_marginals,1341,iot__motion_light__light_on_fraction,True,True,True,0.2423204227396783,0.2357142857142857,0.006606137025392589,0.0,True
primary,independent_marginals,1341,iot__motion_light__motion_true_fraction,True,True,True,0.2423204227396783,0.23989547038327527,0.002424952356403026,0.0,True
primary,independent_marginals,1341,iot__thermostat__status_true_fraction,True,True,True,0.007490854189652169,0.009233449477351916,0.0017425952876997473,0.0,True
primary,independent_marginals,1341,iot__thermostat__temperature_mean,True,True,True,0.0020904709366471167,0.0015679442508710801,0.0005225266857760366,0.0,True
primary,independent_marginals,1341,iot__weather__humidity_mean,True,True,True,0.0009290981940653852,0.0008710801393728223,5.801805469256294e-05,0.0,True
primary,independent_marginals,1341,iot__weather__pressure_mean,True,True,True,0.0009290981940653852,0.0015679442508710801,0.0006388460568056949,0.0,True
primary,independent_marginals,1341,iot__weather__temperature_mean,True,True,True,0.0009290981940653852,0.0008710801393728223,5.801805469256294e-05,0.0,True
primary,independent_marginals,1341,router__general__arp_count,False,True,True,0.12043435340572557,0.11463414634146342,0.005800207064262153,0.0,True
primary,independent_marginals,1341,router__general__byte_count,True,True,True,0.0004645490970326926,0.00017421602787456446,0.00029033306915812816,0.0,True
primary,independent_marginals,1341,router__general__dns_port_packets,True,True,True,0.6286510655594914,0.624390243902439,0.004260821657052327,0.0,True
primary,independent_marginals,1341,router__general__http_port_packets,True,True,True,0.9925672144474769,0.9942508710801393,0.0016836566326624558,0.0,True
primary,independent_marginals,1341,router__general__https_port_packets,True,True,True,0.8894953835433482,0.8909407665505227,0.00144538300717445,0.0,True
primary,independent_marginals,1341,router__general__icmp_count,True,True,True,0.058358980314732016,0.058885017421602785,0.0005260371068707692,0.0,True
primary,independent_marginals,1341,router__general__interarrival_positive_mean,False,True,True,0.0004645490970326926,0.0005226480836236934,5.809898659100076e-05,0.0,True
primary,independent_marginals,1341,router__general__interarrival_positive_std,False,True,True,0.0004645490970326926,0.00017421602787456446,0.00029033306915812816,0.0,True
primary,independent_marginals,1341,router__general__ipv4_count,True,True,True,0.0004645490970326926,0.0003484320557491289,0.0001161170412835637,0.0,True
primary,independent_marginals,1341,router__general__ipv6_count,True,True,True,0.34074676267348003,0.3405923344947735,0.0001544281787065338,0.0,True
primary,independent_marginals,1341,router__general__mqtt_port_packets,True,True,True,0.00220660821090529,0.002961672473867596,0.0007550642629623062,0.0,True
primary,independent_marginals,1341,router__general__packet_count,True,True,True,0.0004645490970326926,0.0003484320557491289,0.0001161170412835637,0.0,True
primary,independent_marginals,1341,router__general__packet_length_max,True,True,True,0.0004645490970326926,0.00017421602787456446,0.00029033306915812816,0.0,True
primary,independent_marginals,1341,router__general__packet_length_mean,True,True,True,0.0004645490970326926,0.0005226480836236934,5.809898659100076e-05,0.0,True
primary,independent_marginals,1341,router__general__packet_length_min,True,True,True,0.0004645490970326926,0.0003484320557491289,0.0001161170412835637,0.0,True
primary,independent_marginals,1341,router__general__packet_length_std,True,True,True,0.0004645490970326926,0.0,0.0004645490970326926,0.0,True
primary,independent_marginals,1341,router__general__tcp_count,True,True,True,0.0004645490970326926,0.0,0.0004645490970326926,0.0,True
primary,independent_marginals,1341,router__general__tcp_fin_count,False,True,True,0.9743336623889437,0.9742160278745644,0.00011763451437929451,0.0,True
primary,independent_marginals,1341,router__general__tcp_rst_count,False,True,True,0.9891411648568608,0.9895470383275261,0.0004058734706653411,0.0,True
primary,independent_marginals,1341,router__general__tcp_syn_count,False,True,True,0.9693397595958423,0.9703832752613241,0.0010435156654817757,0.0,True
primary,independent_marginals,1341,router__general__udp_count,True,True,True,0.29667266709250334,0.28449477351916375,0.012177893573339593,0.0,True
primary,independent_marginals,1341,router__general__unique_dst_ip_count,False,True,True,0.0004645490970326926,0.00017421602787456446,0.00029033306915812816,0.0,True
primary,independent_marginals,1341,router__general__unique_endpoint_pair_count,True,True,True,0.0004645490970326926,0.0005226480836236934,5.809898659100076e-05,0.0,True
primary,independent_marginals,1341,router__general__unique_src_ip_count,False,True,True,0.0004645490970326926,0.0003484320557491289,0.0001161170412835637,0.0,True
primary,independent_marginals,1341,router__iot_named__arp_count,True,True,True,0.20614366180825736,0.21533101045296169,0.00918734864470433,0.0,True
primary,independent_marginals,1341,router__iot_named__byte_count,True,True,True,0.0002322745485163463,0.00017421602787456446,5.805852064178185e-05,0.0,True
primary,independent_marginals,1341,router__iot_named__dns_port_packets,True,True,True,0.6611114337146508,0.6663763066202091,0.0052648729055583265,0.0,True
primary,independent_marginals,1341,router__iot_named__http_port_packets,False,True,True,0.9983740781603856,0.9977351916376307,0.0006388865227549001,0.0,True
primary,independent_marginals,1341,router__iot_named__https_port_packets,True,True,True,0.9447767260902387,0.9433797909407665,0.001396935149472145,0.0,True
primary,independent_marginals,1341,router__iot_named__icmp_count,False,True,True,0.9982579408861274,0.9979094076655052,0.0003485332206222269,0.0,True
primary,independent_marginals,1341,router__iot_named__interarrival_positive_mean,False,True,True,0.0002322745485163463,0.0003484320557491289,0.00011615750723278261,0.0,True
primary,independent_marginals,1341,router__iot_named__interarrival_positive_std,False,True,True,0.0002322745485163463,0.0,0.0002322745485163463,0.0,True
primary,independent_marginals,1341,router__iot_named__ipv4_count,True,True,True,0.0002322745485163463,0.00017421602787456446,5.805852064178185e-05,0.0,True
primary,independent_marginals,1341,router__iot_named__mqtt_port_packets,True,True,True,0.0018581963881307705,0.0017421602787456446,0.00011603610938512587,0.0,True
primary,independent_marginals,1341,router__iot_named__packet_count,True,True,True,0.0002322745485163463,0.0003484320557491289,0.00011615750723278261,0.0,True
primary,independent_marginals,1341,router__iot_named__packet_length_max,True,True,True,0.0002322745485163463,0.0,0.0002322745485163463,0.0,True
primary,independent_marginals,1341,router__iot_named__packet_length_mean,True,True,True,0.0002322745485163463,0.0003484320557491289,0.00011615750723278261,0.0,True
primary,independent_marginals,1341,router__iot_named__packet_length_min,True,True,True,0.0002322745485163463,0.0,0.0002322745485163463,0.0,True
primary,independent_marginals,1341,router__iot_named__packet_length_std,True,True,True,0.0002322745485163463,0.0003484320557491289,0.00011615750723278261,0.0,True
primary,independent_marginals,1341,router__iot_named__tcp_count,True,True,True,0.00040648045990360605,0.00017421602787456446,0.0002322644320290416,0.0,True
primary,independent_marginals,1341,router__iot_named__tcp_fin_count,False,True,True,0.9912316357935079,0.9926829268292683,0.0014512910357603603,0.0,True
primary,independent_marginals,1341,router__iot_named__tcp_rst_count,False,True,True,0.9979095290633528,0.9975609756097561,0.00034855345359674494,0.0,True
primary,independent_marginals,1341,router__iot_named__tcp_syn_count,False,True,True,0.9929736949073805,0.9937282229965156,0.0007545280891351203,0.0,True
primary,independent_marginals,1341,router__iot_named__udp_count,True,True,True,0.40078973346495556,0.3942508710801394,0.0065388623848161576,0.0,True
primary,independent_marginals,1341,router__iot_named__unique_dst_ip_count,True,True,True,0.0002322745485163463,0.00017421602787456446,5.805852064178185e-05,0.0,True
primary,independent_marginals,1341,router__iot_named__unique_endpoint_pair_count,True,True,True,0.0002322745485163463,0.0005226480836236934,0.00029037353510734707,0.0,True
primary,independent_marginals,1341,router__iot_named__unique_src_ip_count,True,True,True,0.0002322745485163463,0.00017421602787456446,5.805852064178185e-05,0.0,True
primary,column_shuffle,1337,iot__fridge__condition_high_fraction,True,True,True,0.017188316590209626,0.01951219512195122,0.002323878531741593,0.0,True
primary,column_shuffle,1337,iot__fridge__temperature_mean,True,True,True,0.0012194413797108183,0.0031358885017421603,0.001916447122031342,0.0,True
primary,column_shuffle,1337,iot__garage__door_open_fraction,True,True,True,0.5932872655478776,0.5912891986062718,0.0019980669416057584,0.0,True
primary,column_shuffle,1337,iot__garage__smartphone_signal_true_fraction,False,True,True,0.5932872655478776,0.5912891986062718,0.0019980669416057584,0.0,True
primary,column_shuffle,1337,iot__gps__latitude_mean,True,True,True,0.0009871668311944718,0.0024390243902439024,0.0014518575590494306,0.0,True
primary,column_shuffle,1337,iot__gps__longitude_mean,True,True,True,0.0009871668311944718,0.0024390243902439024,0.0014518575590494306,0.0,True
primary,column_shuffle,1337,iot__modbus__register_1_mean,True,True,True,0.0009871668311944718,0.0024390243902439024,0.0014518575590494306,0.0,True
primary,column_shuffle,1337,iot__modbus__register_2_mean,True,True,True,0.0009871668311944718,0.0024390243902439024,0.0014518575590494306,0.0,True
primary,column_shuffle,1337,iot__modbus__register_3_mean,True,True,True,0.0009871668311944718,0.0024390243902439024,0.0014518575590494306,0.0,True
primary,column_shuffle,1337,iot__modbus__register_4_mean,True,True,True,0.0009871668311944718,0.0024390243902439024,0.0014518575590494306,0.0,True
primary,column_shuffle,1337,iot__motion_light__light_on_fraction,True,True,True,0.2423204227396783,0.24616724738675957,0.003846824647081276,0.0,True
primary,column_shuffle,1337,iot__motion_light__motion_true_fraction,True,True,True,0.2423204227396783,0.24616724738675957,0.003846824647081276,0.0,True
primary,column_shuffle,1337,iot__thermostat__status_true_fraction,True,True,True,0.007490854189652169,0.008885017421602788,0.0013941632319506188,0.0,True
primary,column_shuffle,1337,iot__thermostat__temperature_mean,True,True,True,0.0020904709366471167,0.003310104529616725,0.0012196335929696082,0.0,True
primary,column_shuffle,1337,iot__weather__humidity_mean,True,True,True,0.0009290981940653852,0.0024390243902439024,0.0015099261961785172,0.0,True
primary,column_shuffle,1337,iot__weather__pressure_mean,True,True,True,0.0009290981940653852,0.0024390243902439024,0.0015099261961785172,0.0,True
primary,column_shuffle,1337,iot__weather__temperature_mean,True,True,True,0.0009290981940653852,0.0024390243902439024,0.0015099261961785172,0.0,True
primary,column_shuffle,1337,router__general__arp_count,False,True,True,0.12043435340572557,0.06515679442508711,0.055277558980638464,0.0,True
primary,column_shuffle,1337,router__general__byte_count,True,True,True,0.0004645490970326926,0.0013937282229965157,0.0009291791259638231,0.0,True
primary,column_shuffle,1337,router__general__dns_port_packets,True,True,True,0.6286510655594914,0.6310104529616725,0.0023593874021811123,0.0,True
primary,column_shuffle,1337,router__general__http_port_packets,True,True,True,0.9925672144474769,0.9961672473867595,0.0036000329392826824,0.0,True
primary,column_shuffle,1337,router__general__https_port_packets,True,True,True,0.8894953835433482,0.895993031358885,0.0064976478155367445,0.0,True
primary,column_shuffle,1337,router__general__icmp_count,True,True,True,0.058358980314732016,0.0027874564459930314,0.05557152386873898,0.0,True
primary,column_shuffle,1337,router__general__interarrival_positive_mean,False,True,True,0.0004645490970326926,0.0013937282229965157,0.0009291791259638231,0.0,True
primary,column_shuffle,1337,router__general__interarrival_positive_std,False,True,True,0.0004645490970326926,0.0013937282229965157,0.0009291791259638231,0.0,True
primary,column_shuffle,1337,router__general__ipv4_count,True,True,True,0.0004645490970326926,0.0013937282229965157,0.0009291791259638231,0.0,True
primary,column_shuffle,1337,router__general__ipv6_count,True,True,True,0.34074676267348003,0.2465156794425087,0.09423108323097132,0.0,True
primary,column_shuffle,1337,router__general__mqtt_port_packets,True,True,True,0.00220660821090529,0.004703832752613241,0.0024972245417079508,0.0,True
primary,column_shuffle,1337,router__general__packet_count,True,True,True,0.0004645490970326926,0.0013937282229965157,0.0009291791259638231,0.0,True
primary,column_shuffle,1337,router__general__packet_length_max,True,True,True,0.0004645490970326926,0.0013937282229965157,0.0009291791259638231,0.0,True
primary,column_shuffle,1337,router__general__packet_length_mean,True,True,True,0.0004645490970326926,0.0013937282229965157,0.0009291791259638231,0.0,True
primary,column_shuffle,1337,router__general__packet_length_min,True,True,True,0.0004645490970326926,0.0013937282229965157,0.0009291791259638231,0.0,True
primary,column_shuffle,1337,router__general__packet_length_std,True,True,True,0.0004645490970326926,0.0013937282229965157,0.0009291791259638231,0.0,True
primary,column_shuffle,1337,router__general__tcp_count,True,True,True,0.0004645490970326926,0.0013937282229965157,0.0009291791259638231,0.0,True
primary,column_shuffle,1337,router__general__tcp_fin_count,False,True,True,0.9743336623889437,0.9766550522648083,0.00232138987586461,0.0,True
primary,column_shuffle,1337,router__general__tcp_rst_count,False,True,True,0.9891411648568608,0.9885017421602788,0.0006394226965820149,0.0,True
primary,column_shuffle,1337,router__general__tcp_syn_count,False,True,True,0.9693397595958423,0.9703832752613241,0.0010435156654817757,0.0,True
primary,column_shuffle,1337,router__general__udp_count,True,True,True,0.29667266709250334,0.15,0.14667266709250334,0.0,True
primary,column_shuffle,1337,router__general__unique_dst_ip_count,False,True,True,0.0004645490970326926,0.0013937282229965157,0.0009291791259638231,0.0,True
primary,column_shuffle,1337,router__general__unique_endpoint_pair_count,True,True,True,0.0004645490970326926,0.0013937282229965157,0.0009291791259638231,0.0,True
primary,column_shuffle,1337,router__general__unique_src_ip_count,False,True,True,0.0004645490970326926,0.0013937282229965157,0.0009291791259638231,0.0,True
primary,column_shuffle,1337,router__iot_named__arp_count,True,True,True,0.20614366180825736,0.11968641114982578,0.08645725065843157,0.0,True
primary,column_shuffle,1337,router__iot_named__byte_count,True,True,True,0.0002322745485163463,0.0006968641114982578,0.00046458956298191153,0.0,True
primary,column_shuffle,1337,router__iot_named__dns_port_packets,True,True,True,0.6611114337146508,0.662020905923345,0.0009094722086941953,0.0,True
primary,column_shuffle,1337,router__iot_named__http_port_packets,False,True,True,0.9983740781603856,0.9998257839721254,0.0014517058117398118,0.0,True
primary,column_shuffle,1337,router__iot_named__https_port_packets,True,True,True,0.9447767260902387,0.9477351916376306,0.0029584655473919863,0.0,True
primary,column_shuffle,1337,router__iot_named__icmp_count,False,True,True,0.9982579408861274,0.9996515679442509,0.0013936270581235144,0.0,True
primary,column_shuffle,1337,router__iot_named__interarrival_positive_mean,False,True,True,0.0002322745485163463,0.0006968641114982578,0.00046458956298191153,0.0,True
primary,column_shuffle,1337,router__iot_named__interarrival_positive_std,False,True,True,0.0002322745485163463,0.0006968641114982578,0.00046458956298191153,0.0,True
primary,column_shuffle,1337,router__iot_named__ipv4_count,True,True,True,0.0002322745485163463,0.0006968641114982578,0.00046458956298191153,0.0,True
primary,column_shuffle,1337,router__iot_named__mqtt_port_packets,True,True,True,0.0018581963881307705,0.003658536585365854,0.0018003401972350834,0.0,True
primary,column_shuffle,1337,router__iot_named__packet_count,True,True,True,0.0002322745485163463,0.0006968641114982578,0.00046458956298191153,0.0,True
primary,column_shuffle,1337,router__iot_named__packet_length_max,True,True,True,0.0002322745485163463,0.0006968641114982578,0.00046458956298191153,0.0,True
primary,column_shuffle,1337,router__iot_named__packet_length_mean,True,True,True,0.0002322745485163463,0.0006968641114982578,0.00046458956298191153,0.0,True
primary,column_shuffle,1337,router__iot_named__packet_length_min,True,True,True,0.0002322745485163463,0.0006968641114982578,0.00046458956298191153,0.0,True
primary,column_shuffle,1337,router__iot_named__packet_length_std,True,True,True,0.0002322745485163463,0.0006968641114982578,0.00046458956298191153,0.0,True
primary,column_shuffle,1337,router__iot_named__tcp_count,True,True,True,0.00040648045990360605,0.0012195121951219512,0.0008130317352183452,0.0,True
primary,column_shuffle,1337,router__iot_named__tcp_fin_count,False,True,True,0.9912316357935079,0.990418118466899,0.0008135173266089479,0.0,True
primary,column_shuffle,1337,router__iot_named__tcp_rst_count,False,True,True,0.9979095290633528,0.9982578397212544,0.0003483106579015294,0.0,True
primary,column_shuffle,1337,router__iot_named__tcp_syn_count,False,True,True,0.9929736949073805,0.9923344947735192,0.0006392001338613174,0.0,True
primary,column_shuffle,1337,router__iot_named__udp_count,True,True,True,0.40078973346495556,0.26933797909407664,0.13145175437087891,0.0,True
primary,column_shuffle,1337,router__iot_named__unique_dst_ip_count,True,True,True,0.0002322745485163463,0.0006968641114982578,0.00046458956298191153,0.0,True
primary,column_shuffle,1337,router__iot_named__unique_endpoint_pair_count,True,True,True,0.0002322745485163463,0.0006968641114982578,0.00046458956298191153,0.0,True
primary,column_shuffle,1337,router__iot_named__unique_src_ip_count,True,True,True,0.0002322745485163463,0.0006968641114982578,0.00046458956298191153,0.0,True
primary,column_shuffle,1338,iot__fridge__condition_high_fraction,True,True,True,0.017188316590209626,0.015156794425087107,0.002031522165122519,0.0,True
primary,column_shuffle,1338,iot__fridge__temperature_mean,True,True,True,0.0012194413797108183,0.00017421602787456446,0.0010452253518362538,0.0,True
primary,column_shuffle,1338,iot__garage__door_open_fraction,True,True,True,0.5932872655478776,0.5965156794425087,0.0032284138946311325,0.0,True
primary,column_shuffle,1338,iot__garage__smartphone_signal_true_fraction,False,True,True,0.5932872655478776,0.5965156794425087,0.0032284138946311325,0.0,True
primary,column_shuffle,1338,iot__gps__latitude_mean,True,True,True,0.0009871668311944718,0.00017421602787456446,0.0008129508033199073,0.0,True
primary,column_shuffle,1338,iot__gps__longitude_mean,True,True,True,0.0009871668311944718,0.00017421602787456446,0.0008129508033199073,0.0,True
primary,column_shuffle,1338,iot__modbus__register_1_mean,True,True,True,0.0009871668311944718,0.00017421602787456446,0.0008129508033199073,0.0,True
primary,column_shuffle,1338,iot__modbus__register_2_mean,True,True,True,0.0009871668311944718,0.00017421602787456446,0.0008129508033199073,0.0,True
primary,column_shuffle,1338,iot__modbus__register_3_mean,True,True,True,0.0009871668311944718,0.00017421602787456446,0.0008129508033199073,0.0,True
primary,column_shuffle,1338,iot__modbus__register_4_mean,True,True,True,0.0009871668311944718,0.00017421602787456446,0.0008129508033199073,0.0,True
primary,column_shuffle,1338,iot__motion_light__light_on_fraction,True,True,True,0.2423204227396783,0.2445993031358885,0.0022788803962102144,0.0,True
primary,column_shuffle,1338,iot__motion_light__motion_true_fraction,True,True,True,0.2423204227396783,0.2445993031358885,0.0022788803962102144,0.0,True
primary,column_shuffle,1338,iot__thermostat__status_true_fraction,True,True,True,0.007490854189652169,0.005923344947735192,0.0015675092419169768,0.0,True
primary,column_shuffle,1338,iot__thermostat__temperature_mean,True,True,True,0.0020904709366471167,0.0012195121951219512,0.0008709587415251655,0.0,True
primary,column_shuffle,1338,iot__weather__humidity_mean,True,True,True,0.0009290981940653852,0.00017421602787456446,0.0007548821661908208,0.0,True
primary,column_shuffle,1338,iot__weather__pressure_mean,True,True,True,0.0009290981940653852,0.00017421602787456446,0.0007548821661908208,0.0,True
primary,column_shuffle,1338,iot__weather__temperature_mean,True,True,True,0.0009290981940653852,0.00017421602787456446,0.0007548821661908208,0.0,True
primary,column_shuffle,1338,router__general__arp_count,False,True,True,0.12043435340572557,0.11393728222996516,0.006497071175760413,0.0,True
primary,column_shuffle,1338,router__general__byte_count,True,True,True,0.0004645490970326926,0.0,0.0004645490970326926,0.0,True
primary,column_shuffle,1338,router__general__dns_port_packets,True,True,True,0.6286510655594914,0.6318815331010453,0.003230467541553983,0.0,True
primary,column_shuffle,1338,router__general__http_port_packets,True,True,True,0.9925672144474769,0.9980836236933798,0.005516409245902909,0.0,True
primary,column_shuffle,1338,router__general__https_port_packets,True,True,True,0.8894953835433482,0.9017421602787457,0.012246776735397424,0.0,True
primary,column_shuffle,1338,router__general__icmp_count,True,True,True,0.058358980314732016,0.0003484320557491289,0.058010548258982886,0.0,True
primary,column_shuffle,1338,router__general__interarrival_positive_mean,False,True,True,0.0004645490970326926,0.0,0.0004645490970326926,0.0,True
primary,column_shuffle,1338,router__general__interarrival_positive_std,False,True,True,0.0004645490970326926,0.0,0.0004645490970326926,0.0,True
primary,column_shuffle,1338,router__general__ipv4_count,True,True,True,0.0004645490970326926,0.0,0.0004645490970326926,0.0,True
primary,column_shuffle,1338,router__general__ipv6_count,True,True,True,0.34074676267348003,0.33397212543554006,0.006774637237939973,0.0,True
primary,column_shuffle,1338,router__general__mqtt_port_packets,True,True,True,0.00220660821090529,0.0015679442508710801,0.0006386639600342097,0.0,True
primary,column_shuffle,1338,router__general__packet_count,True,True,True,0.0004645490970326926,0.0,0.0004645490970326926,0.0,True
primary,column_shuffle,1338,router__general__packet_length_max,True,True,True,0.0004645490970326926,0.0,0.0004645490970326926,0.0,True
primary,column_shuffle,1338,router__general__packet_length_mean,True,True,True,0.0004645490970326926,0.0,0.0004645490970326926,0.0,True
primary,column_shuffle,1338,router__general__packet_length_min,True,True,True,0.0004645490970326926,0.0,0.0004645490970326926,0.0,True
primary,column_shuffle,1338,router__general__packet_length_std,True,True,True,0.0004645490970326926,0.0,0.0004645490970326926,0.0,True
primary,column_shuffle,1338,router__general__tcp_count,True,True,True,0.0004645490970326926,0.0,0.0004645490970326926,0.0,True
primary,column_shuffle,1338,router__general__tcp_fin_count,False,True,True,0.9743336623889437,0.9777003484320558,0.003366686043112077,0.0,True
primary,column_shuffle,1338,router__general__tcp_rst_count,False,True,True,0.9891411648568608,0.9898954703832753,0.0007543055264145337,0.0,True
primary,column_shuffle,1338,router__general__tcp_syn_count,False,True,True,0.9693397595958423,0.973170731707317,0.003830972111474762,0.0,True
primary,column_shuffle,1338,router__general__udp_count,True,True,True,0.29667266709250334,0.2729965156794425,0.023676151413060842,0.0,True
primary,column_shuffle,1338,router__general__unique_dst_ip_count,False,True,True,0.0004645490970326926,0.0,0.0004645490970326926,0.0,True
primary,column_shuffle,1338,router__general__unique_endpoint_pair_count,True,True,True,0.0004645490970326926,0.0,0.0004645490970326926,0.0,True
primary,column_shuffle,1338,router__general__unique_src_ip_count,False,True,True,0.0004645490970326926,0.0,0.0004645490970326926,0.0,True
primary,column_shuffle,1338,router__iot_named__arp_count,True,True,True,0.20614366180825736,0.20609756097560974,4.610083264761089e-05,0.0,True
primary,column_shuffle,1338,router__iot_named__byte_count,True,True,True,0.0002322745485163463,0.0,0.0002322745485163463,0.0,True
primary,column_shuffle,1338,router__iot_named__dns_port_packets,True,True,True,0.6611114337146508,0.660801393728223,0.000310039986427757,0.0,True
primary,column_shuffle,1338,router__iot_named__http_port_packets,False,True,False,0.9983740781603856,1.0,0.0016259218396144082,0.0,True
primary,column_shuffle,1338,router__iot_named__https_port_packets,True,True,True,0.9447767260902387,0.9517421602787457,0.006965434188507036,0.0,True
primary,column_shuffle,1338,router__iot_named__icmp_count,False,True,True,0.9982579408861274,0.998780487804878,0.0005225469187506437,0.0,True
primary,column_shuffle,1338,router__iot_named__interarrival_positive_mean,False,True,True,0.0002322745485163463,0.0,0.0002322745485163463,0.0,True
primary,column_shuffle,1338,router__iot_named__interarrival_positive_std,False,True,True,0.0002322745485163463,0.0,0.0002322745485163463,0.0,True
primary,column_shuffle,1338,router__iot_named__ipv4_count,True,True,True,0.0002322745485163463,0.0,0.0002322745485163463,0.0,True
primary,column_shuffle,1338,router__iot_named__mqtt_port_packets,True,True,True,0.0018581963881307705,0.0015679442508710801,0.00029025213725969033,0.0,True
primary,column_shuffle,1338,router__iot_named__packet_count,True,True,True,0.0002322745485163463,0.0,0.0002322745485163463,0.0,True
primary,column_shuffle,1338,router__iot_named__packet_length_max,True,True,True,0.0002322745485163463,0.0,0.0002322745485163463,0.0,True
primary,column_shuffle,1338,router__iot_named__packet_length_mean,True,True,True,0.0002322745485163463,0.0,0.0002322745485163463,0.0,True
primary,column_shuffle,1338,router__iot_named__packet_length_min,True,True,True,0.0002322745485163463,0.0,0.0002322745485163463,0.0,True
primary,column_shuffle,1338,router__iot_named__packet_length_std,True,True,True,0.0002322745485163463,0.0,0.0002322745485163463,0.0,True
primary,column_shuffle,1338,router__iot_named__tcp_count,True,True,True,0.00040648045990360605,0.0,0.00040648045990360605,0.0,True
primary,column_shuffle,1338,router__iot_named__tcp_fin_count,False,True,True,0.9912316357935079,0.9926829268292683,0.0014512910357603603,0.0,True
primary,column_shuffle,1338,router__iot_named__tcp_rst_count,False,True,True,0.9979095290633528,0.9980836236933798,0.00017409463002693304,0.0,True
primary,column_shuffle,1338,router__iot_named__tcp_syn_count,False,True,True,0.9929736949073805,0.9939024390243902,0.0009287441170097166,0.0,True
primary,column_shuffle,1338,router__iot_named__udp_count,True,True,True,0.40078973346495556,0.3832752613240418,0.01751447214091373,0.0,True
primary,column_shuffle,1338,router__iot_named__unique_dst_ip_count,True,True,True,0.0002322745485163463,0.0,0.0002322745485163463,0.0,True
primary,column_shuffle,1338,router__iot_named__unique_endpoint_pair_count,True,True,True,0.0002322745485163463,0.0,0.0002322745485163463,0.0,True
primary,column_shuffle,1338,router__iot_named__unique_src_ip_count,True,True,True,0.0002322745485163463,0.0,0.0002322745485163463,0.0,True
primary,column_shuffle,1339,iot__fridge__condition_high_fraction,True,True,True,0.017188316590209626,0.019686411149825785,0.0024980945596161583,0.0,True
primary,column_shuffle,1339,iot__fridge__temperature_mean,True,True,True,0.0012194413797108183,0.0031358885017421603,0.001916447122031342,0.0,True
primary,column_shuffle,1339,iot__garage__door_open_fraction,True,True,True,0.5932872655478776,0.5874564459930314,0.005830819554846212,0.0,True
primary,column_shuffle,1339,iot__garage__smartphone_signal_true_fraction,False,True,True,0.5932872655478776,0.5874564459930314,0.005830819554846212,0.0,True
primary,column_shuffle,1339,iot__gps__latitude_mean,True,True,True,0.0009871668311944718,0.0024390243902439024,0.0014518575590494306,0.0,True
primary,column_shuffle,1339,iot__gps__longitude_mean,True,True,True,0.0009871668311944718,0.0024390243902439024,0.0014518575590494306,0.0,True
primary,column_shuffle,1339,iot__modbus__register_1_mean,True,True,True,0.0009871668311944718,0.0024390243902439024,0.0014518575590494306,0.0,True
primary,column_shuffle,1339,iot__modbus__register_2_mean,True,True,True,0.0009871668311944718,0.0024390243902439024,0.0014518575590494306,0.0,True
primary,column_shuffle,1339,iot__modbus__register_3_mean,True,True,True,0.0009871668311944718,0.0024390243902439024,0.0014518575590494306,0.0,True
primary,column_shuffle,1339,iot__modbus__register_4_mean,True,True,True,0.0009871668311944718,0.0024390243902439024,0.0014518575590494306,0.0,True
primary,column_shuffle,1339,iot__motion_light__light_on_fraction,True,True,True,0.2423204227396783,0.24059233449477352,0.0017280882449047796,0.0,True
primary,column_shuffle,1339,iot__motion_light__motion_true_fraction,True,True,True,0.2423204227396783,0.24059233449477352,0.0017280882449047796,0.0,True
primary,column_shuffle,1339,iot__thermostat__status_true_fraction,True,True,True,0.007490854189652169,0.00975609756097561,0.002265243371323441,0.0,True
primary,column_shuffle,1339,iot__thermostat__temperature_mean,True,True,True,0.0020904709366471167,0.003658536585365854,0.0015680656487187371,0.0,True
primary,column_shuffle,1339,iot__weather__humidity_mean,True,True,True,0.0009290981940653852,0.0024390243902439024,0.0015099261961785172,0.0,True
primary,column_shuffle,1339,iot__weather__pressure_mean,True,True,True,0.0009290981940653852,0.0024390243902439024,0.0015099261961785172,0.0,True
primary,column_shuffle,1339,iot__weather__temperature_mean,True,True,True,0.0009290981940653852,0.0024390243902439024,0.0015099261961785172,0.0,True
primary,column_shuffle,1339,router__general__arp_count,False,True,True,0.12043435340572557,0.022996515679442508,0.09743783772628306,0.0,True
primary,column_shuffle,1339,router__general__byte_count,True,True,True,0.0004645490970326926,0.0013937282229965157,0.0009291791259638231,0.0,True
primary,column_shuffle,1339,router__general__dns_port_packets,True,True,True,0.6286510655594914,0.6308362369337979,0.002185171374306516,0.0,True
primary,column_shuffle,1339,router__general__http_port_packets,True,True,True,0.9925672144474769,0.9958188153310105,0.0032516008835336008,0.0,True
primary,column_shuffle,1339,router__general__https_port_packets,True,True,True,0.8894953835433482,0.8979094076655052,0.008414024122156971,0.0,True
primary,column_shuffle,1339,router__general__icmp_count,True,True,True,0.058358980314732016,0.02857142857142857,0.029787551743303445,0.0,True
primary,column_shuffle,1339,router__general__interarrival_positive_mean,False,True,True,0.0004645490970326926,0.0013937282229965157,0.0009291791259638231,0.0,True
primary,column_shuffle,1339,router__general__interarrival_positive_std,False,True,True,0.0004645490970326926,0.0013937282229965157,0.0009291791259638231,0.0,True
primary,column_shuffle,1339,router__general__ipv4_count,True,True,True,0.0004645490970326926,0.0013937282229965157,0.0009291791259638231,0.0,True
primary,column_shuffle,1339,router__general__ipv6_count,True,True,True,0.34074676267348003,0.19965156794425087,0.14109519472922916,0.0,True
primary,column_shuffle,1339,router__general__mqtt_port_packets,True,True,True,0.00220660821090529,0.0031358885017421603,0.0009292802908368704,0.0,True
primary,column_shuffle,1339,router__general__packet_count,True,True,True,0.0004645490970326926,0.0013937282229965157,0.0009291791259638231,0.0,True
primary,column_shuffle,1339,router__general__packet_length_max,True,True,True,0.0004645490970326926,0.0013937282229965157,0.0009291791259638231,0.0,True
primary,column_shuffle,1339,router__general__packet_length_mean,True,True,True,0.0004645490970326926,0.0013937282229965157,0.0009291791259638231,0.0,True
primary,column_shuffle,1339,router__general__packet_length_min,True,True,True,0.0004645490970326926,0.0013937282229965157,0.0009291791259638231,0.0,True
primary,column_shuffle,1339,router__general__packet_length_std,True,True,True,0.0004645490970326926,0.0013937282229965157,0.0009291791259638231,0.0,True
primary,column_shuffle,1339,router__general__tcp_count,True,True,True,0.0004645490970326926,0.0013937282229965157,0.0009291791259638231,0.0,True
primary,column_shuffle,1339,router__general__tcp_fin_count,False,True,True,0.9743336623889437,0.9773519163763066,0.0030182539873628844,0.0,True
primary,column_shuffle,1339,router__general__tcp_rst_count,False,True,True,0.9891411648568608,0.9897212543554007,0.0005800894985399374,0.0,True
primary,column_shuffle,1339,router__general__tcp_syn_count,False,True,True,0.9693397595958423,0.971602787456446,0.002263027860603728,0.0,True
primary,column_shuffle,1339,router__general__udp_count,True,True,True,0.29667266709250334,0.06097560975609756,0.23569705733640578,0.0,True
primary,column_shuffle,1339,router__general__unique_dst_ip_count,False,True,True,0.0004645490970326926,0.0013937282229965157,0.0009291791259638231,0.0,True
primary,column_shuffle,1339,router__general__unique_endpoint_pair_count,True,True,True,0.0004645490970326926,0.0013937282229965157,0.0009291791259638231,0.0,True
primary,column_shuffle,1339,router__general__unique_src_ip_count,False,True,True,0.0004645490970326926,0.0013937282229965157,0.0009291791259638231,0.0,True
primary,column_shuffle,1339,router__iot_named__arp_count,True,True,True,0.20614366180825736,0.054181184668989545,0.1519624771392678,0.0,True
primary,column_shuffle,1339,router__iot_named__byte_count,True,True,True,0.0002322745485163463,0.0006968641114982578,0.00046458956298191153,0.0,True
primary,column_shuffle,1339,router__iot_named__dns_port_packets,True,True,True,0.6611114337146508,0.6627177700348432,0.0016063363201924696,0.0,True
primary,column_shuffle,1339,router__iot_named__http_port_packets,False,True,True,0.9983740781603856,0.9998257839721254,0.0014517058117398118,0.0,True
primary,column_shuffle,1339,router__iot_named__https_port_packets,True,True,True,0.9447767260902387,0.9515679442508711,0.0067912181606324395,0.0,True
primary,column_shuffle,1339,router__iot_named__icmp_count,False,True,True,0.9982579408861274,0.997212543554007,0.0010453973321203902,0.0,True
primary,column_shuffle,1339,router__iot_named__interarrival_positive_mean,False,True,True,0.0002322745485163463,0.0006968641114982578,0.00046458956298191153,0.0,True
primary,column_shuffle,1339,router__iot_named__interarrival_positive_std,False,True,True,0.0002322745485163463,0.0006968641114982578,0.00046458956298191153,0.0,True
primary,column_shuffle,1339,router__iot_named__ipv4_count,True,True,True,0.0002322745485163463,0.0006968641114982578,0.00046458956298191153,0.0,True
primary,column_shuffle,1339,router__iot_named__mqtt_port_packets,True,True,True,0.0018581963881307705,0.0020905923344947735,0.00023239594636400305,0.0,True
primary,column_shuffle,1339,router__iot_named__packet_count,True,True,True,0.0002322745485163463,0.0006968641114982578,0.00046458956298191153,0.0,True
primary,column_shuffle,1339,router__iot_named__packet_length_max,True,True,True,0.0002322745485163463,0.0006968641114982578,0.00046458956298191153,0.0,True
primary,column_shuffle,1339,router__iot_named__packet_length_mean,True,True,True,0.0002322745485163463,0.0006968641114982578,0.00046458956298191153,0.0,True
primary,column_shuffle,1339,router__iot_named__packet_length_min,True,True,True,0.0002322745485163463,0.0006968641114982578,0.00046458956298191153,0.0,True
primary,column_shuffle,1339,router__iot_named__packet_length_std,True,True,True,0.0002322745485163463,0.0006968641114982578,0.00046458956298191153,0.0,True
primary,column_shuffle,1339,router__iot_named__tcp_count,True,True,True,0.00040648045990360605,0.0012195121951219512,0.0008130317352183452,0.0,True
primary,column_shuffle,1339,router__iot_named__tcp_fin_count,False,True,True,0.9912316357935079,0.9921602787456446,0.0009286429521366824,0.0,True
primary,column_shuffle,1339,router__iot_named__tcp_rst_count,False,True,True,0.9979095290633528,0.998780487804878,0.0008709587415252074,0.0,True
primary,column_shuffle,1339,router__iot_named__tcp_syn_count,False,True,True,0.9929736949073805,0.9928571428571429,0.00011655205023763937,0.0,True
primary,column_shuffle,1339,router__iot_named__udp_count,True,True,True,0.40078973346495556,0.17804878048780487,0.22274095297715069,0.0,True
primary,column_shuffle,1339,router__iot_named__unique_dst_ip_count,True,True,True,0.0002322745485163463,0.0006968641114982578,0.00046458956298191153,0.0,True
primary,column_shuffle,1339,router__iot_named__unique_endpoint_pair_count,True,True,True,0.0002322745485163463,0.0006968641114982578,0.00046458956298191153,0.0,True
primary,column_shuffle,1339,router__iot_named__unique_src_ip_count,True,True,True,0.0002322745485163463,0.0006968641114982578,0.00046458956298191153,0.0,True
primary,column_shuffle,1340,iot__fridge__condition_high_fraction,True,True,True,0.017188316590209626,0.01602787456445993,0.0011604420257496952,0.0,True
primary,column_shuffle,1340,iot__fridge__temperature_mean,True,True,True,0.0012194413797108183,0.0003484320557491289,0.0008710093239616894,0.0,True
primary,column_shuffle,1340,iot__garage__door_open_fraction,True,True,True,0.5932872655478776,0.6005226480836237,0.007235382535746071,0.0,True
primary,column_shuffle,1340,iot__garage__smartphone_signal_true_fraction,False,True,True,0.5932872655478776,0.6005226480836237,0.007235382535746071,0.0,True
primary,column_shuffle,1340,iot__gps__latitude_mean,True,True,True,0.0009871668311944718,0.0003484320557491289,0.0006387347754453429,0.0,True
primary,column_shuffle,1340,iot__gps__longitude_mean,True,True,True,0.0009871668311944718,0.0003484320557491289,0.0006387347754453429,0.0,True
primary,column_shuffle,1340,iot__modbus__register_1_mean,True,True,True,0.0009871668311944718,0.0003484320557491289,0.0006387347754453429,0.0,True
primary,column_shuffle,1340,iot__modbus__register_2_mean,True,True,True,0.0009871668311944718,0.0003484320557491289,0.0006387347754453429,0.0,True
primary,column_shuffle,1340,iot__modbus__register_3_mean,True,True,True,0.0009871668311944718,0.0003484320557491289,0.0006387347754453429,0.0,True
primary,column_shuffle,1340,iot__modbus__register_4_mean,True,True,True,0.0009871668311944718,0.0003484320557491289,0.0006387347754453429,0.0,True
primary,column_shuffle,1340,iot__motion_light__light_on_fraction,True,True,True,0.2423204227396783,0.23850174216027875,0.003818680579399547,0.0,True
primary,column_shuffle,1340,iot__motion_light__motion_true_fraction,True,True,True,0.2423204227396783,0.23850174216027875,0.003818680579399547,0.0,True
primary,column_shuffle,1340,iot__thermostat__status_true_fraction,True,True,True,0.007490854189652169,0.006445993031358885,0.001044861158293284,0.0,True
primary,column_shuffle,1340,iot__thermostat__temperature_mean,True,True,True,0.0020904709366471167,0.0013937282229965157,0.000696742713650601,0.0,True
primary,column_shuffle,1340,iot__weather__humidity_mean,True,True,True,0.0009290981940653852,0.00017421602787456446,0.0007548821661908208,0.0,True
primary,column_shuffle,1340,iot__weather__pressure_mean,True,True,True,0.0009290981940653852,0.00017421602787456446,0.0007548821661908208,0.0,True
primary,column_shuffle,1340,iot__weather__temperature_mean,True,True,True,0.0009290981940653852,0.00017421602787456446,0.0007548821661908208,0.0,True
primary,column_shuffle,1340,router__general__arp_count,False,True,True,0.12043435340572557,0.18693379790940767,0.0664994445036821,0.0,True
primary,column_shuffle,1340,router__general__byte_count,True,True,True,0.0004645490970326926,0.0,0.0004645490970326926,0.0,True
primary,column_shuffle,1340,router__general__dns_port_packets,True,True,True,0.6286510655594914,0.6280487804878049,0.0006022850716864703,0.0,True
primary,column_shuffle,1340,router__general__http_port_packets,True,True,True,0.9925672144474769,0.9867595818815331,0.005807632565943743,0.0,True
primary,column_shuffle,1340,router__general__https_port_packets,True,True,True,0.8894953835433482,0.8846689895470383,0.004826393996309908,0.0,True
primary,column_shuffle,1340,router__general__icmp_count,True,True,True,0.058358980314732016,0.0,0.058358980314732016,0.0,True
primary,column_shuffle,1340,router__general__interarrival_positive_mean,False,True,True,0.0004645490970326926,0.0,0.0004645490970326926,0.0,True
primary,column_shuffle,1340,router__general__interarrival_positive_std,False,True,True,0.0004645490970326926,0.0,0.0004645490970326926,0.0,True
primary,column_shuffle,1340,router__general__ipv4_count,True,True,True,0.0004645490970326926,0.0,0.0004645490970326926,0.0,True
primary,column_shuffle,1340,router__general__ipv6_count,True,True,True,0.34074676267348003,0.5414634146341464,0.20071665196066635,0.0,True
primary,column_shuffle,1340,router__general__mqtt_port_packets,True,True,True,0.00220660821090529,0.0013937282229965157,0.0008128799879087742,0.0,True
primary,column_shuffle,1340,router__general__packet_count,True,True,True,0.0004645490970326926,0.0,0.0004645490970326926,0.0,True
primary,column_shuffle,1340,router__general__packet_length_max,True,True,True,0.0004645490970326926,0.0,0.0004645490970326926,0.0,True
primary,column_shuffle,1340,router__general__packet_length_mean,True,True,True,0.0004645490970326926,0.0,0.0004645490970326926,0.0,True
primary,column_shuffle,1340,router__general__packet_length_min,True,True,True,0.0004645490970326926,0.0,0.0004645490970326926,0.0,True
primary,column_shuffle,1340,router__general__packet_length_std,True,True,True,0.0004645490970326926,0.0,0.0004645490970326926,0.0,True
primary,column_shuffle,1340,router__general__tcp_count,True,True,True,0.0004645490970326926,0.0,0.0004645490970326926,0.0,True
primary,column_shuffle,1340,router__general__tcp_fin_count,False,True,True,0.9743336623889437,0.9717770034843206,0.002556658904623088,0.0,True
primary,column_shuffle,1340,router__general__tcp_rst_count,False,True,True,0.9891411648568608,0.9890243902439024,0.00011677461295833691,0.0,True
primary,column_shuffle,1340,router__general__tcp_syn_count,False,True,True,0.9693397595958423,0.9656794425087109,0.0036603170871314372,0.0,True
primary,column_shuffle,1340,router__general__udp_count,True,True,True,0.29667266709250334,0.5041811846689895,0.2075085175764862,0.0,True
primary,column_shuffle,1340,router__general__unique_dst_ip_count,False,True,True,0.0004645490970326926,0.0,0.0004645490970326926,0.0,True
primary,column_shuffle,1340,router__general__unique_endpoint_pair_count,True,True,True,0.0004645490970326926,0.0,0.0004645490970326926,0.0,True
primary,column_shuffle,1340,router__general__unique_src_ip_count,False,True,True,0.0004645490970326926,0.0,0.0004645490970326926,0.0,True
primary,column_shuffle,1340,router__iot_named__arp_count,True,True,True,0.20614366180825736,0.3613240418118467,0.15518038000358933,0.0,True
primary,column_shuffle,1340,router__iot_named__byte_count,True,True,True,0.0002322745485163463,0.0,0.0002322745485163463,0.0,True
primary,column_shuffle,1340,router__iot_named__dns_port_packets,True,True,True,0.6611114337146508,0.6601045296167247,0.0010069040979260313,0.0,True
primary,column_shuffle,1340,router__iot_named__http_port_packets,False,True,True,0.9983740781603856,0.9952961672473868,0.0030779109129988047,0.0,True
primary,column_shuffle,1340,router__iot_named__https_port_packets,True,True,True,0.9447767260902387,0.943205574912892,0.0015711511773466302,0.0,True
primary,column_shuffle,1340,router__iot_named__icmp_count,False,True,True,0.9982579408861274,0.998432055749129,0.0001741148630015621,0.0,True
primary,column_shuffle,1340,router__iot_named__interarrival_positive_mean,False,True,True,0.0002322745485163463,0.0,0.0002322745485163463,0.0,True
primary,column_shuffle,1340,router__iot_named__interarrival_positive_std,False,True,True,0.0002322745485163463,0.0,0.0002322745485163463,0.0,True
primary,column_shuffle,1340,router__iot_named__ipv4_count,True,True,True,0.0002322745485163463,0.0,0.0002322745485163463,0.0,True
primary,column_shuffle,1340,router__iot_named__mqtt_port_packets,True,True,True,0.0018581963881307705,0.0013937282229965157,0.0004644681651342548,0.0,True
primary,column_shuffle,1340,router__iot_named__packet_count,True,True,True,0.0002322745485163463,0.0,0.0002322745485163463,0.0,True
primary,column_shuffle,1340,router__iot_named__packet_length_max,True,True,True,0.0002322745485163463,0.0,0.0002322745485163463,0.0,True
primary,column_shuffle,1340,router__iot_named__packet_length_mean,True,True,True,0.0002322745485163463,0.0,0.0002322745485163463,0.0,True
primary,column_shuffle,1340,router__iot_named__packet_length_min,True,True,True,0.0002322745485163463,0.0,0.0002322745485163463,0.0,True
primary,column_shuffle,1340,router__iot_named__packet_length_std,True,True,True,0.0002322745485163463,0.0,0.0002322745485163463,0.0,True
primary,column_shuffle,1340,router__iot_named__tcp_count,True,True,True,0.00040648045990360605,0.0,0.00040648045990360605,0.0,True
primary,column_shuffle,1340,router__iot_named__tcp_fin_count,False,True,True,0.9912316357935079,0.9909407665505227,0.00029086924298526995,0.0,True
primary,column_shuffle,1340,router__iot_named__tcp_rst_count,False,True,True,0.9979095290633528,0.9977351916376307,0.0001743374257221486,0.0,True
primary,column_shuffle,1340,router__iot_named__tcp_syn_count,False,True,True,0.9929736949073805,0.993205574912892,0.00023188000551144228,0.0,True
primary,column_shuffle,1340,router__iot_named__udp_count,True,True,True,0.40078973346495556,0.5952961672473868,0.1945064337824312,0.0,True
primary,column_shuffle,1340,router__iot_named__unique_dst_ip_count,True,True,True,0.0002322745485163463,0.0,0.0002322745485163463,0.0,True
primary,column_shuffle,1340,router__iot_named__unique_endpoint_pair_count,True,True,True,0.0002322745485163463,0.0,0.0002322745485163463,0.0,True
primary,column_shuffle,1340,router__iot_named__unique_src_ip_count,True,True,True,0.0002322745485163463,0.0,0.0002322745485163463,0.0,True
primary,column_shuffle,1341,iot__fridge__condition_high_fraction,True,True,True,0.017188316590209626,0.015331010452961672,0.0018573061372479539,0.0,True
primary,column_shuffle,1341,iot__fridge__temperature_mean,True,True,True,0.0012194413797108183,0.00017421602787456446,0.0010452253518362538,0.0,True
primary,column_shuffle,1341,iot__garage__door_open_fraction,True,True,True,0.5932872655478776,0.597212543554007,0.003925278006129407,0.0,True
primary,column_shuffle,1341,iot__garage__smartphone_signal_true_fraction,False,True,True,0.5932872655478776,0.597212543554007,0.003925278006129407,0.0,True
primary,column_shuffle,1341,iot__gps__latitude_mean,True,True,True,0.0009871668311944718,0.00017421602787456446,0.0008129508033199073,0.0,True
primary,column_shuffle,1341,iot__gps__longitude_mean,True,True,True,0.0009871668311944718,0.00017421602787456446,0.0008129508033199073,0.0,True
primary,column_shuffle,1341,iot__modbus__register_1_mean,True,True,True,0.0009871668311944718,0.00017421602787456446,0.0008129508033199073,0.0,True
primary,column_shuffle,1341,iot__modbus__register_2_mean,True,True,True,0.0009871668311944718,0.00017421602787456446,0.0008129508033199073,0.0,True
primary,column_shuffle,1341,iot__modbus__register_3_mean,True,True,True,0.0009871668311944718,0.00017421602787456446,0.0008129508033199073,0.0,True
primary,column_shuffle,1341,iot__modbus__register_4_mean,True,True,True,0.0009871668311944718,0.00017421602787456446,0.0008129508033199073,0.0,True
primary,column_shuffle,1341,iot__motion_light__light_on_fraction,True,True,True,0.2423204227396783,0.24442508710801394,0.002104664368335646,0.0,True
primary,column_shuffle,1341,iot__motion_light__motion_true_fraction,True,True,True,0.2423204227396783,0.24442508710801394,0.002104664368335646,0.0,True
primary,column_shuffle,1341,iot__thermostat__status_true_fraction,True,True,True,0.007490854189652169,0.005574912891986063,0.0019159412976661062,0.0,True
primary,column_shuffle,1341,iot__thermostat__temperature_mean,True,True,True,0.0020904709366471167,0.0012195121951219512,0.0008709587415251655,0.0,True
primary,column_shuffle,1341,iot__weather__humidity_mean,True,True,True,0.0009290981940653852,0.00017421602787456446,0.0007548821661908208,0.0,True
primary,column_shuffle,1341,iot__weather__pressure_mean,True,True,True,0.0009290981940653852,0.00017421602787456446,0.0007548821661908208,0.0,True
primary,column_shuffle,1341,iot__weather__temperature_mean,True,True,True,0.0009290981940653852,0.00017421602787456446,0.0007548821661908208,0.0,True
primary,column_shuffle,1341,router__general__arp_count,False,True,True,0.12043435340572557,0.12560975609756098,0.005175402691835404,0.0,True
primary,column_shuffle,1341,router__general__byte_count,True,True,True,0.0004645490970326926,0.0,0.0004645490970326926,0.0,True
primary,column_shuffle,1341,router__general__dns_port_packets,True,True,True,0.6286510655594914,0.6317073170731707,0.0030562515136793866,0.0,True
primary,column_shuffle,1341,router__general__http_port_packets,True,True,True,0.9925672144474769,0.9975609756097561,0.004993761162279231,0.0,True
primary,column_shuffle,1341,router__general__https_port_packets,True,True,True,0.8894953835433482,0.9019163763066202,0.01242099276327202,0.0,True
primary,column_shuffle,1341,router__general__icmp_count,True,True,True,0.058358980314732016,0.0003484320557491289,0.058010548258982886,0.0,True
primary,column_shuffle,1341,router__general__interarrival_positive_mean,False,True,True,0.0004645490970326926,0.0,0.0004645490970326926,0.0,True
primary,column_shuffle,1341,router__general__interarrival_positive_std,False,True,True,0.0004645490970326926,0.0,0.0004645490970326926,0.0,True
primary,column_shuffle,1341,router__general__ipv4_count,True,True,True,0.0004645490970326926,0.0,0.0004645490970326926,0.0,True
primary,column_shuffle,1341,router__general__ipv6_count,True,True,True,0.34074676267348003,0.36881533101045294,0.02806856833697291,0.0,True
primary,column_shuffle,1341,router__general__mqtt_port_packets,True,True,True,0.00220660821090529,0.0015679442508710801,0.0006386639600342097,0.0,True
primary,column_shuffle,1341,router__general__packet_count,True,True,True,0.0004645490970326926,0.0,0.0004645490970326926,0.0,True
primary,column_shuffle,1341,router__general__packet_length_max,True,True,True,0.0004645490970326926,0.0,0.0004645490970326926,0.0,True
primary,column_shuffle,1341,router__general__packet_length_mean,True,True,True,0.0004645490970326926,0.0,0.0004645490970326926,0.0,True
primary,column_shuffle,1341,router__general__packet_length_min,True,True,True,0.0004645490970326926,0.0,0.0004645490970326926,0.0,True
primary,column_shuffle,1341,router__general__packet_length_std,True,True,True,0.0004645490970326926,0.0,0.0004645490970326926,0.0,True
primary,column_shuffle,1341,router__general__tcp_count,True,True,True,0.0004645490970326926,0.0,0.0004645490970326926,0.0,True
primary,column_shuffle,1341,router__general__tcp_fin_count,False,True,True,0.9743336623889437,0.9770034843205575,0.0026698219316138028,0.0,True
primary,column_shuffle,1341,router__general__tcp_rst_count,False,True,True,0.9891411648568608,0.9898954703832753,0.0007543055264145337,0.0,True
primary,column_shuffle,1341,router__general__tcp_syn_count,False,True,True,0.9693397595958423,0.9724738675958188,0.0031341079999764876,0.0,True
primary,column_shuffle,1341,router__general__udp_count,True,True,True,0.29667266709250334,0.2984320557491289,0.00175938865662556,0.0,True
primary,column_shuffle,1341,router__general__unique_dst_ip_count,False,True,True,0.0004645490970326926,0.0,0.0004645490970326926,0.0,True
primary,column_shuffle,1341,router__general__unique_endpoint_pair_count,True,True,True,0.0004645490970326926,0.0,0.0004645490970326926,0.0,True
primary,column_shuffle,1341,router__general__unique_src_ip_count,False,True,True,0.0004645490970326926,0.0,0.0004645490970326926,0.0,True
primary,column_shuffle,1341,router__iot_named__arp_count,True,True,True,0.20614366180825736,0.22979094076655052,0.02364727895829316,0.0,True
primary,column_shuffle,1341,router__iot_named__byte_count,True,True,True,0.0002322745485163463,0.0,0.0002322745485163463,0.0,True
primary,column_shuffle,1341,router__iot_named__dns_port_packets,True,True,True,0.6611114337146508,0.660801393728223,0.000310039986427757,0.0,True
primary,column_shuffle,1341,router__iot_named__http_port_packets,False,True,False,0.9983740781603856,1.0,0.0016259218396144082,0.0,True
primary,column_shuffle,1341,router__iot_named__https_port_packets,True,True,True,0.9447767260902387,0.9517421602787457,0.006965434188507036,0.0,True
primary,column_shuffle,1341,router__iot_named__icmp_count,False,True,True,0.9982579408861274,0.9986062717770035,0.0003483308908760474,0.0,True
primary,column_shuffle,1341,router__iot_named__interarrival_positive_mean,False,True,True,0.0002322745485163463,0.0,0.0002322745485163463,0.0,True
primary,column_shuffle,1341,router__iot_named__interarrival_positive_std,False,True,True,0.0002322745485163463,0.0,0.0002322745485163463,0.0,True
primary,column_shuffle,1341,router__iot_named__ipv4_count,True,True,True,0.0002322745485163463,0.0,0.0002322745485163463,0.0,True
primary,column_shuffle,1341,router__iot_named__mqtt_port_packets,True,True,True,0.0018581963881307705,0.0015679442508710801,0.00029025213725969033,0.0,True
primary,column_shuffle,1341,router__iot_named__packet_count,True,True,True,0.0002322745485163463,0.0,0.0002322745485163463,0.0,True
primary,column_shuffle,1341,router__iot_named__packet_length_max,True,True,True,0.0002322745485163463,0.0,0.0002322745485163463,0.0,True
primary,column_shuffle,1341,router__iot_named__packet_length_mean,True,True,True,0.0002322745485163463,0.0,0.0002322745485163463,0.0,True
primary,column_shuffle,1341,router__iot_named__packet_length_min,True,True,True,0.0002322745485163463,0.0,0.0002322745485163463,0.0,True
primary,column_shuffle,1341,router__iot_named__packet_length_std,True,True,True,0.0002322745485163463,0.0,0.0002322745485163463,0.0,True
primary,column_shuffle,1341,router__iot_named__tcp_count,True,True,True,0.00040648045990360605,0.0,0.00040648045990360605,0.0,True
primary,column_shuffle,1341,router__iot_named__tcp_fin_count,False,True,True,0.9912316357935079,0.9925087108013937,0.001277075007885764,0.0,True
primary,column_shuffle,1341,router__iot_named__tcp_rst_count,False,True,True,0.9979095290633528,0.9980836236933798,0.00017409463002693304,0.0,True
primary,column_shuffle,1341,router__iot_named__tcp_syn_count,False,True,True,0.9929736949073805,0.9939024390243902,0.0009287441170097166,0.0,True
primary,column_shuffle,1341,router__iot_named__udp_count,True,True,True,0.40078973346495556,0.40557491289198605,0.004785179427030495,0.0,True
primary,column_shuffle,1341,router__iot_named__unique_dst_ip_count,True,True,True,0.0002322745485163463,0.0,0.0002322745485163463,0.0,True
primary,column_shuffle,1341,router__iot_named__unique_endpoint_pair_count,True,True,True,0.0002322745485163463,0.0,0.0002322745485163463,0.0,True
primary,column_shuffle,1341,router__iot_named__unique_src_ip_count,True,True,True,0.0002322745485163463,0.0,0.0002322745485163463,0.0,True
primary,hurdle_iid,1337,iot__fridge__condition_high_fraction,True,True,True,0.017188316590209626,0.014111498257839722,0.0030768183323699044,0.0,True
primary,hurdle_iid,1337,iot__fridge__temperature_mean,True,True,True,0.0012194413797108183,0.0005226480836236934,0.0006967932960871249,0.0,True
primary,hurdle_iid,1337,iot__garage__door_open_fraction,True,True,True,0.5932872655478776,0.5874564459930314,0.005830819554846212,0.0,True
primary,hurdle_iid,1337,iot__garage__smartphone_signal_true_fraction,False,True,True,0.5932872655478776,0.5912891986062718,0.0019980669416057584,0.0,True
primary,hurdle_iid,1337,iot__gps__latitude_mean,True,True,True,0.0009871668311944718,0.0008710801393728223,0.0001160866918216495,0.0,True
primary,hurdle_iid,1337,iot__gps__longitude_mean,True,True,True,0.0009871668311944718,0.001916376306620209,0.0009292094754257373,0.0,True
primary,hurdle_iid,1337,iot__modbus__register_1_mean,True,True,True,0.0009871668311944718,0.0015679442508710801,0.0005807774196766083,0.0,True
primary,hurdle_iid,1337,iot__modbus__register_2_mean,True,True,True,0.0009871668311944718,0.0008710801393728223,0.0001160866918216495,0.0,True
primary,hurdle_iid,1337,iot__modbus__register_3_mean,True,True,True,0.0009871668311944718,0.0013937282229965157,0.0004065613918020439,0.0,True
primary,hurdle_iid,1337,iot__modbus__register_4_mean,True,True,True,0.0009871668311944718,0.0003484320557491289,0.0006387347754453429,0.0,True
primary,hurdle_iid,1337,iot__motion_light__light_on_fraction,True,True,True,0.2423204227396783,0.2547038327526132,0.012383410012934915,0.0,True
primary,hurdle_iid,1337,iot__motion_light__motion_true_fraction,True,True,True,0.2423204227396783,0.24477351916376305,0.0024530964240847553,0.0,True
primary,hurdle_iid,1337,iot__thermostat__status_true_fraction,True,True,True,0.007490854189652169,0.009059233449477353,0.0015683792598251839,0.0,True
primary,hurdle_iid,1337,iot__thermostat__temperature_mean,True,True,True,0.0020904709366471167,0.002613240418118467,0.0005227694814713504,0.0,True
primary,hurdle_iid,1337,iot__weather__humidity_mean,True,True,True,0.0009290981940653852,0.0005226480836236934,0.00040645011044169186,0.0,True
primary,hurdle_iid,1337,iot__weather__pressure_mean,True,True,True,0.0009290981940653852,0.0006968641114982578,0.0002322340825671274,0.0,True
primary,hurdle_iid,1337,iot__weather__temperature_mean,True,True,True,0.0009290981940653852,0.0003484320557491289,0.0005806661383162563,0.0,True
primary,hurdle_iid,1337,router__general__arp_count,False,True,True,0.12043435340572557,0.12386759581881533,0.00343324241308976,0.0,True
primary,hurdle_iid,1337,router__general__byte_count,True,True,True,0.0004645490970326926,0.00017421602787456446,0.00029033306915812816,0.0,True
primary,hurdle_iid,1337,router__general__dns_port_packets,True,True,True,0.6286510655594914,0.6313588850174217,0.002707819457930305,0.0,True
primary,hurdle_iid,1337,router__general__http_port_packets,True,True,True,0.9925672144474769,0.9921602787456446,0.00040693570183225614,0.0,True
primary,hurdle_iid,1337,router__general__https_port_packets,True,True,True,0.8894953835433482,0.8843205574912892,0.0051748260520589895,0.0,True
primary,hurdle_iid,1337,router__general__icmp_count,True,True,True,0.058358980314732016,0.060801393728223,0.002442413413490982,0.0,True
primary,hurdle_iid,1337,router__general__interarrival_positive_mean,False,True,True,0.0004645490970326926,0.0006968641114982578,0.00023231501446556522,0.0,True
primary,hurdle_iid,1337,router__general__interarrival_positive_std,False,True,True,0.0004645490970326926,0.0006968641114982578,0.00023231501446556522,0.0,True
primary,hurdle_iid,1337,router__general__ipv4_count,True,True,True,0.0004645490970326926,0.0003484320557491289,0.0001161170412835637,0.0,True
primary,hurdle_iid,1337,router__general__ipv6_count,True,True,True,0.34074676267348003,0.3405923344947735,0.0001544281787065338,0.0,True
primary,hurdle_iid,1337,router__general__mqtt_port_packets,True,True,True,0.00220660821090529,0.002264808362369338,5.820015146404834e-05,0.0,True
primary,hurdle_iid,1337,router__general__packet_count,True,True,True,0.0004645490970326926,0.0003484320557491289,0.0001161170412835637,0.0,True
primary,hurdle_iid,1337,router__general__packet_length_max,True,True,True,0.0004645490970326926,0.0005226480836236934,5.809898659100076e-05,0.0,True
primary,hurdle_iid,1337,router__general__packet_length_mean,True,True,True,0.0004645490970326926,0.0003484320557491289,0.0001161170412835637,0.0,True
primary,hurdle_iid,1337,router__general__packet_length_min,True,True,True,0.0004645490970326926,0.0003484320557491289,0.0001161170412835637,0.0,True
primary,hurdle_iid,1337,router__general__packet_length_std,True,True,True,0.0004645490970326926,0.0003484320557491289,0.0001161170412835637,0.0,True
primary,hurdle_iid,1337,router__general__tcp_count,True,True,True,0.0004645490970326926,0.00017421602787456446,0.00029033306915812816,0.0,True
primary,hurdle_iid,1337,router__general__tcp_fin_count,False,True,True,0.9743336623889437,0.9722996515679443,0.00203401082099941,0.0,True
primary,hurdle_iid,1337,router__general__tcp_rst_count,False,True,True,0.9891411648568608,0.9900696864111498,0.0009285215542890191,0.0,True
primary,hurdle_iid,1337,router__general__tcp_syn_count,False,True,True,0.9693397595958423,0.9717770034843206,0.0024372438884783243,0.0,True
primary,hurdle_iid,1337,router__general__udp_count,True,True,True,0.29667266709250334,0.2926829268292683,0.003989740263235064,0.0,True
primary,hurdle_iid,1337,router__general__unique_dst_ip_count,False,True,True,0.0004645490970326926,0.00017421602787456446,0.00029033306915812816,0.0,True
primary,hurdle_iid,1337,router__general__unique_endpoint_pair_count,True,True,True,0.0004645490970326926,0.0003484320557491289,0.0001161170412835637,0.0,True
primary,hurdle_iid,1337,router__general__unique_src_ip_count,False,True,True,0.0004645490970326926,0.0008710801393728223,0.0004065310423401297,0.0,True
primary,hurdle_iid,1337,router__iot_named__arp_count,True,True,True,0.20614366180825736,0.20749128919860627,0.00134762739034891,0.0,True
primary,hurdle_iid,1337,router__iot_named__byte_count,True,True,True,0.0002322745485163463,0.0003484320557491289,0.00011615750723278261,0.0,True
primary,hurdle_iid,1337,router__iot_named__dns_port_packets,True,True,True,0.6611114337146508,0.6609756097560976,0.00013582395855316065,0.0,True
primary,hurdle_iid,1337,router__iot_named__http_port_packets,False,True,True,0.9983740781603856,0.997212543554007,0.001161534606378578,0.0,True
primary,hurdle_iid,1337,router__iot_named__https_port_packets,True,True,True,0.9447767260902387,0.9466898954703833,0.0019131693801446303,0.0,True
primary,hurdle_iid,1337,router__iot_named__icmp_count,False,True,True,0.9982579408861274,0.998432055749129,0.0001741148630015621,0.0,True
primary,hurdle_iid,1337,router__iot_named__interarrival_positive_mean,False,True,True,0.0002322745485163463,0.0003484320557491289,0.00011615750723278261,0.0,True
primary,hurdle_iid,1337,router__iot_named__interarrival_positive_std,False,True,True,0.0002322745485163463,0.00017421602787456446,5.805852064178185e-05,0.0,True
primary,hurdle_iid,1337,router__iot_named__ipv4_count,True,True,True,0.0002322745485163463,0.00017421602787456446,5.805852064178185e-05,0.0,True
primary,hurdle_iid,1337,router__iot_named__mqtt_port_packets,True,True,True,0.0018581963881307705,0.002613240418118467,0.0007550440299876966,0.0,True
primary,hurdle_iid,1337,router__iot_named__packet_count,True,True,True,0.0002322745485163463,0.0005226480836236934,0.00029037353510734707,0.0,True
primary,hurdle_iid,1337,router__iot_named__packet_length_max,True,True,True,0.0002322745485163463,0.0005226480836236934,0.00029037353510734707,0.0,True
primary,hurdle_iid,1337,router__iot_named__packet_length_mean,True,True,True,0.0002322745485163463,0.0008710801393728223,0.000638805590856476,0.0,True
primary,hurdle_iid,1337,router__iot_named__packet_length_min,True,True,True,0.0002322745485163463,0.00017421602787456446,5.805852064178185e-05,0.0,True
primary,hurdle_iid,1337,router__iot_named__packet_length_std,True,True,True,0.0002322745485163463,0.00017421602787456446,5.805852064178185e-05,0.0,True
primary,hurdle_iid,1337,router__iot_named__tcp_count,True,True,True,0.00040648045990360605,0.0006968641114982578,0.0002903836515946518,0.0,True
primary,hurdle_iid,1337,router__iot_named__tcp_fin_count,False,True,True,0.9912316357935079,0.9914634146341463,0.00023177884063840803,0.0,True
primary,hurdle_iid,1337,router__iot_named__tcp_rst_count,False,True,True,0.9979095290633528,0.9979094076655052,1.2139784766329598e-07,0.0,True
primary,hurdle_iid,1337,router__iot_named__tcp_syn_count,False,True,True,0.9929736949073805,0.9928571428571429,0.00011655205023763937,0.0,True
primary,hurdle_iid,1337,router__iot_named__udp_count,True,True,True,0.40078973346495556,0.3918118466898955,0.008977886775060062,0.0,True
primary,hurdle_iid,1337,router__iot_named__unique_dst_ip_count,True,True,True,0.0002322745485163463,0.00017421602787456446,5.805852064178185e-05,0.0,True
primary,hurdle_iid,1337,router__iot_named__unique_endpoint_pair_count,True,True,True,0.0002322745485163463,0.00017421602787456446,5.805852064178185e-05,0.0,True
primary,hurdle_iid,1337,router__iot_named__unique_src_ip_count,True,True,True,0.0002322745485163463,0.00017421602787456446,5.805852064178185e-05,0.0,True
primary,hurdle_iid,1338,iot__fridge__condition_high_fraction,True,True,True,0.017188316590209626,0.019686411149825785,0.0024980945596161583,0.0,True
primary,hurdle_iid,1338,iot__fridge__temperature_mean,True,True,True,0.0012194413797108183,0.0020905923344947735,0.0008711509547839552,0.0,True
primary,hurdle_iid,1338,iot__garage__door_open_fraction,True,True,True,0.5932872655478776,0.5949477351916377,0.0016604696437600985,0.0,True
primary,hurdle_iid,1338,iot__garage__smartphone_signal_true_fraction,False,True,True,0.5932872655478776,0.5940766550522648,0.0007893895043872279,0.0,True
primary,hurdle_iid,1338,iot__gps__latitude_mean,True,True,True,0.0009871668311944718,0.0010452961672473868,5.812933605291496e-05,0.0,True
primary,hurdle_iid,1338,iot__gps__longitude_mean,True,True,True,0.0009871668311944718,0.0013937282229965157,0.0004065613918020439,0.0,True
primary,hurdle_iid,1338,iot__modbus__register_1_mean,True,True,True,0.0009871668311944718,0.0010452961672473868,5.812933605291496e-05,0.0,True
primary,hurdle_iid,1338,iot__modbus__register_2_mean,True,True,True,0.0009871668311944718,0.0010452961672473868,5.812933605291496e-05,0.0,True
primary,hurdle_iid,1338,iot__modbus__register_3_mean,True,True,True,0.0009871668311944718,0.0015679442508710801,0.0005807774196766083,0.0,True
primary,hurdle_iid,1338,iot__modbus__register_4_mean,True,True,True,0.0009871668311944718,0.0010452961672473868,5.812933605291496e-05,0.0,True
primary,hurdle_iid,1338,iot__motion_light__light_on_fraction,True,True,True,0.2423204227396783,0.24198606271777004,0.00033436002190825875,0.0,True
primary,hurdle_iid,1338,iot__motion_light__motion_true_fraction,True,True,True,0.2423204227396783,0.243205574912892,0.0008851521732136935,0.0,True
primary,hurdle_iid,1338,iot__thermostat__status_true_fraction,True,True,True,0.007490854189652169,0.007142857142857143,0.00034799704679502625,0.0,True
primary,hurdle_iid,1338,iot__thermostat__temperature_mean,True,True,True,0.0020904709366471167,0.002264808362369338,0.00017433742572222147,0.0,True
primary,hurdle_iid,1338,iot__weather__humidity_mean,True,True,True,0.0009290981940653852,0.0005226480836236934,0.00040645011044169186,0.0,True
primary,hurdle_iid,1338,iot__weather__pressure_mean,True,True,True,0.0009290981940653852,0.0008710801393728223,5.801805469256294e-05,0.0,True
primary,hurdle_iid,1338,iot__weather__temperature_mean,True,True,True,0.0009290981940653852,0.0013937282229965157,0.00046463002893113044,0.0,True
primary,hurdle_iid,1338,router__general__arp_count,False,True,True,0.12043435340572557,0.12317073170731707,0.0027363783015914994,0.0,True
primary,hurdle_iid,1338,router__general__byte_count,True,True,True,0.0004645490970326926,0.0003484320557491289,0.0001161170412835637,0.0,True
primary,hurdle_iid,1338,router__general__dns_port_packets,True,True,True,0.6286510655594914,0.6367595818815331,0.008108516322041792,0.0,True
primary,hurdle_iid,1338,router__general__http_port_packets,True,True,True,0.9925672144474769,0.9916376306620209,0.0009295837854559341,0.0,True
primary,hurdle_iid,1338,router__general__https_port_packets,True,True,True,0.8894953835433482,0.886411149825784,0.0030842337175642776,0.0,True
primary,hurdle_iid,1338,router__general__icmp_count,True,True,True,0.058358980314732016,0.059059233449477354,0.0007002531347453378,0.0,True
primary,hurdle_iid,1338,router__general__interarrival_positive_mean,False,True,True,0.0004645490970326926,0.0003484320557491289,0.0001161170412835637,0.0,True
primary,hurdle_iid,1338,router__general__interarrival_positive_std,False,True,True,0.0004645490970326926,0.0003484320557491289,0.0001161170412835637,0.0,True
primary,hurdle_iid,1338,router__general__ipv4_count,True,True,True,0.0004645490970326926,0.0005226480836236934,5.809898659100076e-05,0.0,True
primary,hurdle_iid,1338,router__general__ipv6_count,True,True,True,0.34074676267348003,0.3554006968641115,0.01465393419063149,0.0,True
primary,hurdle_iid,1338,router__general__mqtt_port_packets,True,True,True,0.00220660821090529,0.001916376306620209,0.0002902319042850808,0.0,True
primary,hurdle_iid,1338,router__general__packet_count,True,True,True,0.0004645490970326926,0.0008710801393728223,0.0004065310423401297,0.0,True
primary,hurdle_iid,1338,router__general__packet_length_max,True,True,True,0.0004645490970326926,0.0005226480836236934,5.809898659100076e-05,0.0,True
primary,hurdle_iid,1338,router__general__packet_length_mean,True,True,True,0.0004645490970326926,0.0010452961672473868,0.0005807470702146941,0.0,True
primary,hurdle_iid,1338,router__general__packet_length_min,True,True,True,0.0004645490970326926,0.0,0.0004645490970326926,0.0,True
primary,hurdle_iid,1338,router__general__packet_length_std,True,True,True,0.0004645490970326926,0.00017421602787456446,0.00029033306915812816,0.0,True
primary,hurdle_iid,1338,router__general__tcp_count,True,True,True,0.0004645490970326926,0.0008710801393728223,0.0004065310423401297,0.0,True
primary,hurdle_iid,1338,router__general__tcp_fin_count,False,True,True,0.9743336623889437,0.974390243902439,5.658151349530183e-05,0.0,True
primary,hurdle_iid,1338,router__general__tcp_rst_count,False,True,True,0.9891411648568608,0.989198606271777,5.7441414916259426e-05,0.0,True
primary,hurdle_iid,1338,router__general__tcp_syn_count,False,True,True,0.9693397595958423,0.9667247386759582,0.0026150209198840813,0.0,True
primary,hurdle_iid,1338,router__general__udp_count,True,True,True,0.29667266709250334,0.2825783972125436,0.014094269879959764,0.0,True
primary,hurdle_iid,1338,router__general__unique_dst_ip_count,False,True,True,0.0004645490970326926,0.0010452961672473868,0.0005807470702146941,0.0,True
primary,hurdle_iid,1338,router__general__unique_endpoint_pair_count,True,True,True,0.0004645490970326926,0.0006968641114982578,0.00023231501446556522,0.0,True
primary,hurdle_iid,1338,router__general__unique_src_ip_count,False,True,True,0.0004645490970326926,0.0008710801393728223,0.0004065310423401297,0.0,True
primary,hurdle_iid,1338,router__iot_named__arp_count,True,True,True,0.20614366180825736,0.20818815331010454,0.0020444915018471843,0.0,True
primary,hurdle_iid,1338,router__iot_named__byte_count,True,True,True,0.0002322745485163463,0.0005226480836236934,0.00029037353510734707,0.0,True
primary,hurdle_iid,1338,router__iot_named__dns_port_packets,True,True,True,0.6611114337146508,0.6616724738675959,0.0005610401529451137,0.0,True
primary,hurdle_iid,1338,router__iot_named__http_port_packets,False,True,True,0.9983740781603856,0.998780487804878,0.00040640964449245587,0.0,True
primary,hurdle_iid,1338,router__iot_named__https_port_packets,True,True,True,0.9447767260902387,0.9421602787456446,0.0026164473445940972,0.0,True
primary,hurdle_iid,1338,router__iot_named__icmp_count,False,True,True,0.9982579408861274,0.9982578397212544,1.0116487303424293e-07,0.0,True
primary,hurdle_iid,1338,router__iot_named__interarrival_positive_mean,False,True,True,0.0002322745485163463,0.0003484320557491289,0.00011615750723278261,0.0,True
primary,hurdle_iid,1338,router__iot_named__interarrival_positive_std,False,True,True,0.0002322745485163463,0.0005226480836236934,0.00029037353510734707,0.0,True
primary,hurdle_iid,1338,router__iot_named__ipv4_count,True,True,True,0.0002322745485163463,0.00017421602787456446,5.805852064178185e-05,0.0,True
primary,hurdle_iid,1338,router__iot_named__mqtt_port_packets,True,True,True,0.0018581963881307705,0.0017421602787456446,0.00011603610938512587,0.0,True
primary,hurdle_iid,1338,router__iot_named__packet_count,True,True,True,0.0002322745485163463,0.00017421602787456446,5.805852064178185e-05,0.0,True
primary,hurdle_iid,1338,router__iot_named__packet_length_max,True,True,True,0.0002322745485163463,0.0,0.0002322745485163463,0.0,True
primary,hurdle_iid,1338,router__iot_named__packet_length_mean,True,True,True,0.0002322745485163463,0.0005226480836236934,0.00029037353510734707,0.0,True
primary,hurdle_iid,1338,router__iot_named__packet_length_min,True,True,True,0.0002322745485163463,0.0,0.0002322745485163463,0.0,True
primary,hurdle_iid,1338,router__iot_named__packet_length_std,True,True,True,0.0002322745485163463,0.0,0.0002322745485163463,0.0,True
primary,hurdle_iid,1338,router__iot_named__tcp_count,True,True,True,0.00040648045990360605,0.0005226480836236934,0.00011616762372008733,0.0,True
primary,hurdle_iid,1338,router__iot_named__tcp_fin_count,False,True,True,0.9912316357935079,0.9912891986062717,5.75628127638117e-05,0.0,True
primary,hurdle_iid,1338,router__iot_named__tcp_rst_count,False,True,True,0.9979095290633528,0.9982578397212544,0.0003483106579015294,0.0,True
primary,hurdle_iid,1338,router__iot_named__tcp_syn_count,False,True,True,0.9929736949073805,0.990418118466899,0.002555576440481544,0.0,True
primary,hurdle_iid,1338,router__iot_named__udp_count,True,True,True,0.40078973346495556,0.3979094076655052,0.002880325799450356,0.0,True
primary,hurdle_iid,1338,router__iot_named__unique_dst_ip_count,True,True,True,0.0002322745485163463,0.0,0.0002322745485163463,0.0,True
primary,hurdle_iid,1338,router__iot_named__unique_endpoint_pair_count,True,True,True,0.0002322745485163463,0.0,0.0002322745485163463,0.0,True
primary,hurdle_iid,1338,router__iot_named__unique_src_ip_count,True,True,True,0.0002322745485163463,0.0003484320557491289,0.00011615750723278261,0.0,True
primary,hurdle_iid,1339,iot__fridge__condition_high_fraction,True,True,True,0.017188316590209626,0.018466898954703832,0.001278582364494206,0.0,True
primary,hurdle_iid,1339,iot__fridge__temperature_mean,True,True,True,0.0012194413797108183,0.0015679442508710801,0.00034850287116026187,0.0,True
primary,hurdle_iid,1339,iot__garage__door_open_fraction,True,True,True,0.5932872655478776,0.5930313588850175,0.0002559066628601281,0.0,True
primary,hurdle_iid,1339,iot__garage__smartphone_signal_true_fraction,False,True,True,0.5932872655478776,0.5893728222996516,0.003914443248225985,0.0,True
primary,hurdle_iid,1339,iot__gps__latitude_mean,True,True,True,0.0009871668311944718,0.0006968641114982578,0.00029030271969621396,0.0,True
primary,hurdle_iid,1339,iot__gps__longitude_mean,True,True,True,0.0009871668311944718,0.0013937282229965157,0.0004065613918020439,0.0,True
primary,hurdle_iid,1339,iot__modbus__register_1_mean,True,True,True,0.0009871668311944718,0.0005226480836236934,0.0004645187475707784,0.0,True
primary,hurdle_iid,1339,iot__modbus__register_2_mean,True,True,True,0.0009871668311944718,0.0005226480836236934,0.0004645187475707784,0.0,True
primary,hurdle_iid,1339,iot__modbus__register_3_mean,True,True,True,0.0009871668311944718,0.0006968641114982578,0.00029030271969621396,0.0,True
primary,hurdle_iid,1339,iot__modbus__register_4_mean,True,True,True,0.0009871668311944718,0.0012195121951219512,0.00023234536392747942,0.0,True
primary,hurdle_iid,1339,iot__motion_light__light_on_fraction,True,True,True,0.2423204227396783,0.23797909407665505,0.004341328663023253,0.0,True
primary,hurdle_iid,1339,iot__motion_light__motion_true_fraction,True,True,True,0.2423204227396783,0.24738675958188153,0.0050663368422032284,0.0,True
primary,hurdle_iid,1339,iot__thermostat__status_true_fraction,True,True,True,0.007490854189652169,0.009407665505226481,0.0019168113155743124,0.0,True
primary,hurdle_iid,1339,iot__thermostat__temperature_mean,True,True,True,0.0020904709366471167,0.002264808362369338,0.00017433742572222147,0.0,True
primary,hurdle_iid,1339,iot__weather__humidity_mean,True,True,True,0.0009290981940653852,0.0003484320557491289,0.0005806661383162563,0.0,True
primary,hurdle_iid,1339,iot__weather__pressure_mean,True,True,True,0.0009290981940653852,0.0010452961672473868,0.00011619797318200152,0.0,True
primary,hurdle_iid,1339,iot__weather__temperature_mean,True,True,True,0.0009290981940653852,0.0006968641114982578,0.0002322340825671274,0.0,True
primary,hurdle_iid,1339,router__general__arp_count,False,True,True,0.12043435340572557,0.12421602787456446,0.003781674468838883,0.0,True
primary,hurdle_iid,1339,router__general__byte_count,True,True,True,0.0004645490970326926,0.0006968641114982578,0.00023231501446556522,0.0,True
primary,hurdle_iid,1339,router__general__dns_port_packets,True,True,True,0.6286510655594914,0.6311846689895471,0.0025336034300557086,0.0,True
primary,hurdle_iid,1339,router__general__http_port_packets,True,True,True,0.9925672144474769,0.9909407665505227,0.0016264478969542084,0.0,True
primary,hurdle_iid,1339,router__general__https_port_packets,True,True,True,0.8894953835433482,0.8928571428571429,0.0033617593137946766,0.0,True
primary,hurdle_iid,1339,router__general__icmp_count,True,True,True,0.058358980314732016,0.06411149825783972,0.005752517943107709,0.0,True
primary,hurdle_iid,1339,router__general__interarrival_positive_mean,False,True,True,0.0004645490970326926,0.00017421602787456446,0.00029033306915812816,0.0,True
primary,hurdle_iid,1339,router__general__interarrival_positive_std,False,True,True,0.0004645490970326926,0.0005226480836236934,5.809898659100076e-05,0.0,True
primary,hurdle_iid,1339,router__general__ipv4_count,True,True,True,0.0004645490970326926,0.0006968641114982578,0.00023231501446556522,0.0,True
primary,hurdle_iid,1339,router__general__ipv6_count,True,True,True,0.34074676267348003,0.3480836236933798,0.007336861019899776,0.0,True
primary,hurdle_iid,1339,router__general__mqtt_port_packets,True,True,True,0.00220660821090529,0.0015679442508710801,0.0006386639600342097,0.0,True
primary,hurdle_iid,1339,router__general__packet_count,True,True,True,0.0004645490970326926,0.0006968641114982578,0.00023231501446556522,0.0,True
primary,hurdle_iid,1339,router__general__packet_length_max,True,True,True,0.0004645490970326926,0.0005226480836236934,5.809898659100076e-05,0.0,True
primary,hurdle_iid,1339,router__general__packet_length_mean,True,True,True,0.0004645490970326926,0.0005226480836236934,5.809898659100076e-05,0.0,True
primary,hurdle_iid,1339,router__general__packet_length_min,True,True,True,0.0004645490970326926,0.00017421602787456446,0.00029033306915812816,0.0,True
primary,hurdle_iid,1339,router__general__packet_length_std,True,True,True,0.0004645490970326926,0.0006968641114982578,0.00023231501446556522,0.0,True
primary,hurdle_iid,1339,router__general__tcp_count,True,True,True,0.0004645490970326926,0.0003484320557491289,0.0001161170412835637,0.0,True
primary,hurdle_iid,1339,router__general__tcp_fin_count,False,True,True,0.9743336623889437,0.9766550522648083,0.00232138987586461,0.0,True
primary,hurdle_iid,1339,router__general__tcp_rst_count,False,True,True,0.9891411648568608,0.9881533101045297,0.0009878547523310965,0.0,True
primary,hurdle_iid,1339,router__general__tcp_syn_count,False,True,True,0.9693397595958423,0.9691637630662021,0.00017599652964017665,0.0,True
primary,hurdle_iid,1339,router__general__udp_count,True,True,True,0.29667266709250334,0.2872822299651568,0.009390437127346551,0.0,True
primary,hurdle_iid,1339,router__general__unique_dst_ip_count,False,True,True,0.0004645490970326926,0.0005226480836236934,5.809898659100076e-05,0.0,True
primary,hurdle_iid,1339,router__general__unique_endpoint_pair_count,True,True,True,0.0004645490970326926,0.0006968641114982578,0.00023231501446556522,0.0,True
primary,hurdle_iid,1339,router__general__unique_src_ip_count,False,True,True,0.0004645490970326926,0.0010452961672473868,0.0005807470702146941,0.0,True
primary,hurdle_iid,1339,router__iot_named__arp_count,True,True,True,0.20614366180825736,0.21742160278745645,0.011277940979199097,0.0,True
primary,hurdle_iid,1339,router__iot_named__byte_count,True,True,True,0.0002322745485163463,0.0,0.0002322745485163463,0.0,True
primary,hurdle_iid,1339,router__iot_named__dns_port_packets,True,True,True,0.6611114337146508,0.6700348432055749,0.008923409490924183,0.0,True
primary,hurdle_iid,1339,router__iot_named__http_port_packets,False,True,True,0.9983740781603856,0.9986062717770035,0.00023219361661785953,0.0,True
primary,hurdle_iid,1339,router__iot_named__https_port_packets,True,True,True,0.9447767260902387,0.9458188153310104,0.0010420892407717597,0.0,True
primary,hurdle_iid,1339,router__iot_named__icmp_count,False,True,True,0.9982579408861274,0.997212543554007,0.0010453973321203902,0.0,True
primary,hurdle_iid,1339,router__iot_named__interarrival_positive_mean,False,True,True,0.0002322745485163463,0.0003484320557491289,0.00011615750723278261,0.0,True
primary,hurdle_iid,1339,router__iot_named__interarrival_positive_std,False,True,True,0.0002322745485163463,0.0,0.0002322745485163463,0.0,True
primary,hurdle_iid,1339,router__iot_named__ipv4_count,True,True,True,0.0002322745485163463,0.0003484320557491289,0.00011615750723278261,0.0,True
primary,hurdle_iid,1339,router__iot_named__mqtt_port_packets,True,True,True,0.0018581963881307705,0.0013937282229965157,0.0004644681651342548,0.0,True
primary,hurdle_iid,1339,router__iot_named__packet_count,True,True,True,0.0002322745485163463,0.0,0.0002322745485163463,0.0,True
primary,hurdle_iid,1339,router__iot_named__packet_length_max,True,True,True,0.0002322745485163463,0.0005226480836236934,0.00029037353510734707,0.0,True
primary,hurdle_iid,1339,router__iot_named__packet_length_mean,True,True,True,0.0002322745485163463,0.00017421602787456446,5.805852064178185e-05,0.0,True
primary,hurdle_iid,1339,router__iot_named__packet_length_min,True,True,True,0.0002322745485163463,0.0,0.0002322745485163463,0.0,True
primary,hurdle_iid,1339,router__iot_named__packet_length_std,True,True,True,0.0002322745485163463,0.00017421602787456446,5.805852064178185e-05,0.0,True
primary,hurdle_iid,1339,router__iot_named__tcp_count,True,True,True,0.00040648045990360605,0.00017421602787456446,0.0002322644320290416,0.0,True
primary,hurdle_iid,1339,router__iot_named__tcp_fin_count,False,True,True,0.9912316357935079,0.9918118466898954,0.0005802108963874897,0.0,True
primary,hurdle_iid,1339,router__iot_named__tcp_rst_count,False,True,True,0.9979095290633528,0.997212543554007,0.0006969855093458266,0.0,True
primary,hurdle_iid,1339,router__iot_named__tcp_syn_count,False,True,True,0.9929736949073805,0.9935540069686412,0.000580312061260635,0.0,True
primary,hurdle_iid,1339,router__iot_named__udp_count,True,True,True,0.40078973346495556,0.401219512195122,0.0004297787301664191,0.0,True
primary,hurdle_iid,1339,router__iot_named__unique_dst_ip_count,True,True,True,0.0002322745485163463,0.0,0.0002322745485163463,0.0,True
primary,hurdle_iid,1339,router__iot_named__unique_endpoint_pair_count,True,True,True,0.0002322745485163463,0.0006968641114982578,0.00046458956298191153,0.0,True
primary,hurdle_iid,1339,router__iot_named__unique_src_ip_count,True,True,True,0.0002322745485163463,0.0006968641114982578,0.00046458956298191153,0.0,True
primary,hurdle_iid,1340,iot__fridge__condition_high_fraction,True,True,True,0.017188316590209626,0.017770034843205575,0.000581718252995949,0.0,True
primary,hurdle_iid,1340,iot__fridge__temperature_mean,True,True,True,0.0012194413797108183,0.0008710801393728223,0.00034836124033799597,0.0,True
primary,hurdle_iid,1340,iot__garage__door_open_fraction,True,True,True,0.5932872655478776,0.5912891986062718,0.0019980669416057584,0.0,True
primary,hurdle_iid,1340,iot__garage__smartphone_signal_true_fraction,False,True,True,0.5932872655478776,0.5916376306620209,0.0016496348858566767,0.0,True
primary,hurdle_iid,1340,iot__gps__latitude_mean,True,True,True,0.0009871668311944718,0.0008710801393728223,0.0001160866918216495,0.0,True
primary,hurdle_iid,1340,iot__gps__longitude_mean,True,True,True,0.0009871668311944718,0.0003484320557491289,0.0006387347754453429,0.0,True
primary,hurdle_iid,1340,iot__modbus__register_1_mean,True,True,True,0.0009871668311944718,0.0012195121951219512,0.00023234536392747942,0.0,True
primary,hurdle_iid,1340,iot__modbus__register_2_mean,True,True,True,0.0009871668311944718,0.0008710801393728223,0.0001160866918216495,0.0,True
primary,hurdle_iid,1340,iot__modbus__register_3_mean,True,True,True,0.0009871668311944718,0.0006968641114982578,0.00029030271969621396,0.0,True
primary,hurdle_iid,1340,iot__modbus__register_4_mean,True,True,True,0.0009871668311944718,0.0003484320557491289,0.0006387347754453429,0.0,True
primary,hurdle_iid,1340,iot__motion_light__light_on_fraction,True,True,True,0.2423204227396783,0.2407665505226481,0.001553872217030211,0.0,True
primary,hurdle_iid,1340,iot__motion_light__motion_true_fraction,True,True,True,0.2423204227396783,0.2367595818815331,0.005560840858145205,0.0,True
primary,hurdle_iid,1340,iot__thermostat__status_true_fraction,True,True,True,0.007490854189652169,0.0078397212543554,0.0003488670647032316,0.0,True
primary,hurdle_iid,1340,iot__thermostat__temperature_mean,True,True,True,0.0020904709366471167,0.0013937282229965157,0.000696742713650601,0.0,True
primary,hurdle_iid,1340,iot__weather__humidity_mean,True,True,True,0.0009290981940653852,0.0008710801393728223,5.801805469256294e-05,0.0,True
primary,hurdle_iid,1340,iot__weather__pressure_mean,True,True,True,0.0009290981940653852,0.0008710801393728223,5.801805469256294e-05,0.0,True
primary,hurdle_iid,1340,iot__weather__temperature_mean,True,True,True,0.0009290981940653852,0.0,0.0009290981940653852,0.0,True
primary,hurdle_iid,1340,router__general__arp_count,False,True,True,0.12043435340572557,0.12439024390243902,0.003955890496713452,0.0,True
primary,hurdle_iid,1340,router__general__byte_count,True,True,True,0.0004645490970326926,0.00017421602787456446,0.00029033306915812816,0.0,True
primary,hurdle_iid,1340,router__general__dns_port_packets,True,True,True,0.6286510655594914,0.6289198606271778,0.0002687950676864004,0.0,True
primary,hurdle_iid,1340,router__general__http_port_packets,True,True,True,0.9925672144474769,0.9916376306620209,0.0009295837854559341,0.0,True
primary,hurdle_iid,1340,router__general__https_port_packets,True,True,True,0.8894953835433482,0.889198606271777,0.0002967772715711803,0.0,True
primary,hurdle_iid,1340,router__general__icmp_count,True,True,True,0.058358980314732016,0.06167247386759582,0.003313493552863804,0.0,True
primary,hurdle_iid,1340,router__general__interarrival_positive_mean,False,True,True,0.0004645490970326926,0.0005226480836236934,5.809898659100076e-05,0.0,True
primary,hurdle_iid,1340,router__general__interarrival_positive_std,False,True,True,0.0004645490970326926,0.0006968641114982578,0.00023231501446556522,0.0,True
primary,hurdle_iid,1340,router__general__ipv4_count,True,True,True,0.0004645490970326926,0.0003484320557491289,0.0001161170412835637,0.0,True
primary,hurdle_iid,1340,router__general__ipv6_count,True,True,True,0.34074676267348003,0.3372822299651568,0.0034645327083232536,0.0,True
primary,hurdle_iid,1340,router__general__mqtt_port_packets,True,True,True,0.00220660821090529,0.0027874564459930314,0.0005808482350877415,0.0,True
primary,hurdle_iid,1340,router__general__packet_count,True,True,True,0.0004645490970326926,0.00017421602787456446,0.00029033306915812816,0.0,True
primary,hurdle_iid,1340,router__general__packet_length_max,True,True,True,0.0004645490970326926,0.0008710801393728223,0.0004065310423401297,0.0,True
primary,hurdle_iid,1340,router__general__packet_length_mean,True,True,True,0.0004645490970326926,0.0006968641114982578,0.00023231501446556522,0.0,True
primary,hurdle_iid,1340,router__general__packet_length_min,True,True,True,0.0004645490970326926,0.0006968641114982578,0.00023231501446556522,0.0,True
primary,hurdle_iid,1340,router__general__packet_length_std,True,True,True,0.0004645490970326926,0.00017421602787456446,0.00029033306915812816,0.0,True
primary,hurdle_iid,1340,router__general__tcp_count,True,True,True,0.0004645490970326926,0.0005226480836236934,5.809898659100076e-05,0.0,True
primary,hurdle_iid,1340,router__general__tcp_fin_count,False,True,True,0.9743336623889437,0.9721254355400697,0.0022082268488740064,0.0,True
primary,hurdle_iid,1340,router__general__tcp_rst_count,False,True,True,0.9891411648568608,0.989198606271777,5.7441414916259426e-05,0.0,True
primary,hurdle_iid,1340,router__general__tcp_syn_count,False,True,True,0.9693397595958423,0.9658536585365853,0.003486101059256952,0.0,True
primary,hurdle_iid,1340,router__general__udp_count,True,True,True,0.29667266709250334,0.29477351916376304,0.0018991479287402968,0.0,True
primary,hurdle_iid,1340,router__general__unique_dst_ip_count,False,True,True,0.0004645490970326926,0.0,0.0004645490970326926,0.0,True
primary,hurdle_iid,1340,router__general__unique_endpoint_pair_count,True,True,True,0.0004645490970326926,0.0003484320557491289,0.0001161170412835637,0.0,True
primary,hurdle_iid,1340,router__general__unique_src_ip_count,False,True,True,0.0004645490970326926,0.0005226480836236934,5.809898659100076e-05,0.0,True
primary,hurdle_iid,1340,router__iot_named__arp_count,True,True,True,0.20614366180825736,0.21289198606271778,0.006748324254460425,0.0,True
primary,hurdle_iid,1340,router__iot_named__byte_count,True,True,True,0.0002322745485163463,0.00017421602787456446,5.805852064178185e-05,0.0,True
primary,hurdle_iid,1340,router__iot_named__dns_port_packets,True,True,True,0.6611114337146508,0.6560975609756098,0.00501387273904097,0.0,True
primary,hurdle_iid,1340,router__iot_named__http_port_packets,False,True,True,0.9983740781603856,0.9982578397212544,0.00011623843913122212,0.0,True
primary,hurdle_iid,1340,router__iot_named__https_port_packets,True,True,True,0.9447767260902387,0.9451219512195121,0.00034522512927348536,0.0,True
primary,hurdle_iid,1340,router__iot_named__icmp_count,False,True,True,0.9982579408861274,0.9975609756097561,0.0006969652763713086,0.0,True
primary,hurdle_iid,1340,router__iot_named__interarrival_positive_mean,False,True,True,0.0002322745485163463,0.0,0.0002322745485163463,0.0,True
primary,hurdle_iid,1340,router__iot_named__interarrival_positive_std,False,True,True,0.0002322745485163463,0.00017421602787456446,5.805852064178185e-05,0.0,True
primary,hurdle_iid,1340,router__iot_named__ipv4_count,True,True,True,0.0002322745485163463,0.00017421602787456446,5.805852064178185e-05,0.0,True
primary,hurdle_iid,1340,router__iot_named__mqtt_port_packets,True,True,True,0.0018581963881307705,0.0015679442508710801,0.00029025213725969033,0.0,True
primary,hurdle_iid,1340,router__iot_named__packet_count,True,True,True,0.0002322745485163463,0.0,0.0002322745485163463,0.0,True
primary,hurdle_iid,1340,router__iot_named__packet_length_max,True,True,True,0.0002322745485163463,0.0,0.0002322745485163463,0.0,True
primary,hurdle_iid,1340,router__iot_named__packet_length_mean,True,True,True,0.0002322745485163463,0.0,0.0002322745485163463,0.0,True
primary,hurdle_iid,1340,router__iot_named__packet_length_min,True,True,True,0.0002322745485163463,0.0,0.0002322745485163463,0.0,True
primary,hurdle_iid,1340,router__iot_named__packet_length_std,True,True,True,0.0002322745485163463,0.00017421602787456446,5.805852064178185e-05,0.0,True
primary,hurdle_iid,1340,router__iot_named__tcp_count,True,True,True,0.00040648045990360605,0.0003484320557491289,5.8048404154477135e-05,0.0,True
primary,hurdle_iid,1340,router__iot_named__tcp_fin_count,False,True,True,0.9912316357935079,0.9926829268292683,0.0014512910357603603,0.0,True
primary,hurdle_iid,1340,router__iot_named__tcp_rst_count,False,True,True,0.9979095290633528,0.9977351916376307,0.0001743374257221486,0.0,True
primary,hurdle_iid,1340,router__iot_named__tcp_syn_count,False,True,True,0.9929736949073805,0.9918118466898954,0.0011618482174851064,0.0,True
primary,hurdle_iid,1340,router__iot_named__udp_count,True,True,True,0.40078973346495556,0.402787456445993,0.001997722981037453,0.0,True
primary,hurdle_iid,1340,router__iot_named__unique_dst_ip_count,True,True,True,0.0002322745485163463,0.0008710801393728223,0.000638805590856476,0.0,True
primary,hurdle_iid,1340,router__iot_named__unique_endpoint_pair_count,True,True,True,0.0002322745485163463,0.0003484320557491289,0.00011615750723278261,0.0,True
primary,hurdle_iid,1340,router__iot_named__unique_src_ip_count,True,True,True,0.0002322745485163463,0.00017421602787456446,5.805852064178185e-05,0.0,True
primary,hurdle_iid,1341,iot__fridge__condition_high_fraction,True,True,True,0.017188316590209626,0.014982578397212544,0.0022057381929970823,0.0,True
primary,hurdle_iid,1341,iot__fridge__temperature_mean,True,True,True,0.0012194413797108183,0.0006968641114982578,0.0005225772682125604,0.0,True
primary,hurdle_iid,1341,iot__garage__door_open_fraction,True,True,True,0.5932872655478776,0.5961672473867596,0.002879981838882051,0.0,True
primary,hurdle_iid,1341,iot__garage__smartphone_signal_true_fraction,False,True,True,0.5932872655478776,0.5865853658536585,0.006701899694219082,0.0,True
primary,hurdle_iid,1341,iot__gps__latitude_mean,True,True,True,0.0009871668311944718,0.0013937282229965157,0.0004065613918020439,0.0,True
primary,hurdle_iid,1341,iot__gps__longitude_mean,True,True,True,0.0009871668311944718,0.0006968641114982578,0.00029030271969621396,0.0,True
primary,hurdle_iid,1341,iot__modbus__register_1_mean,True,True,True,0.0009871668311944718,0.0006968641114982578,0.00029030271969621396,0.0,True
primary,hurdle_iid,1341,iot__modbus__register_2_mean,True,True,True,0.0009871668311944718,0.0010452961672473868,5.812933605291496e-05,0.0,True
primary,hurdle_iid,1341,iot__modbus__register_3_mean,True,True,True,0.0009871668311944718,0.001916376306620209,0.0009292094754257373,0.0,True
primary,hurdle_iid,1341,iot__modbus__register_4_mean,True,True,True,0.0009871668311944718,0.0005226480836236934,0.0004645187475707784,0.0,True
primary,hurdle_iid,1341,iot__motion_light__light_on_fraction,True,True,True,0.2423204227396783,0.2510452961672474,0.008724873427569113,0.0,True
primary,hurdle_iid,1341,iot__motion_light__motion_true_fraction,True,True,True,0.2423204227396783,0.24390243902439024,0.0015820162847119401,0.0,True
primary,hurdle_iid,1341,iot__thermostat__status_true_fraction,True,True,True,0.007490854189652169,0.007665505226480836,0.00017465103682866735,0.0,True
primary,hurdle_iid,1341,iot__thermostat__temperature_mean,True,True,True,0.0020904709366471167,0.001916376306620209,0.00017409463002690767,0.0,True
primary,hurdle_iid,1341,iot__weather__humidity_mean,True,True,True,0.0009290981940653852,0.0008710801393728223,5.801805469256294e-05,0.0,True
primary,hurdle_iid,1341,iot__weather__pressure_mean,True,True,True,0.0009290981940653852,0.0010452961672473868,0.00011619797318200152,0.0,True
primary,hurdle_iid,1341,iot__weather__temperature_mean,True,True,True,0.0009290981940653852,0.0010452961672473868,0.00011619797318200152,0.0,True
primary,hurdle_iid,1341,router__general__arp_count,False,True,True,0.12043435340572557,0.12351916376306621,0.0030848103573406366,0.0,True
primary,hurdle_iid,1341,router__general__byte_count,True,True,True,0.0004645490970326926,0.0003484320557491289,0.0001161170412835637,0.0,True
primary,hurdle_iid,1341,router__general__dns_port_packets,True,True,True,0.6286510655594914,0.6325783972125436,0.003927331653052257,0.0,True
primary,hurdle_iid,1341,router__general__http_port_packets,True,True,True,0.9925672144474769,0.9921602787456446,0.00040693570183225614,0.0,True
primary,hurdle_iid,1341,router__general__https_port_packets,True,True,True,0.8894953835433482,0.8801393728222997,0.009356010721048524,0.0,True
primary,hurdle_iid,1341,router__general__icmp_count,True,True,True,0.058358980314732016,0.05470383275261324,0.0036551475621187726,0.0,True
primary,hurdle_iid,1341,router__general__interarrival_positive_mean,False,True,True,0.0004645490970326926,0.0012195121951219512,0.0007549630980892586,0.0,True
primary,hurdle_iid,1341,router__general__interarrival_positive_std,False,True,True,0.0004645490970326926,0.0006968641114982578,0.00023231501446556522,0.0,True
primary,hurdle_iid,1341,router__general__ipv4_count,True,True,True,0.0004645490970326926,0.0003484320557491289,0.0001161170412835637,0.0,True
primary,hurdle_iid,1341,router__general__ipv6_count,True,True,True,0.34074676267348003,0.3344947735191638,0.00625198915431624,0.0,True
primary,hurdle_iid,1341,router__general__mqtt_port_packets,True,True,True,0.00220660821090529,0.0017421602787456446,0.00046444793215964526,0.0,True
primary,hurdle_iid,1341,router__general__packet_count,True,True,True,0.0004645490970326926,0.0005226480836236934,5.809898659100076e-05,0.0,True
primary,hurdle_iid,1341,router__general__packet_length_max,True,True,True,0.0004645490970326926,0.0005226480836236934,5.809898659100076e-05,0.0,True
primary,hurdle_iid,1341,router__general__packet_length_mean,True,True,True,0.0004645490970326926,0.0,0.0004645490970326926,0.0,True
primary,hurdle_iid,1341,router__general__packet_length_min,True,True,True,0.0004645490970326926,0.00017421602787456446,0.00029033306915812816,0.0,True
primary,hurdle_iid,1341,router__general__packet_length_std,True,True,True,0.0004645490970326926,0.0003484320557491289,0.0001161170412835637,0.0,True
primary,hurdle_iid,1341,router__general__tcp_count,True,True,True,0.0004645490970326926,0.0008710801393728223,0.0004065310423401297,0.0,True
primary,hurdle_iid,1341,router__general__tcp_fin_count,False,True,True,0.9743336623889437,0.9789198606271777,0.004586198238234029,0.0,True
primary,hurdle_iid,1341,router__general__tcp_rst_count,False,True,True,0.9891411648568608,0.9867595818815331,0.002381582975327645,0.0,True
primary,hurdle_iid,1341,router__general__tcp_syn_count,False,True,True,0.9693397595958423,0.9682926829268292,0.0010470766690130473,0.0,True
primary,hurdle_iid,1341,router__general__udp_count,True,True,True,0.29667266709250334,0.2954703832752613,0.0012022838172420225,0.0,True
primary,hurdle_iid,1341,router__general__unique_dst_ip_count,False,True,True,0.0004645490970326926,0.00017421602787456446,0.00029033306915812816,0.0,True
primary,hurdle_iid,1341,router__general__unique_endpoint_pair_count,True,True,True,0.0004645490970326926,0.0008710801393728223,0.0004065310423401297,0.0,True
primary,hurdle_iid,1341,router__general__unique_src_ip_count,False,True,True,0.0004645490970326926,0.0008710801393728223,0.0004065310423401297,0.0,True
primary,hurdle_iid,1341,router__iot_named__arp_count,True,True,True,0.20614366180825736,0.20261324041811846,0.0035304213901388992,0.0,True
primary,hurdle_iid,1341,router__iot_named__byte_count,True,True,True,0.0002322745485163463,0.0003484320557491289,0.00011615750723278261,0.0,True
primary,hurdle_iid,1341,router__iot_named__dns_port_packets,True,True,True,0.6611114337146508,0.6601045296167247,0.0010069040979260313,0.0,True
primary,hurdle_iid,1341,router__iot_named__http_port_packets,False,True,True,0.9983740781603856,0.9982578397212544,0.00011623843913122212,0.0,True
primary,hurdle_iid,1341,router__iot_named__https_port_packets,True,True,True,0.9447767260902387,0.9452961672473867,0.0005194411571480817,0.0,True
primary,hurdle_iid,1341,router__iot_named__icmp_count,False,True,True,0.9982579408861274,0.998780487804878,0.0005225469187506437,0.0,True
primary,hurdle_iid,1341,router__iot_named__interarrival_positive_mean,False,True,True,0.0002322745485163463,0.00017421602787456446,5.805852064178185e-05,0.0,True
primary,hurdle_iid,1341,router__iot_named__interarrival_positive_std,False,True,True,0.0002322745485163463,0.0003484320557491289,0.00011615750723278261,0.0,True
primary,hurdle_iid,1341,router__iot_named__ipv4_count,True,True,True,0.0002322745485163463,0.00017421602787456446,5.805852064178185e-05,0.0,True
primary,hurdle_iid,1341,router__iot_named__mqtt_port_packets,True,True,True,0.0018581963881307705,0.0013937282229965157,0.0004644681651342548,0.0,True
primary,hurdle_iid,1341,router__iot_named__packet_count,True,True,True,0.0002322745485163463,0.00017421602787456446,5.805852064178185e-05,0.0,True
primary,hurdle_iid,1341,router__iot_named__packet_length_max,True,True,True,0.0002322745485163463,0.00017421602787456446,5.805852064178185e-05,0.0,True
primary,hurdle_iid,1341,router__iot_named__packet_length_mean,True,True,True,0.0002322745485163463,0.00017421602787456446,5.805852064178185e-05,0.0,True
primary,hurdle_iid,1341,router__iot_named__packet_length_min,True,True,True,0.0002322745485163463,0.00017421602787456446,5.805852064178185e-05,0.0,True
primary,hurdle_iid,1341,router__iot_named__packet_length_std,True,True,True,0.0002322745485163463,0.0003484320557491289,0.00011615750723278261,0.0,True
primary,hurdle_iid,1341,router__iot_named__tcp_count,True,True,True,0.00040648045990360605,0.00017421602787456446,0.0002322644320290416,0.0,True
primary,hurdle_iid,1341,router__iot_named__tcp_fin_count,False,True,True,0.9912316357935079,0.9921602787456446,0.0009286429521366824,0.0,True
primary,hurdle_iid,1341,router__iot_named__tcp_rst_count,False,True,True,0.9979095290633528,0.9986062717770035,0.000696742713650611,0.0,True
primary,hurdle_iid,1341,router__iot_named__tcp_syn_count,False,True,True,0.9929736949073805,0.9923344947735192,0.0006392001338613174,0.0,True
primary,hurdle_iid,1341,router__iot_named__udp_count,True,True,True,0.40078973346495556,0.40644599303135887,0.00565625956640331,0.0,True
primary,hurdle_iid,1341,router__iot_named__unique_dst_ip_count,True,True,True,0.0002322745485163463,0.0003484320557491289,0.00011615750723278261,0.0,True
primary,hurdle_iid,1341,router__iot_named__unique_endpoint_pair_count,True,True,True,0.0002322745485163463,0.0003484320557491289,0.00011615750723278261,0.0,True
primary,hurdle_iid,1341,router__iot_named__unique_src_ip_count,True,True,True,0.0002322745485163463,0.0005226480836236934,0.00029037353510734707,0.0,True
primary,independent_stitch,1337,iot__fridge__condition_high_fraction,True,True,True,0.017188316590209626,0.015853658536585366,0.0013346580536242603,0.0,True
primary,independent_stitch,1337,iot__fridge__temperature_mean,True,True,True,0.0012194413797108183,0.004878048780487805,0.0036586074007769866,0.0,True
primary,independent_stitch,1337,iot__garage__door_open_fraction,True,True,True,0.5932872655478776,0.5881533101045296,0.005133955443347937,0.0,True
primary,independent_stitch,1337,iot__garage__smartphone_signal_true_fraction,False,True,True,0.5932872655478776,0.6019163763066202,0.00862911075874262,0.0,True
primary,independent_stitch,1337,iot__gps__latitude_mean,True,True,True,0.0009871668311944718,0.0003484320557491289,0.0006387347754453429,0.0,True
primary,independent_stitch,1337,iot__gps__longitude_mean,True,True,True,0.0009871668311944718,0.0024390243902439024,0.0014518575590494306,0.0,True
primary,independent_stitch,1337,iot__modbus__register_1_mean,True,True,True,0.0009871668311944718,0.0003484320557491289,0.0006387347754453429,0.0,True
primary,independent_stitch,1337,iot__modbus__register_2_mean,True,True,True,0.0009871668311944718,0.002264808362369338,0.0012776415311748664,0.0,True
primary,independent_stitch,1337,iot__modbus__register_3_mean,True,True,True,0.0009871668311944718,0.001916376306620209,0.0009292094754257373,0.0,True
primary,independent_stitch,1337,iot__modbus__register_4_mean,True,True,True,0.0009871668311944718,0.002264808362369338,0.0012776415311748664,0.0,True
primary,independent_stitch,1337,iot__motion_light__light_on_fraction,True,True,True,0.2423204227396783,0.24250871080139372,0.00018828806171541923,0.0,True
primary,independent_stitch,1337,iot__motion_light__motion_true_fraction,True,True,True,0.2423204227396783,0.2416376306620209,0.0006827920776573959,0.0,True
primary,independent_stitch,1337,iot__thermostat__status_true_fraction,True,True,True,0.007490854189652169,0.005574912891986063,0.0019159412976661062,0.0,True
primary,independent_stitch,1337,iot__thermostat__temperature_mean,True,True,True,0.0020904709366471167,0.004181184668989547,0.0020907137323424303,0.0,True
primary,independent_stitch,1337,iot__weather__humidity_mean,True,True,True,0.0009290981940653852,0.0003484320557491289,0.0005806661383162563,0.0,True
primary,independent_stitch,1337,iot__weather__pressure_mean,True,True,True,0.0009290981940653852,0.0,0.0009290981940653852,0.0,True
primary,independent_stitch,1337,iot__weather__temperature_mean,True,True,True,0.0009290981940653852,0.0005226480836236934,0.00040645011044169186,0.0,True
primary,independent_stitch,1337,router__general__arp_count,False,True,True,0.12043435340572557,0.10156794425087108,0.01886640915485449,0.0,True
primary,independent_stitch,1337,router__general__byte_count,True,True,True,0.0004645490970326926,0.0013937282229965157,0.0009291791259638231,0.0,True
primary,independent_stitch,1337,router__general__dns_port_packets,True,True,True,0.6286510655594914,0.6325783972125436,0.003927331653052257,0.0,True
primary,independent_stitch,1337,router__general__http_port_packets,True,True,True,0.9925672144474769,0.9979094076655052,0.005342193218028313,0.0,True
primary,independent_stitch,1337,router__general__https_port_packets,True,True,True,0.8894953835433482,0.8923344947735191,0.0028391112301708876,0.0,True
primary,independent_stitch,1337,router__general__icmp_count,True,True,True,0.058358980314732016,0.040940766550522645,0.01741821376420937,0.0,True
primary,independent_stitch,1337,router__general__interarrival_positive_mean,False,True,True,0.0004645490970326926,0.0013937282229965157,0.0009291791259638231,0.0,True
primary,independent_stitch,1337,router__general__interarrival_positive_std,False,True,True,0.0004645490970326926,0.0,0.0004645490970326926,0.0,True
primary,independent_stitch,1337,router__general__ipv4_count,True,True,True,0.0004645490970326926,0.0013937282229965157,0.0009291791259638231,0.0,True
primary,independent_stitch,1337,router__general__ipv6_count,True,True,True,0.34074676267348003,0.352787456445993,0.01204069377251299,0.0,True
primary,independent_stitch,1337,router__general__mqtt_port_packets,True,True,True,0.00220660821090529,0.0020905923344947735,0.00011601587641051634,0.0,True
primary,independent_stitch,1337,router__general__packet_count,True,True,True,0.0004645490970326926,0.0,0.0004645490970326926,0.0,True
primary,independent_stitch,1337,router__general__packet_length_max,True,True,True,0.0004645490970326926,0.0013937282229965157,0.0009291791259638231,0.0,True
primary,independent_stitch,1337,router__general__packet_length_mean,True,True,True,0.0004645490970326926,0.0,0.0004645490970326926,0.0,True
primary,independent_stitch,1337,router__general__packet_length_min,True,True,True,0.0004645490970326926,0.0,0.0004645490970326926,0.0,True
primary,independent_stitch,1337,router__general__packet_length_std,True,True,True,0.0004645490970326926,0.0,0.0004645490970326926,0.0,True
primary,independent_stitch,1337,router__general__tcp_count,True,True,True,0.0004645490970326926,0.0,0.0004645490970326926,0.0,True
primary,independent_stitch,1337,router__general__tcp_fin_count,False,True,True,0.9743336623889437,0.972822299651568,0.0015113627373757321,0.0,True
primary,independent_stitch,1337,router__general__tcp_rst_count,False,True,True,0.9891411648568608,0.9881533101045297,0.0009878547523310965,0.0,True
primary,independent_stitch,1337,router__general__tcp_syn_count,False,True,True,0.9693397595958423,0.971602787456446,0.002263027860603728,0.0,True
primary,independent_stitch,1337,router__general__udp_count,True,True,True,0.29667266709250334,0.2993031358885017,0.0026304687959983752,0.0,True
primary,independent_stitch,1337,router__general__unique_dst_ip_count,False,True,True,0.0004645490970326926,0.0013937282229965157,0.0009291791259638231,0.0,True
primary,independent_stitch,1337,router__general__unique_endpoint_pair_count,True,True,True,0.0004645490970326926,0.0,0.0004645490970326926,0.0,True
primary,independent_stitch,1337,router__general__unique_src_ip_count,False,True,True,0.0004645490970326926,0.0013937282229965157,0.0009291791259638231,0.0,True
primary,independent_stitch,1337,router__iot_named__arp_count,True,True,True,0.20614366180825736,0.19059233449477353,0.015551327313483826,0.0,True
primary,independent_stitch,1337,router__iot_named__byte_count,True,True,True,0.0002322745485163463,0.0,0.0002322745485163463,0.0,True
primary,independent_stitch,1337,router__iot_named__dns_port_packets,True,True,True,0.6611114337146508,0.6602787456445993,0.000832688070051435,0.0,True
primary,independent_stitch,1337,router__iot_named__http_port_packets,False,True,True,0.9983740781603856,0.998780487804878,0.00040640964449245587,0.0,True
primary,independent_stitch,1337,router__iot_named__https_port_packets,True,True,True,0.9447767260902387,0.9623693379790941,0.017592611888855414,0.0,True
primary,independent_stitch,1337,router__iot_named__icmp_count,False,True,True,0.9982579408861274,0.997212543554007,0.0010453973321203902,0.0,True
primary,independent_stitch,1337,router__iot_named__interarrival_positive_mean,False,True,True,0.0002322745485163463,0.0006968641114982578,0.00046458956298191153,0.0,True
primary,independent_stitch,1337,router__iot_named__interarrival_positive_std,False,True,True,0.0002322745485163463,0.0,0.0002322745485163463,0.0,True
primary,independent_stitch,1337,router__iot_named__ipv4_count,True,True,True,0.0002322745485163463,0.0,0.0002322745485163463,0.0,True
primary,independent_stitch,1337,router__iot_named__mqtt_port_packets,True,True,True,0.0018581963881307705,0.001916376306620209,5.8179918489438586e-05,0.0,True
primary,independent_stitch,1337,router__iot_named__packet_count,True,True,True,0.0002322745485163463,0.0006968641114982578,0.00046458956298191153,0.0,True
primary,independent_stitch,1337,router__iot_named__packet_length_max,True,True,True,0.0002322745485163463,0.0,0.0002322745485163463,0.0,True
primary,independent_stitch,1337,router__iot_named__packet_length_mean,True,True,True,0.0002322745485163463,0.0,0.0002322745485163463,0.0,True
primary,independent_stitch,1337,router__iot_named__packet_length_min,True,True,True,0.0002322745485163463,0.0,0.0002322745485163463,0.0,True
primary,independent_stitch,1337,router__iot_named__packet_length_std,True,True,True,0.0002322745485163463,0.0,0.0002322745485163463,0.0,True
primary,independent_stitch,1337,router__iot_named__tcp_count,True,True,True,0.00040648045990360605,0.0010452961672473868,0.0006388157073437807,0.0,True
primary,independent_stitch,1337,router__iot_named__tcp_fin_count,False,True,True,0.9912316357935079,0.989198606271777,0.0020330295217309002,0.0,True
primary,independent_stitch,1337,router__iot_named__tcp_rst_count,False,True,True,0.9979095290633528,0.998780487804878,0.0008709587415252074,0.0,True
primary,independent_stitch,1337,router__iot_named__tcp_syn_count,False,True,True,0.9929736949073805,0.9937282229965156,0.0007545280891351203,0.0,True
primary,independent_stitch,1337,router__iot_named__udp_count,True,True,True,0.40078973346495556,0.3945993031358885,0.006190430329067076,0.0,True
primary,independent_stitch,1337,router__iot_named__unique_dst_ip_count,True,True,True,0.0002322745485163463,0.0,0.0002322745485163463,0.0,True
primary,independent_stitch,1337,router__iot_named__unique_endpoint_pair_count,True,True,True,0.0002322745485163463,0.0006968641114982578,0.00046458956298191153,0.0,True
primary,independent_stitch,1337,router__iot_named__unique_src_ip_count,True,True,True,0.0002322745485163463,0.0,0.0002322745485163463,0.0,True
primary,independent_stitch,1338,iot__fridge__condition_high_fraction,True,True,True,0.017188316590209626,0.01794425087108014,0.0007559342808705141,0.0,True
primary,independent_stitch,1338,iot__fridge__temperature_mean,True,True,True,0.0012194413797108183,0.0017421602787456446,0.0005227188990348263,0.0,True
primary,independent_stitch,1338,iot__garage__door_open_fraction,True,True,True,0.5932872655478776,0.5956445993031358,0.002357333755258262,0.0,True
primary,independent_stitch,1338,iot__garage__smartphone_signal_true_fraction,False,True,True,0.5932872655478776,0.5925087108013938,0.0007785547464838061,0.0,True
primary,independent_stitch,1338,iot__gps__latitude_mean,True,True,True,0.0009871668311944718,0.0015679442508710801,0.0005807774196766083,0.0,True
primary,independent_stitch,1338,iot__gps__longitude_mean,True,True,True,0.0009871668311944718,0.0,0.0009871668311944718,0.0,True
primary,independent_stitch,1338,iot__modbus__register_1_mean,True,True,True,0.0009871668311944718,0.0010452961672473868,5.812933605291496e-05,0.0,True
primary,independent_stitch,1338,iot__modbus__register_2_mean,True,True,True,0.0009871668311944718,0.0012195121951219512,0.00023234536392747942,0.0,True
primary,independent_stitch,1338,iot__modbus__register_3_mean,True,True,True,0.0009871668311944718,0.0,0.0009871668311944718,0.0,True
primary,independent_stitch,1338,iot__modbus__register_4_mean,True,True,True,0.0009871668311944718,0.0008710801393728223,0.0001160866918216495,0.0,True
primary,independent_stitch,1338,iot__motion_light__light_on_fraction,True,True,True,0.2423204227396783,0.24337979094076656,0.0010593682010882621,0.0,True
primary,independent_stitch,1338,iot__motion_light__motion_true_fraction,True,True,True,0.2423204227396783,0.23693379790940766,0.0053866248302706365,0.0,True
primary,independent_stitch,1338,iot__thermostat__status_true_fraction,True,True,True,0.007490854189652169,0.009581881533101045,0.0020910273434488758,0.0,True
primary,independent_stitch,1338,iot__thermostat__temperature_mean,True,True,True,0.0020904709366471167,0.003832752613240418,0.0017422816765933014,0.0,True
primary,independent_stitch,1338,iot__weather__humidity_mean,True,True,True,0.0009290981940653852,0.00017421602787456446,0.0007548821661908208,0.0,True
primary,independent_stitch,1338,iot__weather__pressure_mean,True,True,True,0.0009290981940653852,0.0,0.0009290981940653852,0.0,True
primary,independent_stitch,1338,iot__weather__temperature_mean,True,True,True,0.0009290981940653852,0.0003484320557491289,0.0005806661383162563,0.0,True
primary,independent_stitch,1338,router__general__arp_count,False,True,True,0.12043435340572557,0.1381533101045296,0.017718956698804036,0.0,True
primary,independent_stitch,1338,router__general__byte_count,True,True,True,0.0004645490970326926,0.0,0.0004645490970326926,0.0,True
primary,independent_stitch,1338,router__general__dns_port_packets,True,True,True,0.6286510655594914,0.628397212543554,0.0002538530159373886,0.0,True
primary,independent_stitch,1338,router__general__http_port_packets,True,True,True,0.9925672144474769,0.9844947735191638,0.008072440928313052,0.0,True
primary,independent_stitch,1338,router__general__https_port_packets,True,True,True,0.8894953835433482,0.8888501742160279,0.000645209327320373,0.0,True
primary,independent_stitch,1338,router__general__icmp_count,True,True,True,0.058358980314732016,0.06219512195121951,0.003836141636487496,0.0,True
primary,independent_stitch,1338,router__general__interarrival_positive_mean,False,True,True,0.0004645490970326926,0.0,0.0004645490970326926,0.0,True
primary,independent_stitch,1338,router__general__interarrival_positive_std,False,True,True,0.0004645490970326926,0.0013937282229965157,0.0009291791259638231,0.0,True
primary,independent_stitch,1338,router__general__ipv4_count,True,True,True,0.0004645490970326926,0.0013937282229965157,0.0009291791259638231,0.0,True
primary,independent_stitch,1338,router__general__ipv6_count,True,True,True,0.34074676267348003,0.3386759581881533,0.002070804485326705,0.0,True
primary,independent_stitch,1338,router__general__mqtt_port_packets,True,True,True,0.00220660821090529,0.0013937282229965157,0.0008128799879087742,0.0,True
primary,independent_stitch,1338,router__general__packet_count,True,True,True,0.0004645490970326926,0.0003484320557491289,0.0001161170412835637,0.0,True
primary,independent_stitch,1338,router__general__packet_length_max,True,True,True,0.0004645490970326926,0.0,0.0004645490970326926,0.0,True
primary,independent_stitch,1338,router__general__packet_length_mean,True,True,True,0.0004645490970326926,0.0,0.0004645490970326926,0.0,True
primary,independent_stitch,1338,router__general__packet_length_min,True,True,True,0.0004645490970326926,0.0,0.0004645490970326926,0.0,True
primary,independent_stitch,1338,router__general__packet_length_std,True,True,True,0.0004645490970326926,0.0,0.0004645490970326926,0.0,True
primary,independent_stitch,1338,router__general__tcp_count,True,True,True,0.0004645490970326926,0.0,0.0004645490970326926,0.0,True
primary,independent_stitch,1338,router__general__tcp_fin_count,False,True,True,0.9743336623889437,0.9719512195121951,0.0023824428767486028,0.0,True
primary,independent_stitch,1338,router__general__tcp_rst_count,False,True,True,0.9891411648568608,0.9890243902439024,0.00011677461295833691,0.0,True
primary,independent_stitch,1338,router__general__tcp_syn_count,False,True,True,0.9693397595958423,0.973170731707317,0.003830972111474762,0.0,True
primary,independent_stitch,1338,router__general__udp_count,True,True,True,0.29667266709250334,0.281184668989547,0.015487998102956313,0.0,True
primary,independent_stitch,1338,router__general__unique_dst_ip_count,False,True,True,0.0004645490970326926,0.0,0.0004645490970326926,0.0,True
primary,independent_stitch,1338,router__general__unique_endpoint_pair_count,True,True,True,0.0004645490970326926,0.0,0.0004645490970326926,0.0,True
primary,independent_stitch,1338,router__general__unique_src_ip_count,False,True,True,0.0004645490970326926,0.0013937282229965157,0.0009291791259638231,0.0,True
primary,independent_stitch,1338,router__iot_named__arp_count,True,True,True,0.20614366180825736,0.20574912891986064,0.0003945328883967203,0.0,True
primary,independent_stitch,1338,router__iot_named__byte_count,True,True,True,0.0002322745485163463,0.0,0.0002322745485163463,0.0,True
primary,independent_stitch,1338,router__iot_named__dns_port_packets,True,True,True,0.6611114337146508,0.6611498257839721,3.839206932132466e-05,0.0,True
primary,independent_stitch,1338,router__iot_named__http_port_packets,False,True,False,0.9983740781603856,1.0,0.0016259218396144082,0.0,True
primary,independent_stitch,1338,router__iot_named__https_port_packets,True,True,True,0.9447767260902387,0.9407665505226481,0.004010175567590535,0.0,True
primary,independent_stitch,1338,router__iot_named__icmp_count,False,True,True,0.9982579408861274,0.9977351916376307,0.0005227492484967122,0.0,True
primary,independent_stitch,1338,router__iot_named__interarrival_positive_mean,False,True,True,0.0002322745485163463,0.0,0.0002322745485163463,0.0,True
primary,independent_stitch,1338,router__iot_named__interarrival_positive_std,False,True,True,0.0002322745485163463,0.0,0.0002322745485163463,0.0,True
primary,independent_stitch,1338,router__iot_named__ipv4_count,True,True,True,0.0002322745485163463,0.0006968641114982578,0.00046458956298191153,0.0,True
primary,independent_stitch,1338,router__iot_named__mqtt_port_packets,True,True,True,0.0018581963881307705,0.001916376306620209,5.8179918489438586e-05,0.0,True
primary,independent_stitch,1338,router__iot_named__packet_count,True,True,True,0.0002322745485163463,0.0006968641114982578,0.00046458956298191153,0.0,True
primary,independent_stitch,1338,router__iot_named__packet_length_max,True,True,True,0.0002322745485163463,0.0,0.0002322745485163463,0.0,True
primary,independent_stitch,1338,router__iot_named__packet_length_mean,True,True,True,0.0002322745485163463,0.0,0.0002322745485163463,0.0,True
primary,independent_stitch,1338,router__iot_named__packet_length_min,True,True,True,0.0002322745485163463,0.0006968641114982578,0.00046458956298191153,0.0,True
primary,independent_stitch,1338,router__iot_named__packet_length_std,True,True,True,0.0002322745485163463,0.0,0.0002322745485163463,0.0,True
primary,independent_stitch,1338,router__iot_named__tcp_count,True,True,True,0.00040648045990360605,0.0017421602787456446,0.0013356798188420387,0.0,True
primary,independent_stitch,1338,router__iot_named__tcp_fin_count,False,True,True,0.9912316357935079,0.9893728222996516,0.001858813493856304,0.0,True
primary,independent_stitch,1338,router__iot_named__tcp_rst_count,False,True,True,0.9979095290633528,0.998432055749129,0.0005225266857761257,0.0,True
primary,independent_stitch,1338,router__iot_named__tcp_syn_count,False,True,True,0.9929736949073805,0.9935540069686412,0.000580312061260635,0.0,True
primary,independent_stitch,1338,router__iot_named__udp_count,True,True,True,0.40078973346495556,0.36341463414634145,0.0373750993186141,0.0,True
primary,independent_stitch,1338,router__iot_named__unique_dst_ip_count,True,True,True,0.0002322745485163463,0.0012195121951219512,0.000987237646605605,0.0,True
primary,independent_stitch,1338,router__iot_named__unique_endpoint_pair_count,True,True,True,0.0002322745485163463,0.0006968641114982578,0.00046458956298191153,0.0,True
primary,independent_stitch,1338,router__iot_named__unique_src_ip_count,True,True,True,0.0002322745485163463,0.0006968641114982578,0.00046458956298191153,0.0,True
primary,independent_stitch,1339,iot__fridge__condition_high_fraction,True,True,True,0.017188316590209626,0.014982578397212544,0.0022057381929970823,0.0,True
primary,independent_stitch,1339,iot__fridge__temperature_mean,True,True,True,0.0012194413797108183,0.0,0.0012194413797108183,0.0,True
primary,independent_stitch,1339,iot__garage__door_open_fraction,True,True,True,0.5932872655478776,0.5902439024390244,0.0030433631088532254,0.0,True
primary,independent_stitch,1339,iot__garage__smartphone_signal_true_fraction,False,True,True,0.5932872655478776,0.6015679442508711,0.008280678702993538,0.0,True
primary,independent_stitch,1339,iot__gps__latitude_mean,True,True,True,0.0009871668311944718,0.00017421602787456446,0.0008129508033199073,0.0,True
primary,independent_stitch,1339,iot__gps__longitude_mean,True,True,True,0.0009871668311944718,0.0003484320557491289,0.0006387347754453429,0.0,True
primary,independent_stitch,1339,iot__modbus__register_1_mean,True,True,True,0.0009871668311944718,0.0008710801393728223,0.0001160866918216495,0.0,True
primary,independent_stitch,1339,iot__modbus__register_2_mean,True,True,True,0.0009871668311944718,0.00017421602787456446,0.0008129508033199073,0.0,True
primary,independent_stitch,1339,iot__modbus__register_3_mean,True,True,True,0.0009871668311944718,0.002613240418118467,0.0016260735869239953,0.0,True
primary,independent_stitch,1339,iot__modbus__register_4_mean,True,True,True,0.0009871668311944718,0.0,0.0009871668311944718,0.0,True
primary,independent_stitch,1339,iot__motion_light__light_on_fraction,True,True,True,0.2423204227396783,0.24668989547038328,0.004369472730704982,0.0,True
primary,independent_stitch,1339,iot__motion_light__motion_true_fraction,True,True,True,0.2423204227396783,0.24146341463414633,0.0008570081055319645,0.0,True
primary,independent_stitch,1339,iot__thermostat__status_true_fraction,True,True,True,0.007490854189652169,0.008188153310104529,0.0006972991204523601,0.0,True
primary,independent_stitch,1339,iot__thermostat__temperature_mean,True,True,True,0.0020904709366471167,0.0006968641114982578,0.0013936068251488589,0.0,True
primary,independent_stitch,1339,iot__weather__humidity_mean,True,True,True,0.0009290981940653852,0.0,0.0009290981940653852,0.0,True
primary,independent_stitch,1339,iot__weather__pressure_mean,True,True,True,0.0009290981940653852,0.00017421602787456446,0.0007548821661908208,0.0,True
primary,independent_stitch,1339,iot__weather__temperature_mean,True,True,True,0.0009290981940653852,0.0003484320557491289,0.0005806661383162563,0.0,True
primary,independent_stitch,1339,router__general__arp_count,False,True,True,0.12043435340572557,0.10540069686411149,0.01503365654161408,0.0,True
primary,independent_stitch,1339,router__general__byte_count,True,True,True,0.0004645490970326926,0.0,0.0004645490970326926,0.0,True
primary,independent_stitch,1339,router__general__dns_port_packets,True,True,True,0.6286510655594914,0.6318815331010453,0.003230467541553983,0.0,True
primary,independent_stitch,1339,router__general__http_port_packets,True,True,True,0.9925672144474769,0.9963414634146341,0.0037742489671572788,0.0,True
primary,independent_stitch,1339,router__general__https_port_packets,True,True,True,0.8894953835433482,0.9006968641114983,0.011201480568150068,0.0,True
primary,independent_stitch,1339,router__general__icmp_count,True,True,True,0.058358980314732016,0.05731707317073171,0.0010419071440003064,0.0,True
primary,independent_stitch,1339,router__general__interarrival_positive_mean,False,True,True,0.0004645490970326926,0.0,0.0004645490970326926,0.0,True
primary,independent_stitch,1339,router__general__interarrival_positive_std,False,True,True,0.0004645490970326926,0.0,0.0004645490970326926,0.0,True
primary,independent_stitch,1339,router__general__ipv4_count,True,True,True,0.0004645490970326926,0.0024390243902439024,0.00197447529321121,0.0,True
primary,independent_stitch,1339,router__general__ipv6_count,True,True,True,0.34074676267348003,0.3337979094076655,0.006948853265814514,0.0,True
primary,independent_stitch,1339,router__general__mqtt_port_packets,True,True,True,0.00220660821090529,0.0017421602787456446,0.00046444793215964526,0.0,True
primary,independent_stitch,1339,router__general__packet_count,True,True,True,0.0004645490970326926,0.0013937282229965157,0.0009291791259638231,0.0,True
primary,independent_stitch,1339,router__general__packet_length_max,True,True,True,0.0004645490970326926,0.0,0.0004645490970326926,0.0,True
primary,independent_stitch,1339,router__general__packet_length_mean,True,True,True,0.0004645490970326926,0.0027874564459930314,0.002322907348960339,0.0,True
primary,independent_stitch,1339,router__general__packet_length_min,True,True,True,0.0004645490970326926,0.0,0.0004645490970326926,0.0,True
primary,independent_stitch,1339,router__general__packet_length_std,True,True,True,0.0004645490970326926,0.0,0.0004645490970326926,0.0,True
primary,independent_stitch,1339,router__general__tcp_count,True,True,True,0.0004645490970326926,0.0,0.0004645490970326926,0.0,True
primary,independent_stitch,1339,router__general__tcp_fin_count,False,True,True,0.9743336623889437,0.9782229965156795,0.003889334126735755,0.0,True
primary,independent_stitch,1339,router__general__tcp_rst_count,False,True,True,0.9891411648568608,0.9881533101045297,0.0009878547523310965,0.0,True
primary,independent_stitch,1339,router__general__tcp_syn_count,False,True,True,0.9693397595958423,0.9736933797909407,0.00435362019509844,0.0,True
primary,independent_stitch,1339,router__general__udp_count,True,True,True,0.29667266709250334,0.3118466898954704,0.015174022802967035,0.0,True
primary,independent_stitch,1339,router__general__unique_dst_ip_count,False,True,True,0.0004645490970326926,0.0013937282229965157,0.0009291791259638231,0.0,True
primary,independent_stitch,1339,router__general__unique_endpoint_pair_count,True,True,True,0.0004645490970326926,0.0,0.0004645490970326926,0.0,True
primary,independent_stitch,1339,router__general__unique_src_ip_count,False,True,True,0.0004645490970326926,0.0,0.0004645490970326926,0.0,True
primary,independent_stitch,1339,router__iot_named__arp_count,True,True,True,0.20614366180825736,0.24337979094076656,0.037236129132509205,0.0,True
primary,independent_stitch,1339,router__iot_named__byte_count,True,True,True,0.0002322745485163463,0.0,0.0002322745485163463,0.0,True
primary,independent_stitch,1339,router__iot_named__dns_port_packets,True,True,True,0.6611114337146508,0.662020905923345,0.0009094722086941953,0.0,True
primary,independent_stitch,1339,router__iot_named__http_port_packets,False,True,True,0.9983740781603856,0.9986062717770035,0.00023219361661785953,0.0,True
primary,independent_stitch,1339,router__iot_named__https_port_packets,True,True,True,0.9447767260902387,0.9498257839721255,0.005049057881886809,0.0,True
primary,independent_stitch,1339,router__iot_named__icmp_count,False,True,True,0.9982579408861274,0.9980836236933798,0.00017431719274763058,0.0,True
primary,independent_stitch,1339,router__iot_named__interarrival_positive_mean,False,True,True,0.0002322745485163463,0.0,0.0002322745485163463,0.0,True
primary,independent_stitch,1339,router__iot_named__interarrival_positive_std,False,True,True,0.0002322745485163463,0.0,0.0002322745485163463,0.0,True
primary,independent_stitch,1339,router__iot_named__ipv4_count,True,True,True,0.0002322745485163463,0.0006968641114982578,0.00046458956298191153,0.0,True
primary,independent_stitch,1339,router__iot_named__mqtt_port_packets,True,True,True,0.0018581963881307705,0.003832752613240418,0.0019745562251096476,0.0,True
primary,independent_stitch,1339,router__iot_named__packet_count,True,True,True,0.0002322745485163463,0.0006968641114982578,0.00046458956298191153,0.0,True
primary,independent_stitch,1339,router__iot_named__packet_length_max,True,True,True,0.0002322745485163463,0.0006968641114982578,0.00046458956298191153,0.0,True
primary,independent_stitch,1339,router__iot_named__packet_length_mean,True,True,True,0.0002322745485163463,0.0006968641114982578,0.00046458956298191153,0.0,True
primary,independent_stitch,1339,router__iot_named__packet_length_min,True,True,True,0.0002322745485163463,0.0,0.0002322745485163463,0.0,True
primary,independent_stitch,1339,router__iot_named__packet_length_std,True,True,True,0.0002322745485163463,0.0,0.0002322745485163463,0.0,True
primary,independent_stitch,1339,router__iot_named__tcp_count,True,True,True,0.00040648045990360605,0.0006968641114982578,0.0002903836515946518,0.0,True
primary,independent_stitch,1339,router__iot_named__tcp_fin_count,False,True,True,0.9912316357935079,0.993205574912892,0.0019739391193840383,0.0,True
primary,independent_stitch,1339,router__iot_named__tcp_rst_count,False,True,True,0.9979095290633528,0.9982578397212544,0.0003483106579015294,0.0,True
primary,independent_stitch,1339,router__iot_named__tcp_syn_count,False,True,True,0.9929736949073805,0.9914634146341463,0.001510280273234188,0.0,True
primary,independent_stitch,1339,router__iot_named__udp_count,True,True,True,0.40078973346495556,0.3656794425087108,0.03511029095624474,0.0,True
primary,independent_stitch,1339,router__iot_named__unique_dst_ip_count,True,True,True,0.0002322745485163463,0.0,0.0002322745485163463,0.0,True
primary,independent_stitch,1339,router__iot_named__unique_endpoint_pair_count,True,True,True,0.0002322745485163463,0.0006968641114982578,0.00046458956298191153,0.0,True
primary,independent_stitch,1339,router__iot_named__unique_src_ip_count,True,True,True,0.0002322745485163463,0.0006968641114982578,0.00046458956298191153,0.0,True
primary,independent_stitch,1340,iot__fridge__condition_high_fraction,True,True,True,0.017188316590209626,0.020209059233449476,0.00302074264323985,0.0,True
primary,independent_stitch,1340,iot__fridge__temperature_mean,True,True,True,0.0012194413797108183,0.0005226480836236934,0.0006967932960871249,0.0,True
primary,independent_stitch,1340,iot__garage__door_open_fraction,True,True,True,0.5932872655478776,0.5970383275261324,0.0037510619782548105,0.0,True
primary,independent_stitch,1340,iot__garage__smartphone_signal_true_fraction,False,True,True,0.5932872655478776,0.5897212543554007,0.0035660111924769033,0.0,True
primary,independent_stitch,1340,iot__gps__latitude_mean,True,True,True,0.0009871668311944718,0.0012195121951219512,0.00023234536392747942,0.0,True
primary,independent_stitch,1340,iot__gps__longitude_mean,True,True,True,0.0009871668311944718,0.0003484320557491289,0.0006387347754453429,0.0,True
primary,independent_stitch,1340,iot__modbus__register_1_mean,True,True,True,0.0009871668311944718,0.00017421602787456446,0.0008129508033199073,0.0,True
primary,independent_stitch,1340,iot__modbus__register_2_mean,True,True,True,0.0009871668311944718,0.0003484320557491289,0.0006387347754453429,0.0,True
primary,independent_stitch,1340,iot__modbus__register_3_mean,True,True,True,0.0009871668311944718,0.00017421602787456446,0.0008129508033199073,0.0,True
primary,independent_stitch,1340,iot__modbus__register_4_mean,True,True,True,0.0009871668311944718,0.00017421602787456446,0.0008129508033199073,0.0,True
primary,independent_stitch,1340,iot__motion_light__light_on_fraction,True,True,True,0.2423204227396783,0.23780487804878048,0.004515544690897821,0.0,True
primary,independent_stitch,1340,iot__motion_light__motion_true_fraction,True,True,True,0.2423204227396783,0.23641114982578398,0.0059092729138943145,0.0,True
primary,independent_stitch,1340,iot__thermostat__status_true_fraction,True,True,True,0.007490854189652169,0.005749128919860627,0.001741725269791542,0.0,True
primary,independent_stitch,1340,iot__thermostat__temperature_mean,True,True,True,0.0020904709366471167,0.0024390243902439024,0.0003485534535967857,0.0,True
primary,independent_stitch,1340,iot__weather__humidity_mean,True,True,True,0.0009290981940653852,0.00017421602787456446,0.0007548821661908208,0.0,True
primary,independent_stitch,1340,iot__weather__pressure_mean,True,True,True,0.0009290981940653852,0.00017421602787456446,0.0007548821661908208,0.0,True
primary,independent_stitch,1340,iot__weather__temperature_mean,True,True,True,0.0009290981940653852,0.0,0.0009290981940653852,0.0,True
primary,independent_stitch,1340,router__general__arp_count,False,True,True,0.12043435340572557,0.11097560975609756,0.00945874364962801,0.0,True
primary,independent_stitch,1340,router__general__byte_count,True,True,True,0.0004645490970326926,0.0,0.0004645490970326926,0.0,True
primary,independent_stitch,1340,router__general__dns_port_packets,True,True,True,0.6286510655594914,0.6249128919860627,0.003738173573428649,0.0,True
primary,independent_stitch,1340,router__general__http_port_packets,True,True,True,0.9925672144474769,0.9869337979094077,0.005633416538069147,0.0,True
primary,independent_stitch,1340,router__general__https_port_packets,True,True,True,0.8894953835433482,0.8980836236933798,0.008588240150031567,0.0,True
primary,independent_stitch,1340,router__general__icmp_count,True,True,True,0.058358980314732016,0.05627177700348432,0.002087203311247697,0.0,True
primary,independent_stitch,1340,router__general__interarrival_positive_mean,False,True,True,0.0004645490970326926,0.0,0.0004645490970326926,0.0,True
primary,independent_stitch,1340,router__general__interarrival_positive_std,False,True,True,0.0004645490970326926,0.0013937282229965157,0.0009291791259638231,0.0,True
primary,independent_stitch,1340,router__general__ipv4_count,True,True,True,0.0004645490970326926,0.0,0.0004645490970326926,0.0,True
primary,independent_stitch,1340,router__general__ipv6_count,True,True,True,0.34074676267348003,0.3137630662020906,0.02698369647138943,0.0,True
primary,independent_stitch,1340,router__general__mqtt_port_packets,True,True,True,0.00220660821090529,0.00017421602787456446,0.002032392183030725,0.0,True
primary,independent_stitch,1340,router__general__packet_count,True,True,True,0.0004645490970326926,0.0013937282229965157,0.0009291791259638231,0.0,True
primary,independent_stitch,1340,router__general__packet_length_max,True,True,True,0.0004645490970326926,0.0,0.0004645490970326926,0.0,True
primary,independent_stitch,1340,router__general__packet_length_mean,True,True,True,0.0004645490970326926,0.0,0.0004645490970326926,0.0,True
primary,independent_stitch,1340,router__general__packet_length_min,True,True,True,0.0004645490970326926,0.0,0.0004645490970326926,0.0,True
primary,independent_stitch,1340,router__general__packet_length_std,True,True,True,0.0004645490970326926,0.0013937282229965157,0.0009291791259638231,0.0,True
primary,independent_stitch,1340,router__general__tcp_count,True,True,True,0.0004645490970326926,0.0,0.0004645490970326926,0.0,True
primary,independent_stitch,1340,router__general__tcp_fin_count,False,True,True,0.9743336623889437,0.9717770034843206,0.002556658904623088,0.0,True
primary,independent_stitch,1340,router__general__tcp_rst_count,False,True,True,0.9891411648568608,0.9909407665505227,0.0017996016936618897,0.0,True
primary,independent_stitch,1340,router__general__tcp_syn_count,False,True,True,0.9693397595958423,0.9709059233449477,0.0015661637491054536,0.0,True
primary,independent_stitch,1340,router__general__udp_count,True,True,True,0.29667266709250334,0.281184668989547,0.015487998102956313,0.0,True
primary,independent_stitch,1340,router__general__unique_dst_ip_count,False,True,True,0.0004645490970326926,0.0,0.0004645490970326926,0.0,True
primary,independent_stitch,1340,router__general__unique_endpoint_pair_count,True,True,True,0.0004645490970326926,0.0,0.0004645490970326926,0.0,True
primary,independent_stitch,1340,router__general__unique_src_ip_count,False,True,True,0.0004645490970326926,0.0,0.0004645490970326926,0.0,True
primary,independent_stitch,1340,router__iot_named__arp_count,True,True,True,0.20614366180825736,0.18571428571428572,0.020429376093971635,0.0,True
primary,independent_stitch,1340,router__iot_named__byte_count,True,True,True,0.0002322745485163463,0.0006968641114982578,0.00046458956298191153,0.0,True
primary,independent_stitch,1340,router__iot_named__dns_port_packets,True,True,True,0.6611114337146508,0.6627177700348432,0.0016063363201924696,0.0,True
primary,independent_stitch,1340,router__iot_named__http_port_packets,False,True,True,0.9983740781603856,0.9973867595818815,0.0009873185785040928,0.0,True
primary,independent_stitch,1340,router__iot_named__https_port_packets,True,True,True,0.9447767260902387,0.9336236933797909,0.011153032710447763,0.0,True
primary,independent_stitch,1340,router__iot_named__icmp_count,False,True,True,0.9982579408861274,0.9993031358885017,0.0010451950023743217,0.0,True
primary,independent_stitch,1340,router__iot_named__interarrival_positive_mean,False,True,True,0.0002322745485163463,0.0,0.0002322745485163463,0.0,True
primary,independent_stitch,1340,router__iot_named__interarrival_positive_std,False,True,True,0.0002322745485163463,0.0,0.0002322745485163463,0.0,True
primary,independent_stitch,1340,router__iot_named__ipv4_count,True,True,True,0.0002322745485163463,0.0,0.0002322745485163463,0.0,True
primary,independent_stitch,1340,router__iot_named__mqtt_port_packets,True,True,True,0.0018581963881307705,0.0010452961672473868,0.0008129002208833837,0.0,True
primary,independent_stitch,1340,router__iot_named__packet_count,True,True,True,0.0002322745485163463,0.0,0.0002322745485163463,0.0,True
primary,independent_stitch,1340,router__iot_named__packet_length_max,True,True,True,0.0002322745485163463,0.0,0.0002322745485163463,0.0,True
primary,independent_stitch,1340,router__iot_named__packet_length_mean,True,True,True,0.0002322745485163463,0.0006968641114982578,0.00046458956298191153,0.0,True
primary,independent_stitch,1340,router__iot_named__packet_length_min,True,True,True,0.0002322745485163463,0.0,0.0002322745485163463,0.0,True
primary,independent_stitch,1340,router__iot_named__packet_length_std,True,True,True,0.0002322745485163463,0.0,0.0002322745485163463,0.0,True
primary,independent_stitch,1340,router__iot_named__tcp_count,True,True,True,0.00040648045990360605,0.0003484320557491289,5.8048404154477135e-05,0.0,True
primary,independent_stitch,1340,router__iot_named__tcp_fin_count,False,True,True,0.9912316357935079,0.989198606271777,0.0020330295217309002,0.0,True
primary,independent_stitch,1340,router__iot_named__tcp_rst_count,False,True,True,0.9979095290633528,0.9979094076655052,1.2139784766329598e-07,0.0,True
primary,independent_stitch,1340,router__iot_named__tcp_syn_count,False,True,True,0.9929736949073805,0.9911149825783973,0.0018587123289832697,0.0,True
primary,independent_stitch,1340,router__iot_named__udp_count,True,True,True,0.40078973346495556,0.3996515679442509,0.0011381655207046704,0.0,True
primary,independent_stitch,1340,router__iot_named__unique_dst_ip_count,True,True,True,0.0002322745485163463,0.0006968641114982578,0.00046458956298191153,0.0,True
primary,independent_stitch,1340,router__iot_named__unique_endpoint_pair_count,True,True,True,0.0002322745485163463,0.0,0.0002322745485163463,0.0,True
primary,independent_stitch,1340,router__iot_named__unique_src_ip_count,True,True,True,0.0002322745485163463,0.0,0.0002322745485163463,0.0,True
primary,independent_stitch,1341,iot__fridge__condition_high_fraction,True,True,True,0.017188316590209626,0.016376306620209058,0.0008120099700005684,0.0,True
primary,independent_stitch,1341,iot__fridge__temperature_mean,True,True,True,0.0012194413797108183,0.002264808362369338,0.00104536698265852,0.0,True
primary,independent_stitch,1341,iot__garage__door_open_fraction,True,True,True,0.5932872655478776,0.6153310104529617,0.022043744905084095,0.0,True
primary,independent_stitch,1341,iot__garage__smartphone_signal_true_fraction,False,True,True,0.5932872655478776,0.589198606271777,0.004088659276100581,0.0,True
primary,independent_stitch,1341,iot__gps__latitude_mean,True,True,True,0.0009871668311944718,0.0,0.0009871668311944718,0.0,True
primary,independent_stitch,1341,iot__gps__longitude_mean,True,True,True,0.0009871668311944718,0.0,0.0009871668311944718,0.0,True
primary,independent_stitch,1341,iot__modbus__register_1_mean,True,True,True,0.0009871668311944718,0.00017421602787456446,0.0008129508033199073,0.0,True
primary,independent_stitch,1341,iot__modbus__register_2_mean,True,True,True,0.0009871668311944718,0.0003484320557491289,0.0006387347754453429,0.0,True
primary,independent_stitch,1341,iot__modbus__register_3_mean,True,True,True,0.0009871668311944718,0.0012195121951219512,0.00023234536392747942,0.0,True
primary,independent_stitch,1341,iot__modbus__register_4_mean,True,True,True,0.0009871668311944718,0.0027874564459930314,0.0018002896147985596,0.0,True
primary,independent_stitch,1341,iot__motion_light__light_on_fraction,True,True,True,0.2423204227396783,0.24233449477351918,1.4072033840878406e-05,0.0,True
primary,independent_stitch,1341,iot__motion_light__motion_true_fraction,True,True,True,0.2423204227396783,0.24250871080139372,0.00018828806171541923,0.0,True
primary,independent_stitch,1341,iot__thermostat__status_true_fraction,True,True,True,0.007490854189652169,0.005749128919860627,0.001741725269791542,0.0,True
primary,independent_stitch,1341,iot__thermostat__temperature_mean,True,True,True,0.0020904709366471167,0.002613240418118467,0.0005227694814713504,0.0,True
primary,independent_stitch,1341,iot__weather__humidity_mean,True,True,True,0.0009290981940653852,0.00017421602787456446,0.0007548821661908208,0.0,True
primary,independent_stitch,1341,iot__weather__pressure_mean,True,True,True,0.0009290981940653852,0.0,0.0009290981940653852,0.0,True
primary,independent_stitch,1341,iot__weather__temperature_mean,True,True,True,0.0009290981940653852,0.0006968641114982578,0.0002322340825671274,0.0,True
primary,independent_stitch,1341,router__general__arp_count,False,True,True,0.12043435340572557,0.09878048780487805,0.02165386560084752,0.0,True
primary,independent_stitch,1341,router__general__byte_count,True,True,True,0.0004645490970326926,0.0,0.0004645490970326926,0.0,True
primary,independent_stitch,1341,router__general__dns_port_packets,True,True,True,0.6286510655594914,0.6334494773519164,0.004798411792425017,0.0,True
primary,independent_stitch,1341,router__general__http_port_packets,True,True,True,0.9925672144474769,0.9914634146341463,0.0011037998133305305,0.0,True
primary,independent_stitch,1341,router__general__https_port_packets,True,True,True,0.8894953835433482,0.8890243902439025,0.0004709932994457766,0.0,True
primary,independent_stitch,1341,router__general__icmp_count,True,True,True,0.058358980314732016,0.04285714285714286,0.015501837457589158,0.0,True
primary,independent_stitch,1341,router__general__interarrival_positive_mean,False,True,True,0.0004645490970326926,0.0,0.0004645490970326926,0.0,True
primary,independent_stitch,1341,router__general__interarrival_positive_std,False,True,True,0.0004645490970326926,0.0,0.0004645490970326926,0.0,True
primary,independent_stitch,1341,router__general__ipv4_count,True,True,True,0.0004645490970326926,0.0,0.0004645490970326926,0.0,True
primary,independent_stitch,1341,router__general__ipv6_count,True,True,True,0.34074676267348003,0.3182926829268293,0.022454079746650757,0.0,True
primary,independent_stitch,1341,router__general__mqtt_port_packets,True,True,True,0.00220660821090529,0.0005226480836236934,0.0016839601272815965,0.0,True
primary,independent_stitch,1341,router__general__packet_count,True,True,True,0.0004645490970326926,0.0,0.0004645490970326926,0.0,True
primary,independent_stitch,1341,router__general__packet_length_max,True,True,True,0.0004645490970326926,0.0,0.0004645490970326926,0.0,True
primary,independent_stitch,1341,router__general__packet_length_mean,True,True,True,0.0004645490970326926,0.0,0.0004645490970326926,0.0,True
primary,independent_stitch,1341,router__general__packet_length_min,True,True,True,0.0004645490970326926,0.0,0.0004645490970326926,0.0,True
primary,independent_stitch,1341,router__general__packet_length_std,True,True,True,0.0004645490970326926,0.0,0.0004645490970326926,0.0,True
primary,independent_stitch,1341,router__general__tcp_count,True,True,True,0.0004645490970326926,0.0,0.0004645490970326926,0.0,True
primary,independent_stitch,1341,router__general__tcp_fin_count,False,True,True,0.9743336623889437,0.963240418118467,0.011093244270476754,0.0,True
primary,independent_stitch,1341,router__general__tcp_rst_count,False,True,True,0.9891411648568608,0.9923344947735192,0.0031933299166584383,0.0,True
primary,independent_stitch,1341,router__general__tcp_syn_count,False,True,True,0.9693397595958423,0.9698606271777004,0.0005208675818580977,0.0,True
primary,independent_stitch,1341,router__general__udp_count,True,True,True,0.29667266709250334,0.2740418118466899,0.02263085524581343,0.0,True
primary,independent_stitch,1341,router__general__unique_dst_ip_count,False,True,True,0.0004645490970326926,0.0013937282229965157,0.0009291791259638231,0.0,True
primary,independent_stitch,1341,router__general__unique_endpoint_pair_count,True,True,True,0.0004645490970326926,0.0,0.0004645490970326926,0.0,True
primary,independent_stitch,1341,router__general__unique_src_ip_count,False,True,True,0.0004645490970326926,0.0013937282229965157,0.0009291791259638231,0.0,True
primary,independent_stitch,1341,router__iot_named__arp_count,True,True,True,0.20614366180825736,0.2181184668989547,0.011974805090697344,0.0,True
primary,independent_stitch,1341,router__iot_named__byte_count,True,True,True,0.0002322745485163463,0.0,0.0002322745485163463,0.0,True
primary,independent_stitch,1341,router__iot_named__dns_port_packets,True,True,True,0.6611114337146508,0.6599303135888501,0.0011811201258006276,0.0,True
primary,independent_stitch,1341,router__iot_named__http_port_packets,False,True,False,0.9983740781603856,1.0,0.0016259218396144082,0.0,True
primary,independent_stitch,1341,router__iot_named__https_port_packets,True,True,True,0.9447767260902387,0.9468641114982579,0.0020873854080192267,0.0,True
primary,independent_stitch,1341,router__iot_named__icmp_count,False,True,True,0.9982579408861274,0.998432055749129,0.0001741148630015621,0.0,True
primary,independent_stitch,1341,router__iot_named__interarrival_positive_mean,False,True,True,0.0002322745485163463,0.0,0.0002322745485163463,0.0,True
primary,independent_stitch,1341,router__iot_named__interarrival_positive_std,False,True,True,0.0002322745485163463,0.0,0.0002322745485163463,0.0,True
primary,independent_stitch,1341,router__iot_named__ipv4_count,True,True,True,0.0002322745485163463,0.0,0.0002322745485163463,0.0,True
primary,independent_stitch,1341,router__iot_named__mqtt_port_packets,True,True,True,0.0018581963881307705,0.0017421602787456446,0.00011603610938512587,0.0,True
primary,independent_stitch,1341,router__iot_named__packet_count,True,True,True,0.0002322745485163463,0.0,0.0002322745485163463,0.0,True
primary,independent_stitch,1341,router__iot_named__packet_length_max,True,True,True,0.0002322745485163463,0.0006968641114982578,0.00046458956298191153,0.0,True
primary,independent_stitch,1341,router__iot_named__packet_length_mean,True,True,True,0.0002322745485163463,0.00017421602787456446,5.805852064178185e-05,0.0,True
primary,independent_stitch,1341,router__iot_named__packet_length_min,True,True,True,0.0002322745485163463,0.0,0.0002322745485163463,0.0,True
primary,independent_stitch,1341,router__iot_named__packet_length_std,True,True,True,0.0002322745485163463,0.0,0.0002322745485163463,0.0,True
primary,independent_stitch,1341,router__iot_named__tcp_count,True,True,True,0.00040648045990360605,0.0006968641114982578,0.0002903836515946518,0.0,True
primary,independent_stitch,1341,router__iot_named__tcp_fin_count,False,True,True,0.9912316357935079,0.9914634146341463,0.00023177884063840803,0.0,True
primary,independent_stitch,1341,router__iot_named__tcp_rst_count,False,True,True,0.9979095290633528,0.9982578397212544,0.0003483106579015294,0.0,True
primary,independent_stitch,1341,router__iot_named__tcp_syn_count,False,True,True,0.9929736949073805,0.993205574912892,0.00023188000551144228,0.0,True
primary,independent_stitch,1341,router__iot_named__udp_count,True,True,True,0.40078973346495556,0.3926829268292683,0.008106806635687247,0.0,True
primary,independent_stitch,1341,router__iot_named__unique_dst_ip_count,True,True,True,0.0002322745485163463,0.0,0.0002322745485163463,0.0,True
primary,independent_stitch,1341,router__iot_named__unique_endpoint_pair_count,True,True,True,0.0002322745485163463,0.0,0.0002322745485163463,0.0,True
primary,independent_stitch,1341,router__iot_named__unique_src_ip_count,True,True,True,0.0002322745485163463,0.0,0.0002322745485163463,0.0,True
primary,shared_stitch,1337,iot__fridge__condition_high_fraction,True,True,True,0.017188316590209626,0.015853658536585366,0.0013346580536242603,0.0,True
primary,shared_stitch,1337,iot__fridge__temperature_mean,True,True,True,0.0012194413797108183,0.0008710801393728223,0.00034836124033799597,0.0,True
primary,shared_stitch,1337,iot__garage__door_open_fraction,True,True,True,0.5932872655478776,0.6048780487804878,0.011590783232610202,0.0,True
primary,shared_stitch,1337,iot__garage__smartphone_signal_true_fraction,False,True,True,0.5932872655478776,0.6048780487804878,0.011590783232610202,0.0,True
primary,shared_stitch,1337,iot__gps__latitude_mean,True,True,True,0.0009871668311944718,0.0008710801393728223,0.0001160866918216495,0.0,True
primary,shared_stitch,1337,iot__gps__longitude_mean,True,True,True,0.0009871668311944718,0.0008710801393728223,0.0001160866918216495,0.0,True
primary,shared_stitch,1337,iot__modbus__register_1_mean,True,True,True,0.0009871668311944718,0.0008710801393728223,0.0001160866918216495,0.0,True
primary,shared_stitch,1337,iot__modbus__register_2_mean,True,True,True,0.0009871668311944718,0.0008710801393728223,0.0001160866918216495,0.0,True
primary,shared_stitch,1337,iot__modbus__register_3_mean,True,True,True,0.0009871668311944718,0.0008710801393728223,0.0001160866918216495,0.0,True
primary,shared_stitch,1337,iot__modbus__register_4_mean,True,True,True,0.0009871668311944718,0.0008710801393728223,0.0001160866918216495,0.0,True
primary,shared_stitch,1337,iot__motion_light__light_on_fraction,True,True,True,0.2423204227396783,0.24285714285714285,0.0005367201174645564,0.0,True
primary,shared_stitch,1337,iot__motion_light__motion_true_fraction,True,True,True,0.2423204227396783,0.24285714285714285,0.0005367201174645564,0.0,True
primary,shared_stitch,1337,iot__thermostat__status_true_fraction,True,True,True,0.007490854189652169,0.007142857142857143,0.00034799704679502625,0.0,True
primary,shared_stitch,1337,iot__thermostat__temperature_mean,True,True,True,0.0020904709366471167,0.002264808362369338,0.00017433742572222147,0.0,True
primary,shared_stitch,1337,iot__weather__humidity_mean,True,True,True,0.0009290981940653852,0.0006968641114982578,0.0002322340825671274,0.0,True
primary,shared_stitch,1337,iot__weather__pressure_mean,True,True,True,0.0009290981940653852,0.0006968641114982578,0.0002322340825671274,0.0,True
primary,shared_stitch,1337,iot__weather__temperature_mean,True,True,True,0.0009290981940653852,0.0006968641114982578,0.0002322340825671274,0.0,True
primary,shared_stitch,1337,router__general__arp_count,False,True,True,0.12043435340572557,0.14494773519163764,0.024513381785912072,0.0,True
primary,shared_stitch,1337,router__general__byte_count,True,True,True,0.0004645490970326926,0.0,0.0004645490970326926,0.0,True
primary,shared_stitch,1337,router__general__dns_port_packets,True,True,True,0.6286510655594914,0.6287456445993032,9.457903981180404e-05,0.0,True
primary,shared_stitch,1337,router__general__http_port_packets,True,True,True,0.9925672144474769,0.9923344947735192,0.0002327196739576598,0.0,True
primary,shared_stitch,1337,router__general__https_port_packets,True,True,True,0.8894953835433482,0.8862369337979094,0.003258449745438874,0.0,True
primary,shared_stitch,1337,router__general__icmp_count,True,True,True,0.058358980314732016,0.046341463414634146,0.01201751690009787,0.0,True
primary,shared_stitch,1337,router__general__interarrival_positive_mean,False,True,True,0.0004645490970326926,0.0,0.0004645490970326926,0.0,True
primary,shared_stitch,1337,router__general__interarrival_positive_std,False,True,True,0.0004645490970326926,0.0,0.0004645490970326926,0.0,True
primary,shared_stitch,1337,router__general__ipv4_count,True,True,True,0.0004645490970326926,0.0,0.0004645490970326926,0.0,True
primary,shared_stitch,1337,router__general__ipv6_count,True,True,True,0.34074676267348003,0.3853658536585366,0.044619090985056564,0.0,True
primary,shared_stitch,1337,router__general__mqtt_port_packets,True,True,True,0.00220660821090529,0.0013937282229965157,0.0008128799879087742,0.0,True
primary,shared_stitch,1337,router__general__packet_count,True,True,True,0.0004645490970326926,0.0,0.0004645490970326926,0.0,True
primary,shared_stitch,1337,router__general__packet_length_max,True,True,True,0.0004645490970326926,0.0,0.0004645490970326926,0.0,True
primary,shared_stitch,1337,router__general__packet_length_mean,True,True,True,0.0004645490970326926,0.0,0.0004645490970326926,0.0,True
primary,shared_stitch,1337,router__general__packet_length_min,True,True,True,0.0004645490970326926,0.0,0.0004645490970326926,0.0,True
primary,shared_stitch,1337,router__general__packet_length_std,True,True,True,0.0004645490970326926,0.0,0.0004645490970326926,0.0,True
primary,shared_stitch,1337,router__general__tcp_count,True,True,True,0.0004645490970326926,0.0,0.0004645490970326926,0.0,True
primary,shared_stitch,1337,router__general__tcp_fin_count,False,True,True,0.9743336623889437,0.9712543554006968,0.003079306988246877,0.0,True
primary,shared_stitch,1337,router__general__tcp_rst_count,False,True,True,0.9891411648568608,0.990418118466899,0.0012769536100382117,0.0,True
primary,shared_stitch,1337,router__general__tcp_syn_count,False,True,True,0.9693397595958423,0.9682926829268292,0.0010470766690130473,0.0,True
primary,shared_stitch,1337,router__general__udp_count,True,True,True,0.29667266709250334,0.34738675958188153,0.05071409248937819,0.0,True
primary,shared_stitch,1337,router__general__unique_dst_ip_count,False,True,True,0.0004645490970326926,0.0,0.0004645490970326926,0.0,True
primary,shared_stitch,1337,router__general__unique_endpoint_pair_count,True,True,True,0.0004645490970326926,0.0,0.0004645490970326926,0.0,True
primary,shared_stitch,1337,router__general__unique_src_ip_count,False,True,True,0.0004645490970326926,0.0,0.0004645490970326926,0.0,True
primary,shared_stitch,1337,router__iot_named__arp_count,True,True,True,0.20614366180825736,0.2519163763066202,0.04577271449836287,0.0,True
primary,shared_stitch,1337,router__iot_named__byte_count,True,True,True,0.0002322745485163463,0.0,0.0002322745485163463,0.0,True
primary,shared_stitch,1337,router__iot_named__dns_port_packets,True,True,True,0.6611114337146508,0.6599303135888501,0.0011811201258006276,0.0,True
primary,shared_stitch,1337,router__iot_named__http_port_packets,False,True,False,0.9983740781603856,1.0,0.0016259218396144082,0.0,True
primary,shared_stitch,1337,router__iot_named__https_port_packets,True,True,True,0.9447767260902387,0.939198606271777,0.00557811981846168,0.0,True
primary,shared_stitch,1337,router__iot_named__icmp_count,False,True,True,0.9982579408861274,0.9979094076655052,0.0003485332206222269,0.0,True
primary,shared_stitch,1337,router__iot_named__interarrival_positive_mean,False,True,True,0.0002322745485163463,0.0,0.0002322745485163463,0.0,True
primary,shared_stitch,1337,router__iot_named__interarrival_positive_std,False,True,True,0.0002322745485163463,0.0,0.0002322745485163463,0.0,True
primary,shared_stitch,1337,router__iot_named__ipv4_count,True,True,True,0.0002322745485163463,0.0,0.0002322745485163463,0.0,True
primary,shared_stitch,1337,router__iot_named__mqtt_port_packets,True,True,True,0.0018581963881307705,0.0013937282229965157,0.0004644681651342548,0.0,True
primary,shared_stitch,1337,router__iot_named__packet_count,True,True,True,0.0002322745485163463,0.0,0.0002322745485163463,0.0,True
primary,shared_stitch,1337,router__iot_named__packet_length_max,True,True,True,0.0002322745485163463,0.0,0.0002322745485163463,0.0,True
primary,shared_stitch,1337,router__iot_named__packet_length_mean,True,True,True,0.0002322745485163463,0.0,0.0002322745485163463,0.0,True
primary,shared_stitch,1337,router__iot_named__packet_length_min,True,True,True,0.0002322745485163463,0.0,0.0002322745485163463,0.0,True
primary,shared_stitch,1337,router__iot_named__packet_length_std,True,True,True,0.0002322745485163463,0.0,0.0002322745485163463,0.0,True
primary,shared_stitch,1337,router__iot_named__tcp_count,True,True,True,0.00040648045990360605,0.0,0.00040648045990360605,0.0,True
primary,shared_stitch,1337,router__iot_named__tcp_fin_count,False,True,True,0.9912316357935079,0.9902439024390244,0.0009877333544835443,0.0,True
primary,shared_stitch,1337,router__iot_named__tcp_rst_count,False,True,True,0.9979095290633528,0.9973867595818815,0.0005227694814713413,0.0,True
primary,shared_stitch,1337,router__iot_named__tcp_syn_count,False,True,True,0.9929736949073805,0.9926829268292683,0.0002907680781122357,0.0,True
primary,shared_stitch,1337,router__iot_named__udp_count,True,True,True,0.40078973346495556,0.44703832752613243,0.04624859406117687,0.0,True
primary,shared_stitch,1337,router__iot_named__unique_dst_ip_count,True,True,True,0.0002322745485163463,0.0,0.0002322745485163463,0.0,True
primary,shared_stitch,1337,router__iot_named__unique_endpoint_pair_count,True,True,True,0.0002322745485163463,0.0,0.0002322745485163463,0.0,True
primary,shared_stitch,1337,router__iot_named__unique_src_ip_count,True,True,True,0.0002322745485163463,0.0,0.0002322745485163463,0.0,True
primary,shared_stitch,1338,iot__fridge__condition_high_fraction,True,True,True,0.017188316590209626,0.01794425087108014,0.0007559342808705141,0.0,True
primary,shared_stitch,1338,iot__fridge__temperature_mean,True,True,True,0.0012194413797108183,0.0008710801393728223,0.00034836124033799597,0.0,True
primary,shared_stitch,1338,iot__garage__door_open_fraction,True,True,True,0.5932872655478776,0.5940766550522648,0.0007893895043872279,0.0,True
primary,shared_stitch,1338,iot__garage__smartphone_signal_true_fraction,False,True,True,0.5932872655478776,0.5940766550522648,0.0007893895043872279,0.0,True
primary,shared_stitch,1338,iot__gps__latitude_mean,True,True,True,0.0009871668311944718,0.0008710801393728223,0.0001160866918216495,0.0,True
primary,shared_stitch,1338,iot__gps__longitude_mean,True,True,True,0.0009871668311944718,0.0008710801393728223,0.0001160866918216495,0.0,True
primary,shared_stitch,1338,iot__modbus__register_1_mean,True,True,True,0.0009871668311944718,0.0008710801393728223,0.0001160866918216495,0.0,True
primary,shared_stitch,1338,iot__modbus__register_2_mean,True,True,True,0.0009871668311944718,0.0008710801393728223,0.0001160866918216495,0.0,True
primary,shared_stitch,1338,iot__modbus__register_3_mean,True,True,True,0.0009871668311944718,0.0008710801393728223,0.0001160866918216495,0.0,True
primary,shared_stitch,1338,iot__modbus__register_4_mean,True,True,True,0.0009871668311944718,0.0008710801393728223,0.0001160866918216495,0.0,True
primary,shared_stitch,1338,iot__motion_light__light_on_fraction,True,True,True,0.2423204227396783,0.24146341463414633,0.0008570081055319645,0.0,True
primary,shared_stitch,1338,iot__motion_light__motion_true_fraction,True,True,True,0.2423204227396783,0.24146341463414633,0.0008570081055319645,0.0,True
primary,shared_stitch,1338,iot__thermostat__status_true_fraction,True,True,True,0.007490854189652169,0.005923344947735192,0.0015675092419169768,0.0,True
primary,shared_stitch,1338,iot__thermostat__temperature_mean,True,True,True,0.0020904709366471167,0.0024390243902439024,0.0003485534535967857,0.0,True
primary,shared_stitch,1338,iot__weather__humidity_mean,True,True,True,0.0009290981940653852,0.0008710801393728223,5.801805469256294e-05,0.0,True
primary,shared_stitch,1338,iot__weather__pressure_mean,True,True,True,0.0009290981940653852,0.0008710801393728223,5.801805469256294e-05,0.0,True
primary,shared_stitch,1338,iot__weather__temperature_mean,True,True,True,0.0009290981940653852,0.0008710801393728223,5.801805469256294e-05,0.0,True
primary,shared_stitch,1338,router__general__arp_count,False,True,True,0.12043435340572557,0.14006968641114984,0.019635333005424263,0.0,True
primary,shared_stitch,1338,router__general__byte_count,True,True,True,0.0004645490970326926,0.0013937282229965157,0.0009291791259638231,0.0,True
primary,shared_stitch,1338,router__general__dns_port_packets,True,True,True,0.6286510655594914,0.6221254355400697,0.0065256300194216355,0.0,True
primary,shared_stitch,1338,router__general__http_port_packets,True,True,True,0.9925672144474769,0.9954703832752613,0.002903168827784408,0.0,True
primary,shared_stitch,1338,router__general__https_port_packets,True,True,True,0.8894953835433482,0.8749128919860627,0.014582491557285526,0.0,True
primary,shared_stitch,1338,router__general__icmp_count,True,True,True,0.058358980314732016,0.08466898954703833,0.026310009232306315,0.0,True
primary,shared_stitch,1338,router__general__interarrival_positive_mean,False,True,True,0.0004645490970326926,0.0013937282229965157,0.0009291791259638231,0.0,True
primary,shared_stitch,1338,router__general__interarrival_positive_std,False,True,True,0.0004645490970326926,0.0013937282229965157,0.0009291791259638231,0.0,True
primary,shared_stitch,1338,router__general__ipv4_count,True,True,True,0.0004645490970326926,0.0013937282229965157,0.0009291791259638231,0.0,True
primary,shared_stitch,1338,router__general__ipv6_count,True,True,True,0.34074676267348003,0.38745644599303136,0.04670968331955133,0.0,True
primary,shared_stitch,1338,router__general__mqtt_port_packets,True,True,True,0.00220660821090529,0.004878048780487805,0.002671440569582515,0.0,True
primary,shared_stitch,1338,router__general__packet_count,True,True,True,0.0004645490970326926,0.0013937282229965157,0.0009291791259638231,0.0,True
primary,shared_stitch,1338,router__general__packet_length_max,True,True,True,0.0004645490970326926,0.0013937282229965157,0.0009291791259638231,0.0,True
primary,shared_stitch,1338,router__general__packet_length_mean,True,True,True,0.0004645490970326926,0.0013937282229965157,0.0009291791259638231,0.0,True
primary,shared_stitch,1338,router__general__packet_length_min,True,True,True,0.0004645490970326926,0.0013937282229965157,0.0009291791259638231,0.0,True
primary,shared_stitch,1338,router__general__packet_length_std,True,True,True,0.0004645490970326926,0.0013937282229965157,0.0009291791259638231,0.0,True
primary,shared_stitch,1338,router__general__tcp_count,True,True,True,0.0004645490970326926,0.0013937282229965157,0.0009291791259638231,0.0,True
primary,shared_stitch,1338,router__general__tcp_fin_count,False,True,True,0.9743336623889437,0.9729965156794426,0.0013371467095011358,0.0,True
primary,shared_stitch,1338,router__general__tcp_rst_count,False,True,True,0.9891411648568608,0.9883275261324042,0.0008136387244566112,0.0,True
primary,shared_stitch,1338,router__general__tcp_syn_count,False,True,True,0.9693397595958423,0.9653310104529617,0.00400874914288063,0.0,True
primary,shared_stitch,1338,router__general__udp_count,True,True,True,0.29667266709250334,0.3008710801393728,0.004198413046869465,0.0,True
primary,shared_stitch,1338,router__general__unique_dst_ip_count,False,True,True,0.0004645490970326926,0.0013937282229965157,0.0009291791259638231,0.0,True
primary,shared_stitch,1338,router__general__unique_endpoint_pair_count,True,True,True,0.0004645490970326926,0.0013937282229965157,0.0009291791259638231,0.0,True
primary,shared_stitch,1338,router__general__unique_src_ip_count,False,True,True,0.0004645490970326926,0.0013937282229965157,0.0009291791259638231,0.0,True
primary,shared_stitch,1338,router__iot_named__arp_count,True,True,True,0.20614366180825736,0.23344947735191637,0.027305815543659018,0.0,True
primary,shared_stitch,1338,router__iot_named__byte_count,True,True,True,0.0002322745485163463,0.0,0.0002322745485163463,0.0,True
primary,shared_stitch,1338,router__iot_named__dns_port_packets,True,True,True,0.6611114337146508,0.6590592334494774,0.0020522002651733873,0.0,True
primary,shared_stitch,1338,router__iot_named__http_port_packets,False,True,False,0.9983740781603856,1.0,0.0016259218396144082,0.0,True
primary,shared_stitch,1338,router__iot_named__https_port_packets,True,True,True,0.9447767260902387,0.932404181184669,0.012372544905569716,0.0,True
primary,shared_stitch,1338,router__iot_named__icmp_count,False,True,True,0.9982579408861274,0.9982578397212544,1.0116487303424293e-07,0.0,True
primary,shared_stitch,1338,router__iot_named__interarrival_positive_mean,False,True,True,0.0002322745485163463,0.0,0.0002322745485163463,0.0,True
primary,shared_stitch,1338,router__iot_named__interarrival_positive_std,False,True,True,0.0002322745485163463,0.0,0.0002322745485163463,0.0,True
primary,shared_stitch,1338,router__iot_named__ipv4_count,True,True,True,0.0002322745485163463,0.0,0.0002322745485163463,0.0,True
primary,shared_stitch,1338,router__iot_named__mqtt_port_packets,True,True,True,0.0018581963881307705,0.003310104529616725,0.0014519081414859545,0.0,True
primary,shared_stitch,1338,router__iot_named__packet_count,True,True,True,0.0002322745485163463,0.0,0.0002322745485163463,0.0,True
primary,shared_stitch,1338,router__iot_named__packet_length_max,True,True,True,0.0002322745485163463,0.0,0.0002322745485163463,0.0,True
primary,shared_stitch,1338,router__iot_named__packet_length_mean,True,True,True,0.0002322745485163463,0.0,0.0002322745485163463,0.0,True
primary,shared_stitch,1338,router__iot_named__packet_length_min,True,True,True,0.0002322745485163463,0.0,0.0002322745485163463,0.0,True
primary,shared_stitch,1338,router__iot_named__packet_length_std,True,True,True,0.0002322745485163463,0.0,0.0002322745485163463,0.0,True
primary,shared_stitch,1338,router__iot_named__tcp_count,True,True,True,0.00040648045990360605,0.00017421602787456446,0.0002322644320290416,0.0,True
primary,shared_stitch,1338,router__iot_named__tcp_fin_count,False,True,True,0.9912316357935079,0.9876306620209059,0.003600973772602045,0.0,True
primary,shared_stitch,1338,router__iot_named__tcp_rst_count,False,True,True,0.9979095290633528,0.9979094076655052,1.2139784766329598e-07,0.0,True
primary,shared_stitch,1338,router__iot_named__tcp_syn_count,False,True,True,0.9929736949073805,0.9918118466898954,0.0011618482174851064,0.0,True
primary,shared_stitch,1338,router__iot_named__udp_count,True,True,True,0.40078973346495556,0.4043554006968641,0.0035656672319085425,0.0,True
primary,shared_stitch,1338,router__iot_named__unique_dst_ip_count,True,True,True,0.0002322745485163463,0.0,0.0002322745485163463,0.0,True
primary,shared_stitch,1338,router__iot_named__unique_endpoint_pair_count,True,True,True,0.0002322745485163463,0.0,0.0002322745485163463,0.0,True
primary,shared_stitch,1338,router__iot_named__unique_src_ip_count,True,True,True,0.0002322745485163463,0.0,0.0002322745485163463,0.0,True
primary,shared_stitch,1339,iot__fridge__condition_high_fraction,True,True,True,0.017188316590209626,0.014982578397212544,0.0022057381929970823,0.0,True
primary,shared_stitch,1339,iot__fridge__temperature_mean,True,True,True,0.0012194413797108183,0.0005226480836236934,0.0006967932960871249,0.0,True
primary,shared_stitch,1339,iot__garage__door_open_fraction,True,True,True,0.5932872655478776,0.5975609756097561,0.0042737100618784885,0.0,True
primary,shared_stitch,1339,iot__garage__smartphone_signal_true_fraction,False,True,True,0.5932872655478776,0.5975609756097561,0.0042737100618784885,0.0,True
primary,shared_stitch,1339,iot__gps__latitude_mean,True,True,True,0.0009871668311944718,0.0005226480836236934,0.0004645187475707784,0.0,True
primary,shared_stitch,1339,iot__gps__longitude_mean,True,True,True,0.0009871668311944718,0.0005226480836236934,0.0004645187475707784,0.0,True
primary,shared_stitch,1339,iot__modbus__register_1_mean,True,True,True,0.0009871668311944718,0.0005226480836236934,0.0004645187475707784,0.0,True
primary,shared_stitch,1339,iot__modbus__register_2_mean,True,True,True,0.0009871668311944718,0.0005226480836236934,0.0004645187475707784,0.0,True
primary,shared_stitch,1339,iot__modbus__register_3_mean,True,True,True,0.0009871668311944718,0.0005226480836236934,0.0004645187475707784,0.0,True
primary,shared_stitch,1339,iot__modbus__register_4_mean,True,True,True,0.0009871668311944718,0.0005226480836236934,0.0004645187475707784,0.0,True
primary,shared_stitch,1339,iot__motion_light__light_on_fraction,True,True,True,0.2423204227396783,0.2451219512195122,0.0028015284798338924,0.0,True
primary,shared_stitch,1339,iot__motion_light__motion_true_fraction,True,True,True,0.2423204227396783,0.2451219512195122,0.0028015284798338924,0.0,True
primary,shared_stitch,1339,iot__thermostat__status_true_fraction,True,True,True,0.007490854189652169,0.005923344947735192,0.0015675092419169768,0.0,True
primary,shared_stitch,1339,iot__thermostat__temperature_mean,True,True,True,0.0020904709366471167,0.001916376306620209,0.00017409463002690767,0.0,True
primary,shared_stitch,1339,iot__weather__humidity_mean,True,True,True,0.0009290981940653852,0.0003484320557491289,0.0005806661383162563,0.0,True
primary,shared_stitch,1339,iot__weather__pressure_mean,True,True,True,0.0009290981940653852,0.0003484320557491289,0.0005806661383162563,0.0,True
primary,shared_stitch,1339,iot__weather__temperature_mean,True,True,True,0.0009290981940653852,0.0003484320557491289,0.0005806661383162563,0.0,True
primary,shared_stitch,1339,router__general__arp_count,False,True,True,0.12043435340572557,0.1229965156794425,0.002562162273716931,0.0,True
primary,shared_stitch,1339,router__general__byte_count,True,True,True,0.0004645490970326926,0.0,0.0004645490970326926,0.0,True
primary,shared_stitch,1339,router__general__dns_port_packets,True,True,True,0.6286510655594914,0.6261324041811847,0.002518661378306697,0.0,True
primary,shared_stitch,1339,router__general__http_port_packets,True,True,True,0.9925672144474769,0.9911149825783973,0.001452231869079612,0.0,True
primary,shared_stitch,1339,router__general__https_port_packets,True,True,True,0.8894953835433482,0.8954703832752613,0.0059749997319130665,0.0,True
primary,shared_stitch,1339,router__general__icmp_count,True,True,True,0.058358980314732016,0.06533101045296168,0.006972030138229661,0.0,True
primary,shared_stitch,1339,router__general__interarrival_positive_mean,False,True,True,0.0004645490970326926,0.0,0.0004645490970326926,0.0,True
primary,shared_stitch,1339,router__general__interarrival_positive_std,False,True,True,0.0004645490970326926,0.0,0.0004645490970326926,0.0,True
primary,shared_stitch,1339,router__general__ipv4_count,True,True,True,0.0004645490970326926,0.0,0.0004645490970326926,0.0,True
primary,shared_stitch,1339,router__general__ipv6_count,True,True,True,0.34074676267348003,0.3177700348432056,0.022976727830274435,0.0,True
primary,shared_stitch,1339,router__general__mqtt_port_packets,True,True,True,0.00220660821090529,0.004006968641114983,0.001800360430209693,0.0,True
primary,shared_stitch,1339,router__general__packet_count,True,True,True,0.0004645490970326926,0.0,0.0004645490970326926,0.0,True
primary,shared_stitch,1339,router__general__packet_length_max,True,True,True,0.0004645490970326926,0.0,0.0004645490970326926,0.0,True
primary,shared_stitch,1339,router__general__packet_length_mean,True,True,True,0.0004645490970326926,0.0,0.0004645490970326926,0.0,True
primary,shared_stitch,1339,router__general__packet_length_min,True,True,True,0.0004645490970326926,0.0,0.0004645490970326926,0.0,True
primary,shared_stitch,1339,router__general__packet_length_std,True,True,True,0.0004645490970326926,0.0,0.0004645490970326926,0.0,True
primary,shared_stitch,1339,router__general__tcp_count,True,True,True,0.0004645490970326926,0.0,0.0004645490970326926,0.0,True
primary,shared_stitch,1339,router__general__tcp_fin_count,False,True,True,0.9743336623889437,0.9733449477351916,0.0009887146537520541,0.0,True
primary,shared_stitch,1339,router__general__tcp_rst_count,False,True,True,0.9891411648568608,0.9886759581881533,0.00046520666870741856,0.0,True
primary,shared_stitch,1339,router__general__tcp_syn_count,False,True,True,0.9693397595958423,0.9705574912891987,0.001217731693356372,0.0,True
primary,shared_stitch,1339,router__general__udp_count,True,True,True,0.29667266709250334,0.29982578397212545,0.0031531168796221087,0.0,True
primary,shared_stitch,1339,router__general__unique_dst_ip_count,False,True,True,0.0004645490970326926,0.0,0.0004645490970326926,0.0,True
primary,shared_stitch,1339,router__general__unique_endpoint_pair_count,True,True,True,0.0004645490970326926,0.0,0.0004645490970326926,0.0,True
primary,shared_stitch,1339,router__general__unique_src_ip_count,False,True,True,0.0004645490970326926,0.0,0.0004645490970326926,0.0,True
primary,shared_stitch,1339,router__iot_named__arp_count,True,True,True,0.20614366180825736,0.21080139372822299,0.00465773191996563,0.0,True
primary,shared_stitch,1339,router__iot_named__byte_count,True,True,True,0.0002322745485163463,0.0,0.0002322745485163463,0.0,True
primary,shared_stitch,1339,router__iot_named__dns_port_packets,True,True,True,0.6611114337146508,0.6587108013937282,0.00240063232092258,0.0,True
primary,shared_stitch,1339,router__iot_named__http_port_packets,False,True,True,0.9983740781603856,0.9963414634146341,0.0020326147457514487,0.0,True
primary,shared_stitch,1339,router__iot_named__https_port_packets,True,True,True,0.9447767260902387,0.9463414634146341,0.0015647373243954377,0.0,True
primary,shared_stitch,1339,router__iot_named__icmp_count,False,True,True,0.9982579408861274,0.9980836236933798,0.00017431719274763058,0.0,True
primary,shared_stitch,1339,router__iot_named__interarrival_positive_mean,False,True,True,0.0002322745485163463,0.0,0.0002322745485163463,0.0,True
primary,shared_stitch,1339,router__iot_named__interarrival_positive_std,False,True,True,0.0002322745485163463,0.0,0.0002322745485163463,0.0,True
primary,shared_stitch,1339,router__iot_named__ipv4_count,True,True,True,0.0002322745485163463,0.0,0.0002322745485163463,0.0,True
primary,shared_stitch,1339,router__iot_named__mqtt_port_packets,True,True,True,0.0018581963881307705,0.004006968641114983,0.0021487722529842123,0.0,True
primary,shared_stitch,1339,router__iot_named__packet_count,True,True,True,0.0002322745485163463,0.0,0.0002322745485163463,0.0,True
primary,shared_stitch,1339,router__iot_named__packet_length_max,True,True,True,0.0002322745485163463,0.0,0.0002322745485163463,0.0,True
primary,shared_stitch,1339,router__iot_named__packet_length_mean,True,True,True,0.0002322745485163463,0.0,0.0002322745485163463,0.0,True
primary,shared_stitch,1339,router__iot_named__packet_length_min,True,True,True,0.0002322745485163463,0.0,0.0002322745485163463,0.0,True
primary,shared_stitch,1339,router__iot_named__packet_length_std,True,True,True,0.0002322745485163463,0.0,0.0002322745485163463,0.0,True
primary,shared_stitch,1339,router__iot_named__tcp_count,True,True,True,0.00040648045990360605,0.0,0.00040648045990360605,0.0,True
primary,shared_stitch,1339,router__iot_named__tcp_fin_count,False,True,True,0.9912316357935079,0.990418118466899,0.0008135173266089479,0.0,True
primary,shared_stitch,1339,router__iot_named__tcp_rst_count,False,True,True,0.9979095290633528,0.9966898954703832,0.0012196335929696156,0.0,True
primary,shared_stitch,1339,router__iot_named__tcp_syn_count,False,True,True,0.9929736949073805,0.993205574912892,0.00023188000551144228,0.0,True
primary,shared_stitch,1339,router__iot_named__udp_count,True,True,True,0.40078973346495556,0.40487804878048783,0.004088315315532276,0.0,True
primary,shared_stitch,1339,router__iot_named__unique_dst_ip_count,True,True,True,0.0002322745485163463,0.0,0.0002322745485163463,0.0,True
primary,shared_stitch,1339,router__iot_named__unique_endpoint_pair_count,True,True,True,0.0002322745485163463,0.0,0.0002322745485163463,0.0,True
primary,shared_stitch,1339,router__iot_named__unique_src_ip_count,True,True,True,0.0002322745485163463,0.0,0.0002322745485163463,0.0,True
primary,shared_stitch,1340,iot__fridge__condition_high_fraction,True,True,True,0.017188316590209626,0.020209059233449476,0.00302074264323985,0.0,True
primary,shared_stitch,1340,iot__fridge__temperature_mean,True,True,True,0.0012194413797108183,0.001916376306620209,0.0006969349269093908,0.0,True
primary,shared_stitch,1340,iot__garage__door_open_fraction,True,True,True,0.5932872655478776,0.6060975609756097,0.012810295427732155,0.0,True
primary,shared_stitch,1340,iot__garage__smartphone_signal_true_fraction,False,True,True,0.5932872655478776,0.6060975609756097,0.012810295427732155,0.0,True
primary,shared_stitch,1340,iot__gps__latitude_mean,True,True,True,0.0009871668311944718,0.001916376306620209,0.0009292094754257373,0.0,True
primary,shared_stitch,1340,iot__gps__longitude_mean,True,True,True,0.0009871668311944718,0.001916376306620209,0.0009292094754257373,0.0,True
primary,shared_stitch,1340,iot__modbus__register_1_mean,True,True,True,0.0009871668311944718,0.001916376306620209,0.0009292094754257373,0.0,True
primary,shared_stitch,1340,iot__modbus__register_2_mean,True,True,True,0.0009871668311944718,0.001916376306620209,0.0009292094754257373,0.0,True
primary,shared_stitch,1340,iot__modbus__register_3_mean,True,True,True,0.0009871668311944718,0.001916376306620209,0.0009292094754257373,0.0,True
primary,shared_stitch,1340,iot__modbus__register_4_mean,True,True,True,0.0009871668311944718,0.001916376306620209,0.0009292094754257373,0.0,True
primary,shared_stitch,1340,iot__motion_light__light_on_fraction,True,True,True,0.2423204227396783,0.23554006968641114,0.006780353053267157,0.0,True
primary,shared_stitch,1340,iot__motion_light__motion_true_fraction,True,True,True,0.2423204227396783,0.23554006968641114,0.006780353053267157,0.0,True
primary,shared_stitch,1340,iot__thermostat__status_true_fraction,True,True,True,0.007490854189652169,0.008710801393728223,0.0012199472040760537,0.0,True
primary,shared_stitch,1340,iot__thermostat__temperature_mean,True,True,True,0.0020904709366471167,0.002613240418118467,0.0005227694814713504,0.0,True
primary,shared_stitch,1340,iot__weather__humidity_mean,True,True,True,0.0009290981940653852,0.001916376306620209,0.0009872781125548238,0.0,True
primary,shared_stitch,1340,iot__weather__pressure_mean,True,True,True,0.0009290981940653852,0.001916376306620209,0.0009872781125548238,0.0,True
primary,shared_stitch,1340,iot__weather__temperature_mean,True,True,True,0.0009290981940653852,0.001916376306620209,0.0009872781125548238,0.0,True
primary,shared_stitch,1340,router__general__arp_count,False,True,True,0.12043435340572557,0.10818815331010453,0.012246200095621038,0.0,True
primary,shared_stitch,1340,router__general__byte_count,True,True,True,0.0004645490970326926,0.001916376306620209,0.0014518272095875163,0.0,True
primary,shared_stitch,1340,router__general__dns_port_packets,True,True,True,0.6286510655594914,0.6278745644599303,0.0007765010995610666,0.0,True
primary,shared_stitch,1340,router__general__http_port_packets,True,True,True,0.9925672144474769,0.9874564459930314,0.005110768454445469,0.0,True
primary,shared_stitch,1340,router__general__https_port_packets,True,True,True,0.8894953835433482,0.8811846689895471,0.008310714553801168,0.0,True
primary,shared_stitch,1340,router__general__icmp_count,True,True,True,0.058358980314732016,0.03850174216027875,0.01985723815445327,0.0,True
primary,shared_stitch,1340,router__general__interarrival_positive_mean,False,True,True,0.0004645490970326926,0.001916376306620209,0.0014518272095875163,0.0,True
primary,shared_stitch,1340,router__general__interarrival_positive_std,False,True,True,0.0004645490970326926,0.001916376306620209,0.0014518272095875163,0.0,True
primary,shared_stitch,1340,router__general__ipv4_count,True,True,True,0.0004645490970326926,0.001916376306620209,0.0014518272095875163,0.0,True
primary,shared_stitch,1340,router__general__ipv6_count,True,True,True,0.34074676267348003,0.33466898954703833,0.006077773126441699,0.0,True
primary,shared_stitch,1340,router__general__mqtt_port_packets,True,True,True,0.00220660821090529,0.003310104529616725,0.001103496318711435,0.0,True
primary,shared_stitch,1340,router__general__packet_count,True,True,True,0.0004645490970326926,0.001916376306620209,0.0014518272095875163,0.0,True
primary,shared_stitch,1340,router__general__packet_length_max,True,True,True,0.0004645490970326926,0.001916376306620209,0.0014518272095875163,0.0,True
primary,shared_stitch,1340,router__general__packet_length_mean,True,True,True,0.0004645490970326926,0.001916376306620209,0.0014518272095875163,0.0,True
primary,shared_stitch,1340,router__general__packet_length_min,True,True,True,0.0004645490970326926,0.001916376306620209,0.0014518272095875163,0.0,True
primary,shared_stitch,1340,router__general__packet_length_std,True,True,True,0.0004645490970326926,0.001916376306620209,0.0014518272095875163,0.0,True
primary,shared_stitch,1340,router__general__tcp_count,True,True,True,0.0004645490970326926,0.001916376306620209,0.0014518272095875163,0.0,True
primary,shared_stitch,1340,router__general__tcp_fin_count,False,True,True,0.9743336623889437,0.9747386759581882,0.0004050135692444945,0.0,True
primary,shared_stitch,1340,router__general__tcp_rst_count,False,True,True,0.9891411648568608,0.9902439024390244,0.0011027375821636154,0.0,True
primary,shared_stitch,1340,router__general__tcp_syn_count,False,True,True,0.9693397595958423,0.971602787456446,0.002263027860603728,0.0,True
primary,shared_stitch,1340,router__general__udp_count,True,True,True,0.29667266709250334,0.3026132404181185,0.0059405733256151505,0.0,True
primary,shared_stitch,1340,router__general__unique_dst_ip_count,False,True,True,0.0004645490970326926,0.001916376306620209,0.0014518272095875163,0.0,True
primary,shared_stitch,1340,router__general__unique_endpoint_pair_count,True,True,True,0.0004645490970326926,0.001916376306620209,0.0014518272095875163,0.0,True
primary,shared_stitch,1340,router__general__unique_src_ip_count,False,True,True,0.0004645490970326926,0.001916376306620209,0.0014518272095875163,0.0,True
primary,shared_stitch,1340,router__iot_named__arp_count,True,True,True,0.20614366180825736,0.19738675958188154,0.008756902226375818,0.0,True
primary,shared_stitch,1340,router__iot_named__byte_count,True,True,True,0.0002322745485163463,0.0,0.0002322745485163463,0.0,True
primary,shared_stitch,1340,router__iot_named__dns_port_packets,True,True,True,0.6611114337146508,0.6609756097560976,0.00013582395855316065,0.0,True
primary,shared_stitch,1340,router__iot_named__http_port_packets,False,True,True,0.9983740781603856,0.993205574912892,0.005168503247493628,0.0,True
primary,shared_stitch,1340,router__iot_named__https_port_packets,True,True,True,0.9447767260902387,0.9297909407665506,0.014985785323688106,0.0,True
primary,shared_stitch,1340,router__iot_named__icmp_count,False,True,True,0.9982579408861274,0.9996515679442509,0.0013936270581235144,0.0,True
primary,shared_stitch,1340,router__iot_named__interarrival_positive_mean,False,True,True,0.0002322745485163463,0.0,0.0002322745485163463,0.0,True
primary,shared_stitch,1340,router__iot_named__interarrival_positive_std,False,True,True,0.0002322745485163463,0.0,0.0002322745485163463,0.0,True
primary,shared_stitch,1340,router__iot_named__ipv4_count,True,True,True,0.0002322745485163463,0.0,0.0002322745485163463,0.0,True
primary,shared_stitch,1340,router__iot_named__mqtt_port_packets,True,True,True,0.0018581963881307705,0.0010452961672473868,0.0008129002208833837,0.0,True
primary,shared_stitch,1340,router__iot_named__packet_count,True,True,True,0.0002322745485163463,0.0,0.0002322745485163463,0.0,True
primary,shared_stitch,1340,router__iot_named__packet_length_max,True,True,True,0.0002322745485163463,0.0,0.0002322745485163463,0.0,True
primary,shared_stitch,1340,router__iot_named__packet_length_mean,True,True,True,0.0002322745485163463,0.0,0.0002322745485163463,0.0,True
primary,shared_stitch,1340,router__iot_named__packet_length_min,True,True,True,0.0002322745485163463,0.0,0.0002322745485163463,0.0,True
primary,shared_stitch,1340,router__iot_named__packet_length_std,True,True,True,0.0002322745485163463,0.0,0.0002322745485163463,0.0,True
primary,shared_stitch,1340,router__iot_named__tcp_count,True,True,True,0.00040648045990360605,0.0006968641114982578,0.0002903836515946518,0.0,True
primary,shared_stitch,1340,router__iot_named__tcp_fin_count,False,True,True,0.9912316357935079,0.9881533101045297,0.003078325688978256,0.0,True
primary,shared_stitch,1340,router__iot_named__tcp_rst_count,False,True,True,0.9979095290633528,0.9982578397212544,0.0003483106579015294,0.0,True
primary,shared_stitch,1340,router__iot_named__tcp_syn_count,False,True,True,0.9929736949073805,0.9912891986062717,0.0016844963011087843,0.0,True
primary,shared_stitch,1340,router__iot_named__udp_count,True,True,True,0.40078973346495556,0.39843205574912893,0.0023576777158266227,0.0,True
primary,shared_stitch,1340,router__iot_named__unique_dst_ip_count,True,True,True,0.0002322745485163463,0.0,0.0002322745485163463,0.0,True
primary,shared_stitch,1340,router__iot_named__unique_endpoint_pair_count,True,True,True,0.0002322745485163463,0.0,0.0002322745485163463,0.0,True
primary,shared_stitch,1340,router__iot_named__unique_src_ip_count,True,True,True,0.0002322745485163463,0.0,0.0002322745485163463,0.0,True
primary,shared_stitch,1341,iot__fridge__condition_high_fraction,True,True,True,0.017188316590209626,0.016376306620209058,0.0008120099700005684,0.0,True
primary,shared_stitch,1341,iot__fridge__temperature_mean,True,True,True,0.0012194413797108183,0.001916376306620209,0.0006969349269093908,0.0,True
primary,shared_stitch,1341,iot__garage__door_open_fraction,True,True,True,0.5932872655478776,0.6090592334494773,0.015771967901599737,0.0,True
primary,shared_stitch,1341,iot__garage__smartphone_signal_true_fraction,False,True,True,0.5932872655478776,0.6090592334494773,0.015771967901599737,0.0,True
primary,shared_stitch,1341,iot__gps__latitude_mean,True,True,True,0.0009871668311944718,0.0013937282229965157,0.0004065613918020439,0.0,True
primary,shared_stitch,1341,iot__gps__longitude_mean,True,True,True,0.0009871668311944718,0.0013937282229965157,0.0004065613918020439,0.0,True
primary,shared_stitch,1341,iot__modbus__register_1_mean,True,True,True,0.0009871668311944718,0.0013937282229965157,0.0004065613918020439,0.0,True
primary,shared_stitch,1341,iot__modbus__register_2_mean,True,True,True,0.0009871668311944718,0.0013937282229965157,0.0004065613918020439,0.0,True
primary,shared_stitch,1341,iot__modbus__register_3_mean,True,True,True,0.0009871668311944718,0.0013937282229965157,0.0004065613918020439,0.0,True
primary,shared_stitch,1341,iot__modbus__register_4_mean,True,True,True,0.0009871668311944718,0.0013937282229965157,0.0004065613918020439,0.0,True
primary,shared_stitch,1341,iot__motion_light__light_on_fraction,True,True,True,0.2423204227396783,0.2357142857142857,0.006606137025392589,0.0,True
primary,shared_stitch,1341,iot__motion_light__motion_true_fraction,True,True,True,0.2423204227396783,0.2357142857142857,0.006606137025392589,0.0,True
primary,shared_stitch,1341,iot__thermostat__status_true_fraction,True,True,True,0.007490854189652169,0.005923344947735192,0.0015675092419169768,0.0,True
primary,shared_stitch,1341,iot__thermostat__temperature_mean,True,True,True,0.0020904709366471167,0.0015679442508710801,0.0005225266857760366,0.0,True
primary,shared_stitch,1341,iot__weather__humidity_mean,True,True,True,0.0009290981940653852,0.0013937282229965157,0.00046463002893113044,0.0,True
primary,shared_stitch,1341,iot__weather__pressure_mean,True,True,True,0.0009290981940653852,0.0013937282229965157,0.00046463002893113044,0.0,True
primary,shared_stitch,1341,iot__weather__temperature_mean,True,True,True,0.0009290981940653852,0.0013937282229965157,0.00046463002893113044,0.0,True
primary,shared_stitch,1341,router__general__arp_count,False,True,True,0.12043435340572557,0.13257839721254355,0.01214404380681798,0.0,True
primary,shared_stitch,1341,router__general__byte_count,True,True,True,0.0004645490970326926,0.0,0.0004645490970326926,0.0,True
primary,shared_stitch,1341,router__general__dns_port_packets,True,True,True,0.6286510655594914,0.6268292682926829,0.0018217972668084226,0.0,True
primary,shared_stitch,1341,router__general__http_port_packets,True,True,True,0.9925672144474769,0.9900696864111498,0.002497528036327079,0.0,True
primary,shared_stitch,1341,router__general__https_port_packets,True,True,True,0.8894953835433482,0.8890243902439025,0.0004709932994457766,0.0,True
primary,shared_stitch,1341,router__general__icmp_count,True,True,True,0.058358980314732016,0.1019163763066202,0.04355739599188819,0.0,True
primary,shared_stitch,1341,router__general__interarrival_positive_mean,False,True,True,0.0004645490970326926,0.0,0.0004645490970326926,0.0,True
primary,shared_stitch,1341,router__general__interarrival_positive_std,False,True,True,0.0004645490970326926,0.0,0.0004645490970326926,0.0,True
primary,shared_stitch,1341,router__general__ipv4_count,True,True,True,0.0004645490970326926,0.0,0.0004645490970326926,0.0,True
primary,shared_stitch,1341,router__general__ipv6_count,True,True,True,0.34074676267348003,0.3623693379790941,0.021622575305614067,0.0,True
primary,shared_stitch,1341,router__general__mqtt_port_packets,True,True,True,0.00220660821090529,0.0005226480836236934,0.0016839601272815965,0.0,True
primary,shared_stitch,1341,router__general__packet_count,True,True,True,0.0004645490970326926,0.0,0.0004645490970326926,0.0,True
primary,shared_stitch,1341,router__general__packet_length_max,True,True,True,0.0004645490970326926,0.0,0.0004645490970326926,0.0,True
primary,shared_stitch,1341,router__general__packet_length_mean,True,True,True,0.0004645490970326926,0.0,0.0004645490970326926,0.0,True
primary,shared_stitch,1341,router__general__packet_length_min,True,True,True,0.0004645490970326926,0.0,0.0004645490970326926,0.0,True
primary,shared_stitch,1341,router__general__packet_length_std,True,True,True,0.0004645490970326926,0.0,0.0004645490970326926,0.0,True
primary,shared_stitch,1341,router__general__tcp_count,True,True,True,0.0004645490970326926,0.0,0.0004645490970326926,0.0,True
primary,shared_stitch,1341,router__general__tcp_fin_count,False,True,True,0.9743336623889437,0.9702090592334495,0.004124603155494233,0.0,True
primary,shared_stitch,1341,router__general__tcp_rst_count,False,True,True,0.9891411648568608,0.9883275261324042,0.0008136387244566112,0.0,True
primary,shared_stitch,1341,router__general__tcp_syn_count,False,True,True,0.9693397595958423,0.9651567944250871,0.004182965170755226,0.0,True
primary,shared_stitch,1341,router__general__udp_count,True,True,True,0.29667266709250334,0.2874564459930314,0.009216221099471955,0.0,True
primary,shared_stitch,1341,router__general__unique_dst_ip_count,False,True,True,0.0004645490970326926,0.0,0.0004645490970326926,0.0,True
primary,shared_stitch,1341,router__general__unique_endpoint_pair_count,True,True,True,0.0004645490970326926,0.0,0.0004645490970326926,0.0,True
primary,shared_stitch,1341,router__general__unique_src_ip_count,False,True,True,0.0004645490970326926,0.0,0.0004645490970326926,0.0,True
primary,shared_stitch,1341,router__iot_named__arp_count,True,True,True,0.20614366180825736,0.20331010452961673,0.002833557278640625,0.0,True
primary,shared_stitch,1341,router__iot_named__byte_count,True,True,True,0.0002322745485163463,0.0,0.0002322745485163463,0.0,True
primary,shared_stitch,1341,router__iot_named__dns_port_packets,True,True,True,0.6611114337146508,0.6604529616724739,0.0006584720421768386,0.0,True
primary,shared_stitch,1341,router__iot_named__http_port_packets,False,True,True,0.9983740781603856,0.9989547038327526,0.0005806256723670522,0.0,True
primary,shared_stitch,1341,router__iot_named__https_port_packets,True,True,True,0.9447767260902387,0.947212543554007,0.0024358174637683083,0.0,True
primary,shared_stitch,1341,router__iot_named__icmp_count,False,True,True,0.9982579408861274,0.9975609756097561,0.0006969652763713086,0.0,True
primary,shared_stitch,1341,router__iot_named__interarrival_positive_mean,False,True,True,0.0002322745485163463,0.0,0.0002322745485163463,0.0,True
primary,shared_stitch,1341,router__iot_named__interarrival_positive_std,False,True,True,0.0002322745485163463,0.0,0.0002322745485163463,0.0,True
primary,shared_stitch,1341,router__iot_named__ipv4_count,True,True,True,0.0002322745485163463,0.0,0.0002322745485163463,0.0,True
primary,shared_stitch,1341,router__iot_named__mqtt_port_packets,True,True,True,0.0018581963881307705,0.0003484320557491289,0.0015097643323816416,0.0,True
primary,shared_stitch,1341,router__iot_named__packet_count,True,True,True,0.0002322745485163463,0.0,0.0002322745485163463,0.0,True
primary,shared_stitch,1341,router__iot_named__packet_length_max,True,True,True,0.0002322745485163463,0.0,0.0002322745485163463,0.0,True
primary,shared_stitch,1341,router__iot_named__packet_length_mean,True,True,True,0.0002322745485163463,0.0,0.0002322745485163463,0.0,True
primary,shared_stitch,1341,router__iot_named__packet_length_min,True,True,True,0.0002322745485163463,0.0,0.0002322745485163463,0.0,True
primary,shared_stitch,1341,router__iot_named__packet_length_std,True,True,True,0.0002322745485163463,0.0,0.0002322745485163463,0.0,True
primary,shared_stitch,1341,router__iot_named__tcp_count,True,True,True,0.00040648045990360605,0.0,0.00040648045990360605,0.0,True
primary,shared_stitch,1341,router__iot_named__tcp_fin_count,False,True,True,0.9912316357935079,0.9905923344947736,0.0006393012987343516,0.0,True
primary,shared_stitch,1341,router__iot_named__tcp_rst_count,False,True,True,0.9979095290633528,0.9977351916376307,0.0001743374257221486,0.0,True
primary,shared_stitch,1341,router__iot_named__tcp_syn_count,False,True,True,0.9929736949073805,0.9925087108013937,0.00046498410598683204,0.0,True
primary,shared_stitch,1341,router__iot_named__udp_count,True,True,True,0.40078973346495556,0.3911149825783972,0.009674750886558336,0.0,True
primary,shared_stitch,1341,router__iot_named__unique_dst_ip_count,True,True,True,0.0002322745485163463,0.0,0.0002322745485163463,0.0,True
primary,shared_stitch,1341,router__iot_named__unique_endpoint_pair_count,True,True,True,0.0002322745485163463,0.0,0.0002322745485163463,0.0,True
primary,shared_stitch,1341,router__iot_named__unique_src_ip_count,True,True,True,0.0002322745485163463,0.0,0.0002322745485163463,0.0,True
primary,learned_gmm_overlay,1337,iot__fridge__condition_high_fraction,True,True,True,0.017188316590209626,0.007317073170731708,0.00987124341947792,0.0,True
primary,learned_gmm_overlay,1337,iot__fridge__temperature_mean,True,True,True,0.0012194413797108183,0.0,0.0012194413797108183,0.0,True
primary,learned_gmm_overlay,1337,iot__garage__door_open_fraction,True,True,True,0.5932872655478776,0.2165505226480836,0.376736742899794,0.0,True
primary,learned_gmm_overlay,1337,iot__garage__smartphone_signal_true_fraction,False,True,True,0.5932872655478776,0.5912891986062718,0.0019980669416057584,0.0,True
primary,learned_gmm_overlay,1337,iot__gps__latitude_mean,True,True,True,0.0009871668311944718,0.002961672473867596,0.0019745056426731245,0.0,True
primary,learned_gmm_overlay,1337,iot__gps__longitude_mean,True,True,True,0.0009871668311944718,0.002264808362369338,0.0012776415311748664,0.0,True
primary,learned_gmm_overlay,1337,iot__modbus__register_1_mean,True,True,True,0.0009871668311944718,0.014111498257839722,0.01312433142664525,0.0,True
primary,learned_gmm_overlay,1337,iot__modbus__register_2_mean,True,True,True,0.0009871668311944718,0.009581881533101045,0.008594714701906573,0.0,True
primary,learned_gmm_overlay,1337,iot__modbus__register_3_mean,True,True,True,0.0009871668311944718,0.012369337979094076,0.011382171147899604,0.0,True
primary,learned_gmm_overlay,1337,iot__modbus__register_4_mean,True,True,True,0.0009871668311944718,0.013066202090592335,0.012079035259397863,0.0,True
primary,learned_gmm_overlay,1337,iot__motion_light__light_on_fraction,True,True,True,0.2423204227396783,0.09477351916376307,0.1475469035759152,0.0,True
primary,learned_gmm_overlay,1337,iot__motion_light__motion_true_fraction,True,True,True,0.2423204227396783,0.09163763066202091,0.1506827920776574,0.0,True
primary,learned_gmm_overlay,1337,iot__thermostat__status_true_fraction,True,True,True,0.007490854189652169,0.0,0.007490854189652169,0.0,True
primary,learned_gmm_overlay,1337,iot__thermostat__temperature_mean,True,True,True,0.0020904709366471167,0.0,0.0020904709366471167,0.0,True
primary,learned_gmm_overlay,1337,iot__weather__humidity_mean,True,True,True,0.0009290981940653852,0.0,0.0009290981940653852,0.0,True
primary,learned_gmm_overlay,1337,iot__weather__pressure_mean,True,True,True,0.0009290981940653852,0.0,0.0009290981940653852,0.0,True
primary,learned_gmm_overlay,1337,iot__weather__temperature_mean,True,True,True,0.0009290981940653852,0.0,0.0009290981940653852,0.0,True
primary,learned_gmm_overlay,1337,router__general__arp_count,False,True,True,0.12043435340572557,0.12386759581881533,0.00343324241308976,0.0,True
primary,learned_gmm_overlay,1337,router__general__byte_count,True,True,True,0.0004645490970326926,0.003832752613240418,0.0033682035162077256,0.0,True
primary,learned_gmm_overlay,1337,router__general__dns_port_packets,True,True,True,0.6286510655594914,0.2837979094076655,0.3448531561518258,0.0,True
primary,learned_gmm_overlay,1337,router__general__http_port_packets,True,True,True,0.9925672144474769,0.49581881533101047,0.4967483991164664,0.0,True
primary,learned_gmm_overlay,1337,router__general__https_port_packets,True,True,True,0.8894953835433482,0.4020905923344948,0.48740479120885344,0.0,True
primary,learned_gmm_overlay,1337,router__general__icmp_count,True,True,True,0.058358980314732016,0.024041811846689895,0.03431716846804212,0.0,True
primary,learned_gmm_overlay,1337,router__general__interarrival_positive_mean,False,True,True,0.0004645490970326926,0.0006968641114982578,0.00023231501446556522,0.0,True
primary,learned_gmm_overlay,1337,router__general__interarrival_positive_std,False,True,True,0.0004645490970326926,0.0006968641114982578,0.00023231501446556522,0.0,True
primary,learned_gmm_overlay,1337,router__general__ipv4_count,True,True,True,0.0004645490970326926,0.0031358885017421603,0.0026713394047094678,0.0,True
primary,learned_gmm_overlay,1337,router__general__ipv6_count,True,True,True,0.34074676267348003,0.1911149825783972,0.14963178009508282,0.0,True
primary,learned_gmm_overlay,1337,router__general__mqtt_port_packets,True,True,True,0.00220660821090529,0.00017421602787456446,0.002032392183030725,0.0,True
primary,learned_gmm_overlay,1337,router__general__packet_count,True,True,True,0.0004645490970326926,0.0012195121951219512,0.0007549630980892586,0.0,True
primary,learned_gmm_overlay,1337,router__general__packet_length_max,True,True,True,0.0004645490970326926,0.0017421602787456446,0.001277611181712952,0.0,True
primary,learned_gmm_overlay,1337,router__general__packet_length_mean,True,True,True,0.0004645490970326926,0.0010452961672473868,0.0005807470702146941,0.0,True
primary,learned_gmm_overlay,1337,router__general__packet_length_min,True,True,True,0.0004645490970326926,0.0,0.0004645490970326926,0.0,True
primary,learned_gmm_overlay,1337,router__general__packet_length_std,True,True,True,0.0004645490970326926,0.0031358885017421603,0.0026713394047094678,0.0,True
primary,learned_gmm_overlay,1337,router__general__tcp_count,True,True,True,0.0004645490970326926,0.004181184668989547,0.0037166355719568545,0.0,True
primary,learned_gmm_overlay,1337,router__general__tcp_fin_count,False,True,True,0.9743336623889437,0.9722996515679443,0.00203401082099941,0.0,True
primary,learned_gmm_overlay,1337,router__general__tcp_rst_count,False,True,True,0.9891411648568608,0.9900696864111498,0.0009285215542890191,0.0,True
primary,learned_gmm_overlay,1337,router__general__tcp_syn_count,False,True,True,0.9693397595958423,0.9717770034843206,0.0024372438884783243,0.0,True
primary,learned_gmm_overlay,1337,router__general__udp_count,True,True,True,0.29667266709250334,0.15313588850174217,0.14353677859076117,0.0,True
primary,learned_gmm_overlay,1337,router__general__unique_dst_ip_count,False,True,True,0.0004645490970326926,0.00017421602787456446,0.00029033306915812816,0.0,True
primary,learned_gmm_overlay,1337,router__general__unique_endpoint_pair_count,True,True,True,0.0004645490970326926,0.0003484320557491289,0.0001161170412835637,0.0,True
primary,learned_gmm_overlay,1337,router__general__unique_src_ip_count,False,True,True,0.0004645490970326926,0.0008710801393728223,0.0004065310423401297,0.0,True
primary,learned_gmm_overlay,1337,router__iot_named__arp_count,True,True,True,0.20614366180825736,0.11724738675958188,0.08889627504867548,0.0,True
primary,learned_gmm_overlay,1337,router__iot_named__byte_count,True,True,True,0.0002322745485163463,0.013414634146341463,0.013182359597825117,0.0,True
primary,learned_gmm_overlay,1337,router__iot_named__dns_port_packets,True,True,True,0.6611114337146508,0.2562717770034843,0.40483965671116645,0.0,True
primary,learned_gmm_overlay,1337,router__iot_named__http_port_packets,False,True,True,0.9983740781603856,0.997212543554007,0.001161534606378578,0.0,True
primary,learned_gmm_overlay,1337,router__iot_named__https_port_packets,True,True,True,0.9447767260902387,0.46602787456445993,0.47874885152577873,0.0,True
primary,learned_gmm_overlay,1337,router__iot_named__icmp_count,False,True,True,0.9982579408861274,0.998432055749129,0.0001741148630015621,0.0,True
primary,learned_gmm_overlay,1337,router__iot_named__interarrival_positive_mean,False,True,True,0.0002322745485163463,0.0003484320557491289,0.00011615750723278261,0.0,True
primary,learned_gmm_overlay,1337,router__iot_named__interarrival_positive_std,False,True,True,0.0002322745485163463,0.00017421602787456446,5.805852064178185e-05,0.0,True
primary,learned_gmm_overlay,1337,router__iot_named__ipv4_count,True,True,True,0.0002322745485163463,0.002961672473867596,0.0027293979253512498,0.0,True
primary,learned_gmm_overlay,1337,router__iot_named__mqtt_port_packets,True,True,True,0.0018581963881307705,0.0003484320557491289,0.0015097643323816416,0.0,True
primary,learned_gmm_overlay,1337,router__iot_named__packet_count,True,True,True,0.0002322745485163463,0.004878048780487805,0.004645774231971459,0.0,True
primary,learned_gmm_overlay,1337,router__iot_named__packet_length_max,True,True,True,0.0002322745485163463,0.005574912891986063,0.0053426383434697165,0.0,True
primary,learned_gmm_overlay,1337,router__iot_named__packet_length_mean,True,True,True,0.0002322745485163463,0.004181184668989547,0.003948910120473201,0.0,True
primary,learned_gmm_overlay,1337,router__iot_named__packet_length_min,True,True,True,0.0002322745485163463,0.0,0.0002322745485163463,0.0,True
primary,learned_gmm_overlay,1337,router__iot_named__packet_length_std,True,True,True,0.0002322745485163463,0.004878048780487805,0.004645774231971459,0.0,True
primary,learned_gmm_overlay,1337,router__iot_named__tcp_count,True,True,True,0.00040648045990360605,0.003658536585365854,0.003252056125462248,0.0,True
primary,learned_gmm_overlay,1337,router__iot_named__tcp_fin_count,False,True,True,0.9912316357935079,0.9914634146341463,0.00023177884063840803,0.0,True
primary,learned_gmm_overlay,1337,router__iot_named__tcp_rst_count,False,True,True,0.9979095290633528,0.9979094076655052,1.2139784766329598e-07,0.0,True
primary,learned_gmm_overlay,1337,router__iot_named__tcp_syn_count,False,True,True,0.9929736949073805,0.9928571428571429,0.00011655205023763937,0.0,True
primary,learned_gmm_overlay,1337,router__iot_named__udp_count,True,True,True,0.40078973346495556,0.16341463414634147,0.23737509931861409,0.0,True
primary,learned_gmm_overlay,1337,router__iot_named__unique_dst_ip_count,True,True,True,0.0002322745485163463,0.0,0.0002322745485163463,0.0,True
primary,learned_gmm_overlay,1337,router__iot_named__unique_endpoint_pair_count,True,True,True,0.0002322745485163463,0.0,0.0002322745485163463,0.0,True
primary,learned_gmm_overlay,1337,router__iot_named__unique_src_ip_count,True,True,True,0.0002322745485163463,0.0,0.0002322745485163463,0.0,True
primary,learned_gmm_overlay,1338,iot__fridge__condition_high_fraction,True,True,True,0.017188316590209626,0.0054006968641114985,0.011787619726098129,0.0,True
primary,learned_gmm_overlay,1338,iot__fridge__temperature_mean,True,True,True,0.0012194413797108183,0.00017421602787456446,0.0010452253518362538,0.0,True
primary,learned_gmm_overlay,1338,iot__garage__door_open_fraction,True,True,True,0.5932872655478776,0.23937282229965157,0.353914443248226,0.0,True
primary,learned_gmm_overlay,1338,iot__garage__smartphone_signal_true_fraction,False,True,True,0.5932872655478776,0.5940766550522648,0.0007893895043872279,0.0,True
primary,learned_gmm_overlay,1338,iot__gps__latitude_mean,True,True,True,0.0009871668311944718,0.002613240418118467,0.0016260735869239953,0.0,True
primary,learned_gmm_overlay,1338,iot__gps__longitude_mean,True,True,True,0.0009871668311944718,0.0012195121951219512,0.00023234536392747942,0.0,True
primary,learned_gmm_overlay,1338,iot__modbus__register_1_mean,True,True,True,0.0009871668311944718,0.013066202090592335,0.012079035259397863,0.0,True
primary,learned_gmm_overlay,1338,iot__modbus__register_2_mean,True,True,True,0.0009871668311944718,0.01445993031358885,0.013472763482394378,0.0,True
primary,learned_gmm_overlay,1338,iot__modbus__register_3_mean,True,True,True,0.0009871668311944718,0.013414634146341463,0.012427467315146991,0.0,True
primary,learned_gmm_overlay,1338,iot__modbus__register_4_mean,True,True,True,0.0009871668311944718,0.013763066202090592,0.01277589937089612,0.0,True
primary,learned_gmm_overlay,1338,iot__motion_light__light_on_fraction,True,True,True,0.2423204227396783,0.09355400696864112,0.14876641577103716,0.0,True
primary,learned_gmm_overlay,1338,iot__motion_light__motion_true_fraction,True,True,True,0.2423204227396783,0.09146341463414634,0.15085700810553196,0.0,True
primary,learned_gmm_overlay,1338,iot__thermostat__status_true_fraction,True,True,True,0.007490854189652169,0.00017421602787456446,0.007316638161777605,0.0,True
primary,learned_gmm_overlay,1338,iot__thermostat__temperature_mean,True,True,True,0.0020904709366471167,0.0,0.0020904709366471167,0.0,True
primary,learned_gmm_overlay,1338,iot__weather__humidity_mean,True,True,True,0.0009290981940653852,0.0,0.0009290981940653852,0.0,True
primary,learned_gmm_overlay,1338,iot__weather__pressure_mean,True,True,True,0.0009290981940653852,0.0,0.0009290981940653852,0.0,True
primary,learned_gmm_overlay,1338,iot__weather__temperature_mean,True,True,True,0.0009290981940653852,0.0,0.0009290981940653852,0.0,True
primary,learned_gmm_overlay,1338,router__general__arp_count,False,True,True,0.12043435340572557,0.12317073170731707,0.0027363783015914994,0.0,True
primary,learned_gmm_overlay,1338,router__general__byte_count,True,True,True,0.0004645490970326926,0.004703832752613241,0.004239283655580548,0.0,True
primary,learned_gmm_overlay,1338,router__general__dns_port_packets,True,True,True,0.6286510655594914,0.25418118466898953,0.3744698808905018,0.0,True
primary,learned_gmm_overlay,1338,router__general__http_port_packets,True,True,True,0.9925672144474769,0.4937282229965157,0.49883899145096117,0.0,True
primary,learned_gmm_overlay,1338,router__general__https_port_packets,True,True,True,0.8894953835433482,0.42578397212543556,0.46371141141791267,0.0,True
primary,learned_gmm_overlay,1338,router__general__icmp_count,True,True,True,0.058358980314732016,0.02456445993031359,0.03379452038441842,0.0,True
primary,learned_gmm_overlay,1338,router__general__interarrival_positive_mean,False,True,True,0.0004645490970326926,0.0003484320557491289,0.0001161170412835637,0.0,True
primary,learned_gmm_overlay,1338,router__general__interarrival_positive_std,False,True,True,0.0004645490970326926,0.0003484320557491289,0.0001161170412835637,0.0,True
primary,learned_gmm_overlay,1338,router__general__ipv4_count,True,True,True,0.0004645490970326926,0.005923344947735192,0.0054587958507024996,0.0,True
primary,learned_gmm_overlay,1338,router__general__ipv6_count,True,True,True,0.34074676267348003,0.19128919860627178,0.14945756406720825,0.0,True
primary,learned_gmm_overlay,1338,router__general__mqtt_port_packets,True,True,True,0.00220660821090529,0.0005226480836236934,0.0016839601272815965,0.0,True
primary,learned_gmm_overlay,1338,router__general__packet_count,True,True,True,0.0004645490970326926,0.0013937282229965157,0.0009291791259638231,0.0,True
primary,learned_gmm_overlay,1338,router__general__packet_length_max,True,True,True,0.0004645490970326926,0.004355400696864111,0.0038908515998314188,0.0,True
primary,learned_gmm_overlay,1338,router__general__packet_length_mean,True,True,True,0.0004645490970326926,0.0008710801393728223,0.0004065310423401297,0.0,True
primary,learned_gmm_overlay,1338,router__general__packet_length_min,True,True,True,0.0004645490970326926,0.0,0.0004645490970326926,0.0,True
primary,learned_gmm_overlay,1338,router__general__packet_length_std,True,True,True,0.0004645490970326926,0.0017421602787456446,0.001277611181712952,0.0,True
primary,learned_gmm_overlay,1338,router__general__tcp_count,True,True,True,0.0004645490970326926,0.008362369337979094,0.007897820240946402,0.0,True
primary,learned_gmm_overlay,1338,router__general__tcp_fin_count,False,True,True,0.9743336623889437,0.974390243902439,5.658151349530183e-05,0.0,True
primary,learned_gmm_overlay,1338,router__general__tcp_rst_count,False,True,True,0.9891411648568608,0.989198606271777,5.7441414916259426e-05,0.0,True
primary,learned_gmm_overlay,1338,router__general__tcp_syn_count,False,True,True,0.9693397595958423,0.9667247386759582,0.0026150209198840813,0.0,True
primary,learned_gmm_overlay,1338,router__general__udp_count,True,True,True,0.29667266709250334,0.16219512195121952,0.13447754514128382,0.0,True
primary,learned_gmm_overlay,1338,router__general__unique_dst_ip_count,False,True,True,0.0004645490970326926,0.0010452961672473868,0.0005807470702146941,0.0,True
primary,learned_gmm_overlay,1338,router__general__unique_endpoint_pair_count,True,True,True,0.0004645490970326926,0.0003484320557491289,0.0001161170412835637,0.0,True
primary,learned_gmm_overlay,1338,router__general__unique_src_ip_count,False,True,True,0.0004645490970326926,0.0008710801393728223,0.0004065310423401297,0.0,True
primary,learned_gmm_overlay,1338,router__iot_named__arp_count,True,True,True,0.20614366180825736,0.11393728222996516,0.0922063795782922,0.0,True
primary,learned_gmm_overlay,1338,router__iot_named__byte_count,True,True,True,0.0002322745485163463,0.008885017421602788,0.008652742873086441,0.0,True
primary,learned_gmm_overlay,1338,router__iot_named__dns_port_packets,True,True,True,0.6611114337146508,0.2348432055749129,0.42626822813973786,0.0,True
primary,learned_gmm_overlay,1338,router__iot_named__http_port_packets,False,True,True,0.9983740781603856,0.998780487804878,0.00040640964449245587,0.0,True
primary,learned_gmm_overlay,1338,router__iot_named__https_port_packets,True,True,True,0.9447767260902387,0.47491289198606274,0.4698638341041759,0.0,True
primary,learned_gmm_overlay,1338,router__iot_named__icmp_count,False,True,True,0.9982579408861274,0.9982578397212544,1.0116487303424293e-07,0.0,True
primary,learned_gmm_overlay,1338,router__iot_named__interarrival_positive_mean,False,True,True,0.0002322745485163463,0.0003484320557491289,0.00011615750723278261,0.0,True
primary,learned_gmm_overlay,1338,router__iot_named__interarrival_positive_std,False,True,True,0.0002322745485163463,0.0005226480836236934,0.00029037353510734707,0.0,True
primary,learned_gmm_overlay,1338,router__iot_named__ipv4_count,True,True,True,0.0002322745485163463,0.004355400696864111,0.004123126148347765,0.0,True
primary,learned_gmm_overlay,1338,router__iot_named__mqtt_port_packets,True,True,True,0.0018581963881307705,0.0003484320557491289,0.0015097643323816416,0.0,True
primary,learned_gmm_overlay,1338,router__iot_named__packet_count,True,True,True,0.0002322745485163463,0.004181184668989547,0.003948910120473201,0.0,True
primary,learned_gmm_overlay,1338,router__iot_named__packet_length_max,True,True,True,0.0002322745485163463,0.004181184668989547,0.003948910120473201,0.0,True
primary,learned_gmm_overlay,1338,router__iot_named__packet_length_mean,True,True,True,0.0002322745485163463,0.002613240418118467,0.002380965869602121,0.0,True
primary,learned_gmm_overlay,1338,router__iot_named__packet_length_min,True,True,True,0.0002322745485163463,0.0,0.0002322745485163463,0.0,True
primary,learned_gmm_overlay,1338,router__iot_named__packet_length_std,True,True,True,0.0002322745485163463,0.003310104529616725,0.0030778299811003787,0.0,True
primary,learned_gmm_overlay,1338,router__iot_named__tcp_count,True,True,True,0.00040648045990360605,0.004181184668989547,0.003774704209085941,0.0,True
primary,learned_gmm_overlay,1338,router__iot_named__tcp_fin_count,False,True,True,0.9912316357935079,0.9912891986062717,5.75628127638117e-05,0.0,True
primary,learned_gmm_overlay,1338,router__iot_named__tcp_rst_count,False,True,True,0.9979095290633528,0.9982578397212544,0.0003483106579015294,0.0,True
primary,learned_gmm_overlay,1338,router__iot_named__tcp_syn_count,False,True,True,0.9929736949073805,0.990418118466899,0.002555576440481544,0.0,True
primary,learned_gmm_overlay,1338,router__iot_named__udp_count,True,True,True,0.40078973346495556,0.1843205574912892,0.21646917597366636,0.0,True
primary,learned_gmm_overlay,1338,router__iot_named__unique_dst_ip_count,True,True,True,0.0002322745485163463,0.0,0.0002322745485163463,0.0,True
primary,learned_gmm_overlay,1338,router__iot_named__unique_endpoint_pair_count,True,True,True,0.0002322745485163463,0.0,0.0002322745485163463,0.0,True
primary,learned_gmm_overlay,1338,router__iot_named__unique_src_ip_count,True,True,True,0.0002322745485163463,0.0,0.0002322745485163463,0.0,True
primary,learned_gmm_overlay,1339,iot__fridge__condition_high_fraction,True,True,True,0.017188316590209626,0.006445993031358885,0.010742323558850742,0.0,True
primary,learned_gmm_overlay,1339,iot__fridge__temperature_mean,True,True,True,0.0012194413797108183,0.0,0.0012194413797108183,0.0,True
primary,learned_gmm_overlay,1339,iot__garage__door_open_fraction,True,True,True,0.5932872655478776,0.23066202090592333,0.3626252446419542,0.0,True
primary,learned_gmm_overlay,1339,iot__garage__smartphone_signal_true_fraction,False,True,True,0.5932872655478776,0.5893728222996516,0.003914443248225985,0.0,True
primary,learned_gmm_overlay,1339,iot__gps__latitude_mean,True,True,True,0.0009871668311944718,0.0024390243902439024,0.0014518575590494306,0.0,True
primary,learned_gmm_overlay,1339,iot__gps__longitude_mean,True,True,True,0.0009871668311944718,0.0020905923344947735,0.0011034255033003017,0.0,True
primary,learned_gmm_overlay,1339,iot__modbus__register_1_mean,True,True,True,0.0009871668311944718,0.013414634146341463,0.012427467315146991,0.0,True
primary,learned_gmm_overlay,1339,iot__modbus__register_2_mean,True,True,True,0.0009871668311944718,0.014111498257839722,0.01312433142664525,0.0,True
primary,learned_gmm_overlay,1339,iot__modbus__register_3_mean,True,True,True,0.0009871668311944718,0.014808362369337979,0.013821195538143507,0.0,True
primary,learned_gmm_overlay,1339,iot__modbus__register_4_mean,True,True,True,0.0009871668311944718,0.0132404181184669,0.012253251287272428,0.0,True
primary,learned_gmm_overlay,1339,iot__motion_light__light_on_fraction,True,True,True,0.2423204227396783,0.09843205574912892,0.14388836699054938,0.0,True
primary,learned_gmm_overlay,1339,iot__motion_light__motion_true_fraction,True,True,True,0.2423204227396783,0.09390243902439024,0.14841798371528805,0.0,True
primary,learned_gmm_overlay,1339,iot__thermostat__status_true_fraction,True,True,True,0.007490854189652169,0.0,0.007490854189652169,0.0,True
primary,learned_gmm_overlay,1339,iot__thermostat__temperature_mean,True,True,True,0.0020904709366471167,0.0,0.0020904709366471167,0.0,True
primary,learned_gmm_overlay,1339,iot__weather__humidity_mean,True,True,True,0.0009290981940653852,0.0,0.0009290981940653852,0.0,True
primary,learned_gmm_overlay,1339,iot__weather__pressure_mean,True,True,True,0.0009290981940653852,0.0,0.0009290981940653852,0.0,True
primary,learned_gmm_overlay,1339,iot__weather__temperature_mean,True,True,True,0.0009290981940653852,0.0,0.0009290981940653852,0.0,True
primary,learned_gmm_overlay,1339,router__general__arp_count,False,True,True,0.12043435340572557,0.12421602787456446,0.003781674468838883,0.0,True
primary,learned_gmm_overlay,1339,router__general__byte_count,True,True,True,0.0004645490970326926,0.003658536585365854,0.0031939874883331614,0.0,True
primary,learned_gmm_overlay,1339,router__general__dns_port_packets,True,True,True,0.6286510655594914,0.2564459930313589,0.37220507252813245,0.0,True
primary,learned_gmm_overlay,1339,router__general__http_port_packets,True,True,True,0.9925672144474769,0.49337979094076656,0.4991874235067103,0.0,True
primary,learned_gmm_overlay,1339,router__general__https_port_packets,True,True,True,0.8894953835433482,0.40069686411149824,0.48879851943185,0.0,True
primary,learned_gmm_overlay,1339,router__general__icmp_count,True,True,True,0.058358980314732016,0.0264808362369338,0.031878144077798216,0.0,True
primary,learned_gmm_overlay,1339,router__general__interarrival_positive_mean,False,True,True,0.0004645490970326926,0.00017421602787456446,0.00029033306915812816,0.0,True
primary,learned_gmm_overlay,1339,router__general__interarrival_positive_std,False,True,True,0.0004645490970326926,0.0005226480836236934,5.809898659100076e-05,0.0,True
primary,learned_gmm_overlay,1339,router__general__ipv4_count,True,True,True,0.0004645490970326926,0.003310104529616725,0.0028455554325840324,0.0,True
primary,learned_gmm_overlay,1339,router__general__ipv6_count,True,True,True,0.34074676267348003,0.19790940766550522,0.14283735500797481,0.0,True
primary,learned_gmm_overlay,1339,router__general__mqtt_port_packets,True,True,True,0.00220660821090529,0.0006968641114982578,0.001509744099407032,0.0,True
primary,learned_gmm_overlay,1339,router__general__packet_count,True,True,True,0.0004645490970326926,0.0003484320557491289,0.0001161170412835637,0.0,True
primary,learned_gmm_overlay,1339,router__general__packet_length_max,True,True,True,0.0004645490970326926,0.0031358885017421603,0.0026713394047094678,0.0,True
primary,learned_gmm_overlay,1339,router__general__packet_length_mean,True,True,True,0.0004645490970326926,0.0008710801393728223,0.0004065310423401297,0.0,True
primary,learned_gmm_overlay,1339,router__general__packet_length_min,True,True,True,0.0004645490970326926,0.0,0.0004645490970326926,0.0,True
primary,learned_gmm_overlay,1339,router__general__packet_length_std,True,True,True,0.0004645490970326926,0.001916376306620209,0.0014518272095875163,0.0,True
primary,learned_gmm_overlay,1339,router__general__tcp_count,True,True,True,0.0004645490970326926,0.003310104529616725,0.0028455554325840324,0.0,True
primary,learned_gmm_overlay,1339,router__general__tcp_fin_count,False,True,True,0.9743336623889437,0.9766550522648083,0.00232138987586461,0.0,True
primary,learned_gmm_overlay,1339,router__general__tcp_rst_count,False,True,True,0.9891411648568608,0.9881533101045297,0.0009878547523310965,0.0,True
primary,learned_gmm_overlay,1339,router__general__tcp_syn_count,False,True,True,0.9693397595958423,0.9691637630662021,0.00017599652964017665,0.0,True
primary,learned_gmm_overlay,1339,router__general__udp_count,True,True,True,0.29667266709250334,0.15174216027874565,0.1449305068137577,0.0,True
primary,learned_gmm_overlay,1339,router__general__unique_dst_ip_count,False,True,True,0.0004645490970326926,0.0005226480836236934,5.809898659100076e-05,0.0,True
primary,learned_gmm_overlay,1339,router__general__unique_endpoint_pair_count,True,True,True,0.0004645490970326926,0.00017421602787456446,0.00029033306915812816,0.0,True
primary,learned_gmm_overlay,1339,router__general__unique_src_ip_count,False,True,True,0.0004645490970326926,0.0010452961672473868,0.0005807470702146941,0.0,True
primary,learned_gmm_overlay,1339,router__iot_named__arp_count,True,True,True,0.20614366180825736,0.11358885017421602,0.09255481163404133,0.0,True
primary,learned_gmm_overlay,1339,router__iot_named__byte_count,True,True,True,0.0002322745485163463,0.01132404181184669,0.011091767263330344,0.0,True
primary,learned_gmm_overlay,1339,router__iot_named__dns_port_packets,True,True,True,0.6611114337146508,0.232404181184669,0.42870725252998176,0.0,True
primary,learned_gmm_overlay,1339,router__iot_named__http_port_packets,False,True,True,0.9983740781603856,0.9986062717770035,0.00023219361661785953,0.0,True
primary,learned_gmm_overlay,1339,router__iot_named__https_port_packets,True,True,True,0.9447767260902387,0.47229965156794423,0.4724770745222944,0.0,True
primary,learned_gmm_overlay,1339,router__iot_named__icmp_count,False,True,True,0.9982579408861274,0.997212543554007,0.0010453973321203902,0.0,True
primary,learned_gmm_overlay,1339,router__iot_named__interarrival_positive_mean,False,True,True,0.0002322745485163463,0.0003484320557491289,0.00011615750723278261,0.0,True
primary,learned_gmm_overlay,1339,router__iot_named__interarrival_positive_std,False,True,True,0.0002322745485163463,0.0,0.0002322745485163463,0.0,True
primary,learned_gmm_overlay,1339,router__iot_named__ipv4_count,True,True,True,0.0002322745485163463,0.0024390243902439024,0.002206749841727556,0.0,True
primary,learned_gmm_overlay,1339,router__iot_named__mqtt_port_packets,True,True,True,0.0018581963881307705,0.0010452961672473868,0.0008129002208833837,0.0,True
primary,learned_gmm_overlay,1339,router__iot_named__packet_count,True,True,True,0.0002322745485163463,0.0031358885017421603,0.002903613953225814,0.0,True
primary,learned_gmm_overlay,1339,router__iot_named__packet_length_max,True,True,True,0.0002322745485163463,0.0027874564459930314,0.002555181897476685,0.0,True
primary,learned_gmm_overlay,1339,router__iot_named__packet_length_mean,True,True,True,0.0002322745485163463,0.0020905923344947735,0.0018583177859784273,0.0,True
primary,learned_gmm_overlay,1339,router__iot_named__packet_length_min,True,True,True,0.0002322745485163463,0.0,0.0002322745485163463,0.0,True
primary,learned_gmm_overlay,1339,router__iot_named__packet_length_std,True,True,True,0.0002322745485163463,0.002264808362369338,0.002032533813852992,0.0,True
primary,learned_gmm_overlay,1339,router__iot_named__tcp_count,True,True,True,0.00040648045990360605,0.0017421602787456446,0.0013356798188420387,0.0,True
primary,learned_gmm_overlay,1339,router__iot_named__tcp_fin_count,False,True,True,0.9912316357935079,0.9918118466898954,0.0005802108963874897,0.0,True
primary,learned_gmm_overlay,1339,router__iot_named__tcp_rst_count,False,True,True,0.9979095290633528,0.997212543554007,0.0006969855093458266,0.0,True
primary,learned_gmm_overlay,1339,router__iot_named__tcp_syn_count,False,True,True,0.9929736949073805,0.9935540069686412,0.000580312061260635,0.0,True
primary,learned_gmm_overlay,1339,router__iot_named__udp_count,True,True,True,0.40078973346495556,0.17822299651567944,0.22256673694927612,0.0,True
primary,learned_gmm_overlay,1339,router__iot_named__unique_dst_ip_count,True,True,True,0.0002322745485163463,0.0,0.0002322745485163463,0.0,True
primary,learned_gmm_overlay,1339,router__iot_named__unique_endpoint_pair_count,True,True,True,0.0002322745485163463,0.0,0.0002322745485163463,0.0,True
primary,learned_gmm_overlay,1339,router__iot_named__unique_src_ip_count,True,True,True,0.0002322745485163463,0.0,0.0002322745485163463,0.0,True
primary,learned_gmm_overlay,1340,iot__fridge__condition_high_fraction,True,True,True,0.017188316590209626,0.003832752613240418,0.013355563976969208,0.0,True
primary,learned_gmm_overlay,1340,iot__fridge__temperature_mean,True,True,True,0.0012194413797108183,0.0,0.0012194413797108183,0.0,True
primary,learned_gmm_overlay,1340,iot__garage__door_open_fraction,True,True,True,0.5932872655478776,0.2313588850174216,0.36192838053045595,0.0,True
primary,learned_gmm_overlay,1340,iot__garage__smartphone_signal_true_fraction,False,True,True,0.5932872655478776,0.5916376306620209,0.0016496348858566767,0.0,True
primary,learned_gmm_overlay,1340,iot__gps__latitude_mean,True,True,True,0.0009871668311944718,0.0027874564459930314,0.0018002896147985596,0.0,True
primary,learned_gmm_overlay,1340,iot__gps__longitude_mean,True,True,True,0.0009871668311944718,0.0024390243902439024,0.0014518575590494306,0.0,True
primary,learned_gmm_overlay,1340,iot__modbus__register_1_mean,True,True,True,0.0009871668311944718,0.012195121951219513,0.01120795512002504,0.0,True
primary,learned_gmm_overlay,1340,iot__modbus__register_2_mean,True,True,True,0.0009871668311944718,0.014808362369337979,0.013821195538143507,0.0,True
primary,learned_gmm_overlay,1340,iot__modbus__register_3_mean,True,True,True,0.0009871668311944718,0.01097560975609756,0.009988442924903088,0.0,True
primary,learned_gmm_overlay,1340,iot__modbus__register_4_mean,True,True,True,0.0009871668311944718,0.013414634146341463,0.012427467315146991,0.0,True
primary,learned_gmm_overlay,1340,iot__motion_light__light_on_fraction,True,True,True,0.2423204227396783,0.09146341463414634,0.15085700810553196,0.0,True
primary,learned_gmm_overlay,1340,iot__motion_light__motion_true_fraction,True,True,True,0.2423204227396783,0.09146341463414634,0.15085700810553196,0.0,True
primary,learned_gmm_overlay,1340,iot__thermostat__status_true_fraction,True,True,True,0.007490854189652169,0.00017421602787456446,0.007316638161777605,0.0,True
primary,learned_gmm_overlay,1340,iot__thermostat__temperature_mean,True,True,True,0.0020904709366471167,0.0,0.0020904709366471167,0.0,True
primary,learned_gmm_overlay,1340,iot__weather__humidity_mean,True,True,True,0.0009290981940653852,0.0,0.0009290981940653852,0.0,True
primary,learned_gmm_overlay,1340,iot__weather__pressure_mean,True,True,True,0.0009290981940653852,0.0,0.0009290981940653852,0.0,True
primary,learned_gmm_overlay,1340,iot__weather__temperature_mean,True,True,True,0.0009290981940653852,0.0,0.0009290981940653852,0.0,True
primary,learned_gmm_overlay,1340,router__general__arp_count,False,True,True,0.12043435340572557,0.12439024390243902,0.003955890496713452,0.0,True
primary,learned_gmm_overlay,1340,router__general__byte_count,True,True,True,0.0004645490970326926,0.0078397212543554,0.007375172157322708,0.0,True
primary,learned_gmm_overlay,1340,router__general__dns_port_packets,True,True,True,0.6286510655594914,0.25017421602787454,0.3784768495316168,0.0,True
primary,learned_gmm_overlay,1340,router__general__http_port_packets,True,True,True,0.9925672144474769,0.49581881533101047,0.4967483991164664,0.0,True
primary,learned_gmm_overlay,1340,router__general__https_port_packets,True,True,True,0.8894953835433482,0.43519163763066204,0.4543037459126862,0.0,True
primary,learned_gmm_overlay,1340,router__general__icmp_count,True,True,True,0.058358980314732016,0.025958188153310104,0.032400792161421915,0.0,True
primary,learned_gmm_overlay,1340,router__general__interarrival_positive_mean,False,True,True,0.0004645490970326926,0.0005226480836236934,5.809898659100076e-05,0.0,True
primary,learned_gmm_overlay,1340,router__general__interarrival_positive_std,False,True,True,0.0004645490970326926,0.0006968641114982578,0.00023231501446556522,0.0,True
primary,learned_gmm_overlay,1340,router__general__ipv4_count,True,True,True,0.0004645490970326926,0.007665505226480836,0.007200956129448144,0.0,True
primary,learned_gmm_overlay,1340,router__general__ipv6_count,True,True,True,0.34074676267348003,0.17909407665505225,0.16165268601842778,0.0,True
primary,learned_gmm_overlay,1340,router__general__mqtt_port_packets,True,True,True,0.00220660821090529,0.0,0.00220660821090529,0.0,True
primary,learned_gmm_overlay,1340,router__general__packet_count,True,True,True,0.0004645490970326926,0.0006968641114982578,0.00023231501446556522,0.0,True
primary,learned_gmm_overlay,1340,router__general__packet_length_max,True,True,True,0.0004645490970326926,0.005052264808362369,0.004587715711329677,0.0,True
primary,learned_gmm_overlay,1340,router__general__packet_length_mean,True,True,True,0.0004645490970326926,0.0008710801393728223,0.0004065310423401297,0.0,True
primary,learned_gmm_overlay,1340,router__general__packet_length_min,True,True,True,0.0004645490970326926,0.0,0.0004645490970326926,0.0,True
primary,learned_gmm_overlay,1340,router__general__packet_length_std,True,True,True,0.0004645490970326926,0.003484320557491289,0.0030197714604585967,0.0,True
primary,learned_gmm_overlay,1340,router__general__tcp_count,True,True,True,0.0004645490970326926,0.009930313588850175,0.009465764491817482,0.0,True
primary,learned_gmm_overlay,1340,router__general__tcp_fin_count,False,True,True,0.9743336623889437,0.9721254355400697,0.0022082268488740064,0.0,True
primary,learned_gmm_overlay,1340,router__general__tcp_rst_count,False,True,True,0.9891411648568608,0.989198606271777,5.7441414916259426e-05,0.0,True
primary,learned_gmm_overlay,1340,router__general__tcp_syn_count,False,True,True,0.9693397595958423,0.9658536585365853,0.003486101059256952,0.0,True
primary,learned_gmm_overlay,1340,router__general__udp_count,True,True,True,0.29667266709250334,0.15470383275261324,0.1419688343398901,0.0,True
primary,learned_gmm_overlay,1340,router__general__unique_dst_ip_count,False,True,True,0.0004645490970326926,0.0,0.0004645490970326926,0.0,True
primary,learned_gmm_overlay,1340,router__general__unique_endpoint_pair_count,True,True,True,0.0004645490970326926,0.0005226480836236934,5.809898659100076e-05,0.0,True
primary,learned_gmm_overlay,1340,router__general__unique_src_ip_count,False,True,True,0.0004645490970326926,0.0005226480836236934,5.809898659100076e-05,0.0,True
primary,learned_gmm_overlay,1340,router__iot_named__arp_count,True,True,True,0.20614366180825736,0.11236933797909408,0.09377432382916327,0.0,True
primary,learned_gmm_overlay,1340,router__iot_named__byte_count,True,True,True,0.0002322745485163463,0.010278745644599303,0.010046471096082957,0.0,True
primary,learned_gmm_overlay,1340,router__iot_named__dns_port_packets,True,True,True,0.6611114337146508,0.24494773519163762,0.41616369852301316,0.0,True
primary,learned_gmm_overlay,1340,router__iot_named__http_port_packets,False,True,True,0.9983740781603856,0.9982578397212544,0.00011623843913122212,0.0,True
primary,learned_gmm_overlay,1340,router__iot_named__https_port_packets,True,True,True,0.9447767260902387,0.4740418118466899,0.47073491424354874,0.0,True
primary,learned_gmm_overlay,1340,router__iot_named__icmp_count,False,True,True,0.9982579408861274,0.9975609756097561,0.0006969652763713086,0.0,True
primary,learned_gmm_overlay,1340,router__iot_named__interarrival_positive_mean,False,True,True,0.0002322745485163463,0.0,0.0002322745485163463,0.0,True
primary,learned_gmm_overlay,1340,router__iot_named__interarrival_positive_std,False,True,True,0.0002322745485163463,0.00017421602787456446,5.805852064178185e-05,0.0,True
primary,learned_gmm_overlay,1340,router__iot_named__ipv4_count,True,True,True,0.0002322745485163463,0.005749128919860627,0.005516854371344281,0.0,True
primary,learned_gmm_overlay,1340,router__iot_named__mqtt_port_packets,True,True,True,0.0018581963881307705,0.00017421602787456446,0.001683980360256206,0.0,True
primary,learned_gmm_overlay,1340,router__iot_named__packet_count,True,True,True,0.0002322745485163463,0.004878048780487805,0.004645774231971459,0.0,True
primary,learned_gmm_overlay,1340,router__iot_named__packet_length_max,True,True,True,0.0002322745485163463,0.003832752613240418,0.003600478064724072,0.0,True
primary,learned_gmm_overlay,1340,router__iot_named__packet_length_mean,True,True,True,0.0002322745485163463,0.0027874564459930314,0.002555181897476685,0.0,True
primary,learned_gmm_overlay,1340,router__iot_named__packet_length_min,True,True,True,0.0002322745485163463,0.0,0.0002322745485163463,0.0,True
primary,learned_gmm_overlay,1340,router__iot_named__packet_length_std,True,True,True,0.0002322745485163463,0.003310104529616725,0.0030778299811003787,0.0,True
primary,learned_gmm_overlay,1340,router__iot_named__tcp_count,True,True,True,0.00040648045990360605,0.006097560975609756,0.00569108051570615,0.0,True
primary,learned_gmm_overlay,1340,router__iot_named__tcp_fin_count,False,True,True,0.9912316357935079,0.9926829268292683,0.0014512910357603603,0.0,True
primary,learned_gmm_overlay,1340,router__iot_named__tcp_rst_count,False,True,True,0.9979095290633528,0.9977351916376307,0.0001743374257221486,0.0,True
primary,learned_gmm_overlay,1340,router__iot_named__tcp_syn_count,False,True,True,0.9929736949073805,0.9918118466898954,0.0011618482174851064,0.0,True
primary,learned_gmm_overlay,1340,router__iot_named__udp_count,True,True,True,0.40078973346495556,0.18170731707317073,0.21908241639178483,0.0,True
primary,learned_gmm_overlay,1340,router__iot_named__unique_dst_ip_count,True,True,True,0.0002322745485163463,0.0,0.0002322745485163463,0.0,True
primary,learned_gmm_overlay,1340,router__iot_named__unique_endpoint_pair_count,True,True,True,0.0002322745485163463,0.0,0.0002322745485163463,0.0,True
primary,learned_gmm_overlay,1340,router__iot_named__unique_src_ip_count,True,True,True,0.0002322745485163463,0.0,0.0002322745485163463,0.0,True
primary,learned_gmm_overlay,1341,iot__fridge__condition_high_fraction,True,True,True,0.017188316590209626,0.007317073170731708,0.00987124341947792,0.0,True
primary,learned_gmm_overlay,1341,iot__fridge__temperature_mean,True,True,True,0.0012194413797108183,0.0,0.0012194413797108183,0.0,True
primary,learned_gmm_overlay,1341,iot__garage__door_open_fraction,True,True,True,0.5932872655478776,0.22508710801393728,0.3682001575339403,0.0,True
primary,learned_gmm_overlay,1341,iot__garage__smartphone_signal_true_fraction,False,True,True,0.5932872655478776,0.5865853658536585,0.006701899694219082,0.0,True
primary,learned_gmm_overlay,1341,iot__gps__latitude_mean,True,True,True,0.0009871668311944718,0.003310104529616725,0.002322937698422253,0.0,True
primary,learned_gmm_overlay,1341,iot__gps__longitude_mean,True,True,True,0.0009871668311944718,0.001916376306620209,0.0009292094754257373,0.0,True
primary,learned_gmm_overlay,1341,iot__modbus__register_1_mean,True,True,True,0.0009871668311944718,0.00975609756097561,0.008768930729781138,0.0,True
primary,learned_gmm_overlay,1341,iot__modbus__register_2_mean,True,True,True,0.0009871668311944718,0.014634146341463415,0.013646979510268943,0.0,True
primary,learned_gmm_overlay,1341,iot__modbus__register_3_mean,True,True,True,0.0009871668311944718,0.014634146341463415,0.013646979510268943,0.0,True
primary,learned_gmm_overlay,1341,iot__modbus__register_4_mean,True,True,True,0.0009871668311944718,0.011846689895470384,0.010859523064275912,0.0,True
primary,learned_gmm_overlay,1341,iot__motion_light__light_on_fraction,True,True,True,0.2423204227396783,0.09390243902439024,0.14841798371528805,0.0,True
primary,learned_gmm_overlay,1341,iot__motion_light__motion_true_fraction,True,True,True,0.2423204227396783,0.09547038327526132,0.146850039464417,0.0,True
primary,learned_gmm_overlay,1341,iot__thermostat__status_true_fraction,True,True,True,0.007490854189652169,0.00017421602787456446,0.007316638161777605,0.0,True
primary,learned_gmm_overlay,1341,iot__thermostat__temperature_mean,True,True,True,0.0020904709366471167,0.0,0.0020904709366471167,0.0,True
primary,learned_gmm_overlay,1341,iot__weather__humidity_mean,True,True,True,0.0009290981940653852,0.0,0.0009290981940653852,0.0,True
primary,learned_gmm_overlay,1341,iot__weather__pressure_mean,True,True,True,0.0009290981940653852,0.0,0.0009290981940653852,0.0,True
primary,learned_gmm_overlay,1341,iot__weather__temperature_mean,True,True,True,0.0009290981940653852,0.0,0.0009290981940653852,0.0,True
primary,learned_gmm_overlay,1341,router__general__arp_count,False,True,True,0.12043435340572557,0.12351916376306621,0.0030848103573406366,0.0,True
primary,learned_gmm_overlay,1341,router__general__byte_count,True,True,True,0.0004645490970326926,0.006445993031358885,0.005981443934326192,0.0,True
primary,learned_gmm_overlay,1341,router__general__dns_port_packets,True,True,True,0.6286510655594914,0.2594076655052265,0.36924340005426487,0.0,True
primary,learned_gmm_overlay,1341,router__general__http_port_packets,True,True,True,0.9925672144474769,0.4872822299651568,0.5052849844823201,0.0,True
primary,learned_gmm_overlay,1341,router__general__https_port_packets,True,True,True,0.8894953835433482,0.4270034843205575,0.4624918992227907,0.0,True
primary,learned_gmm_overlay,1341,router__general__icmp_count,True,True,True,0.058358980314732016,0.0264808362369338,0.031878144077798216,0.0,True
primary,learned_gmm_overlay,1341,router__general__interarrival_positive_mean,False,True,True,0.0004645490970326926,0.0012195121951219512,0.0007549630980892586,0.0,True
primary,learned_gmm_overlay,1341,router__general__interarrival_positive_std,False,True,True,0.0004645490970326926,0.0006968641114982578,0.00023231501446556522,0.0,True
primary,learned_gmm_overlay,1341,router__general__ipv4_count,True,True,True,0.0004645490970326926,0.007142857142857143,0.00667830804582445,0.0,True
primary,learned_gmm_overlay,1341,router__general__ipv6_count,True,True,True,0.34074676267348003,0.19181184668989548,0.14893491598358455,0.0,True
primary,learned_gmm_overlay,1341,router__general__mqtt_port_packets,True,True,True,0.00220660821090529,0.0005226480836236934,0.0016839601272815965,0.0,True
primary,learned_gmm_overlay,1341,router__general__packet_count,True,True,True,0.0004645490970326926,0.0006968641114982578,0.00023231501446556522,0.0,True
primary,learned_gmm_overlay,1341,router__general__packet_length_max,True,True,True,0.0004645490970326926,0.00662020905923345,0.006155659962200757,0.0,True
primary,learned_gmm_overlay,1341,router__general__packet_length_mean,True,True,True,0.0004645490970326926,0.0015679442508710801,0.0011033951538383874,0.0,True
primary,learned_gmm_overlay,1341,router__general__packet_length_min,True,True,True,0.0004645490970326926,0.0,0.0004645490970326926,0.0,True
primary,learned_gmm_overlay,1341,router__general__packet_length_std,True,True,True,0.0004645490970326926,0.002961672473867596,0.0024971233768349035,0.0,True
primary,learned_gmm_overlay,1341,router__general__tcp_count,True,True,True,0.0004645490970326926,0.008710801393728223,0.00824625229669553,0.0,True
primary,learned_gmm_overlay,1341,router__general__tcp_fin_count,False,True,True,0.9743336623889437,0.9789198606271777,0.004586198238234029,0.0,True
primary,learned_gmm_overlay,1341,router__general__tcp_rst_count,False,True,True,0.9891411648568608,0.9867595818815331,0.002381582975327645,0.0,True
primary,learned_gmm_overlay,1341,router__general__tcp_syn_count,False,True,True,0.9693397595958423,0.9682926829268292,0.0010470766690130473,0.0,True
primary,learned_gmm_overlay,1341,router__general__udp_count,True,True,True,0.29667266709250334,0.15749128919860628,0.13918137789389706,0.0,True
primary,learned_gmm_overlay,1341,router__general__unique_dst_ip_count,False,True,True,0.0004645490970326926,0.00017421602787456446,0.00029033306915812816,0.0,True
primary,learned_gmm_overlay,1341,router__general__unique_endpoint_pair_count,True,True,True,0.0004645490970326926,0.0003484320557491289,0.0001161170412835637,0.0,True
primary,learned_gmm_overlay,1341,router__general__unique_src_ip_count,False,True,True,0.0004645490970326926,0.0008710801393728223,0.0004065310423401297,0.0,True
primary,learned_gmm_overlay,1341,router__iot_named__arp_count,True,True,True,0.20614366180825736,0.11184668989547038,0.09429697191278698,0.0,True
primary,learned_gmm_overlay,1341,router__iot_named__byte_count,True,True,True,0.0002322745485163463,0.012020905923344948,0.011788631374828601,0.0,True
primary,learned_gmm_overlay,1341,router__iot_named__dns_port_packets,True,True,True,0.6611114337146508,0.23780487804878048,0.4233065556658703,0.0,True
primary,learned_gmm_overlay,1341,router__iot_named__http_port_packets,False,True,True,0.9983740781603856,0.9982578397212544,0.00011623843913122212,0.0,True
primary,learned_gmm_overlay,1341,router__iot_named__https_port_packets,True,True,True,0.9447767260902387,0.4803135888501742,0.46446313724006444,0.0,True
primary,learned_gmm_overlay,1341,router__iot_named__icmp_count,False,True,True,0.9982579408861274,0.998780487804878,0.0005225469187506437,0.0,True
primary,learned_gmm_overlay,1341,router__iot_named__interarrival_positive_mean,False,True,True,0.0002322745485163463,0.00017421602787456446,5.805852064178185e-05,0.0,True
primary,learned_gmm_overlay,1341,router__iot_named__interarrival_positive_std,False,True,True,0.0002322745485163463,0.0003484320557491289,0.00011615750723278261,0.0,True
primary,learned_gmm_overlay,1341,router__iot_named__ipv4_count,True,True,True,0.0002322745485163463,0.0054006968641114985,0.005168422315595152,0.0,True
primary,learned_gmm_overlay,1341,router__iot_named__mqtt_port_packets,True,True,True,0.0018581963881307705,0.00017421602787456446,0.001683980360256206,0.0,True
primary,learned_gmm_overlay,1341,router__iot_named__packet_count,True,True,True,0.0002322745485163463,0.006794425087108014,0.006562150538591668,0.0,True
primary,learned_gmm_overlay,1341,router__iot_named__packet_length_max,True,True,True,0.0002322745485163463,0.005226480836236934,0.004994206287720588,0.0,True
primary,learned_gmm_overlay,1341,router__iot_named__packet_length_mean,True,True,True,0.0002322745485163463,0.0020905923344947735,0.0018583177859784273,0.0,True
primary,learned_gmm_overlay,1341,router__iot_named__packet_length_min,True,True,True,0.0002322745485163463,0.0,0.0002322745485163463,0.0,True
primary,learned_gmm_overlay,1341,router__iot_named__packet_length_std,True,True,True,0.0002322745485163463,0.004355400696864111,0.004123126148347765,0.0,True
primary,learned_gmm_overlay,1341,router__iot_named__tcp_count,True,True,True,0.00040648045990360605,0.006097560975609756,0.00569108051570615,0.0,True
primary,learned_gmm_overlay,1341,router__iot_named__tcp_fin_count,False,True,True,0.9912316357935079,0.9921602787456446,0.0009286429521366824,0.0,True
primary,learned_gmm_overlay,1341,router__iot_named__tcp_rst_count,False,True,True,0.9979095290633528,0.9986062717770035,0.000696742713650611,0.0,True
primary,learned_gmm_overlay,1341,router__iot_named__tcp_syn_count,False,True,True,0.9929736949073805,0.9923344947735192,0.0006392001338613174,0.0,True
primary,learned_gmm_overlay,1341,router__iot_named__udp_count,True,True,True,0.40078973346495556,0.17386759581881533,0.22692213764614022,0.0,True
primary,learned_gmm_overlay,1341,router__iot_named__unique_dst_ip_count,True,True,True,0.0002322745485163463,0.0,0.0002322745485163463,0.0,True
primary,learned_gmm_overlay,1341,router__iot_named__unique_endpoint_pair_count,True,True,True,0.0002322745485163463,0.0,0.0002322745485163463,0.0,True
primary,learned_gmm_overlay,1341,router__iot_named__unique_src_ip_count,True,True,True,0.0002322745485163463,0.0,0.0002322745485163463,0.0,True
primary,learned_latent_var_overlay,1337,iot__fridge__condition_high_fraction,True,True,True,0.017188316590209626,0.0,0.017188316590209626,0.0,True
primary,learned_latent_var_overlay,1337,iot__fridge__temperature_mean,True,True,True,0.0012194413797108183,0.0,0.0012194413797108183,0.0,True
primary,learned_latent_var_overlay,1337,iot__garage__door_open_fraction,True,True,True,0.5932872655478776,0.0,0.5932872655478776,0.0,True
primary,learned_latent_var_overlay,1337,iot__garage__smartphone_signal_true_fraction,False,True,True,0.5932872655478776,0.6048780487804878,0.011590783232610202,0.0,True
primary,learned_latent_var_overlay,1337,iot__gps__latitude_mean,True,True,True,0.0009871668311944718,0.0,0.0009871668311944718,0.0,True
primary,learned_latent_var_overlay,1337,iot__gps__longitude_mean,True,True,True,0.0009871668311944718,0.0,0.0009871668311944718,0.0,True
primary,learned_latent_var_overlay,1337,iot__modbus__register_1_mean,True,True,True,0.0009871668311944718,0.0,0.0009871668311944718,0.0,True
primary,learned_latent_var_overlay,1337,iot__modbus__register_2_mean,True,True,True,0.0009871668311944718,0.0,0.0009871668311944718,0.0,True
primary,learned_latent_var_overlay,1337,iot__modbus__register_3_mean,True,True,True,0.0009871668311944718,0.0,0.0009871668311944718,0.0,True
primary,learned_latent_var_overlay,1337,iot__modbus__register_4_mean,True,True,True,0.0009871668311944718,0.0,0.0009871668311944718,0.0,True
primary,learned_latent_var_overlay,1337,iot__motion_light__light_on_fraction,True,True,True,0.2423204227396783,0.0,0.2423204227396783,0.0,True
primary,learned_latent_var_overlay,1337,iot__motion_light__motion_true_fraction,True,True,True,0.2423204227396783,0.0,0.2423204227396783,0.0,True
primary,learned_latent_var_overlay,1337,iot__thermostat__status_true_fraction,True,True,True,0.007490854189652169,0.0,0.007490854189652169,0.0,True
primary,learned_latent_var_overlay,1337,iot__thermostat__temperature_mean,True,True,True,0.0020904709366471167,0.0,0.0020904709366471167,0.0,True
primary,learned_latent_var_overlay,1337,iot__weather__humidity_mean,True,True,True,0.0009290981940653852,0.0,0.0009290981940653852,0.0,True
primary,learned_latent_var_overlay,1337,iot__weather__pressure_mean,True,True,True,0.0009290981940653852,0.0,0.0009290981940653852,0.0,True
primary,learned_latent_var_overlay,1337,iot__weather__temperature_mean,True,True,True,0.0009290981940653852,0.0,0.0009290981940653852,0.0,True
primary,learned_latent_var_overlay,1337,router__general__arp_count,False,True,True,0.12043435340572557,0.14494773519163764,0.024513381785912072,0.0,True
primary,learned_latent_var_overlay,1337,router__general__byte_count,True,True,True,0.0004645490970326926,0.0,0.0004645490970326926,0.0,True
primary,learned_latent_var_overlay,1337,router__general__dns_port_packets,True,True,True,0.6286510655594914,0.0005226480836236934,0.6281284174758677,0.0,True
primary,learned_latent_var_overlay,1337,router__general__http_port_packets,True,True,True,0.9925672144474769,0.5371080139372822,0.4554592005101946,0.0,True
primary,learned_latent_var_overlay,1337,router__general__https_port_packets,True,True,True,0.8894953835433482,0.0,0.8894953835433482,0.0,True
primary,learned_latent_var_overlay,1337,router__general__icmp_count,True,True,True,0.058358980314732016,0.0,0.058358980314732016,0.0,True
primary,learned_latent_var_overlay,1337,router__general__interarrival_positive_mean,False,True,True,0.0004645490970326926,0.0,0.0004645490970326926,0.0,True
primary,learned_latent_var_overlay,1337,router__general__interarrival_positive_std,False,True,True,0.0004645490970326926,0.0,0.0004645490970326926,0.0,True
primary,learned_latent_var_overlay,1337,router__general__ipv4_count,True,True,True,0.0004645490970326926,0.0,0.0004645490970326926,0.0,True
primary,learned_latent_var_overlay,1337,router__general__ipv6_count,True,True,True,0.34074676267348003,0.0994773519163763,0.24126941075710373,0.0,True
primary,learned_latent_var_overlay,1337,router__general__mqtt_port_packets,True,True,True,0.00220660821090529,0.0,0.00220660821090529,0.0,True
primary,learned_latent_var_overlay,1337,router__general__packet_count,True,True,True,0.0004645490970326926,0.0,0.0004645490970326926,0.0,True
primary,learned_latent_var_overlay,1337,router__general__packet_length_max,True,True,True,0.0004645490970326926,0.0,0.0004645490970326926,0.0,True
primary,learned_latent_var_overlay,1337,router__general__packet_length_mean,True,True,True,0.0004645490970326926,0.0,0.0004645490970326926,0.0,True
primary,learned_latent_var_overlay,1337,router__general__packet_length_min,True,True,True,0.0004645490970326926,0.0,0.0004645490970326926,0.0,True
primary,learned_latent_var_overlay,1337,router__general__packet_length_std,True,True,True,0.0004645490970326926,0.0,0.0004645490970326926,0.0,True
primary,learned_latent_var_overlay,1337,router__general__tcp_count,True,True,True,0.0004645490970326926,0.0,0.0004645490970326926,0.0,True
primary,learned_latent_var_overlay,1337,router__general__tcp_fin_count,False,True,True,0.9743336623889437,0.9712543554006968,0.003079306988246877,0.0,True
primary,learned_latent_var_overlay,1337,router__general__tcp_rst_count,False,True,True,0.9891411648568608,0.990418118466899,0.0012769536100382117,0.0,True
primary,learned_latent_var_overlay,1337,router__general__tcp_syn_count,False,True,True,0.9693397595958423,0.9682926829268292,0.0010470766690130473,0.0,True
primary,learned_latent_var_overlay,1337,router__general__udp_count,True,True,True,0.29667266709250334,0.0,0.29667266709250334,0.0,True
primary,learned_latent_var_overlay,1337,router__general__unique_dst_ip_count,False,True,True,0.0004645490970326926,0.0,0.0004645490970326926,0.0,True
primary,learned_latent_var_overlay,1337,router__general__unique_endpoint_pair_count,True,True,True,0.0004645490970326926,0.0,0.0004645490970326926,0.0,True
primary,learned_latent_var_overlay,1337,router__general__unique_src_ip_count,False,True,True,0.0004645490970326926,0.0,0.0004645490970326926,0.0,True
primary,learned_latent_var_overlay,1337,router__iot_named__arp_count,True,True,True,0.20614366180825736,0.0,0.20614366180825736,0.0,True
primary,learned_latent_var_overlay,1337,router__iot_named__byte_count,True,True,True,0.0002322745485163463,0.0,0.0002322745485163463,0.0,True
primary,learned_latent_var_overlay,1337,router__iot_named__dns_port_packets,True,True,True,0.6611114337146508,0.0008710801393728223,0.6602403535752779,0.0,True
primary,learned_latent_var_overlay,1337,router__iot_named__http_port_packets,False,True,False,0.9983740781603856,1.0,0.0016259218396144082,0.0,True
primary,learned_latent_var_overlay,1337,router__iot_named__https_port_packets,True,True,True,0.9447767260902387,0.004355400696864111,0.9404213253933745,0.0,True
primary,learned_latent_var_overlay,1337,router__iot_named__icmp_count,False,True,True,0.9982579408861274,0.9979094076655052,0.0003485332206222269,0.0,True
primary,learned_latent_var_overlay,1337,router__iot_named__interarrival_positive_mean,False,True,True,0.0002322745485163463,0.0,0.0002322745485163463,0.0,True
primary,learned_latent_var_overlay,1337,router__iot_named__interarrival_positive_std,False,True,True,0.0002322745485163463,0.0,0.0002322745485163463,0.0,True
primary,learned_latent_var_overlay,1337,router__iot_named__ipv4_count,True,True,True,0.0002322745485163463,0.0,0.0002322745485163463,0.0,True
primary,learned_latent_var_overlay,1337,router__iot_named__mqtt_port_packets,True,True,True,0.0018581963881307705,0.0,0.0018581963881307705,0.0,True
primary,learned_latent_var_overlay,1337,router__iot_named__packet_count,True,True,True,0.0002322745485163463,0.0,0.0002322745485163463,0.0,True
primary,learned_latent_var_overlay,1337,router__iot_named__packet_length_max,True,True,True,0.0002322745485163463,0.0,0.0002322745485163463,0.0,True
primary,learned_latent_var_overlay,1337,router__iot_named__packet_length_mean,True,True,True,0.0002322745485163463,0.0,0.0002322745485163463,0.0,True
primary,learned_latent_var_overlay,1337,router__iot_named__packet_length_min,True,True,True,0.0002322745485163463,0.0,0.0002322745485163463,0.0,True
primary,learned_latent_var_overlay,1337,router__iot_named__packet_length_std,True,True,True,0.0002322745485163463,0.0,0.0002322745485163463,0.0,True
primary,learned_latent_var_overlay,1337,router__iot_named__tcp_count,True,True,True,0.00040648045990360605,0.0,0.00040648045990360605,0.0,True
primary,learned_latent_var_overlay,1337,router__iot_named__tcp_fin_count,False,True,True,0.9912316357935079,0.9902439024390244,0.0009877333544835443,0.0,True
primary,learned_latent_var_overlay,1337,router__iot_named__tcp_rst_count,False,True,True,0.9979095290633528,0.9973867595818815,0.0005227694814713413,0.0,True
primary,learned_latent_var_overlay,1337,router__iot_named__tcp_syn_count,False,True,True,0.9929736949073805,0.9926829268292683,0.0002907680781122357,0.0,True
primary,learned_latent_var_overlay,1337,router__iot_named__udp_count,True,True,True,0.40078973346495556,0.00017421602787456446,0.400615517437081,0.0,True
primary,learned_latent_var_overlay,1337,router__iot_named__unique_dst_ip_count,True,True,True,0.0002322745485163463,0.0,0.0002322745485163463,0.0,True
primary,learned_latent_var_overlay,1337,router__iot_named__unique_endpoint_pair_count,True,True,True,0.0002322745485163463,0.0,0.0002322745485163463,0.0,True
primary,learned_latent_var_overlay,1337,router__iot_named__unique_src_ip_count,True,True,True,0.0002322745485163463,0.0,0.0002322745485163463,0.0,True
primary,learned_latent_var_overlay,1338,iot__fridge__condition_high_fraction,True,True,True,0.017188316590209626,0.0,0.017188316590209626,0.0,True
primary,learned_latent_var_overlay,1338,iot__fridge__temperature_mean,True,True,True,0.0012194413797108183,0.0,0.0012194413797108183,0.0,True
primary,learned_latent_var_overlay,1338,iot__garage__door_open_fraction,True,True,True,0.5932872655478776,0.0,0.5932872655478776,0.0,True
primary,learned_latent_var_overlay,1338,iot__garage__smartphone_signal_true_fraction,False,True,True,0.5932872655478776,0.5940766550522648,0.0007893895043872279,0.0,True
primary,learned_latent_var_overlay,1338,iot__gps__latitude_mean,True,True,True,0.0009871668311944718,0.0,0.0009871668311944718,0.0,True
primary,learned_latent_var_overlay,1338,iot__gps__longitude_mean,True,True,True,0.0009871668311944718,0.0,0.0009871668311944718,0.0,True
primary,learned_latent_var_overlay,1338,iot__modbus__register_1_mean,True,True,True,0.0009871668311944718,0.0,0.0009871668311944718,0.0,True
primary,learned_latent_var_overlay,1338,iot__modbus__register_2_mean,True,True,True,0.0009871668311944718,0.0,0.0009871668311944718,0.0,True
primary,learned_latent_var_overlay,1338,iot__modbus__register_3_mean,True,True,True,0.0009871668311944718,0.0,0.0009871668311944718,0.0,True
primary,learned_latent_var_overlay,1338,iot__modbus__register_4_mean,True,True,True,0.0009871668311944718,0.0,0.0009871668311944718,0.0,True
primary,learned_latent_var_overlay,1338,iot__motion_light__light_on_fraction,True,True,True,0.2423204227396783,0.0,0.2423204227396783,0.0,True
primary,learned_latent_var_overlay,1338,iot__motion_light__motion_true_fraction,True,True,True,0.2423204227396783,0.0,0.2423204227396783,0.0,True
primary,learned_latent_var_overlay,1338,iot__thermostat__status_true_fraction,True,True,True,0.007490854189652169,0.0,0.007490854189652169,0.0,True
primary,learned_latent_var_overlay,1338,iot__thermostat__temperature_mean,True,True,True,0.0020904709366471167,0.0,0.0020904709366471167,0.0,True
primary,learned_latent_var_overlay,1338,iot__weather__humidity_mean,True,True,True,0.0009290981940653852,0.0,0.0009290981940653852,0.0,True
primary,learned_latent_var_overlay,1338,iot__weather__pressure_mean,True,True,True,0.0009290981940653852,0.0,0.0009290981940653852,0.0,True
primary,learned_latent_var_overlay,1338,iot__weather__temperature_mean,True,True,True,0.0009290981940653852,0.0,0.0009290981940653852,0.0,True
primary,learned_latent_var_overlay,1338,router__general__arp_count,False,True,True,0.12043435340572557,0.14006968641114984,0.019635333005424263,0.0,True
primary,learned_latent_var_overlay,1338,router__general__byte_count,True,True,True,0.0004645490970326926,0.0,0.0004645490970326926,0.0,True
primary,learned_latent_var_overlay,1338,router__general__dns_port_packets,True,True,True,0.6286510655594914,0.0003484320557491289,0.6283026335037423,0.0,True
primary,learned_latent_var_overlay,1338,router__general__http_port_packets,True,True,True,0.9925672144474769,0.4951219512195122,0.4974452632279647,0.0,True
primary,learned_latent_var_overlay,1338,router__general__https_port_packets,True,True,True,0.8894953835433482,0.0,0.8894953835433482,0.0,True
primary,learned_latent_var_overlay,1338,router__general__icmp_count,True,True,True,0.058358980314732016,0.0,0.058358980314732016,0.0,True
primary,learned_latent_var_overlay,1338,router__general__interarrival_positive_mean,False,True,True,0.0004645490970326926,0.0013937282229965157,0.0009291791259638231,0.0,True
primary,learned_latent_var_overlay,1338,router__general__interarrival_positive_std,False,True,True,0.0004645490970326926,0.0013937282229965157,0.0009291791259638231,0.0,True
primary,learned_latent_var_overlay,1338,router__general__ipv4_count,True,True,True,0.0004645490970326926,0.0,0.0004645490970326926,0.0,True
primary,learned_latent_var_overlay,1338,router__general__ipv6_count,True,True,True,0.34074676267348003,0.09965156794425087,0.24109519472922916,0.0,True
primary,learned_latent_var_overlay,1338,router__general__mqtt_port_packets,True,True,True,0.00220660821090529,0.0,0.00220660821090529,0.0,True
primary,learned_latent_var_overlay,1338,router__general__packet_count,True,True,True,0.0004645490970326926,0.0,0.0004645490970326926,0.0,True
primary,learned_latent_var_overlay,1338,router__general__packet_length_max,True,True,True,0.0004645490970326926,0.0,0.0004645490970326926,0.0,True
primary,learned_latent_var_overlay,1338,router__general__packet_length_mean,True,True,True,0.0004645490970326926,0.0,0.0004645490970326926,0.0,True
primary,learned_latent_var_overlay,1338,router__general__packet_length_min,True,True,True,0.0004645490970326926,0.0,0.0004645490970326926,0.0,True
primary,learned_latent_var_overlay,1338,router__general__packet_length_std,True,True,True,0.0004645490970326926,0.0,0.0004645490970326926,0.0,True
primary,learned_latent_var_overlay,1338,router__general__tcp_count,True,True,True,0.0004645490970326926,0.0,0.0004645490970326926,0.0,True
primary,learned_latent_var_overlay,1338,router__general__tcp_fin_count,False,True,True,0.9743336623889437,0.9729965156794426,0.0013371467095011358,0.0,True
primary,learned_latent_var_overlay,1338,router__general__tcp_rst_count,False,True,True,0.9891411648568608,0.9883275261324042,0.0008136387244566112,0.0,True
primary,learned_latent_var_overlay,1338,router__general__tcp_syn_count,False,True,True,0.9693397595958423,0.9653310104529617,0.00400874914288063,0.0,True
primary,learned_latent_var_overlay,1338,router__general__udp_count,True,True,True,0.29667266709250334,0.0,0.29667266709250334,0.0,True
primary,learned_latent_var_overlay,1338,router__general__unique_dst_ip_count,False,True,True,0.0004645490970326926,0.0013937282229965157,0.0009291791259638231,0.0,True
primary,learned_latent_var_overlay,1338,router__general__unique_endpoint_pair_count,True,True,True,0.0004645490970326926,0.0,0.0004645490970326926,0.0,True
primary,learned_latent_var_overlay,1338,router__general__unique_src_ip_count,False,True,True,0.0004645490970326926,0.0013937282229965157,0.0009291791259638231,0.0,True
primary,learned_latent_var_overlay,1338,router__iot_named__arp_count,True,True,True,0.20614366180825736,0.0,0.20614366180825736,0.0,True
primary,learned_latent_var_overlay,1338,router__iot_named__byte_count,True,True,True,0.0002322745485163463,0.0,0.0002322745485163463,0.0,True
primary,learned_latent_var_overlay,1338,router__iot_named__dns_port_packets,True,True,True,0.6611114337146508,0.0006968641114982578,0.6604145696031525,0.0,True
primary,learned_latent_var_overlay,1338,router__iot_named__http_port_packets,False,True,False,0.9983740781603856,1.0,0.0016259218396144082,0.0,True
primary,learned_latent_var_overlay,1338,router__iot_named__https_port_packets,True,True,True,0.9447767260902387,0.0017421602787456446,0.943034565811493,0.0,True
primary,learned_latent_var_overlay,1338,router__iot_named__icmp_count,False,True,True,0.9982579408861274,0.9982578397212544,1.0116487303424293e-07,0.0,True
primary,learned_latent_var_overlay,1338,router__iot_named__interarrival_positive_mean,False,True,True,0.0002322745485163463,0.0,0.0002322745485163463,0.0,True
primary,learned_latent_var_overlay,1338,router__iot_named__interarrival_positive_std,False,True,True,0.0002322745485163463,0.0,0.0002322745485163463,0.0,True
primary,learned_latent_var_overlay,1338,router__iot_named__ipv4_count,True,True,True,0.0002322745485163463,0.0,0.0002322745485163463,0.0,True
primary,learned_latent_var_overlay,1338,router__iot_named__mqtt_port_packets,True,True,True,0.0018581963881307705,0.0,0.0018581963881307705,0.0,True
primary,learned_latent_var_overlay,1338,router__iot_named__packet_count,True,True,True,0.0002322745485163463,0.0,0.0002322745485163463,0.0,True
primary,learned_latent_var_overlay,1338,router__iot_named__packet_length_max,True,True,True,0.0002322745485163463,0.0,0.0002322745485163463,0.0,True
primary,learned_latent_var_overlay,1338,router__iot_named__packet_length_mean,True,True,True,0.0002322745485163463,0.0,0.0002322745485163463,0.0,True
primary,learned_latent_var_overlay,1338,router__iot_named__packet_length_min,True,True,True,0.0002322745485163463,0.0,0.0002322745485163463,0.0,True
primary,learned_latent_var_overlay,1338,router__iot_named__packet_length_std,True,True,True,0.0002322745485163463,0.0,0.0002322745485163463,0.0,True
primary,learned_latent_var_overlay,1338,router__iot_named__tcp_count,True,True,True,0.00040648045990360605,0.0,0.00040648045990360605,0.0,True
primary,learned_latent_var_overlay,1338,router__iot_named__tcp_fin_count,False,True,True,0.9912316357935079,0.9876306620209059,0.003600973772602045,0.0,True
primary,learned_latent_var_overlay,1338,router__iot_named__tcp_rst_count,False,True,True,0.9979095290633528,0.9979094076655052,1.2139784766329598e-07,0.0,True
primary,learned_latent_var_overlay,1338,router__iot_named__tcp_syn_count,False,True,True,0.9929736949073805,0.9918118466898954,0.0011618482174851064,0.0,True
primary,learned_latent_var_overlay,1338,router__iot_named__udp_count,True,True,True,0.40078973346495556,0.00017421602787456446,0.400615517437081,0.0,True
primary,learned_latent_var_overlay,1338,router__iot_named__unique_dst_ip_count,True,True,True,0.0002322745485163463,0.0,0.0002322745485163463,0.0,True
primary,learned_latent_var_overlay,1338,router__iot_named__unique_endpoint_pair_count,True,True,True,0.0002322745485163463,0.0,0.0002322745485163463,0.0,True
primary,learned_latent_var_overlay,1338,router__iot_named__unique_src_ip_count,True,True,True,0.0002322745485163463,0.0,0.0002322745485163463,0.0,True
primary,learned_latent_var_overlay,1339,iot__fridge__condition_high_fraction,True,True,True,0.017188316590209626,0.0,0.017188316590209626,0.0,True
primary,learned_latent_var_overlay,1339,iot__fridge__temperature_mean,True,True,True,0.0012194413797108183,0.0,0.0012194413797108183,0.0,True
primary,learned_latent_var_overlay,1339,iot__garage__door_open_fraction,True,True,True,0.5932872655478776,0.0,0.5932872655478776,0.0,True
primary,learned_latent_var_overlay,1339,iot__garage__smartphone_signal_true_fraction,False,True,True,0.5932872655478776,0.5975609756097561,0.0042737100618784885,0.0,True
primary,learned_latent_var_overlay,1339,iot__gps__latitude_mean,True,True,True,0.0009871668311944718,0.0,0.0009871668311944718,0.0,True
primary,learned_latent_var_overlay,1339,iot__gps__longitude_mean,True,True,True,0.0009871668311944718,0.0,0.0009871668311944718,0.0,True
primary,learned_latent_var_overlay,1339,iot__modbus__register_1_mean,True,True,True,0.0009871668311944718,0.0,0.0009871668311944718,0.0,True
primary,learned_latent_var_overlay,1339,iot__modbus__register_2_mean,True,True,True,0.0009871668311944718,0.0,0.0009871668311944718,0.0,True
primary,learned_latent_var_overlay,1339,iot__modbus__register_3_mean,True,True,True,0.0009871668311944718,0.0,0.0009871668311944718,0.0,True
primary,learned_latent_var_overlay,1339,iot__modbus__register_4_mean,True,True,True,0.0009871668311944718,0.0,0.0009871668311944718,0.0,True
primary,learned_latent_var_overlay,1339,iot__motion_light__light_on_fraction,True,True,True,0.2423204227396783,0.0,0.2423204227396783,0.0,True
primary,learned_latent_var_overlay,1339,iot__motion_light__motion_true_fraction,True,True,True,0.2423204227396783,0.0,0.2423204227396783,0.0,True
primary,learned_latent_var_overlay,1339,iot__thermostat__status_true_fraction,True,True,True,0.007490854189652169,0.0,0.007490854189652169,0.0,True
primary,learned_latent_var_overlay,1339,iot__thermostat__temperature_mean,True,True,True,0.0020904709366471167,0.0,0.0020904709366471167,0.0,True
primary,learned_latent_var_overlay,1339,iot__weather__humidity_mean,True,True,True,0.0009290981940653852,0.0,0.0009290981940653852,0.0,True
primary,learned_latent_var_overlay,1339,iot__weather__pressure_mean,True,True,True,0.0009290981940653852,0.0,0.0009290981940653852,0.0,True
primary,learned_latent_var_overlay,1339,iot__weather__temperature_mean,True,True,True,0.0009290981940653852,0.0,0.0009290981940653852,0.0,True
primary,learned_latent_var_overlay,1339,router__general__arp_count,False,True,True,0.12043435340572557,0.1229965156794425,0.002562162273716931,0.0,True
primary,learned_latent_var_overlay,1339,router__general__byte_count,True,True,True,0.0004645490970326926,0.0,0.0004645490970326926,0.0,True
primary,learned_latent_var_overlay,1339,router__general__dns_port_packets,True,True,True,0.6286510655594914,0.0003484320557491289,0.6283026335037423,0.0,True
primary,learned_latent_var_overlay,1339,router__general__http_port_packets,True,True,True,0.9925672144474769,0.5320557491289198,0.460511465318557,0.0,True
primary,learned_latent_var_overlay,1339,router__general__https_port_packets,True,True,True,0.8894953835433482,0.0,0.8894953835433482,0.0,True
primary,learned_latent_var_overlay,1339,router__general__icmp_count,True,True,True,0.058358980314732016,0.0,0.058358980314732016,0.0,True
primary,learned_latent_var_overlay,1339,router__general__interarrival_positive_mean,False,True,True,0.0004645490970326926,0.0,0.0004645490970326926,0.0,True
primary,learned_latent_var_overlay,1339,router__general__interarrival_positive_std,False,True,True,0.0004645490970326926,0.0,0.0004645490970326926,0.0,True
primary,learned_latent_var_overlay,1339,router__general__ipv4_count,True,True,True,0.0004645490970326926,0.0,0.0004645490970326926,0.0,True
primary,learned_latent_var_overlay,1339,router__general__ipv6_count,True,True,True,0.34074676267348003,0.09965156794425087,0.24109519472922916,0.0,True
primary,learned_latent_var_overlay,1339,router__general__mqtt_port_packets,True,True,True,0.00220660821090529,0.0,0.00220660821090529,0.0,True
primary,learned_latent_var_overlay,1339,router__general__packet_count,True,True,True,0.0004645490970326926,0.0,0.0004645490970326926,0.0,True
primary,learned_latent_var_overlay,1339,router__general__packet_length_max,True,True,True,0.0004645490970326926,0.0,0.0004645490970326926,0.0,True
primary,learned_latent_var_overlay,1339,router__general__packet_length_mean,True,True,True,0.0004645490970326926,0.0,0.0004645490970326926,0.0,True
primary,learned_latent_var_overlay,1339,router__general__packet_length_min,True,True,True,0.0004645490970326926,0.0,0.0004645490970326926,0.0,True
primary,learned_latent_var_overlay,1339,router__general__packet_length_std,True,True,True,0.0004645490970326926,0.0,0.0004645490970326926,0.0,True
primary,learned_latent_var_overlay,1339,router__general__tcp_count,True,True,True,0.0004645490970326926,0.0,0.0004645490970326926,0.0,True
primary,learned_latent_var_overlay,1339,router__general__tcp_fin_count,False,True,True,0.9743336623889437,0.9733449477351916,0.0009887146537520541,0.0,True
primary,learned_latent_var_overlay,1339,router__general__tcp_rst_count,False,True,True,0.9891411648568608,0.9886759581881533,0.00046520666870741856,0.0,True
primary,learned_latent_var_overlay,1339,router__general__tcp_syn_count,False,True,True,0.9693397595958423,0.9705574912891987,0.001217731693356372,0.0,True
primary,learned_latent_var_overlay,1339,router__general__udp_count,True,True,True,0.29667266709250334,0.0,0.29667266709250334,0.0,True
primary,learned_latent_var_overlay,1339,router__general__unique_dst_ip_count,False,True,True,0.0004645490970326926,0.0,0.0004645490970326926,0.0,True
primary,learned_latent_var_overlay,1339,router__general__unique_endpoint_pair_count,True,True,True,0.0004645490970326926,0.0,0.0004645490970326926,0.0,True
primary,learned_latent_var_overlay,1339,router__general__unique_src_ip_count,False,True,True,0.0004645490970326926,0.0,0.0004645490970326926,0.0,True
primary,learned_latent_var_overlay,1339,router__iot_named__arp_count,True,True,True,0.20614366180825736,0.0,0.20614366180825736,0.0,True
primary,learned_latent_var_overlay,1339,router__iot_named__byte_count,True,True,True,0.0002322745485163463,0.0,0.0002322745485163463,0.0,True
primary,learned_latent_var_overlay,1339,router__iot_named__dns_port_packets,True,True,True,0.6611114337146508,0.0008710801393728223,0.6602403535752779,0.0,True
primary,learned_latent_var_overlay,1339,router__iot_named__http_port_packets,False,True,True,0.9983740781603856,0.9963414634146341,0.0020326147457514487,0.0,True
primary,learned_latent_var_overlay,1339,router__iot_named__https_port_packets,True,True,True,0.9447767260902387,0.0031358885017421603,0.9416408375884965,0.0,True
primary,learned_latent_var_overlay,1339,router__iot_named__icmp_count,False,True,True,0.9982579408861274,0.9980836236933798,0.00017431719274763058,0.0,True
primary,learned_latent_var_overlay,1339,router__iot_named__interarrival_positive_mean,False,True,True,0.0002322745485163463,0.0,0.0002322745485163463,0.0,True
primary,learned_latent_var_overlay,1339,router__iot_named__interarrival_positive_std,False,True,True,0.0002322745485163463,0.0,0.0002322745485163463,0.0,True
primary,learned_latent_var_overlay,1339,router__iot_named__ipv4_count,True,True,True,0.0002322745485163463,0.0,0.0002322745485163463,0.0,True
primary,learned_latent_var_overlay,1339,router__iot_named__mqtt_port_packets,True,True,True,0.0018581963881307705,0.0,0.0018581963881307705,0.0,True
primary,learned_latent_var_overlay,1339,router__iot_named__packet_count,True,True,True,0.0002322745485163463,0.0,0.0002322745485163463,0.0,True
primary,learned_latent_var_overlay,1339,router__iot_named__packet_length_max,True,True,True,0.0002322745485163463,0.0,0.0002322745485163463,0.0,True
primary,learned_latent_var_overlay,1339,router__iot_named__packet_length_mean,True,True,True,0.0002322745485163463,0.0,0.0002322745485163463,0.0,True
primary,learned_latent_var_overlay,1339,router__iot_named__packet_length_min,True,True,True,0.0002322745485163463,0.0,0.0002322745485163463,0.0,True
primary,learned_latent_var_overlay,1339,router__iot_named__packet_length_std,True,True,True,0.0002322745485163463,0.0,0.0002322745485163463,0.0,True
primary,learned_latent_var_overlay,1339,router__iot_named__tcp_count,True,True,True,0.00040648045990360605,0.0,0.00040648045990360605,0.0,True
primary,learned_latent_var_overlay,1339,router__iot_named__tcp_fin_count,False,True,True,0.9912316357935079,0.990418118466899,0.0008135173266089479,0.0,True
primary,learned_latent_var_overlay,1339,router__iot_named__tcp_rst_count,False,True,True,0.9979095290633528,0.9966898954703832,0.0012196335929696156,0.0,True
primary,learned_latent_var_overlay,1339,router__iot_named__tcp_syn_count,False,True,True,0.9929736949073805,0.993205574912892,0.00023188000551144228,0.0,True
primary,learned_latent_var_overlay,1339,router__iot_named__udp_count,True,True,True,0.40078973346495556,0.00017421602787456446,0.400615517437081,0.0,True
primary,learned_latent_var_overlay,1339,router__iot_named__unique_dst_ip_count,True,True,True,0.0002322745485163463,0.0,0.0002322745485163463,0.0,True
primary,learned_latent_var_overlay,1339,router__iot_named__unique_endpoint_pair_count,True,True,True,0.0002322745485163463,0.0,0.0002322745485163463,0.0,True
primary,learned_latent_var_overlay,1339,router__iot_named__unique_src_ip_count,True,True,True,0.0002322745485163463,0.0,0.0002322745485163463,0.0,True
primary,learned_latent_var_overlay,1340,iot__fridge__condition_high_fraction,True,True,True,0.017188316590209626,0.0,0.017188316590209626,0.0,True
primary,learned_latent_var_overlay,1340,iot__fridge__temperature_mean,True,True,True,0.0012194413797108183,0.0,0.0012194413797108183,0.0,True
primary,learned_latent_var_overlay,1340,iot__garage__door_open_fraction,True,True,True,0.5932872655478776,0.0,0.5932872655478776,0.0,True
primary,learned_latent_var_overlay,1340,iot__garage__smartphone_signal_true_fraction,False,True,True,0.5932872655478776,0.6060975609756097,0.012810295427732155,0.0,True
primary,learned_latent_var_overlay,1340,iot__gps__latitude_mean,True,True,True,0.0009871668311944718,0.0,0.0009871668311944718,0.0,True
primary,learned_latent_var_overlay,1340,iot__gps__longitude_mean,True,True,True,0.0009871668311944718,0.0,0.0009871668311944718,0.0,True
primary,learned_latent_var_overlay,1340,iot__modbus__register_1_mean,True,True,True,0.0009871668311944718,0.0,0.0009871668311944718,0.0,True
primary,learned_latent_var_overlay,1340,iot__modbus__register_2_mean,True,True,True,0.0009871668311944718,0.0,0.0009871668311944718,0.0,True
primary,learned_latent_var_overlay,1340,iot__modbus__register_3_mean,True,True,True,0.0009871668311944718,0.0,0.0009871668311944718,0.0,True
primary,learned_latent_var_overlay,1340,iot__modbus__register_4_mean,True,True,True,0.0009871668311944718,0.0,0.0009871668311944718,0.0,True
primary,learned_latent_var_overlay,1340,iot__motion_light__light_on_fraction,True,True,True,0.2423204227396783,0.0,0.2423204227396783,0.0,True
primary,learned_latent_var_overlay,1340,iot__motion_light__motion_true_fraction,True,True,True,0.2423204227396783,0.0,0.2423204227396783,0.0,True
primary,learned_latent_var_overlay,1340,iot__thermostat__status_true_fraction,True,True,True,0.007490854189652169,0.0,0.007490854189652169,0.0,True
primary,learned_latent_var_overlay,1340,iot__thermostat__temperature_mean,True,True,True,0.0020904709366471167,0.0,0.0020904709366471167,0.0,True
primary,learned_latent_var_overlay,1340,iot__weather__humidity_mean,True,True,True,0.0009290981940653852,0.0,0.0009290981940653852,0.0,True
primary,learned_latent_var_overlay,1340,iot__weather__pressure_mean,True,True,True,0.0009290981940653852,0.0,0.0009290981940653852,0.0,True
primary,learned_latent_var_overlay,1340,iot__weather__temperature_mean,True,True,True,0.0009290981940653852,0.0,0.0009290981940653852,0.0,True
primary,learned_latent_var_overlay,1340,router__general__arp_count,False,True,True,0.12043435340572557,0.10818815331010453,0.012246200095621038,0.0,True
primary,learned_latent_var_overlay,1340,router__general__byte_count,True,True,True,0.0004645490970326926,0.0,0.0004645490970326926,0.0,True
primary,learned_latent_var_overlay,1340,router__general__dns_port_packets,True,True,True,0.6286510655594914,0.0005226480836236934,0.6281284174758677,0.0,True
primary,learned_latent_var_overlay,1340,router__general__http_port_packets,True,True,True,0.9925672144474769,0.5064459930313588,0.486121221416118,0.0,True
primary,learned_latent_var_overlay,1340,router__general__https_port_packets,True,True,True,0.8894953835433482,0.0,0.8894953835433482,0.0,True
primary,learned_latent_var_overlay,1340,router__general__icmp_count,True,True,True,0.058358980314732016,0.0,0.058358980314732016,0.0,True
primary,learned_latent_var_overlay,1340,router__general__interarrival_positive_mean,False,True,True,0.0004645490970326926,0.001916376306620209,0.0014518272095875163,0.0,True
primary,learned_latent_var_overlay,1340,router__general__interarrival_positive_std,False,True,True,0.0004645490970326926,0.001916376306620209,0.0014518272095875163,0.0,True
primary,learned_latent_var_overlay,1340,router__general__ipv4_count,True,True,True,0.0004645490970326926,0.0,0.0004645490970326926,0.0,True
primary,learned_latent_var_overlay,1340,router__general__ipv6_count,True,True,True,0.34074676267348003,0.09529616724738676,0.24545059542609327,0.0,True
primary,learned_latent_var_overlay,1340,router__general__mqtt_port_packets,True,True,True,0.00220660821090529,0.0,0.00220660821090529,0.0,True
primary,learned_latent_var_overlay,1340,router__general__packet_count,True,True,True,0.0004645490970326926,0.0,0.0004645490970326926,0.0,True
primary,learned_latent_var_overlay,1340,router__general__packet_length_max,True,True,True,0.0004645490970326926,0.0,0.0004645490970326926,0.0,True
primary,learned_latent_var_overlay,1340,router__general__packet_length_mean,True,True,True,0.0004645490970326926,0.0,0.0004645490970326926,0.0,True
primary,learned_latent_var_overlay,1340,router__general__packet_length_min,True,True,True,0.0004645490970326926,0.0,0.0004645490970326926,0.0,True
primary,learned_latent_var_overlay,1340,router__general__packet_length_std,True,True,True,0.0004645490970326926,0.0,0.0004645490970326926,0.0,True
primary,learned_latent_var_overlay,1340,router__general__tcp_count,True,True,True,0.0004645490970326926,0.0,0.0004645490970326926,0.0,True
primary,learned_latent_var_overlay,1340,router__general__tcp_fin_count,False,True,True,0.9743336623889437,0.9747386759581882,0.0004050135692444945,0.0,True
primary,learned_latent_var_overlay,1340,router__general__tcp_rst_count,False,True,True,0.9891411648568608,0.9902439024390244,0.0011027375821636154,0.0,True
primary,learned_latent_var_overlay,1340,router__general__tcp_syn_count,False,True,True,0.9693397595958423,0.971602787456446,0.002263027860603728,0.0,True
primary,learned_latent_var_overlay,1340,router__general__udp_count,True,True,True,0.29667266709250334,0.0,0.29667266709250334,0.0,True
primary,learned_latent_var_overlay,1340,router__general__unique_dst_ip_count,False,True,True,0.0004645490970326926,0.001916376306620209,0.0014518272095875163,0.0,True
primary,learned_latent_var_overlay,1340,router__general__unique_endpoint_pair_count,True,True,True,0.0004645490970326926,0.0,0.0004645490970326926,0.0,True
primary,learned_latent_var_overlay,1340,router__general__unique_src_ip_count,False,True,True,0.0004645490970326926,0.001916376306620209,0.0014518272095875163,0.0,True
primary,learned_latent_var_overlay,1340,router__iot_named__arp_count,True,True,True,0.20614366180825736,0.0,0.20614366180825736,0.0,True
primary,learned_latent_var_overlay,1340,router__iot_named__byte_count,True,True,True,0.0002322745485163463,0.0,0.0002322745485163463,0.0,True
primary,learned_latent_var_overlay,1340,router__iot_named__dns_port_packets,True,True,True,0.6611114337146508,0.0010452961672473868,0.6600661375474034,0.0,True
primary,learned_latent_var_overlay,1340,router__iot_named__http_port_packets,False,True,True,0.9983740781603856,0.993205574912892,0.005168503247493628,0.0,True
primary,learned_latent_var_overlay,1340,router__iot_named__https_port_packets,True,True,True,0.9447767260902387,0.002613240418118467,0.9421634856721202,0.0,True
primary,learned_latent_var_overlay,1340,router__iot_named__icmp_count,False,True,True,0.9982579408861274,0.9996515679442509,0.0013936270581235144,0.0,True
primary,learned_latent_var_overlay,1340,router__iot_named__interarrival_positive_mean,False,True,True,0.0002322745485163463,0.0,0.0002322745485163463,0.0,True
primary,learned_latent_var_overlay,1340,router__iot_named__interarrival_positive_std,False,True,True,0.0002322745485163463,0.0,0.0002322745485163463,0.0,True
primary,learned_latent_var_overlay,1340,router__iot_named__ipv4_count,True,True,True,0.0002322745485163463,0.0,0.0002322745485163463,0.0,True
primary,learned_latent_var_overlay,1340,router__iot_named__mqtt_port_packets,True,True,True,0.0018581963881307705,0.0,0.0018581963881307705,0.0,True
primary,learned_latent_var_overlay,1340,router__iot_named__packet_count,True,True,True,0.0002322745485163463,0.0,0.0002322745485163463,0.0,True
primary,learned_latent_var_overlay,1340,router__iot_named__packet_length_max,True,True,True,0.0002322745485163463,0.0,0.0002322745485163463,0.0,True
primary,learned_latent_var_overlay,1340,router__iot_named__packet_length_mean,True,True,True,0.0002322745485163463,0.0,0.0002322745485163463,0.0,True
primary,learned_latent_var_overlay,1340,router__iot_named__packet_length_min,True,True,True,0.0002322745485163463,0.0,0.0002322745485163463,0.0,True
primary,learned_latent_var_overlay,1340,router__iot_named__packet_length_std,True,True,True,0.0002322745485163463,0.0,0.0002322745485163463,0.0,True
primary,learned_latent_var_overlay,1340,router__iot_named__tcp_count,True,True,True,0.00040648045990360605,0.0,0.00040648045990360605,0.0,True
primary,learned_latent_var_overlay,1340,router__iot_named__tcp_fin_count,False,True,True,0.9912316357935079,0.9881533101045297,0.003078325688978256,0.0,True
primary,learned_latent_var_overlay,1340,router__iot_named__tcp_rst_count,False,True,True,0.9979095290633528,0.9982578397212544,0.0003483106579015294,0.0,True
primary,learned_latent_var_overlay,1340,router__iot_named__tcp_syn_count,False,True,True,0.9929736949073805,0.9912891986062717,0.0016844963011087843,0.0,True
primary,learned_latent_var_overlay,1340,router__iot_named__udp_count,True,True,True,0.40078973346495556,0.00017421602787456446,0.400615517437081,0.0,True
primary,learned_latent_var_overlay,1340,router__iot_named__unique_dst_ip_count,True,True,True,0.0002322745485163463,0.0,0.0002322745485163463,0.0,True
primary,learned_latent_var_overlay,1340,router__iot_named__unique_endpoint_pair_count,True,True,True,0.0002322745485163463,0.0,0.0002322745485163463,0.0,True
primary,learned_latent_var_overlay,1340,router__iot_named__unique_src_ip_count,True,True,True,0.0002322745485163463,0.0,0.0002322745485163463,0.0,True
primary,learned_latent_var_overlay,1341,iot__fridge__condition_high_fraction,True,True,True,0.017188316590209626,0.0,0.017188316590209626,0.0,True
primary,learned_latent_var_overlay,1341,iot__fridge__temperature_mean,True,True,True,0.0012194413797108183,0.0,0.0012194413797108183,0.0,True
primary,learned_latent_var_overlay,1341,iot__garage__door_open_fraction,True,True,True,0.5932872655478776,0.0,0.5932872655478776,0.0,True
primary,learned_latent_var_overlay,1341,iot__garage__smartphone_signal_true_fraction,False,True,True,0.5932872655478776,0.6090592334494773,0.015771967901599737,0.0,True
primary,learned_latent_var_overlay,1341,iot__gps__latitude_mean,True,True,True,0.0009871668311944718,0.0,0.0009871668311944718,0.0,True
primary,learned_latent_var_overlay,1341,iot__gps__longitude_mean,True,True,True,0.0009871668311944718,0.0,0.0009871668311944718,0.0,True
primary,learned_latent_var_overlay,1341,iot__modbus__register_1_mean,True,True,True,0.0009871668311944718,0.0,0.0009871668311944718,0.0,True
primary,learned_latent_var_overlay,1341,iot__modbus__register_2_mean,True,True,True,0.0009871668311944718,0.0,0.0009871668311944718,0.0,True
primary,learned_latent_var_overlay,1341,iot__modbus__register_3_mean,True,True,True,0.0009871668311944718,0.0,0.0009871668311944718,0.0,True
primary,learned_latent_var_overlay,1341,iot__modbus__register_4_mean,True,True,True,0.0009871668311944718,0.0,0.0009871668311944718,0.0,True
primary,learned_latent_var_overlay,1341,iot__motion_light__light_on_fraction,True,True,True,0.2423204227396783,0.0,0.2423204227396783,0.0,True
primary,learned_latent_var_overlay,1341,iot__motion_light__motion_true_fraction,True,True,True,0.2423204227396783,0.0,0.2423204227396783,0.0,True
primary,learned_latent_var_overlay,1341,iot__thermostat__status_true_fraction,True,True,True,0.007490854189652169,0.0,0.007490854189652169,0.0,True
primary,learned_latent_var_overlay,1341,iot__thermostat__temperature_mean,True,True,True,0.0020904709366471167,0.0,0.0020904709366471167,0.0,True
primary,learned_latent_var_overlay,1341,iot__weather__humidity_mean,True,True,True,0.0009290981940653852,0.0,0.0009290981940653852,0.0,True
primary,learned_latent_var_overlay,1341,iot__weather__pressure_mean,True,True,True,0.0009290981940653852,0.0,0.0009290981940653852,0.0,True
primary,learned_latent_var_overlay,1341,iot__weather__temperature_mean,True,True,True,0.0009290981940653852,0.0,0.0009290981940653852,0.0,True
primary,learned_latent_var_overlay,1341,router__general__arp_count,False,True,True,0.12043435340572557,0.13257839721254355,0.01214404380681798,0.0,True
primary,learned_latent_var_overlay,1341,router__general__byte_count,True,True,True,0.0004645490970326926,0.0,0.0004645490970326926,0.0,True
primary,learned_latent_var_overlay,1341,router__general__dns_port_packets,True,True,True,0.6286510655594914,0.0003484320557491289,0.6283026335037423,0.0,True
primary,learned_latent_var_overlay,1341,router__general__http_port_packets,True,True,True,0.9925672144474769,0.5282229965156794,0.4643442179317975,0.0,True
primary,learned_latent_var_overlay,1341,router__general__https_port_packets,True,True,True,0.8894953835433482,0.0,0.8894953835433482,0.0,True
primary,learned_latent_var_overlay,1341,router__general__icmp_count,True,True,True,0.058358980314732016,0.0,0.058358980314732016,0.0,True
primary,learned_latent_var_overlay,1341,router__general__interarrival_positive_mean,False,True,True,0.0004645490970326926,0.0,0.0004645490970326926,0.0,True
primary,learned_latent_var_overlay,1341,router__general__interarrival_positive_std,False,True,True,0.0004645490970326926,0.0,0.0004645490970326926,0.0,True
primary,learned_latent_var_overlay,1341,router__general__ipv4_count,True,True,True,0.0004645490970326926,0.0,0.0004645490970326926,0.0,True
primary,learned_latent_var_overlay,1341,router__general__ipv6_count,True,True,True,0.34074676267348003,0.08780487804878048,0.2529418846246996,0.0,True
primary,learned_latent_var_overlay,1341,router__general__mqtt_port_packets,True,True,True,0.00220660821090529,0.0,0.00220660821090529,0.0,True
primary,learned_latent_var_overlay,1341,router__general__packet_count,True,True,True,0.0004645490970326926,0.0,0.0004645490970326926,0.0,True
primary,learned_latent_var_overlay,1341,router__general__packet_length_max,True,True,True,0.0004645490970326926,0.0,0.0004645490970326926,0.0,True
primary,learned_latent_var_overlay,1341,router__general__packet_length_mean,True,True,True,0.0004645490970326926,0.0,0.0004645490970326926,0.0,True
primary,learned_latent_var_overlay,1341,router__general__packet_length_min,True,True,True,0.0004645490970326926,0.0,0.0004645490970326926,0.0,True
primary,learned_latent_var_overlay,1341,router__general__packet_length_std,True,True,True,0.0004645490970326926,0.0,0.0004645490970326926,0.0,True
primary,learned_latent_var_overlay,1341,router__general__tcp_count,True,True,True,0.0004645490970326926,0.0,0.0004645490970326926,0.0,True
primary,learned_latent_var_overlay,1341,router__general__tcp_fin_count,False,True,True,0.9743336623889437,0.9702090592334495,0.004124603155494233,0.0,True
primary,learned_latent_var_overlay,1341,router__general__tcp_rst_count,False,True,True,0.9891411648568608,0.9883275261324042,0.0008136387244566112,0.0,True
primary,learned_latent_var_overlay,1341,router__general__tcp_syn_count,False,True,True,0.9693397595958423,0.9651567944250871,0.004182965170755226,0.0,True
primary,learned_latent_var_overlay,1341,router__general__udp_count,True,True,True,0.29667266709250334,0.0,0.29667266709250334,0.0,True
primary,learned_latent_var_overlay,1341,router__general__unique_dst_ip_count,False,True,True,0.0004645490970326926,0.0,0.0004645490970326926,0.0,True
primary,learned_latent_var_overlay,1341,router__general__unique_endpoint_pair_count,True,True,True,0.0004645490970326926,0.0,0.0004645490970326926,0.0,True
primary,learned_latent_var_overlay,1341,router__general__unique_src_ip_count,False,True,True,0.0004645490970326926,0.0,0.0004645490970326926,0.0,True
primary,learned_latent_var_overlay,1341,router__iot_named__arp_count,True,True,True,0.20614366180825736,0.0,0.20614366180825736,0.0,True
primary,learned_latent_var_overlay,1341,router__iot_named__byte_count,True,True,True,0.0002322745485163463,0.0,0.0002322745485163463,0.0,True
primary,learned_latent_var_overlay,1341,router__iot_named__dns_port_packets,True,True,True,0.6611114337146508,0.0010452961672473868,0.6600661375474034,0.0,True
primary,learned_latent_var_overlay,1341,router__iot_named__http_port_packets,False,True,True,0.9983740781603856,0.9989547038327526,0.0005806256723670522,0.0,True
primary,learned_latent_var_overlay,1341,router__iot_named__https_port_packets,True,True,True,0.9447767260902387,0.003832752613240418,0.9409439734769982,0.0,True
primary,learned_latent_var_overlay,1341,router__iot_named__icmp_count,False,True,True,0.9982579408861274,0.9975609756097561,0.0006969652763713086,0.0,True
primary,learned_latent_var_overlay,1341,router__iot_named__interarrival_positive_mean,False,True,True,0.0002322745485163463,0.0,0.0002322745485163463,0.0,True
primary,learned_latent_var_overlay,1341,router__iot_named__interarrival_positive_std,False,True,True,0.0002322745485163463,0.0,0.0002322745485163463,0.0,True
primary,learned_latent_var_overlay,1341,router__iot_named__ipv4_count,True,True,True,0.0002322745485163463,0.0,0.0002322745485163463,0.0,True
primary,learned_latent_var_overlay,1341,router__iot_named__mqtt_port_packets,True,True,True,0.0018581963881307705,0.0,0.0018581963881307705,0.0,True
primary,learned_latent_var_overlay,1341,router__iot_named__packet_count,True,True,True,0.0002322745485163463,0.0,0.0002322745485163463,0.0,True
primary,learned_latent_var_overlay,1341,router__iot_named__packet_length_max,True,True,True,0.0002322745485163463,0.0,0.0002322745485163463,0.0,True
primary,learned_latent_var_overlay,1341,router__iot_named__packet_length_mean,True,True,True,0.0002322745485163463,0.0,0.0002322745485163463,0.0,True
primary,learned_latent_var_overlay,1341,router__iot_named__packet_length_min,True,True,True,0.0002322745485163463,0.0,0.0002322745485163463,0.0,True
primary,learned_latent_var_overlay,1341,router__iot_named__packet_length_std,True,True,True,0.0002322745485163463,0.0,0.0002322745485163463,0.0,True
primary,learned_latent_var_overlay,1341,router__iot_named__tcp_count,True,True,True,0.00040648045990360605,0.0,0.00040648045990360605,0.0,True
primary,learned_latent_var_overlay,1341,router__iot_named__tcp_fin_count,False,True,True,0.9912316357935079,0.9905923344947736,0.0006393012987343516,0.0,True
primary,learned_latent_var_overlay,1341,router__iot_named__tcp_rst_count,False,True,True,0.9979095290633528,0.9977351916376307,0.0001743374257221486,0.0,True
primary,learned_latent_var_overlay,1341,router__iot_named__tcp_syn_count,False,True,True,0.9929736949073805,0.9925087108013937,0.00046498410598683204,0.0,True
primary,learned_latent_var_overlay,1341,router__iot_named__udp_count,True,True,True,0.40078973346495556,0.00017421602787456446,0.400615517437081,0.0,True
primary,learned_latent_var_overlay,1341,router__iot_named__unique_dst_ip_count,True,True,True,0.0002322745485163463,0.0,0.0002322745485163463,0.0,True
primary,learned_latent_var_overlay,1341,router__iot_named__unique_endpoint_pair_count,True,True,True,0.0002322745485163463,0.0,0.0002322745485163463,0.0,True
primary,learned_latent_var_overlay,1341,router__iot_named__unique_src_ip_count,True,True,True,0.0002322745485163463,0.0,0.0002322745485163463,0.0,True
roll0,real_row_resample,1337,iot__fridge__condition_high_fraction,True,True,True,0.01746792394496831,0.01948051948051948,0.0020125955355511684,0.0,True
roll0,real_row_resample,1337,iot__fridge__temperature_mean,True,True,True,0.001545833977430824,0.0009276437847866419,0.000618190192644182,0.0,True
roll0,real_row_resample,1337,iot__garage__door_open_fraction,True,True,True,0.594836914515381,0.610621521335807,0.01578460682042604,0.0,True
roll0,real_row_resample,1337,iot__garage__smartphone_signal_true_fraction,False,True,True,0.594836914515381,0.610621521335807,0.01578460682042604,0.0,True
roll0,real_row_resample,1337,iot__gps__latitude_mean,True,True,True,0.001236667181944659,0.0011595547309833025,7.711245096135664e-05,0.0,True
roll0,real_row_resample,1337,iot__gps__longitude_mean,True,True,True,0.001236667181944659,0.0011595547309833025,7.711245096135664e-05,0.0,True
roll0,real_row_resample,1337,iot__modbus__register_1_mean,True,True,True,0.001236667181944659,0.0011595547309833025,7.711245096135664e-05,0.0,True
roll0,real_row_resample,1337,iot__modbus__register_2_mean,True,True,True,0.001236667181944659,0.0011595547309833025,7.711245096135664e-05,0.0,True
roll0,real_row_resample,1337,iot__modbus__register_3_mean,True,True,True,0.001236667181944659,0.0011595547309833025,7.711245096135664e-05,0.0,True
roll0,real_row_resample,1337,iot__modbus__register_4_mean,True,True,True,0.001236667181944659,0.0011595547309833025,7.711245096135664e-05,0.0,True
roll0,real_row_resample,1337,iot__motion_light__light_on_fraction,True,True,True,0.24339155974648322,0.24072356215213359,0.0026679975943496304,0.0,True
roll0,real_row_resample,1337,iot__motion_light__motion_true_fraction,True,True,True,0.24339155974648322,0.24072356215213359,0.0026679975943496304,0.0,True
roll0,real_row_resample,1337,iot__thermostat__status_true_fraction,True,True,True,0.007420003091667955,0.007884972170686457,0.0004649690790185018,0.0,True
roll0,real_row_resample,1337,iot__thermostat__temperature_mean,True,True,True,0.0021641675684031534,0.0018552875695732839,0.0003088799988298695,0.0,True
roll0,real_row_resample,1337,iot__weather__humidity_mean,True,True,True,0.001159375483073118,0.0009276437847866419,0.00023173169828647605,0.0,True
roll0,real_row_resample,1337,iot__weather__pressure_mean,True,True,True,0.001159375483073118,0.0009276437847866419,0.00023173169828647605,0.0,True
roll0,real_row_resample,1337,iot__weather__temperature_mean,True,True,True,0.001159375483073118,0.0009276437847866419,0.00023173169828647605,0.0,True
roll0,real_row_resample,1337,router__general__arp_count,False,True,True,0.11756067398361417,0.11456400742115028,0.00299666656246389,0.0,True
roll0,real_row_resample,1337,router__general__byte_count,True,True,True,0.0006183335909723295,0.00046382189239332097,0.00015451169857900858,0.0,True
roll0,real_row_resample,1337,router__general__dns_port_packets,True,True,True,0.6291544288143454,0.6259276437847866,0.003226785029558754,0.0,True
roll0,real_row_resample,1337,router__general__http_port_packets,True,True,True,0.9911887463286443,0.9909554730983302,0.00023327323031407943,0.0,True
roll0,real_row_resample,1337,router__general__https_port_packets,True,True,True,0.8895501623125677,0.890074211502783,0.0005240491902153144,0.0,True
roll0,real_row_resample,1337,router__general__icmp_count,True,True,True,0.001236667181944659,0.0011595547309833025,7.711245096135664e-05,0.0,True
roll0,real_row_resample,1337,router__general__interarrival_positive_mean,False,True,True,0.0006183335909723295,0.00046382189239332097,0.00015451169857900858,0.0,True
roll0,real_row_resample,1337,router__general__interarrival_positive_std,False,True,True,0.0006183335909723295,0.00046382189239332097,0.00015451169857900858,0.0,True
roll0,real_row_resample,1337,router__general__ipv4_count,True,True,True,0.0006183335909723295,0.00046382189239332097,0.00015451169857900858,0.0,True
roll0,real_row_resample,1337,router__general__ipv6_count,True,True,True,0.37849744937393726,0.38613172541743973,0.007634276043502475,0.0,True
roll0,real_row_resample,1337,router__general__mqtt_port_packets,True,True,True,0.002705209460503942,0.0006957328385899814,0.0020094766219139605,0.0,True
roll0,real_row_resample,1337,router__general__packet_count,True,True,True,0.0006183335909723295,0.00046382189239332097,0.00015451169857900858,0.0,True
roll0,real_row_resample,1337,router__general__packet_length_max,True,True,True,0.0006183335909723295,0.00046382189239332097,0.00015451169857900858,0.0,True
roll0,real_row_resample,1337,router__general__packet_length_mean,True,True,True,0.0006183335909723295,0.00046382189239332097,0.00015451169857900858,0.0,True
roll0,real_row_resample,1337,router__general__packet_length_min,True,True,True,0.0006183335909723295,0.00046382189239332097,0.00015451169857900858,0.0,True
roll0,real_row_resample,1337,router__general__packet_length_std,True,True,True,0.0006183335909723295,0.00046382189239332097,0.00015451169857900858,0.0,True
roll0,real_row_resample,1337,router__general__tcp_count,True,True,True,0.0006183335909723295,0.00046382189239332097,0.00015451169857900858,0.0,True
roll0,real_row_resample,1337,router__general__tcp_fin_count,False,True,True,0.9744164476735199,0.9735621521335807,0.0008542955399392094,0.0,True
roll0,real_row_resample,1337,router__general__tcp_rst_count,False,True,True,0.9891791621579842,0.9900278293135436,0.0008486671555594238,0.0,True
roll0,real_row_resample,1337,router__general__tcp_syn_count,False,True,True,0.9683876951615397,0.9705473098330241,0.0021596146714844,0.0,True
roll0,real_row_resample,1337,router__general__udp_count,True,True,True,0.3130313804297418,0.3147031539888683,0.0016717735591264549,0.0,True
roll0,real_row_resample,1337,router__general__unique_dst_ip_count,False,True,True,0.0006183335909723295,0.00046382189239332097,0.00015451169857900858,0.0,True
roll0,real_row_resample,1337,router__general__unique_endpoint_pair_count,True,True,True,0.0006183335909723295,0.00046382189239332097,0.00015451169857900858,0.0,True
roll0,real_row_resample,1337,router__general__unique_src_ip_count,False,True,True,0.0006183335909723295,0.00046382189239332097,0.00015451169857900858,0.0,True
roll0,real_row_resample,1337,router__iot_named__arp_count,True,True,True,0.22886072035863347,0.21405380333951762,0.01480691701911585,0.0,True
roll0,real_row_resample,1337,router__iot_named__byte_count,True,True,True,0.0003091667954861648,0.00023191094619666049,7.725584928950429e-05,0.0,True
roll0,real_row_resample,1337,router__iot_named__dns_port_packets,True,True,True,0.6612304838460349,0.6549165120593692,0.006313971786665706,0.0,True
roll0,real_row_resample,1337,router__iot_named__http_port_packets,False,True,True,0.9978358324315968,0.9983766233766234,0.0005407909450265702,0.0,True
roll0,real_row_resample,1337,router__iot_named__https_port_packets,True,True,True,0.9460503941876642,0.9461966604823747,0.00014626629471048425,0.0,True
roll0,real_row_resample,1337,router__iot_named__icmp_count,False,True,True,0.9990724996135415,0.99930426716141,0.00023176754786846665,0.0,True
roll0,real_row_resample,1337,router__iot_named__interarrival_positive_mean,False,True,True,0.0003091667954861648,0.00023191094619666049,7.725584928950429e-05,0.0,True
roll0,real_row_resample,1337,router__iot_named__interarrival_positive_std,False,True,True,0.0003091667954861648,0.00023191094619666049,7.725584928950429e-05,0.0,True
roll0,real_row_resample,1337,router__iot_named__ipv4_count,True,True,True,0.0003091667954861648,0.00023191094619666049,7.725584928950429e-05,0.0,True
roll0,real_row_resample,1337,router__iot_named__mqtt_port_packets,True,True,True,0.002241459267274695,0.00046382189239332097,0.0017776373748813739,0.0,True
roll0,real_row_resample,1337,router__iot_named__packet_count,True,True,True,0.0003091667954861648,0.00023191094619666049,7.725584928950429e-05,0.0,True
roll0,real_row_resample,1337,router__iot_named__packet_length_max,True,True,True,0.0003091667954861648,0.00023191094619666049,7.725584928950429e-05,0.0,True
roll0,real_row_resample,1337,router__iot_named__packet_length_mean,True,True,True,0.0003091667954861648,0.00023191094619666049,7.725584928950429e-05,0.0,True
roll0,real_row_resample,1337,router__iot_named__packet_length_min,True,True,True,0.0003091667954861648,0.00023191094619666049,7.725584928950429e-05,0.0,True
roll0,real_row_resample,1337,router__iot_named__packet_length_std,True,True,True,0.0003091667954861648,0.00023191094619666049,7.725584928950429e-05,0.0,True
roll0,real_row_resample,1337,router__iot_named__tcp_count,True,True,True,0.0005410418921007883,0.00023191094619666049,0.00030913094590412783,0.0,True
roll0,real_row_resample,1337,router__iot_named__tcp_fin_count,False,True,True,0.9911887463286443,0.9921150278293135,0.0009262815006692016,0.0,True
roll0,real_row_resample,1337,router__iot_named__tcp_rst_count,False,True,True,0.9982222909259546,0.9988404452690167,0.0006181543430621161,0.0,True
roll0,real_row_resample,1337,router__iot_named__tcp_syn_count,False,True,True,0.9930437471015613,0.9939703153988868,0.000926568297325514,0.0,True
roll0,real_row_resample,1337,router__iot_named__udp_count,True,True,True,0.4185345493893956,0.41512059369202226,0.00341395569737335,0.0,True
roll0,real_row_resample,1337,router__iot_named__unique_dst_ip_count,True,True,True,0.0003091667954861648,0.00023191094619666049,7.725584928950429e-05,0.0,True
roll0,real_row_resample,1337,router__iot_named__unique_endpoint_pair_count,True,True,True,0.0003091667954861648,0.00023191094619666049,7.725584928950429e-05,0.0,True
roll0,real_row_resample,1337,router__iot_named__unique_src_ip_count,True,True,True,0.0003091667954861648,0.00023191094619666049,7.725584928950429e-05,0.0,True
roll0,real_contiguous_block,1337,iot__fridge__condition_high_fraction,True,True,True,0.01746792394496831,0.01437847866419295,0.003089445280775361,0.0,True
roll0,real_contiguous_block,1337,iot__fridge__temperature_mean,True,True,True,0.001545833977430824,0.00023191094619666049,0.0013139230312341635,0.0,True
roll0,real_contiguous_block,1337,iot__garage__door_open_fraction,True,True,True,0.594836914515381,0.5941558441558441,0.0006810703595369061,0.0,True
roll0,real_contiguous_block,1337,iot__garage__smartphone_signal_true_fraction,False,True,True,0.594836914515381,0.5941558441558441,0.0006810703595369061,0.0,True
roll0,real_contiguous_block,1337,iot__gps__latitude_mean,True,True,True,0.001236667181944659,0.00023191094619666049,0.0010047562357479987,0.0,True
roll0,real_contiguous_block,1337,iot__gps__longitude_mean,True,True,True,0.001236667181944659,0.00023191094619666049,0.0010047562357479987,0.0,True
roll0,real_contiguous_block,1337,iot__modbus__register_1_mean,True,True,True,0.001236667181944659,0.00023191094619666049,0.0010047562357479987,0.0,True
roll0,real_contiguous_block,1337,iot__modbus__register_2_mean,True,True,True,0.001236667181944659,0.00023191094619666049,0.0010047562357479987,0.0,True
roll0,real_contiguous_block,1337,iot__modbus__register_3_mean,True,True,True,0.001236667181944659,0.00023191094619666049,0.0010047562357479987,0.0,True
roll0,real_contiguous_block,1337,iot__modbus__register_4_mean,True,True,True,0.001236667181944659,0.00023191094619666049,0.0010047562357479987,0.0,True
roll0,real_contiguous_block,1337,iot__motion_light__light_on_fraction,True,True,True,0.24339155974648322,0.2465213358070501,0.0031297760605668856,0.0,True
roll0,real_contiguous_block,1337,iot__motion_light__motion_true_fraction,True,True,True,0.24339155974648322,0.2465213358070501,0.0031297760605668856,0.0,True
roll0,real_contiguous_block,1337,iot__thermostat__status_true_fraction,True,True,True,0.007420003091667955,0.006029684601113173,0.0013903184905547823,0.0,True
roll0,real_contiguous_block,1337,iot__thermostat__temperature_mean,True,True,True,0.0021641675684031534,0.0013914656771799629,0.0007727018912231905,0.0,True
roll0,real_contiguous_block,1337,iot__weather__humidity_mean,True,True,True,0.001159375483073118,0.00023191094619666049,0.0009274645368764575,0.0,True
roll0,real_contiguous_block,1337,iot__weather__pressure_mean,True,True,True,0.001159375483073118,0.00023191094619666049,0.0009274645368764575,0.0,True
roll0,real_contiguous_block,1337,iot__weather__temperature_mean,True,True,True,0.001159375483073118,0.00023191094619666049,0.0009274645368764575,0.0,True
roll0,real_contiguous_block,1337,router__general__arp_count,False,True,True,0.11756067398361417,0.14100185528756956,0.023441181303955394,0.0,True
roll0,real_contiguous_block,1337,router__general__byte_count,True,True,True,0.0006183335909723295,0.0,0.0006183335909723295,0.0,True
roll0,real_contiguous_block,1337,router__general__dns_port_packets,True,True,True,0.6291544288143454,0.6305658627087198,0.0014114338943744809,0.0,True
roll0,real_contiguous_block,1337,router__general__http_port_packets,True,True,True,0.9911887463286443,0.9974489795918368,0.006260233263192472,0.0,True
roll0,real_contiguous_block,1337,router__general__https_port_packets,True,True,True,0.8895501623125677,0.8986549165120594,0.00910475419949175,0.0,True
roll0,real_contiguous_block,1337,router__general__icmp_count,True,True,True,0.001236667181944659,0.00046382189239332097,0.0007728452895513381,0.0,True
roll0,real_contiguous_block,1337,router__general__interarrival_positive_mean,False,True,True,0.0006183335909723295,0.0,0.0006183335909723295,0.0,True
roll0,real_contiguous_block,1337,router__general__interarrival_positive_std,False,True,True,0.0006183335909723295,0.0,0.0006183335909723295,0.0,True
roll0,real_contiguous_block,1337,router__general__ipv4_count,True,True,True,0.0006183335909723295,0.0,0.0006183335909723295,0.0,True
roll0,real_contiguous_block,1337,router__general__ipv6_count,True,True,True,0.37849744937393726,0.39262523191094617,0.014127782537008915,0.0,True
roll0,real_contiguous_block,1337,router__general__mqtt_port_packets,True,True,True,0.002705209460503942,0.0020871985157699443,0.0006180109447339976,0.0,True
roll0,real_contiguous_block,1337,router__general__packet_count,True,True,True,0.0006183335909723295,0.0,0.0006183335909723295,0.0,True
roll0,real_contiguous_block,1337,router__general__packet_length_max,True,True,True,0.0006183335909723295,0.0,0.0006183335909723295,0.0,True
roll0,real_contiguous_block,1337,router__general__packet_length_mean,True,True,True,0.0006183335909723295,0.0,0.0006183335909723295,0.0,True
roll0,real_contiguous_block,1337,router__general__packet_length_min,True,True,True,0.0006183335909723295,0.0,0.0006183335909723295,0.0,True
roll0,real_contiguous_block,1337,router__general__packet_length_std,True,True,True,0.0006183335909723295,0.0,0.0006183335909723295,0.0,True
roll0,real_contiguous_block,1337,router__general__tcp_count,True,True,True,0.0006183335909723295,0.0,0.0006183335909723295,0.0,True
roll0,real_contiguous_block,1337,router__general__tcp_fin_count,False,True,True,0.9744164476735199,0.975417439703154,0.0010009920296341068,0.0,True
roll0,real_contiguous_block,1337,router__general__tcp_rst_count,False,True,True,0.9891791621579842,0.9888682745825603,0.00031088757542385714,0.0,True
roll0,real_contiguous_block,1337,router__general__tcp_syn_count,False,True,True,0.9683876951615397,0.9712430426716141,0.002855347510074435,0.0,True
roll0,real_contiguous_block,1337,router__general__udp_count,True,True,True,0.3130313804297418,0.3116883116883117,0.0013430687414301423,0.0,True
roll0,real_contiguous_block,1337,router__general__unique_dst_ip_count,False,True,True,0.0006183335909723295,0.0,0.0006183335909723295,0.0,True
roll0,real_contiguous_block,1337,router__general__unique_endpoint_pair_count,True,True,True,0.0006183335909723295,0.0,0.0006183335909723295,0.0,True
roll0,real_contiguous_block,1337,router__general__unique_src_ip_count,False,True,True,0.0006183335909723295,0.0,0.0006183335909723295,0.0,True
roll0,real_contiguous_block,1337,router__iot_named__arp_count,True,True,True,0.22886072035863347,0.25556586270871984,0.026705142350086364,0.0,True
roll0,real_contiguous_block,1337,router__iot_named__byte_count,True,True,True,0.0003091667954861648,0.0,0.0003091667954861648,0.0,True
roll0,real_contiguous_block,1337,router__iot_named__dns_port_packets,True,True,True,0.6612304838460349,0.660482374768089,0.0007481090779458688,0.0,True
roll0,real_contiguous_block,1337,router__iot_named__http_port_packets,False,True,False,0.9978358324315968,1.0,0.002164167568403208,0.0,True
roll0,real_contiguous_block,1337,router__iot_named__https_port_packets,True,True,True,0.9460503941876642,0.9506029684601113,0.004552574272447041,0.0,True
roll0,real_contiguous_block,1337,router__iot_named__icmp_count,False,True,True,0.9990724996135415,0.9983766233766234,0.0006958762369181359,0.0,True
roll0,real_contiguous_block,1337,router__iot_named__interarrival_positive_mean,False,True,True,0.0003091667954861648,0.0,0.0003091667954861648,0.0,True
roll0,real_contiguous_block,1337,router__iot_named__interarrival_positive_std,False,True,True,0.0003091667954861648,0.0,0.0003091667954861648,0.0,True
roll0,real_contiguous_block,1337,router__iot_named__ipv4_count,True,True,True,0.0003091667954861648,0.0,0.0003091667954861648,0.0,True
roll0,real_contiguous_block,1337,router__iot_named__mqtt_port_packets,True,True,True,0.002241459267274695,0.0020871985157699443,0.0001542607515047506,0.0,True
roll0,real_contiguous_block,1337,router__iot_named__packet_count,True,True,True,0.0003091667954861648,0.0,0.0003091667954861648,0.0,True
roll0,real_contiguous_block,1337,router__iot_named__packet_length_max,True,True,True,0.0003091667954861648,0.0,0.0003091667954861648,0.0,True
roll0,real_contiguous_block,1337,router__iot_named__packet_length_mean,True,True,True,0.0003091667954861648,0.0,0.0003091667954861648,0.0,True
roll0,real_contiguous_block,1337,router__iot_named__packet_length_min,True,True,True,0.0003091667954861648,0.0,0.0003091667954861648,0.0,True
roll0,real_contiguous_block,1337,router__iot_named__packet_length_std,True,True,True,0.0003091667954861648,0.0,0.0003091667954861648,0.0,True
roll0,real_contiguous_block,1337,router__iot_named__tcp_count,True,True,True,0.0005410418921007883,0.0,0.0005410418921007883,0.0,True
roll0,real_contiguous_block,1337,router__iot_named__tcp_fin_count,False,True,True,0.9911887463286443,0.9918831168831169,0.0006943705544726342,0.0,True
roll0,real_contiguous_block,1337,router__iot_named__tcp_rst_count,False,True,True,0.9982222909259546,0.9976808905380334,0.0005414003879211648,0.0,True
roll0,real_contiguous_block,1337,router__iot_named__tcp_syn_count,False,True,True,0.9930437471015613,0.9935064935064936,0.00046274640493226826,0.0,True
roll0,real_contiguous_block,1337,router__iot_named__udp_count,True,True,True,0.4185345493893956,0.4213821892393321,0.0028476398499364675,0.0,True
roll0,real_contiguous_block,1337,router__iot_named__unique_dst_ip_count,True,True,True,0.0003091667954861648,0.0,0.0003091667954861648,0.0,True
roll0,real_contiguous_block,1337,router__iot_named__unique_endpoint_pair_count,True,True,True,0.0003091667954861648,0.0,0.0003091667954861648,0.0,True
roll0,real_contiguous_block,1337,router__iot_named__unique_src_ip_count,True,True,True,0.0003091667954861648,0.0,0.0003091667954861648,0.0,True
roll0,independent_marginals,1337,iot__fridge__condition_high_fraction,True,True,True,0.01746792394496831,0.01948051948051948,0.0020125955355511684,0.0,True
roll0,independent_marginals,1337,iot__fridge__temperature_mean,True,True,True,0.001545833977430824,0.0016233766233766235,7.754264594579956e-05,0.0,True
roll0,independent_marginals,1337,iot__garage__door_open_fraction,True,True,True,0.594836914515381,0.608534322820037,0.013697408304656045,0.0,True
roll0,independent_marginals,1337,iot__garage__smartphone_signal_true_fraction,False,True,True,0.594836914515381,0.5967068645640075,0.0018699500486264453,0.0,True
roll0,independent_marginals,1337,iot__gps__latitude_mean,True,True,True,0.001236667181944659,0.0011595547309833025,7.711245096135664e-05,0.0,True
roll0,independent_marginals,1337,iot__gps__longitude_mean,True,True,True,0.001236667181944659,0.00046382189239332097,0.0007728452895513381,0.0,True
roll0,independent_marginals,1337,iot__modbus__register_1_mean,True,True,True,0.001236667181944659,0.0013914656771799629,0.00015479849523530377,0.0,True
roll0,independent_marginals,1337,iot__modbus__register_2_mean,True,True,True,0.001236667181944659,0.0018552875695732839,0.0006186203876286248,0.0,True
roll0,independent_marginals,1337,iot__modbus__register_3_mean,True,True,True,0.001236667181944659,0.0013914656771799629,0.00015479849523530377,0.0,True
roll0,independent_marginals,1337,iot__modbus__register_4_mean,True,True,True,0.001236667181944659,0.0009276437847866419,0.00030902339715801715,0.0,True
roll0,independent_marginals,1337,iot__motion_light__light_on_fraction,True,True,True,0.24339155974648322,0.24118738404452691,0.0022041757019563013,0.0,True
roll0,independent_marginals,1337,iot__motion_light__motion_true_fraction,True,True,True,0.24339155974648322,0.2353896103896104,0.008001949356872817,0.0,True
roll0,independent_marginals,1337,iot__thermostat__status_true_fraction,True,True,True,0.007420003091667955,0.008116883116883116,0.0006968800252151611,0.0,True
roll0,independent_marginals,1337,iot__thermostat__temperature_mean,True,True,True,0.0021641675684031534,0.0027829313543599257,0.0006187637859567724,0.0,True
roll0,independent_marginals,1337,iot__weather__humidity_mean,True,True,True,0.001159375483073118,0.00046382189239332097,0.000695553590679797,0.0,True
roll0,independent_marginals,1337,iot__weather__pressure_mean,True,True,True,0.001159375483073118,0.0009276437847866419,0.00023173169828647605,0.0,True
roll0,independent_marginals,1337,iot__weather__temperature_mean,True,True,True,0.001159375483073118,0.0006957328385899814,0.00046364264448313657,0.0,True
roll0,independent_marginals,1337,router__general__arp_count,False,True,True,0.11756067398361417,0.11943413729128015,0.0018734633076659818,0.0,True
roll0,independent_marginals,1337,router__general__byte_count,True,True,True,0.0006183335909723295,0.0006957328385899814,7.739924761765188e-05,0.0,True
roll0,independent_marginals,1337,router__general__dns_port_packets,True,True,True,0.6291544288143454,0.6210575139146568,0.008096914899688556,0.0,True
roll0,independent_marginals,1337,router__general__http_port_packets,True,True,True,0.9911887463286443,0.9900278293135436,0.001160917015100682,0.0,True
roll0,independent_marginals,1337,router__general__https_port_packets,True,True,True,0.8895501623125677,0.8910018552875696,0.001451692975001917,0.0,True
roll0,independent_marginals,1337,router__general__icmp_count,True,True,True,0.001236667181944659,0.0006957328385899814,0.0005409343433546777,0.0,True
roll0,independent_marginals,1337,router__general__interarrival_positive_mean,False,True,True,0.0006183335909723295,0.0,0.0006183335909723295,0.0,True
roll0,independent_marginals,1337,router__general__interarrival_positive_std,False,True,True,0.0006183335909723295,0.0011595547309833025,0.0005412211400109729,0.0,True
roll0,independent_marginals,1337,router__general__ipv4_count,True,True,True,0.0006183335909723295,0.0011595547309833025,0.0005412211400109729,0.0,True
roll0,independent_marginals,1337,router__general__ipv6_count,True,True,True,0.37849744937393726,0.3903061224489796,0.011808673075042353,0.0,True
roll0,independent_marginals,1337,router__general__mqtt_port_packets,True,True,True,0.002705209460503942,0.0020871985157699443,0.0006180109447339976,0.0,True
roll0,independent_marginals,1337,router__general__packet_count,True,True,True,0.0006183335909723295,0.0006957328385899814,7.739924761765188e-05,0.0,True
roll0,independent_marginals,1337,router__general__packet_length_max,True,True,True,0.0006183335909723295,0.0006957328385899814,7.739924761765188e-05,0.0,True
roll0,independent_marginals,1337,router__general__packet_length_mean,True,True,True,0.0006183335909723295,0.0009276437847866419,0.0003093101938143124,0.0,True
roll0,independent_marginals,1337,router__general__packet_length_min,True,True,True,0.0006183335909723295,0.0006957328385899814,7.739924761765188e-05,0.0,True
roll0,independent_marginals,1337,router__general__packet_length_std,True,True,True,0.0006183335909723295,0.00023191094619666049,0.00038642264477566904,0.0,True
roll0,independent_marginals,1337,router__general__tcp_count,True,True,True,0.0006183335909723295,0.00023191094619666049,0.00038642264477566904,0.0,True
roll0,independent_marginals,1337,router__general__tcp_fin_count,False,True,True,0.9744164476735199,0.9733302411873841,0.0010862064861357767,0.0,True
roll0,independent_marginals,1337,router__general__tcp_rst_count,False,True,True,0.9891791621579842,0.9881725417439703,0.0010066204140138924,0.0,True
roll0,independent_marginals,1337,router__general__tcp_syn_count,False,True,True,0.9683876951615397,0.9679962894248608,0.0003914057366788404,0.0,True
roll0,independent_marginals,1337,router__general__udp_count,True,True,True,0.3130313804297418,0.31493506493506496,0.0019036845053231333,0.0,True
roll0,independent_marginals,1337,router__general__unique_dst_ip_count,False,True,True,0.0006183335909723295,0.0009276437847866419,0.0003093101938143124,0.0,True
roll0,independent_marginals,1337,router__general__unique_endpoint_pair_count,True,True,True,0.0006183335909723295,0.00023191094619666049,0.00038642264477566904,0.0,True
roll0,independent_marginals,1337,router__general__unique_src_ip_count,False,True,True,0.0006183335909723295,0.00046382189239332097,0.00015451169857900858,0.0,True
roll0,independent_marginals,1337,router__iot_named__arp_count,True,True,True,0.22886072035863347,0.22680890538033396,0.00205181497829951,0.0,True
roll0,independent_marginals,1337,router__iot_named__byte_count,True,True,True,0.0003091667954861648,0.0,0.0003091667954861648,0.0,True
roll0,independent_marginals,1337,router__iot_named__dns_port_packets,True,True,True,0.6612304838460349,0.6586270871985158,0.002603396647519074,0.0,True
roll0,independent_marginals,1337,router__iot_named__http_port_packets,False,True,True,0.9978358324315968,0.9983766233766234,0.0005407909450265702,0.0,True
roll0,independent_marginals,1337,router__iot_named__https_port_packets,True,True,True,0.9460503941876642,0.9436456400742115,0.002404754113452756,0.0,True
roll0,independent_marginals,1337,router__iot_named__icmp_count,False,True,True,0.9990724996135415,0.9988404452690167,0.00023205434452477913,0.0,True
roll0,independent_marginals,1337,router__iot_named__interarrival_positive_mean,False,True,True,0.0003091667954861648,0.00023191094619666049,7.725584928950429e-05,0.0,True
roll0,independent_marginals,1337,router__iot_named__interarrival_positive_std,False,True,True,0.0003091667954861648,0.00046382189239332097,0.0001546550969071562,0.0,True
roll0,independent_marginals,1337,router__iot_named__ipv4_count,True,True,True,0.0003091667954861648,0.00023191094619666049,7.725584928950429e-05,0.0,True
roll0,independent_marginals,1337,router__iot_named__mqtt_port_packets,True,True,True,0.002241459267274695,0.0020871985157699443,0.0001542607515047506,0.0,True
roll0,independent_marginals,1337,router__iot_named__packet_count,True,True,True,0.0003091667954861648,0.0,0.0003091667954861648,0.0,True
roll0,independent_marginals,1337,router__iot_named__packet_length_max,True,True,True,0.0003091667954861648,0.0,0.0003091667954861648,0.0,True
roll0,independent_marginals,1337,router__iot_named__packet_length_mean,True,True,True,0.0003091667954861648,0.0009276437847866419,0.0006184769893004772,0.0,True
roll0,independent_marginals,1337,router__iot_named__packet_length_min,True,True,True,0.0003091667954861648,0.00023191094619666049,7.725584928950429e-05,0.0,True
roll0,independent_marginals,1337,router__iot_named__packet_length_std,True,True,True,0.0003091667954861648,0.00023191094619666049,7.725584928950429e-05,0.0,True
roll0,independent_marginals,1337,router__iot_named__tcp_count,True,True,True,0.0005410418921007883,0.0011595547309833025,0.0006185128388825141,0.0,True
roll0,independent_marginals,1337,router__iot_named__tcp_fin_count,False,True,True,0.9911887463286443,0.9921150278293135,0.0009262815006692016,0.0,True
roll0,independent_marginals,1337,router__iot_named__tcp_rst_count,False,True,True,0.9982222909259546,0.9983766233766234,0.00015433245066875934,0.0,True
roll0,independent_marginals,1337,router__iot_named__tcp_syn_count,False,True,True,0.9930437471015613,0.9932745825602969,0.00023083545873558986,0.0,True
roll0,independent_marginals,1337,router__iot_named__udp_count,True,True,True,0.4185345493893956,0.42184601113172543,0.0033114617423298243,0.0,True
roll0,independent_marginals,1337,router__iot_named__unique_dst_ip_count,True,True,True,0.0003091667954861648,0.0,0.0003091667954861648,0.0,True
roll0,independent_marginals,1337,router__iot_named__unique_endpoint_pair_count,True,True,True,0.0003091667954861648,0.0,0.0003091667954861648,0.0,True
roll0,independent_marginals,1337,router__iot_named__unique_src_ip_count,True,True,True,0.0003091667954861648,0.0,0.0003091667954861648,0.0,True
roll0,column_shuffle,1337,iot__fridge__condition_high_fraction,True,True,True,0.01746792394496831,0.01437847866419295,0.003089445280775361,0.0,True
roll0,column_shuffle,1337,iot__fridge__temperature_mean,True,True,True,0.001545833977430824,0.00023191094619666049,0.0013139230312341635,0.0,True
roll0,column_shuffle,1337,iot__garage__door_open_fraction,True,True,True,0.594836914515381,0.5941558441558441,0.0006810703595369061,0.0,True
roll0,column_shuffle,1337,iot__garage__smartphone_signal_true_fraction,False,True,True,0.594836914515381,0.5941558441558441,0.0006810703595369061,0.0,True
roll0,column_shuffle,1337,iot__gps__latitude_mean,True,True,True,0.001236667181944659,0.00023191094619666049,0.0010047562357479987,0.0,True
roll0,column_shuffle,1337,iot__gps__longitude_mean,True,True,True,0.001236667181944659,0.00023191094619666049,0.0010047562357479987,0.0,True
roll0,column_shuffle,1337,iot__modbus__register_1_mean,True,True,True,0.001236667181944659,0.00023191094619666049,0.0010047562357479987,0.0,True
roll0,column_shuffle,1337,iot__modbus__register_2_mean,True,True,True,0.001236667181944659,0.00023191094619666049,0.0010047562357479987,0.0,True
roll0,column_shuffle,1337,iot__modbus__register_3_mean,True,True,True,0.001236667181944659,0.00023191094619666049,0.0010047562357479987,0.0,True
roll0,column_shuffle,1337,iot__modbus__register_4_mean,True,True,True,0.001236667181944659,0.00023191094619666049,0.0010047562357479987,0.0,True
roll0,column_shuffle,1337,iot__motion_light__light_on_fraction,True,True,True,0.24339155974648322,0.2465213358070501,0.0031297760605668856,0.0,True
roll0,column_shuffle,1337,iot__motion_light__motion_true_fraction,True,True,True,0.24339155974648322,0.2465213358070501,0.0031297760605668856,0.0,True
roll0,column_shuffle,1337,iot__thermostat__status_true_fraction,True,True,True,0.007420003091667955,0.006029684601113173,0.0013903184905547823,0.0,True
roll0,column_shuffle,1337,iot__thermostat__temperature_mean,True,True,True,0.0021641675684031534,0.0013914656771799629,0.0007727018912231905,0.0,True
roll0,column_shuffle,1337,iot__weather__humidity_mean,True,True,True,0.001159375483073118,0.00023191094619666049,0.0009274645368764575,0.0,True
roll0,column_shuffle,1337,iot__weather__pressure_mean,True,True,True,0.001159375483073118,0.00023191094619666049,0.0009274645368764575,0.0,True
roll0,column_shuffle,1337,iot__weather__temperature_mean,True,True,True,0.001159375483073118,0.00023191094619666049,0.0009274645368764575,0.0,True
roll0,column_shuffle,1337,router__general__arp_count,False,True,True,0.11756067398361417,0.14100185528756956,0.023441181303955394,0.0,True
roll0,column_shuffle,1337,router__general__byte_count,True,True,True,0.0006183335909723295,0.0,0.0006183335909723295,0.0,True
roll0,column_shuffle,1337,router__general__dns_port_packets,True,True,True,0.6291544288143454,0.6305658627087198,0.0014114338943744809,0.0,True
roll0,column_shuffle,1337,router__general__http_port_packets,True,True,True,0.9911887463286443,0.9974489795918368,0.006260233263192472,0.0,True
roll0,column_shuffle,1337,router__general__https_port_packets,True,True,True,0.8895501623125677,0.8986549165120594,0.00910475419949175,0.0,True
roll0,column_shuffle,1337,router__general__icmp_count,True,True,True,0.001236667181944659,0.00046382189239332097,0.0007728452895513381,0.0,True
roll0,column_shuffle,1337,router__general__interarrival_positive_mean,False,True,True,0.0006183335909723295,0.0,0.0006183335909723295,0.0,True
roll0,column_shuffle,1337,router__general__interarrival_positive_std,False,True,True,0.0006183335909723295,0.0,0.0006183335909723295,0.0,True
roll0,column_shuffle,1337,router__general__ipv4_count,True,True,True,0.0006183335909723295,0.0,0.0006183335909723295,0.0,True
roll0,column_shuffle,1337,router__general__ipv6_count,True,True,True,0.37849744937393726,0.39262523191094617,0.014127782537008915,0.0,True
roll0,column_shuffle,1337,router__general__mqtt_port_packets,True,True,True,0.002705209460503942,0.0020871985157699443,0.0006180109447339976,0.0,True
roll0,column_shuffle,1337,router__general__packet_count,True,True,True,0.0006183335909723295,0.0,0.0006183335909723295,0.0,True
roll0,column_shuffle,1337,router__general__packet_length_max,True,True,True,0.0006183335909723295,0.0,0.0006183335909723295,0.0,True
roll0,column_shuffle,1337,router__general__packet_length_mean,True,True,True,0.0006183335909723295,0.0,0.0006183335909723295,0.0,True
roll0,column_shuffle,1337,router__general__packet_length_min,True,True,True,0.0006183335909723295,0.0,0.0006183335909723295,0.0,True
roll0,column_shuffle,1337,router__general__packet_length_std,True,True,True,0.0006183335909723295,0.0,0.0006183335909723295,0.0,True
roll0,column_shuffle,1337,router__general__tcp_count,True,True,True,0.0006183335909723295,0.0,0.0006183335909723295,0.0,True
roll0,column_shuffle,1337,router__general__tcp_fin_count,False,True,True,0.9744164476735199,0.975417439703154,0.0010009920296341068,0.0,True
roll0,column_shuffle,1337,router__general__tcp_rst_count,False,True,True,0.9891791621579842,0.9888682745825603,0.00031088757542385714,0.0,True
roll0,column_shuffle,1337,router__general__tcp_syn_count,False,True,True,0.9683876951615397,0.9712430426716141,0.002855347510074435,0.0,True
roll0,column_shuffle,1337,router__general__udp_count,True,True,True,0.3130313804297418,0.3116883116883117,0.0013430687414301423,0.0,True
roll0,column_shuffle,1337,router__general__unique_dst_ip_count,False,True,True,0.0006183335909723295,0.0,0.0006183335909723295,0.0,True
roll0,column_shuffle,1337,router__general__unique_endpoint_pair_count,True,True,True,0.0006183335909723295,0.0,0.0006183335909723295,0.0,True
roll0,column_shuffle,1337,router__general__unique_src_ip_count,False,True,True,0.0006183335909723295,0.0,0.0006183335909723295,0.0,True
roll0,column_shuffle,1337,router__iot_named__arp_count,True,True,True,0.22886072035863347,0.25556586270871984,0.026705142350086364,0.0,True
roll0,column_shuffle,1337,router__iot_named__byte_count,True,True,True,0.0003091667954861648,0.0,0.0003091667954861648,0.0,True
roll0,column_shuffle,1337,router__iot_named__dns_port_packets,True,True,True,0.6612304838460349,0.660482374768089,0.0007481090779458688,0.0,True
roll0,column_shuffle,1337,router__iot_named__http_port_packets,False,True,False,0.9978358324315968,1.0,0.002164167568403208,0.0,True
roll0,column_shuffle,1337,router__iot_named__https_port_packets,True,True,True,0.9460503941876642,0.9506029684601113,0.004552574272447041,0.0,True
roll0,column_shuffle,1337,router__iot_named__icmp_count,False,True,True,0.9990724996135415,0.9983766233766234,0.0006958762369181359,0.0,True
roll0,column_shuffle,1337,router__iot_named__interarrival_positive_mean,False,True,True,0.0003091667954861648,0.0,0.0003091667954861648,0.0,True
roll0,column_shuffle,1337,router__iot_named__interarrival_positive_std,False,True,True,0.0003091667954861648,0.0,0.0003091667954861648,0.0,True
roll0,column_shuffle,1337,router__iot_named__ipv4_count,True,True,True,0.0003091667954861648,0.0,0.0003091667954861648,0.0,True
roll0,column_shuffle,1337,router__iot_named__mqtt_port_packets,True,True,True,0.002241459267274695,0.0020871985157699443,0.0001542607515047506,0.0,True
roll0,column_shuffle,1337,router__iot_named__packet_count,True,True,True,0.0003091667954861648,0.0,0.0003091667954861648,0.0,True
roll0,column_shuffle,1337,router__iot_named__packet_length_max,True,True,True,0.0003091667954861648,0.0,0.0003091667954861648,0.0,True
roll0,column_shuffle,1337,router__iot_named__packet_length_mean,True,True,True,0.0003091667954861648,0.0,0.0003091667954861648,0.0,True
roll0,column_shuffle,1337,router__iot_named__packet_length_min,True,True,True,0.0003091667954861648,0.0,0.0003091667954861648,0.0,True
roll0,column_shuffle,1337,router__iot_named__packet_length_std,True,True,True,0.0003091667954861648,0.0,0.0003091667954861648,0.0,True
roll0,column_shuffle,1337,router__iot_named__tcp_count,True,True,True,0.0005410418921007883,0.0,0.0005410418921007883,0.0,True
roll0,column_shuffle,1337,router__iot_named__tcp_fin_count,False,True,True,0.9911887463286443,0.9918831168831169,0.0006943705544726342,0.0,True
roll0,column_shuffle,1337,router__iot_named__tcp_rst_count,False,True,True,0.9982222909259546,0.9976808905380334,0.0005414003879211648,0.0,True
roll0,column_shuffle,1337,router__iot_named__tcp_syn_count,False,True,True,0.9930437471015613,0.9935064935064936,0.00046274640493226826,0.0,True
roll0,column_shuffle,1337,router__iot_named__udp_count,True,True,True,0.4185345493893956,0.4213821892393321,0.0028476398499364675,0.0,True
roll0,column_shuffle,1337,router__iot_named__unique_dst_ip_count,True,True,True,0.0003091667954861648,0.0,0.0003091667954861648,0.0,True
roll0,column_shuffle,1337,router__iot_named__unique_endpoint_pair_count,True,True,True,0.0003091667954861648,0.0,0.0003091667954861648,0.0,True
roll0,column_shuffle,1337,router__iot_named__unique_src_ip_count,True,True,True,0.0003091667954861648,0.0,0.0003091667954861648,0.0,True
roll0,hurdle_iid,1337,iot__fridge__condition_high_fraction,True,True,True,0.01746792394496831,0.01461038961038961,0.0028575343345787017,0.0,True
roll0,hurdle_iid,1337,iot__fridge__temperature_mean,True,True,True,0.001545833977430824,0.0011595547309833025,0.00038627924644752147,0.0,True
roll0,hurdle_iid,1337,iot__garage__door_open_fraction,True,True,True,0.594836914515381,0.6041280148423006,0.009291100326919599,0.0,True
roll0,hurdle_iid,1337,iot__garage__smartphone_signal_true_fraction,False,True,True,0.594836914515381,0.588126159554731,0.0067107549606499894,0.0,True
roll0,hurdle_iid,1337,iot__gps__latitude_mean,True,True,True,0.001236667181944659,0.0011595547309833025,7.711245096135664e-05,0.0,True
roll0,hurdle_iid,1337,iot__gps__longitude_mean,True,True,True,0.001236667181944659,0.0006957328385899814,0.0005409343433546777,0.0,True
roll0,hurdle_iid,1337,iot__modbus__register_1_mean,True,True,True,0.001236667181944659,0.0011595547309833025,7.711245096135664e-05,0.0,True
roll0,hurdle_iid,1337,iot__modbus__register_2_mean,True,True,True,0.001236667181944659,0.0018552875695732839,0.0006186203876286248,0.0,True
roll0,hurdle_iid,1337,iot__modbus__register_3_mean,True,True,True,0.001236667181944659,0.0018552875695732839,0.0006186203876286248,0.0,True
roll0,hurdle_iid,1337,iot__modbus__register_4_mean,True,True,True,0.001236667181944659,0.00046382189239332097,0.0007728452895513381,0.0,True
roll0,hurdle_iid,1337,iot__motion_light__light_on_fraction,True,True,True,0.24339155974648322,0.262291280148423,0.018899720401939796,0.0,True
roll0,hurdle_iid,1337,iot__motion_light__motion_true_fraction,True,True,True,0.24339155974648322,0.24721706864564008,0.0038255088991568653,0.0,True
roll0,hurdle_iid,1337,iot__thermostat__status_true_fraction,True,True,True,0.007420003091667955,0.00487012987012987,0.002549873221538085,0.0,True
roll0,hurdle_iid,1337,iot__thermostat__temperature_mean,True,True,True,0.0021641675684031534,0.002551020408163265,0.00038685283976011174,0.0,True
roll0,hurdle_iid,1337,iot__weather__humidity_mean,True,True,True,0.001159375483073118,0.0009276437847866419,0.00023173169828647605,0.0,True
roll0,hurdle_iid,1337,iot__weather__pressure_mean,True,True,True,0.001159375483073118,0.002551020408163265,0.001391644925090147,0.0,True
roll0,hurdle_iid,1337,iot__weather__temperature_mean,True,True,True,0.001159375483073118,0.0027829313543599257,0.0016235558712868077,0.0,True
roll0,hurdle_iid,1337,router__general__arp_count,False,True,True,0.11756067398361417,0.12384044526901669,0.0062797712854025245,0.0,True
roll0,hurdle_iid,1337,router__general__byte_count,True,True,True,0.0006183335909723295,0.0006957328385899814,7.739924761765188e-05,0.0,True
roll0,hurdle_iid,1337,router__general__dns_port_packets,True,True,True,0.6291544288143454,0.6296382189239332,0.00048379010958787827,0.0,True
roll0,hurdle_iid,1337,router__general__http_port_packets,True,True,True,0.9911887463286443,0.9914192949907236,0.00023054866207927738,0.0,True
roll0,hurdle_iid,1337,router__general__https_port_packets,True,True,True,0.8895501623125677,0.8947124304267161,0.005162268114148438,0.0,True
roll0,hurdle_iid,1337,router__general__icmp_count,True,True,True,0.001236667181944659,0.0006957328385899814,0.0005409343433546777,0.0,True
roll0,hurdle_iid,1337,router__general__interarrival_positive_mean,False,True,True,0.0006183335909723295,0.0009276437847866419,0.0003093101938143124,0.0,True
roll0,hurdle_iid,1337,router__general__interarrival_positive_std,False,True,True,0.0006183335909723295,0.00023191094619666049,0.00038642264477566904,0.0,True
roll0,hurdle_iid,1337,router__general__ipv4_count,True,True,True,0.0006183335909723295,0.00023191094619666049,0.00038642264477566904,0.0,True
roll0,hurdle_iid,1337,router__general__ipv6_count,True,True,True,0.37849744937393726,0.3821892393320965,0.0036917899581592195,0.0,True
roll0,hurdle_iid,1337,router__general__mqtt_port_packets,True,True,True,0.002705209460503942,0.002319109461966605,0.000386099998537337,0.0,True
roll0,hurdle_iid,1337,router__general__packet_count,True,True,True,0.0006183335909723295,0.0009276437847866419,0.0003093101938143124,0.0,True
roll0,hurdle_iid,1337,router__general__packet_length_max,True,True,True,0.0006183335909723295,0.0016233766233766235,0.0010050430324042938,0.0,True
roll0,hurdle_iid,1337,router__general__packet_length_mean,True,True,True,0.0006183335909723295,0.0006957328385899814,7.739924761765188e-05,0.0,True
roll0,hurdle_iid,1337,router__general__packet_length_min,True,True,True,0.0006183335909723295,0.00046382189239332097,0.00015451169857900858,0.0,True
roll0,hurdle_iid,1337,router__general__packet_length_std,True,True,True,0.0006183335909723295,0.0009276437847866419,0.0003093101938143124,0.0,True
roll0,hurdle_iid,1337,router__general__tcp_count,True,True,True,0.0006183335909723295,0.0011595547309833025,0.0005412211400109729,0.0,True
roll0,hurdle_iid,1337,router__general__tcp_fin_count,False,True,True,0.9744164476735199,0.9714749536178108,0.002941494055709093,0.0,True
roll0,hurdle_iid,1337,router__general__tcp_rst_count,False,True,True,0.9891791621579842,0.9893320964749536,0.00015293431696938864,0.0,True
roll0,hurdle_iid,1337,router__general__tcp_syn_count,False,True,True,0.9683876951615397,0.9691558441558441,0.0007681489943044406,0.0,True
roll0,hurdle_iid,1337,router__general__udp_count,True,True,True,0.3130313804297418,0.3116883116883117,0.0013430687414301423,0.0,True
roll0,hurdle_iid,1337,router__general__unique_dst_ip_count,False,True,True,0.0006183335909723295,0.00023191094619666049,0.00038642264477566904,0.0,True
roll0,hurdle_iid,1337,router__general__unique_endpoint_pair_count,True,True,True,0.0006183335909723295,0.0011595547309833025,0.0005412211400109729,0.0,True
roll0,hurdle_iid,1337,router__general__unique_src_ip_count,False,True,True,0.0006183335909723295,0.00046382189239332097,0.00015451169857900858,0.0,True
roll0,hurdle_iid,1337,router__iot_named__arp_count,True,True,True,0.22886072035863347,0.2418831168831169,0.01302239652448342,0.0,True
roll0,hurdle_iid,1337,router__iot_named__byte_count,True,True,True,0.0003091667954861648,0.0,0.0003091667954861648,0.0,True
roll0,hurdle_iid,1337,router__iot_named__dns_port_packets,True,True,True,0.6612304838460349,0.6665120593692022,0.005281575523167326,0.0,True
roll0,hurdle_iid,1337,router__iot_named__http_port_packets,False,True,True,0.9978358324315968,0.9981447124304267,0.0003088799988298918,0.0,True
roll0,hurdle_iid,1337,router__iot_named__https_port_packets,True,True,True,0.9460503941876642,0.9424860853432282,0.003564308844436037,0.0,True
roll0,hurdle_iid,1337,router__iot_named__icmp_count,False,True,True,0.9990724996135415,0.9990723562152134,1.4339832810073005e-07,0.0,True
roll0,hurdle_iid,1337,router__iot_named__interarrival_positive_mean,False,True,True,0.0003091667954861648,0.00023191094619666049,7.725584928950429e-05,0.0,True
roll0,hurdle_iid,1337,router__iot_named__interarrival_positive_std,False,True,True,0.0003091667954861648,0.0,0.0003091667954861648,0.0,True
roll0,hurdle_iid,1337,router__iot_named__ipv4_count,True,True,True,0.0003091667954861648,0.0009276437847866419,0.0006184769893004772,0.0,True
roll0,hurdle_iid,1337,router__iot_named__mqtt_port_packets,True,True,True,0.002241459267274695,0.0030148423005565863,0.0007733830332818914,0.0,True
roll0,hurdle_iid,1337,router__iot_named__packet_count,True,True,True,0.0003091667954861648,0.0,0.0003091667954861648,0.0,True
roll0,hurdle_iid,1337,router__iot_named__packet_length_max,True,True,True,0.0003091667954861648,0.00046382189239332097,0.0001546550969071562,0.0,True
roll0,hurdle_iid,1337,router__iot_named__packet_length_mean,True,True,True,0.0003091667954861648,0.0006957328385899814,0.00038656604310381666,0.0,True
roll0,hurdle_iid,1337,router__iot_named__packet_length_min,True,True,True,0.0003091667954861648,0.00023191094619666049,7.725584928950429e-05,0.0,True
roll0,hurdle_iid,1337,router__iot_named__packet_length_std,True,True,True,0.0003091667954861648,0.0006957328385899814,0.00038656604310381666,0.0,True
roll0,hurdle_iid,1337,router__iot_named__tcp_count,True,True,True,0.0005410418921007883,0.00046382189239332097,7.721999970746737e-05,0.0,True
roll0,hurdle_iid,1337,router__iot_named__tcp_fin_count,False,True,True,0.9911887463286443,0.9893320964749536,0.0018566498536907172,0.0,True
roll0,hurdle_iid,1337,router__iot_named__tcp_rst_count,False,True,True,0.9982222909259546,0.9976808905380334,0.0005414003879211648,0.0,True
roll0,hurdle_iid,1337,router__iot_named__tcp_syn_count,False,True,True,0.9930437471015613,0.9911873840445269,0.0018563630570344047,0.0,True
roll0,hurdle_iid,1337,router__iot_named__udp_count,True,True,True,0.4185345493893956,0.41117810760667906,0.00735644178271655,0.0,True
roll0,hurdle_iid,1337,router__iot_named__unique_dst_ip_count,True,True,True,0.0003091667954861648,0.00023191094619666049,7.725584928950429e-05,0.0,True
roll0,hurdle_iid,1337,router__iot_named__unique_endpoint_pair_count,True,True,True,0.0003091667954861648,0.00046382189239332097,0.0001546550969071562,0.0,True
roll0,hurdle_iid,1337,router__iot_named__unique_src_ip_count,True,True,True,0.0003091667954861648,0.00046382189239332097,0.0001546550969071562,0.0,True
roll0,independent_stitch,1337,iot__fridge__condition_high_fraction,True,True,True,0.01746792394496831,0.016929499072356215,0.0005384248726120963,0.0,True
roll0,independent_stitch,1337,iot__fridge__temperature_mean,True,True,True,0.001545833977430824,0.0016233766233766235,7.754264594579956e-05,0.0,True
roll0,independent_stitch,1337,iot__garage__door_open_fraction,True,True,True,0.594836914515381,0.5848794063079777,0.009957508207403265,0.0,True
roll0,independent_stitch,1337,iot__garage__smartphone_signal_true_fraction,False,True,True,0.594836914515381,0.6117810760667903,0.01694416155140932,0.0,True
roll0,independent_stitch,1337,iot__gps__latitude_mean,True,True,True,0.001236667181944659,0.00046382189239332097,0.0007728452895513381,0.0,True
roll0,independent_stitch,1337,iot__gps__longitude_mean,True,True,True,0.001236667181944659,0.005797773654916512,0.004561106472971852,0.0,True
roll0,independent_stitch,1337,iot__modbus__register_1_mean,True,True,True,0.001236667181944659,0.00023191094619666049,0.0010047562357479987,0.0,True
roll0,independent_stitch,1337,iot__modbus__register_2_mean,True,True,True,0.001236667181944659,0.00023191094619666049,0.0010047562357479987,0.0,True
roll0,independent_stitch,1337,iot__modbus__register_3_mean,True,True,True,0.001236667181944659,0.00023191094619666049,0.0010047562357479987,0.0,True
roll0,independent_stitch,1337,iot__modbus__register_4_mean,True,True,True,0.001236667181944659,0.0013914656771799629,0.00015479849523530377,0.0,True
roll0,independent_stitch,1337,iot__motion_light__light_on_fraction,True,True,True,0.24339155974648322,0.2404916512059369,0.0028999085405463088,0.0,True
roll0,independent_stitch,1337,iot__motion_light__motion_true_fraction,True,True,True,0.24339155974648322,0.2569573283858998,0.013565768639416581,0.0,True
roll0,independent_stitch,1337,iot__thermostat__status_true_fraction,True,True,True,0.007420003091667955,0.007189239332096475,0.00023076375957147965,0.0,True
roll0,independent_stitch,1337,iot__thermostat__temperature_mean,True,True,True,0.0021641675684031534,0.0037105751391465678,0.0015464075707434144,0.0,True
roll0,independent_stitch,1337,iot__weather__humidity_mean,True,True,True,0.001159375483073118,0.00023191094619666049,0.0009274645368764575,0.0,True
roll0,independent_stitch,1337,iot__weather__pressure_mean,True,True,True,0.001159375483073118,0.0016233766233766235,0.0004640011403035055,0.0,True
roll0,independent_stitch,1337,iot__weather__temperature_mean,True,True,True,0.001159375483073118,0.0011595547309833025,1.7924791018445949e-07,0.0,True
roll0,independent_stitch,1337,router__general__arp_count,False,True,True,0.11756067398361417,0.10250463821892393,0.015056035764690237,0.0,True
roll0,independent_stitch,1337,router__general__byte_count,True,True,True,0.0006183335909723295,0.0,0.0006183335909723295,0.0,True
roll0,independent_stitch,1337,router__general__dns_port_packets,True,True,True,0.6291544288143454,0.6321892393320965,0.0030348105177511187,0.0,True
roll0,independent_stitch,1337,router__general__http_port_packets,True,True,True,0.9911887463286443,0.9902597402597403,0.0009290060689040036,0.0,True
roll0,independent_stitch,1337,router__general__https_port_packets,True,True,True,0.8895501623125677,0.9028293135435993,0.013279151231031627,0.0,True
roll0,independent_stitch,1337,router__general__icmp_count,True,True,True,0.001236667181944659,0.0,0.001236667181944659,0.0,True
roll0,independent_stitch,1337,router__general__interarrival_positive_mean,False,True,True,0.0006183335909723295,0.0,0.0006183335909723295,0.0,True
roll0,independent_stitch,1337,router__general__interarrival_positive_std,False,True,True,0.0006183335909723295,0.0,0.0006183335909723295,0.0,True
roll0,independent_stitch,1337,router__general__ipv4_count,True,True,True,0.0006183335909723295,0.0,0.0006183335909723295,0.0,True
roll0,independent_stitch,1337,router__general__ipv6_count,True,True,True,0.37849744937393726,0.42787569573283857,0.04937824635890131,0.0,True
roll0,independent_stitch,1337,router__general__mqtt_port_packets,True,True,True,0.002705209460503942,0.002319109461966605,0.000386099998537337,0.0,True
roll0,independent_stitch,1337,router__general__packet_count,True,True,True,0.0006183335909723295,0.0,0.0006183335909723295,0.0,True
roll0,independent_stitch,1337,router__general__packet_length_max,True,True,True,0.0006183335909723295,0.0,0.0006183335909723295,0.0,True
roll0,independent_stitch,1337,router__general__packet_length_mean,True,True,True,0.0006183335909723295,0.0,0.0006183335909723295,0.0,True
roll0,independent_stitch,1337,router__general__packet_length_min,True,True,True,0.0006183335909723295,0.0009276437847866419,0.0003093101938143124,0.0,True
roll0,independent_stitch,1337,router__general__packet_length_std,True,True,True,0.0006183335909723295,0.0,0.0006183335909723295,0.0,True
roll0,independent_stitch,1337,router__general__tcp_count,True,True,True,0.0006183335909723295,0.0,0.0006183335909723295,0.0,True
roll0,independent_stitch,1337,router__general__tcp_fin_count,False,True,True,0.9744164476735199,0.9784322820037106,0.004015834330190704,0.0,True
roll0,independent_stitch,1337,router__general__tcp_rst_count,False,True,True,0.9891791621579842,0.9916512059369202,0.0024720437789360616,0.0,True
roll0,independent_stitch,1337,router__general__tcp_syn_count,False,True,True,0.9683876951615397,0.9686920222634509,0.00030432710191119483,0.0,True
roll0,independent_stitch,1337,router__general__udp_count,True,True,True,0.3130313804297418,0.3474025974025974,0.034371216972855556,0.0,True
roll0,independent_stitch,1337,router__general__unique_dst_ip_count,False,True,True,0.0006183335909723295,0.0,0.0006183335909723295,0.0,True
roll0,independent_stitch,1337,router__general__unique_endpoint_pair_count,True,True,True,0.0006183335909723295,0.0,0.0006183335909723295,0.0,True
roll0,independent_stitch,1337,router__general__unique_src_ip_count,False,True,True,0.0006183335909723295,0.0,0.0006183335909723295,0.0,True
roll0,independent_stitch,1337,router__iot_named__arp_count,True,True,True,0.22886072035863347,0.21498144712430425,0.01387927323432922,0.0,True
roll0,independent_stitch,1337,router__iot_named__byte_count,True,True,True,0.0003091667954861648,0.0,0.0003091667954861648,0.0,True
roll0,independent_stitch,1337,router__iot_named__dns_port_packets,True,True,True,0.6612304838460349,0.6616419294990723,0.0004114456530374122,0.0,True
roll0,independent_stitch,1337,router__iot_named__http_port_packets,False,True,True,0.9978358324315968,0.9967532467532467,0.0010825856783500676,0.0,True
roll0,independent_stitch,1337,router__iot_named__https_port_packets,True,True,True,0.9460503941876642,0.9496753246753247,0.0036249304876604382,0.0,True
roll0,independent_stitch,1337,router__iot_named__icmp_count,False,True,True,0.9990724996135415,0.9997680890538033,0.0006955894402618235,0.0,True
roll0,independent_stitch,1337,router__iot_named__interarrival_positive_mean,False,True,True,0.0003091667954861648,0.0,0.0003091667954861648,0.0,True
roll0,independent_stitch,1337,router__iot_named__interarrival_positive_std,False,True,True,0.0003091667954861648,0.0,0.0003091667954861648,0.0,True
roll0,independent_stitch,1337,router__iot_named__ipv4_count,True,True,True,0.0003091667954861648,0.0009276437847866419,0.0006184769893004772,0.0,True
roll0,independent_stitch,1337,router__iot_named__mqtt_port_packets,True,True,True,0.002241459267274695,0.0006957328385899814,0.0015457264286847135,0.0,True
roll0,independent_stitch,1337,router__iot_named__packet_count,True,True,True,0.0003091667954861648,0.0009276437847866419,0.0006184769893004772,0.0,True
roll0,independent_stitch,1337,router__iot_named__packet_length_max,True,True,True,0.0003091667954861648,0.0,0.0003091667954861648,0.0,True
roll0,independent_stitch,1337,router__iot_named__packet_length_mean,True,True,True,0.0003091667954861648,0.0009276437847866419,0.0006184769893004772,0.0,True
roll0,independent_stitch,1337,router__iot_named__packet_length_min,True,True,True,0.0003091667954861648,0.0,0.0003091667954861648,0.0,True
roll0,independent_stitch,1337,router__iot_named__packet_length_std,True,True,True,0.0003091667954861648,0.0009276437847866419,0.0006184769893004772,0.0,True
roll0,independent_stitch,1337,router__iot_named__tcp_count,True,True,True,0.0005410418921007883,0.0,0.0005410418921007883,0.0,True
roll0,independent_stitch,1337,router__iot_named__tcp_fin_count,False,True,True,0.9911887463286443,0.9928107606679035,0.0016220143392592368,0.0,True
roll0,independent_stitch,1337,router__iot_named__tcp_rst_count,False,True,True,0.9982222909259546,0.9988404452690167,0.0006181543430621161,0.0,True
roll0,independent_stitch,1337,router__iot_named__tcp_syn_count,False,True,True,0.9930437471015613,0.9942022263450835,0.0011584792435221924,0.0,True
roll0,independent_stitch,1337,router__iot_named__udp_count,True,True,True,0.4185345493893956,0.43344155844155846,0.014907009052162856,0.0,True
roll0,independent_stitch,1337,router__iot_named__unique_dst_ip_count,True,True,True,0.0003091667954861648,0.0,0.0003091667954861648,0.0,True
roll0,independent_stitch,1337,router__iot_named__unique_endpoint_pair_count,True,True,True,0.0003091667954861648,0.0,0.0003091667954861648,0.0,True
roll0,independent_stitch,1337,router__iot_named__unique_src_ip_count,True,True,True,0.0003091667954861648,0.0009276437847866419,0.0006184769893004772,0.0,True
roll0,shared_stitch,1337,iot__fridge__condition_high_fraction,True,True,True,0.01746792394496831,0.016929499072356215,0.0005384248726120963,0.0,True
roll0,shared_stitch,1337,iot__fridge__temperature_mean,True,True,True,0.001545833977430824,0.003246753246753247,0.001700919269322423,0.0,True
roll0,shared_stitch,1337,iot__garage__door_open_fraction,True,True,True,0.594836914515381,0.6055194805194806,0.010682566004099558,0.0,True
roll0,shared_stitch,1337,iot__garage__smartphone_signal_true_fraction,False,True,True,0.594836914515381,0.6055194805194806,0.010682566004099558,0.0,True
roll0,shared_stitch,1337,iot__gps__latitude_mean,True,True,True,0.001236667181944659,0.002319109461966605,0.0010824422800219458,0.0,True
roll0,shared_stitch,1337,iot__gps__longitude_mean,True,True,True,0.001236667181944659,0.002319109461966605,0.0010824422800219458,0.0,True
roll0,shared_stitch,1337,iot__modbus__register_1_mean,True,True,True,0.001236667181944659,0.002319109461966605,0.0010824422800219458,0.0,True
roll0,shared_stitch,1337,iot__modbus__register_2_mean,True,True,True,0.001236667181944659,0.002319109461966605,0.0010824422800219458,0.0,True
roll0,shared_stitch,1337,iot__modbus__register_3_mean,True,True,True,0.001236667181944659,0.002319109461966605,0.0010824422800219458,0.0,True
roll0,shared_stitch,1337,iot__modbus__register_4_mean,True,True,True,0.001236667181944659,0.002319109461966605,0.0010824422800219458,0.0,True
roll0,shared_stitch,1337,iot__motion_light__light_on_fraction,True,True,True,0.24339155974648322,0.2435064935064935,0.00011493376001028843,0.0,True
roll0,shared_stitch,1337,iot__motion_light__motion_true_fraction,True,True,True,0.24339155974648322,0.2435064935064935,0.00011493376001028843,0.0,True
roll0,shared_stitch,1337,iot__thermostat__status_true_fraction,True,True,True,0.007420003091667955,0.009044526901669759,0.0016245238100018036,0.0,True
roll0,shared_stitch,1337,iot__thermostat__temperature_mean,True,True,True,0.0021641675684031534,0.0030148423005565863,0.000850674732153433,0.0,True
roll0,shared_stitch,1337,iot__weather__humidity_mean,True,True,True,0.001159375483073118,0.0018552875695732839,0.0006959120865001659,0.0,True
roll0,shared_stitch,1337,iot__weather__pressure_mean,True,True,True,0.001159375483073118,0.0018552875695732839,0.0006959120865001659,0.0,True
roll0,shared_stitch,1337,iot__weather__temperature_mean,True,True,True,0.001159375483073118,0.0018552875695732839,0.0006959120865001659,0.0,True
roll0,shared_stitch,1337,router__general__arp_count,False,True,True,0.11756067398361417,0.13010204081632654,0.01254136683271237,0.0,True
roll0,shared_stitch,1337,router__general__byte_count,True,True,True,0.0006183335909723295,0.0,0.0006183335909723295,0.0,True
roll0,shared_stitch,1337,router__general__dns_port_packets,True,True,True,0.6291544288143454,0.6303339517625232,0.0011795229481778025,0.0,True
roll0,shared_stitch,1337,router__general__http_port_packets,True,True,True,0.9911887463286443,0.9944341372912802,0.0032453909626358746,0.0,True
roll0,shared_stitch,1337,router__general__https_port_packets,True,True,True,0.8895501623125677,0.8794063079777366,0.010143854334831115,0.0,True
roll0,shared_stitch,1337,router__general__icmp_count,True,True,True,0.001236667181944659,0.00023191094619666049,0.0010047562357479987,0.0,True
roll0,shared_stitch,1337,router__general__interarrival_positive_mean,False,True,True,0.0006183335909723295,0.0,0.0006183335909723295,0.0,True
roll0,shared_stitch,1337,router__general__interarrival_positive_std,False,True,True,0.0006183335909723295,0.0,0.0006183335909723295,0.0,True
roll0,shared_stitch,1337,router__general__ipv4_count,True,True,True,0.0006183335909723295,0.0,0.0006183335909723295,0.0,True
roll0,shared_stitch,1337,router__general__ipv6_count,True,True,True,0.37849744937393726,0.41581632653061223,0.03731887715667498,0.0,True
roll0,shared_stitch,1337,router__general__mqtt_port_packets,True,True,True,0.002705209460503942,0.002551020408163265,0.00015418905234067682,0.0,True
roll0,shared_stitch,1337,router__general__packet_count,True,True,True,0.0006183335909723295,0.0,0.0006183335909723295,0.0,True
roll0,shared_stitch,1337,router__general__packet_length_max,True,True,True,0.0006183335909723295,0.0,0.0006183335909723295,0.0,True
roll0,shared_stitch,1337,router__general__packet_length_mean,True,True,True,0.0006183335909723295,0.0,0.0006183335909723295,0.0,True
roll0,shared_stitch,1337,router__general__packet_length_min,True,True,True,0.0006183335909723295,0.0,0.0006183335909723295,0.0,True
roll0,shared_stitch,1337,router__general__packet_length_std,True,True,True,0.0006183335909723295,0.0,0.0006183335909723295,0.0,True
roll0,shared_stitch,1337,router__general__tcp_count,True,True,True,0.0006183335909723295,0.0,0.0006183335909723295,0.0,True
roll0,shared_stitch,1337,router__general__tcp_fin_count,False,True,True,0.9744164476735199,0.976113172541744,0.001696724868224142,0.0,True
roll0,shared_stitch,1337,router__general__tcp_rst_count,False,True,True,0.9891791621579842,0.9907235621521335,0.001544399994149348,0.0,True
roll0,shared_stitch,1337,router__general__tcp_syn_count,False,True,True,0.9683876951615397,0.9670686456400742,0.001319049521465443,0.0,True
roll0,shared_stitch,1337,router__general__udp_count,True,True,True,0.3130313804297418,0.336038961038961,0.023007580609219203,0.0,True
roll0,shared_stitch,1337,router__general__unique_dst_ip_count,False,True,True,0.0006183335909723295,0.0,0.0006183335909723295,0.0,True
roll0,shared_stitch,1337,router__general__unique_endpoint_pair_count,True,True,True,0.0006183335909723295,0.0,0.0006183335909723295,0.0,True
roll0,shared_stitch,1337,router__general__unique_src_ip_count,False,True,True,0.0006183335909723295,0.0,0.0006183335909723295,0.0,True
roll0,shared_stitch,1337,router__iot_named__arp_count,True,True,True,0.22886072035863347,0.24953617810760667,0.020675457748973197,0.0,True
roll0,shared_stitch,1337,router__iot_named__byte_count,True,True,True,0.0003091667954861648,0.0,0.0003091667954861648,0.0,True
roll0,shared_stitch,1337,router__iot_named__dns_port_packets,True,True,True,0.6612304838460349,0.6616419294990723,0.0004114456530374122,0.0,True
roll0,shared_stitch,1337,router__iot_named__http_port_packets,False,True,True,0.9978358324315968,0.9969851576994434,0.0008506747321533892,0.0,True
roll0,shared_stitch,1337,router__iot_named__https_port_packets,True,True,True,0.9460503941876642,0.9341372912801484,0.011913102907515793,0.0,True
roll0,shared_stitch,1337,router__iot_named__icmp_count,False,True,True,0.9990724996135415,0.9995361781076066,0.00046367849406514505,0.0,True
roll0,shared_stitch,1337,router__iot_named__interarrival_positive_mean,False,True,True,0.0003091667954861648,0.0,0.0003091667954861648,0.0,True
roll0,shared_stitch,1337,router__iot_named__interarrival_positive_std,False,True,True,0.0003091667954861648,0.0,0.0003091667954861648,0.0,True
roll0,shared_stitch,1337,router__iot_named__ipv4_count,True,True,True,0.0003091667954861648,0.0,0.0003091667954861648,0.0,True
roll0,shared_stitch,1337,router__iot_named__mqtt_port_packets,True,True,True,0.002241459267274695,0.002319109461966605,7.765019469191002e-05,0.0,True
roll0,shared_stitch,1337,router__iot_named__packet_count,True,True,True,0.0003091667954861648,0.0,0.0003091667954861648,0.0,True
roll0,shared_stitch,1337,router__iot_named__packet_length_max,True,True,True,0.0003091667954861648,0.0,0.0003091667954861648,0.0,True
roll0,shared_stitch,1337,router__iot_named__packet_length_mean,True,True,True,0.0003091667954861648,0.0,0.0003091667954861648,0.0,True
roll0,shared_stitch,1337,router__iot_named__packet_length_min,True,True,True,0.0003091667954861648,0.0,0.0003091667954861648,0.0,True
roll0,shared_stitch,1337,router__iot_named__packet_length_std,True,True,True,0.0003091667954861648,0.0,0.0003091667954861648,0.0,True
roll0,shared_stitch,1337,router__iot_named__tcp_count,True,True,True,0.0005410418921007883,0.0,0.0005410418921007883,0.0,True
roll0,shared_stitch,1337,router__iot_named__tcp_fin_count,False,True,True,0.9911887463286443,0.9881725417439703,0.003016204584673998,0.0,True
roll0,shared_stitch,1337,router__iot_named__tcp_rst_count,False,True,True,0.9982222909259546,0.99860853432282,0.00038624339686543774,0.0,True
roll0,shared_stitch,1337,router__iot_named__tcp_syn_count,False,True,True,0.9930437471015613,0.9918831168831169,0.0011606302184443695,0.0,True
roll0,shared_stitch,1337,router__iot_named__udp_count,True,True,True,0.4185345493893956,0.4355287569573284,0.016994207567932795,0.0,True
roll0,shared_stitch,1337,router__iot_named__unique_dst_ip_count,True,True,True,0.0003091667954861648,0.0,0.0003091667954861648,0.0,True
roll0,shared_stitch,1337,router__iot_named__unique_endpoint_pair_count,True,True,True,0.0003091667954861648,0.0,0.0003091667954861648,0.0,True
roll0,shared_stitch,1337,router__iot_named__unique_src_ip_count,True,True,True,0.0003091667954861648,0.0,0.0003091667954861648,0.0,True
roll0,learned_gmm_overlay,1337,iot__fridge__condition_high_fraction,True,True,True,0.01746792394496831,0.0074211502782931356,0.010046773666675175,0.0,True
roll0,learned_gmm_overlay,1337,iot__fridge__temperature_mean,True,True,True,0.001545833977430824,0.0,0.001545833977430824,0.0,True
roll0,learned_gmm_overlay,1337,iot__garage__door_open_fraction,True,True,True,0.594836914515381,0.24559369202226344,0.34924322249311757,0.0,True
roll0,learned_gmm_overlay,1337,iot__garage__smartphone_signal_true_fraction,False,True,True,0.594836914515381,0.588126159554731,0.0067107549606499894,0.0,True
roll0,learned_gmm_overlay,1337,iot__gps__latitude_mean,True,True,True,0.001236667181944659,0.002551020408163265,0.001314353226218606,0.0,True
roll0,learned_gmm_overlay,1337,iot__gps__longitude_mean,True,True,True,0.001236667181944659,0.004174397031539889,0.0029377298495952293,0.0,True
roll0,learned_gmm_overlay,1337,iot__modbus__register_1_mean,True,True,True,0.001236667181944659,0.010667903525046383,0.009431236343101723,0.0,True
roll0,learned_gmm_overlay,1337,iot__modbus__register_2_mean,True,True,True,0.001236667181944659,0.011131725417439703,0.009895058235495044,0.0,True
roll0,learned_gmm_overlay,1337,iot__modbus__register_3_mean,True,True,True,0.001236667181944659,0.012291280148423005,0.011054612966478345,0.0,True
roll0,learned_gmm_overlay,1337,iot__modbus__register_4_mean,True,True,True,0.001236667181944659,0.012523191094619666,0.011286523912675006,0.0,True
roll0,learned_gmm_overlay,1337,iot__motion_light__light_on_fraction,True,True,True,0.24339155974648322,0.09995361781076066,0.14343794193572257,0.0,True
roll0,learned_gmm_overlay,1337,iot__motion_light__motion_true_fraction,True,True,True,0.24339155974648322,0.1038961038961039,0.1394954558503793,0.0,True
roll0,learned_gmm_overlay,1337,iot__thermostat__status_true_fraction,True,True,True,0.007420003091667955,0.0,0.007420003091667955,0.0,True
roll0,learned_gmm_overlay,1337,iot__thermostat__temperature_mean,True,True,True,0.0021641675684031534,0.0,0.0021641675684031534,0.0,True
roll0,learned_gmm_overlay,1337,iot__weather__humidity_mean,True,True,True,0.001159375483073118,0.0,0.001159375483073118,0.0,True
roll0,learned_gmm_overlay,1337,iot__weather__pressure_mean,True,True,True,0.001159375483073118,0.0,0.001159375483073118,0.0,True
roll0,learned_gmm_overlay,1337,iot__weather__temperature_mean,True,True,True,0.001159375483073118,0.0,0.001159375483073118,0.0,True
roll0,learned_gmm_overlay,1337,router__general__arp_count,False,True,True,0.11756067398361417,0.12384044526901669,0.0062797712854025245,0.0,True
roll0,learned_gmm_overlay,1337,router__general__byte_count,True,True,True,0.0006183335909723295,0.002551020408163265,0.0019326868171909354,0.0,True
roll0,learned_gmm_overlay,1337,router__general__dns_port_packets,True,True,True,0.6291544288143454,0.2571892393320965,0.3719651894822489,0.0,True
roll0,learned_gmm_overlay,1337,router__general__http_port_packets,True,True,True,0.9911887463286443,0.48886827458256027,0.5023204717460841,0.0,True
roll0,learned_gmm_overlay,1337,router__general__https_port_packets,True,True,True,0.8895501623125677,0.43460111317254174,0.45494904914002593,0.0,True
roll0,learned_gmm_overlay,1337,router__general__icmp_count,True,True,True,0.001236667181944659,0.0,0.001236667181944659,0.0,True
roll0,learned_gmm_overlay,1337,router__general__interarrival_positive_mean,False,True,True,0.0006183335909723295,0.0009276437847866419,0.0003093101938143124,0.0,True
roll0,learned_gmm_overlay,1337,router__general__interarrival_positive_std,False,True,True,0.0006183335909723295,0.00023191094619666049,0.00038642264477566904,0.0,True
roll0,learned_gmm_overlay,1337,router__general__ipv4_count,True,True,True,0.0006183335909723295,0.0018552875695732839,0.0012369539786009544,0.0,True
roll0,learned_gmm_overlay,1337,router__general__ipv6_count,True,True,True,0.37849744937393726,0.19039888682745826,0.188098562546479,0.0,True
roll0,learned_gmm_overlay,1337,router__general__mqtt_port_packets,True,True,True,0.002705209460503942,0.0006957328385899814,0.0020094766219139605,0.0,True
roll0,learned_gmm_overlay,1337,router__general__packet_count,True,True,True,0.0006183335909723295,0.00023191094619666049,0.00038642264477566904,0.0,True
roll0,learned_gmm_overlay,1337,router__general__packet_length_max,True,True,True,0.0006183335909723295,0.003478664192949907,0.0028603306019775775,0.0,True
roll0,learned_gmm_overlay,1337,router__general__packet_length_mean,True,True,True,0.0006183335909723295,0.0006957328385899814,7.739924761765188e-05,0.0,True
roll0,learned_gmm_overlay,1337,router__general__packet_length_min,True,True,True,0.0006183335909723295,0.0,0.0006183335909723295,0.0,True
roll0,learned_gmm_overlay,1337,router__general__packet_length_std,True,True,True,0.0006183335909723295,0.0006957328385899814,7.739924761765188e-05,0.0,True
roll0,learned_gmm_overlay,1337,router__general__tcp_count,True,True,True,0.0006183335909723295,0.002551020408163265,0.0019326868171909354,0.0,True
roll0,learned_gmm_overlay,1337,router__general__tcp_fin_count,False,True,True,0.9744164476735199,0.9714749536178108,0.002941494055709093,0.0,True
roll0,learned_gmm_overlay,1337,router__general__tcp_rst_count,False,True,True,0.9891791621579842,0.9893320964749536,0.00015293431696938864,0.0,True
roll0,learned_gmm_overlay,1337,router__general__tcp_syn_count,False,True,True,0.9683876951615397,0.9691558441558441,0.0007681489943044406,0.0,True
roll0,learned_gmm_overlay,1337,router__general__udp_count,True,True,True,0.3130313804297418,0.15097402597402598,0.16205735445571584,0.0,True
roll0,learned_gmm_overlay,1337,router__general__unique_dst_ip_count,False,True,True,0.0006183335909723295,0.00023191094619666049,0.00038642264477566904,0.0,True
roll0,learned_gmm_overlay,1337,router__general__unique_endpoint_pair_count,True,True,True,0.0006183335909723295,0.0016233766233766235,0.0010050430324042938,0.0,True
roll0,learned_gmm_overlay,1337,router__general__unique_src_ip_count,False,True,True,0.0006183335909723295,0.00046382189239332097,0.00015451169857900858,0.0,True
roll0,learned_gmm_overlay,1337,router__iot_named__arp_count,True,True,True,0.22886072035863347,0.12708719851576994,0.10177352184286353,0.0,True
roll0,learned_gmm_overlay,1337,router__iot_named__byte_count,True,True,True,0.0003091667954861648,0.007653061224489796,0.007343894429003631,0.0,True
roll0,learned_gmm_overlay,1337,router__iot_named__dns_port_packets,True,True,True,0.6612304838460349,0.24095547309833024,0.4202750107477047,0.0,True
roll0,learned_gmm_overlay,1337,router__iot_named__http_port_packets,False,True,True,0.9978358324315968,0.9981447124304267,0.0003088799988298918,0.0,True
roll0,learned_gmm_overlay,1337,router__iot_named__https_port_packets,True,True,True,0.9460503941876642,0.461734693877551,0.48431570031011323,0.0,True
roll0,learned_gmm_overlay,1337,router__iot_named__icmp_count,False,True,True,0.9990724996135415,0.9990723562152134,1.4339832810073005e-07,0.0,True
roll0,learned_gmm_overlay,1337,router__iot_named__interarrival_positive_mean,False,True,True,0.0003091667954861648,0.00023191094619666049,7.725584928950429e-05,0.0,True
roll0,learned_gmm_overlay,1337,router__iot_named__interarrival_positive_std,False,True,True,0.0003091667954861648,0.0,0.0003091667954861648,0.0,True
roll0,learned_gmm_overlay,1337,router__iot_named__ipv4_count,True,True,True,0.0003091667954861648,0.004406307977736549,0.004097141182250384,0.0,True
roll0,learned_gmm_overlay,1337,router__iot_named__mqtt_port_packets,True,True,True,0.002241459267274695,0.0009276437847866419,0.0013138154824880528,0.0,True
roll0,learned_gmm_overlay,1337,router__iot_named__packet_count,True,True,True,0.0003091667954861648,0.0037105751391465678,0.003401408343660403,0.0,True
roll0,learned_gmm_overlay,1337,router__iot_named__packet_length_max,True,True,True,0.0003091667954861648,0.00487012987012987,0.004560963074643706,0.0,True
roll0,learned_gmm_overlay,1337,router__iot_named__packet_length_mean,True,True,True,0.0003091667954861648,0.0037105751391465678,0.003401408343660403,0.0,True
roll0,learned_gmm_overlay,1337,router__iot_named__packet_length_min,True,True,True,0.0003091667954861648,0.0,0.0003091667954861648,0.0,True
roll0,learned_gmm_overlay,1337,router__iot_named__packet_length_std,True,True,True,0.0003091667954861648,0.004406307977736549,0.004097141182250384,0.0,True
roll0,learned_gmm_overlay,1337,router__iot_named__tcp_count,True,True,True,0.0005410418921007883,0.00487012987012987,0.004329087978029082,0.0,True
roll0,learned_gmm_overlay,1337,router__iot_named__tcp_fin_count,False,True,True,0.9911887463286443,0.9893320964749536,0.0018566498536907172,0.0,True
roll0,learned_gmm_overlay,1337,router__iot_named__tcp_rst_count,False,True,True,0.9982222909259546,0.9976808905380334,0.0005414003879211648,0.0,True
roll0,learned_gmm_overlay,1337,router__iot_named__tcp_syn_count,False,True,True,0.9930437471015613,0.9911873840445269,0.0018563630570344047,0.0,True
roll0,learned_gmm_overlay,1337,router__iot_named__udp_count,True,True,True,0.4185345493893956,0.1908627087198516,0.22767184066954402,0.0,True
roll0,learned_gmm_overlay,1337,router__iot_named__unique_dst_ip_count,True,True,True,0.0003091667954861648,0.0,0.0003091667954861648,0.0,True
roll0,learned_gmm_overlay,1337,router__iot_named__unique_endpoint_pair_count,True,True,True,0.0003091667954861648,0.0,0.0003091667954861648,0.0,True
roll0,learned_gmm_overlay,1337,router__iot_named__unique_src_ip_count,True,True,True,0.0003091667954861648,0.0,0.0003091667954861648,0.0,True
roll0,learned_latent_var_overlay,1337,iot__fridge__condition_high_fraction,True,True,True,0.01746792394496831,0.0,0.01746792394496831,0.0,True
roll0,learned_latent_var_overlay,1337,iot__fridge__temperature_mean,True,True,True,0.001545833977430824,0.0,0.001545833977430824,0.0,True
roll0,learned_latent_var_overlay,1337,iot__garage__door_open_fraction,True,True,True,0.594836914515381,0.0,0.594836914515381,0.0,True
roll0,learned_latent_var_overlay,1337,iot__garage__smartphone_signal_true_fraction,False,True,True,0.594836914515381,0.6055194805194806,0.010682566004099558,0.0,True
roll0,learned_latent_var_overlay,1337,iot__gps__latitude_mean,True,True,True,0.001236667181944659,0.0,0.001236667181944659,0.0,True
roll0,learned_latent_var_overlay,1337,iot__gps__longitude_mean,True,True,True,0.001236667181944659,0.0,0.001236667181944659,0.0,True
roll0,learned_latent_var_overlay,1337,iot__modbus__register_1_mean,True,True,True,0.001236667181944659,0.0,0.001236667181944659,0.0,True
roll0,learned_latent_var_overlay,1337,iot__modbus__register_2_mean,True,True,True,0.001236667181944659,0.0,0.001236667181944659,0.0,True
roll0,learned_latent_var_overlay,1337,iot__modbus__register_3_mean,True,True,True,0.001236667181944659,0.0,0.001236667181944659,0.0,True
roll0,learned_latent_var_overlay,1337,iot__modbus__register_4_mean,True,True,True,0.001236667181944659,0.0,0.001236667181944659,0.0,True
roll0,learned_latent_var_overlay,1337,iot__motion_light__light_on_fraction,True,True,True,0.24339155974648322,0.0,0.24339155974648322,0.0,True
roll0,learned_latent_var_overlay,1337,iot__motion_light__motion_true_fraction,True,True,True,0.24339155974648322,0.0,0.24339155974648322,0.0,True
roll0,learned_latent_var_overlay,1337,iot__thermostat__status_true_fraction,True,True,True,0.007420003091667955,0.0,0.007420003091667955,0.0,True
roll0,learned_latent_var_overlay,1337,iot__thermostat__temperature_mean,True,True,True,0.0021641675684031534,0.0,0.0021641675684031534,0.0,True
roll0,learned_latent_var_overlay,1337,iot__weather__humidity_mean,True,True,True,0.001159375483073118,0.0,0.001159375483073118,0.0,True
roll0,learned_latent_var_overlay,1337,iot__weather__pressure_mean,True,True,True,0.001159375483073118,0.0,0.001159375483073118,0.0,True
roll0,learned_latent_var_overlay,1337,iot__weather__temperature_mean,True,True,True,0.001159375483073118,0.0,0.001159375483073118,0.0,True
roll0,learned_latent_var_overlay,1337,router__general__arp_count,False,True,True,0.11756067398361417,0.13010204081632654,0.01254136683271237,0.0,True
roll0,learned_latent_var_overlay,1337,router__general__byte_count,True,True,True,0.0006183335909723295,0.0,0.0006183335909723295,0.0,True
roll0,learned_latent_var_overlay,1337,router__general__dns_port_packets,True,True,True,0.6291544288143454,0.0,0.6291544288143454,0.0,True
roll0,learned_latent_var_overlay,1337,router__general__http_port_packets,True,True,True,0.9911887463286443,0.5456864564007421,0.4455022899279022,0.0,True
roll0,learned_latent_var_overlay,1337,router__general__https_port_packets,True,True,True,0.8895501623125677,0.0006957328385899814,0.8888544294739776,0.0,True
roll0,learned_latent_var_overlay,1337,router__general__icmp_count,True,True,True,0.001236667181944659,0.0,0.001236667181944659,0.0,True
roll0,learned_latent_var_overlay,1337,router__general__interarrival_positive_mean,False,True,True,0.0006183335909723295,0.0,0.0006183335909723295,0.0,True
roll0,learned_latent_var_overlay,1337,router__general__interarrival_positive_std,False,True,True,0.0006183335909723295,0.0,0.0006183335909723295,0.0,True
roll0,learned_latent_var_overlay,1337,router__general__ipv4_count,True,True,True,0.0006183335909723295,0.0,0.0006183335909723295,0.0,True
roll0,learned_latent_var_overlay,1337,router__general__ipv6_count,True,True,True,0.37849744937393726,0.13172541743970315,0.2467720319342341,0.0,True
roll0,learned_latent_var_overlay,1337,router__general__mqtt_port_packets,True,True,True,0.002705209460503942,0.0,0.002705209460503942,0.0,True
roll0,learned_latent_var_overlay,1337,router__general__packet_count,True,True,True,0.0006183335909723295,0.0,0.0006183335909723295,0.0,True
roll0,learned_latent_var_overlay,1337,router__general__packet_length_max,True,True,True,0.0006183335909723295,0.0,0.0006183335909723295,0.0,True
roll0,learned_latent_var_overlay,1337,router__general__packet_length_mean,True,True,True,0.0006183335909723295,0.0,0.0006183335909723295,0.0,True
roll0,learned_latent_var_overlay,1337,router__general__packet_length_min,True,True,True,0.0006183335909723295,0.0,0.0006183335909723295,0.0,True
roll0,learned_latent_var_overlay,1337,router__general__packet_length_std,True,True,True,0.0006183335909723295,0.0,0.0006183335909723295,0.0,True
roll0,learned_latent_var_overlay,1337,router__general__tcp_count,True,True,True,0.0006183335909723295,0.0,0.0006183335909723295,0.0,True
roll0,learned_latent_var_overlay,1337,router__general__tcp_fin_count,False,True,True,0.9744164476735199,0.976113172541744,0.001696724868224142,0.0,True
roll0,learned_latent_var_overlay,1337,router__general__tcp_rst_count,False,True,True,0.9891791621579842,0.9907235621521335,0.001544399994149348,0.0,True
roll0,learned_latent_var_overlay,1337,router__general__tcp_syn_count,False,True,True,0.9683876951615397,0.9670686456400742,0.001319049521465443,0.0,True
roll0,learned_latent_var_overlay,1337,router__general__udp_count,True,True,True,0.3130313804297418,0.0,0.3130313804297418,0.0,True
roll0,learned_latent_var_overlay,1337,router__general__unique_dst_ip_count,False,True,True,0.0006183335909723295,0.0,0.0006183335909723295,0.0,True
roll0,learned_latent_var_overlay,1337,router__general__unique_endpoint_pair_count,True,True,True,0.0006183335909723295,0.0,0.0006183335909723295,0.0,True
roll0,learned_latent_var_overlay,1337,router__general__unique_src_ip_count,False,True,True,0.0006183335909723295,0.0,0.0006183335909723295,0.0,True
roll0,learned_latent_var_overlay,1337,router__iot_named__arp_count,True,True,True,0.22886072035863347,0.0,0.22886072035863347,0.0,True
roll0,learned_latent_var_overlay,1337,router__iot_named__byte_count,True,True,True,0.0003091667954861648,0.0,0.0003091667954861648,0.0,True
roll0,learned_latent_var_overlay,1337,router__iot_named__dns_port_packets,True,True,True,0.6612304838460349,0.00023191094619666049,0.6609985728998382,0.0,True
roll0,learned_latent_var_overlay,1337,router__iot_named__http_port_packets,False,True,True,0.9978358324315968,0.9969851576994434,0.0008506747321533892,0.0,True
roll0,learned_latent_var_overlay,1337,router__iot_named__https_port_packets,True,True,True,0.9460503941876642,0.017161410018552876,0.9288889841691114,0.0,True
roll0,learned_latent_var_overlay,1337,router__iot_named__icmp_count,False,True,True,0.9990724996135415,0.9995361781076066,0.00046367849406514505,0.0,True
roll0,learned_latent_var_overlay,1337,router__iot_named__interarrival_positive_mean,False,True,True,0.0003091667954861648,0.0,0.0003091667954861648,0.0,True
roll0,learned_latent_var_overlay,1337,router__iot_named__interarrival_positive_std,False,True,True,0.0003091667954861648,0.0,0.0003091667954861648,0.0,True
roll0,learned_latent_var_overlay,1337,router__iot_named__ipv4_count,True,True,True,0.0003091667954861648,0.0,0.0003091667954861648,0.0,True
roll0,learned_latent_var_overlay,1337,router__iot_named__mqtt_port_packets,True,True,True,0.002241459267274695,0.0,0.002241459267274695,0.0,True
roll0,learned_latent_var_overlay,1337,router__iot_named__packet_count,True,True,True,0.0003091667954861648,0.0,0.0003091667954861648,0.0,True
roll0,learned_latent_var_overlay,1337,router__iot_named__packet_length_max,True,True,True,0.0003091667954861648,0.0,0.0003091667954861648,0.0,True
roll0,learned_latent_var_overlay,1337,router__iot_named__packet_length_mean,True,True,True,0.0003091667954861648,0.0,0.0003091667954861648,0.0,True
roll0,learned_latent_var_overlay,1337,router__iot_named__packet_length_min,True,True,True,0.0003091667954861648,0.0,0.0003091667954861648,0.0,True
roll0,learned_latent_var_overlay,1337,router__iot_named__packet_length_std,True,True,True,0.0003091667954861648,0.0,0.0003091667954861648,0.0,True
roll0,learned_latent_var_overlay,1337,router__iot_named__tcp_count,True,True,True,0.0005410418921007883,0.0,0.0005410418921007883,0.0,True
roll0,learned_latent_var_overlay,1337,router__iot_named__tcp_fin_count,False,True,True,0.9911887463286443,0.9881725417439703,0.003016204584673998,0.0,True
roll0,learned_latent_var_overlay,1337,router__iot_named__tcp_rst_count,False,True,True,0.9982222909259546,0.99860853432282,0.00038624339686543774,0.0,True
roll0,learned_latent_var_overlay,1337,router__iot_named__tcp_syn_count,False,True,True,0.9930437471015613,0.9918831168831169,0.0011606302184443695,0.0,True
roll0,learned_latent_var_overlay,1337,router__iot_named__udp_count,True,True,True,0.4185345493893956,0.0,0.4185345493893956,0.0,True
roll0,learned_latent_var_overlay,1337,router__iot_named__unique_dst_ip_count,True,True,True,0.0003091667954861648,0.0,0.0003091667954861648,0.0,True
roll0,learned_latent_var_overlay,1337,router__iot_named__unique_endpoint_pair_count,True,True,True,0.0003091667954861648,0.0,0.0003091667954861648,0.0,True
roll0,learned_latent_var_overlay,1337,router__iot_named__unique_src_ip_count,True,True,True,0.0003091667954861648,0.0,0.0003091667954861648,0.0,True
roll1,real_row_resample,1337,iot__fridge__condition_high_fraction,True,True,True,0.017529215358931552,0.018089053803339517,0.0005598384444079653,0.0,True
roll1,real_row_resample,1337,iot__fridge__temperature_mean,True,True,True,0.0014607679465776294,0.0018552875695732839,0.0003945196229956545,0.0,True
roll1,real_row_resample,1337,iot__garage__door_open_fraction,True,True,True,0.592376182526433,0.5920686456400742,0.0003075368863587613,0.0,True
roll1,real_row_resample,1337,iot__garage__smartphone_signal_true_fraction,False,True,True,0.592376182526433,0.5920686456400742,0.0003075368863587613,0.0,True
roll1,real_row_resample,1337,iot__gps__latitude_mean,True,True,True,0.0011825264329437951,0.0013914656771799629,0.00020893924423616775,0.0,True
roll1,real_row_resample,1337,iot__gps__longitude_mean,True,True,True,0.0011825264329437951,0.0013914656771799629,0.00020893924423616775,0.0,True
roll1,real_row_resample,1337,iot__modbus__register_1_mean,True,True,True,0.0011825264329437951,0.0013914656771799629,0.00020893924423616775,0.0,True
roll1,real_row_resample,1337,iot__modbus__register_2_mean,True,True,True,0.0011825264329437951,0.0013914656771799629,0.00020893924423616775,0.0,True
roll1,real_row_resample,1337,iot__modbus__register_3_mean,True,True,True,0.0011825264329437951,0.0013914656771799629,0.00020893924423616775,0.0,True
roll1,real_row_resample,1337,iot__modbus__register_4_mean,True,True,True,0.0011825264329437951,0.0013914656771799629,0.00020893924423616775,0.0,True
roll1,real_row_resample,1337,iot__motion_light__light_on_fraction,True,True,True,0.2426265998887034,0.24721706864564008,0.004590468756936694,0.0,True
roll1,real_row_resample,1337,iot__motion_light__motion_true_fraction,True,True,True,0.2426265998887034,0.24721706864564008,0.004590468756936694,0.0,True
roll1,real_row_resample,1337,iot__thermostat__status_true_fraction,True,True,True,0.00765164162493044,0.007884972170686457,0.0002333305457560171,0.0,True
roll1,real_row_resample,1337,iot__thermostat__temperature_mean,True,True,True,0.002156371730662215,0.0018552875695732839,0.0003010841610889311,0.0,True
roll1,real_row_resample,1337,iot__weather__humidity_mean,True,True,True,0.0011129660545353367,0.0013914656771799629,0.00027849962264462616,0.0,True
roll1,real_row_resample,1337,iot__weather__pressure_mean,True,True,True,0.0011129660545353367,0.0013914656771799629,0.00027849962264462616,0.0,True
roll1,real_row_resample,1337,iot__weather__temperature_mean,True,True,True,0.0011129660545353367,0.0013914656771799629,0.00027849962264462616,0.0,True
roll1,real_row_resample,1337,router__general__arp_count,False,True,True,0.10580133555926544,0.1115491651205937,0.005747829561328258,0.0,True
roll1,real_row_resample,1337,router__general__byte_count,True,True,True,0.0005564830272676684,0.00046382189239332097,9.266113487434738e-05,0.0,True
roll1,real_row_resample,1337,router__general__dns_port_packets,True,True,True,0.6286171396772399,0.6129406307977736,0.015676508879466255,0.0,True
roll1,real_row_resample,1337,router__general__http_port_packets,True,True,True,0.9913049526989427,0.9909554730983302,0.00034947960061249006,0.0,True
roll1,real_row_resample,1337,router__general__https_port_packets,True,True,True,0.8906510851419032,0.8870593692022264,0.003591715939676776,0.0,True
roll1,real_row_resample,1337,router__general__icmp_count,True,True,True,0.007303839732888147,0.007189239332096475,0.00011460040079167184,0.0,True
roll1,real_row_resample,1337,router__general__interarrival_positive_mean,False,True,True,0.0005564830272676684,0.00046382189239332097,9.266113487434738e-05,0.0,True
roll1,real_row_resample,1337,router__general__interarrival_positive_std,False,True,True,0.0005564830272676684,0.00046382189239332097,9.266113487434738e-05,0.0,True
roll1,real_row_resample,1337,router__general__ipv4_count,True,True,True,0.0005564830272676684,0.00046382189239332097,9.266113487434738e-05,0.0,True
roll1,real_row_resample,1337,router__general__ipv6_count,True,True,True,0.35044518642181416,0.3624768089053803,0.012031622483566151,0.0,True
roll1,real_row_resample,1337,router__general__mqtt_port_packets,True,True,True,0.002434613244296049,0.0013914656771799629,0.0010431475671160862,0.0,True
roll1,real_row_resample,1337,router__general__packet_count,True,True,True,0.0005564830272676684,0.00046382189239332097,9.266113487434738e-05,0.0,True
roll1,real_row_resample,1337,router__general__packet_length_max,True,True,True,0.0005564830272676684,0.00046382189239332097,9.266113487434738e-05,0.0,True
roll1,real_row_resample,1337,router__general__packet_length_mean,True,True,True,0.0005564830272676684,0.00046382189239332097,9.266113487434738e-05,0.0,True
roll1,real_row_resample,1337,router__general__packet_length_min,True,True,True,0.0005564830272676684,0.00046382189239332097,9.266113487434738e-05,0.0,True
roll1,real_row_resample,1337,router__general__packet_length_std,True,True,True,0.0005564830272676684,0.00046382189239332097,9.266113487434738e-05,0.0,True
roll1,real_row_resample,1337,router__general__tcp_count,True,True,True,0.0005564830272676684,0.00046382189239332097,9.266113487434738e-05,0.0,True
roll1,real_row_resample,1337,router__general__tcp_fin_count,False,True,True,0.9743322203672788,0.9770408163265306,0.0027085959592517694,0.0,True
roll1,real_row_resample,1337,router__general__tcp_rst_count,False,True,True,0.9892877017250974,0.9897959183673469,0.0005082166422495371,0.0,True
roll1,real_row_resample,1337,router__general__tcp_syn_count,False,True,True,0.9685587089593768,0.9698515769944341,0.0012928680350573485,0.0,True
roll1,real_row_resample,1337,router__general__udp_count,True,True,True,0.2817195325542571,0.2711038961038961,0.010615636450360955,0.0,True
roll1,real_row_resample,1337,router__general__unique_dst_ip_count,False,True,True,0.0005564830272676684,0.00046382189239332097,9.266113487434738e-05,0.0,True
roll1,real_row_resample,1337,router__general__unique_endpoint_pair_count,True,True,True,0.0005564830272676684,0.00046382189239332097,9.266113487434738e-05,0.0,True
roll1,real_row_resample,1337,router__general__unique_src_ip_count,False,True,True,0.0005564830272676684,0.00046382189239332097,9.266113487434738e-05,0.0,True
roll1,real_row_resample,1337,router__iot_named__arp_count,True,True,True,0.20596828046744575,0.2159090909090909,0.00994081044164516,0.0,True
roll1,real_row_resample,1337,router__iot_named__byte_count,True,True,True,0.0002782415136338342,0.0,0.0002782415136338342,0.0,True
roll1,real_row_resample,1337,router__iot_named__dns_port_packets,True,True,True,0.6613105175292153,0.6500463821892394,0.011264135339975945,0.0,True
roll1,real_row_resample,1337,router__iot_named__http_port_packets,False,True,True,0.9980523094045631,0.9969851576994434,0.0010671517051197288,0.0,True
roll1,real_row_resample,1337,router__iot_named__https_port_packets,True,True,True,0.94720367278798,0.9431818181818182,0.004021854606161779,0.0,True
roll1,real_row_resample,1337,router__iot_named__icmp_count,False,True,True,0.9981218697829716,0.99791280148423,0.00020906829874156596,0.0,True
roll1,real_row_resample,1337,router__iot_named__interarrival_positive_mean,False,True,True,0.0002782415136338342,0.0,0.0002782415136338342,0.0,True
roll1,real_row_resample,1337,router__iot_named__interarrival_positive_std,False,True,True,0.0002782415136338342,0.0,0.0002782415136338342,0.0,True
roll1,real_row_resample,1337,router__iot_named__ipv4_count,True,True,True,0.0002782415136338342,0.0,0.0002782415136338342,0.0,True
roll1,real_row_resample,1337,router__iot_named__mqtt_port_packets,True,True,True,0.0020172509738452978,0.0006957328385899814,0.0013215181352553163,0.0,True
roll1,real_row_resample,1337,router__iot_named__packet_count,True,True,True,0.0002782415136338342,0.0,0.0002782415136338342,0.0,True
roll1,real_row_resample,1337,router__iot_named__packet_length_max,True,True,True,0.0002782415136338342,0.0,0.0002782415136338342,0.0,True
roll1,real_row_resample,1337,router__iot_named__packet_length_mean,True,True,True,0.0002782415136338342,0.0,0.0002782415136338342,0.0,True
roll1,real_row_resample,1337,router__iot_named__packet_length_min,True,True,True,0.0002782415136338342,0.0,0.0002782415136338342,0.0,True
roll1,real_row_resample,1337,router__iot_named__packet_length_std,True,True,True,0.0002782415136338342,0.0,0.0002782415136338342,0.0,True
roll1,real_row_resample,1337,router__iot_named__tcp_count,True,True,True,0.0004869226488592098,0.0,0.0004869226488592098,0.0,True
roll1,real_row_resample,1337,router__iot_named__tcp_fin_count,False,True,True,0.9915831942125766,0.9923469387755102,0.0007637445629335993,0.0,True
roll1,real_row_resample,1337,router__iot_named__tcp_rst_count,False,True,True,0.9982609905397886,0.99860853432282,0.0003475437830314787,0.0,True
roll1,real_row_resample,1337,router__iot_named__tcp_syn_count,False,True,True,0.9931135225375626,0.9932745825602969,0.00016106002273430509,0.0,True
roll1,real_row_resample,1337,router__iot_named__udp_count,True,True,True,0.38731218697829717,0.37963821892393323,0.007673968054363933,0.0,True
roll1,real_row_resample,1337,router__iot_named__unique_dst_ip_count,True,True,True,0.0002782415136338342,0.0,0.0002782415136338342,0.0,True
roll1,real_row_resample,1337,router__iot_named__unique_endpoint_pair_count,True,True,True,0.0002782415136338342,0.0,0.0002782415136338342,0.0,True
roll1,real_row_resample,1337,router__iot_named__unique_src_ip_count,True,True,True,0.0002782415136338342,0.0,0.0002782415136338342,0.0,True
roll1,real_contiguous_block,1337,iot__fridge__condition_high_fraction,True,True,True,0.017529215358931552,0.016001855287569575,0.0015273600713619773,0.0,True
roll1,real_contiguous_block,1337,iot__fridge__temperature_mean,True,True,True,0.0014607679465776294,0.00023191094619666049,0.001228857000380969,0.0,True
roll1,real_contiguous_block,1337,iot__garage__door_open_fraction,True,True,True,0.592376182526433,0.5964749536178108,0.004098771091377795,0.0,True
roll1,real_contiguous_block,1337,iot__garage__smartphone_signal_true_fraction,False,True,True,0.592376182526433,0.5964749536178108,0.004098771091377795,0.0,True
roll1,real_contiguous_block,1337,iot__gps__latitude_mean,True,True,True,0.0011825264329437951,0.00023191094619666049,0.0009506154867471346,0.0,True
roll1,real_contiguous_block,1337,iot__gps__longitude_mean,True,True,True,0.0011825264329437951,0.00023191094619666049,0.0009506154867471346,0.0,True
roll1,real_contiguous_block,1337,iot__modbus__register_1_mean,True,True,True,0.0011825264329437951,0.00023191094619666049,0.0009506154867471346,0.0,True
roll1,real_contiguous_block,1337,iot__modbus__register_2_mean,True,True,True,0.0011825264329437951,0.00023191094619666049,0.0009506154867471346,0.0,True
roll1,real_contiguous_block,1337,iot__modbus__register_3_mean,True,True,True,0.0011825264329437951,0.00023191094619666049,0.0009506154867471346,0.0,True
roll1,real_contiguous_block,1337,iot__modbus__register_4_mean,True,True,True,0.0011825264329437951,0.00023191094619666049,0.0009506154867471346,0.0,True
roll1,real_contiguous_block,1337,iot__motion_light__light_on_fraction,True,True,True,0.2426265998887034,0.24628942486085342,0.003662824972150036,0.0,True
roll1,real_contiguous_block,1337,iot__motion_light__motion_true_fraction,True,True,True,0.2426265998887034,0.24628942486085342,0.003662824972150036,0.0,True
roll1,real_contiguous_block,1337,iot__thermostat__status_true_fraction,True,True,True,0.00765164162493044,0.005797773654916512,0.001853867970013928,0.0,True
roll1,real_contiguous_block,1337,iot__thermostat__temperature_mean,True,True,True,0.002156371730662215,0.0013914656771799629,0.0007649060534822521,0.0,True
roll1,real_contiguous_block,1337,iot__weather__humidity_mean,True,True,True,0.0011129660545353367,0.00023191094619666049,0.0008810551083386762,0.0,True
roll1,real_contiguous_block,1337,iot__weather__pressure_mean,True,True,True,0.0011129660545353367,0.00023191094619666049,0.0008810551083386762,0.0,True
roll1,real_contiguous_block,1337,iot__weather__temperature_mean,True,True,True,0.0011129660545353367,0.00023191094619666049,0.0008810551083386762,0.0,True
roll1,real_contiguous_block,1337,router__general__arp_count,False,True,True,0.10580133555926544,0.09554730983302412,0.010254025726241317,0.0,True
roll1,real_contiguous_block,1337,router__general__byte_count,True,True,True,0.0005564830272676684,0.0,0.0005564830272676684,0.0,True
roll1,real_contiguous_block,1337,router__general__dns_port_packets,True,True,True,0.6286171396772399,0.6307977736549165,0.0021806339776766492,0.0,True
roll1,real_contiguous_block,1337,router__general__http_port_packets,True,True,True,0.9913049526989427,0.9974489795918368,0.006144026892894061,0.0,True
roll1,real_contiguous_block,1337,router__general__https_port_packets,True,True,True,0.8906510851419032,0.9014378478664193,0.010786762724516175,0.0,True
roll1,real_contiguous_block,1337,router__general__icmp_count,True,True,True,0.007303839732888147,0.00046382189239332097,0.006840017840494826,0.0,True
roll1,real_contiguous_block,1337,router__general__interarrival_positive_mean,False,True,True,0.0005564830272676684,0.0,0.0005564830272676684,0.0,True
roll1,real_contiguous_block,1337,router__general__interarrival_positive_std,False,True,True,0.0005564830272676684,0.0,0.0005564830272676684,0.0,True
roll1,real_contiguous_block,1337,router__general__ipv4_count,True,True,True,0.0005564830272676684,0.0,0.0005564830272676684,0.0,True
roll1,real_contiguous_block,1337,router__general__ipv6_count,True,True,True,0.35044518642181416,0.2910482374768089,0.059396948945005246,0.0,True
roll1,real_contiguous_block,1337,router__general__mqtt_port_packets,True,True,True,0.002434613244296049,0.0020871985157699443,0.0003474147285261048,0.0,True
roll1,real_contiguous_block,1337,router__general__packet_count,True,True,True,0.0005564830272676684,0.0,0.0005564830272676684,0.0,True
roll1,real_contiguous_block,1337,router__general__packet_length_max,True,True,True,0.0005564830272676684,0.0,0.0005564830272676684,0.0,True
roll1,real_contiguous_block,1337,router__general__packet_length_mean,True,True,True,0.0005564830272676684,0.0,0.0005564830272676684,0.0,True
roll1,real_contiguous_block,1337,router__general__packet_length_min,True,True,True,0.0005564830272676684,0.0,0.0005564830272676684,0.0,True
roll1,real_contiguous_block,1337,router__general__packet_length_std,True,True,True,0.0005564830272676684,0.0,0.0005564830272676684,0.0,True
roll1,real_contiguous_block,1337,router__general__tcp_count,True,True,True,0.0005564830272676684,0.0,0.0005564830272676684,0.0,True
roll1,real_contiguous_block,1337,router__general__tcp_fin_count,False,True,True,0.9743322203672788,0.976113172541744,0.0017809521744651668,0.0,True
roll1,real_contiguous_block,1337,router__general__tcp_rst_count,False,True,True,0.9892877017250974,0.9897959183673469,0.0005082166422495371,0.0,True
roll1,real_contiguous_block,1337,router__general__tcp_syn_count,False,True,True,0.9685587089593768,0.9714749536178108,0.0029162446584339863,0.0,True
roll1,real_contiguous_block,1337,router__general__udp_count,True,True,True,0.2817195325542571,0.21196660482374768,0.0697529277305094,0.0,True
roll1,real_contiguous_block,1337,router__general__unique_dst_ip_count,False,True,True,0.0005564830272676684,0.0,0.0005564830272676684,0.0,True
roll1,real_contiguous_block,1337,router__general__unique_endpoint_pair_count,True,True,True,0.0005564830272676684,0.0,0.0005564830272676684,0.0,True
roll1,real_contiguous_block,1337,router__general__unique_src_ip_count,False,True,True,0.0005564830272676684,0.0,0.0005564830272676684,0.0,True
roll1,real_contiguous_block,1337,router__iot_named__arp_count,True,True,True,0.20596828046744575,0.1732374768089054,0.032730803658540364,0.0,True
roll1,real_contiguous_block,1337,router__iot_named__byte_count,True,True,True,0.0002782415136338342,0.0,0.0002782415136338342,0.0,True
roll1,real_contiguous_block,1337,router__iot_named__dns_port_packets,True,True,True,0.6613105175292153,0.660482374768089,0.0008281427611263048,0.0,True
roll1,real_contiguous_block,1337,router__iot_named__http_port_packets,False,True,False,0.9980523094045631,1.0,0.0019476905954368684,0.0,True
roll1,real_contiguous_block,1337,router__iot_named__https_port_packets,True,True,True,0.94720367278798,0.950834879406308,0.0036312066183279423,0.0,True
roll1,real_contiguous_block,1337,router__iot_named__icmp_count,False,True,True,0.9981218697829716,0.9990723562152134,0.000950486432241826,0.0,True
roll1,real_contiguous_block,1337,router__iot_named__interarrival_positive_mean,False,True,True,0.0002782415136338342,0.0,0.0002782415136338342,0.0,True
roll1,real_contiguous_block,1337,router__iot_named__interarrival_positive_std,False,True,True,0.0002782415136338342,0.0,0.0002782415136338342,0.0,True
roll1,real_contiguous_block,1337,router__iot_named__ipv4_count,True,True,True,0.0002782415136338342,0.0,0.0002782415136338342,0.0,True
roll1,real_contiguous_block,1337,router__iot_named__mqtt_port_packets,True,True,True,0.0020172509738452978,0.0020871985157699443,6.994754192464654e-05,0.0,True
roll1,real_contiguous_block,1337,router__iot_named__packet_count,True,True,True,0.0002782415136338342,0.0,0.0002782415136338342,0.0,True
roll1,real_contiguous_block,1337,router__iot_named__packet_length_max,True,True,True,0.0002782415136338342,0.0,0.0002782415136338342,0.0,True
roll1,real_contiguous_block,1337,router__iot_named__packet_length_mean,True,True,True,0.0002782415136338342,0.0,0.0002782415136338342,0.0,True
roll1,real_contiguous_block,1337,router__iot_named__packet_length_min,True,True,True,0.0002782415136338342,0.0,0.0002782415136338342,0.0,True
roll1,real_contiguous_block,1337,router__iot_named__packet_length_std,True,True,True,0.0002782415136338342,0.0,0.0002782415136338342,0.0,True
roll1,real_contiguous_block,1337,router__iot_named__tcp_count,True,True,True,0.0004869226488592098,0.0,0.0004869226488592098,0.0,True
roll1,real_contiguous_block,1337,router__iot_named__tcp_fin_count,False,True,True,0.9915831942125766,0.9923469387755102,0.0007637445629335993,0.0,True
roll1,real_contiguous_block,1337,router__iot_named__tcp_rst_count,False,True,True,0.9982609905397886,0.99791280148423,0.0003481890555585565,0.0,True
roll1,real_contiguous_block,1337,router__iot_named__tcp_syn_count,False,True,True,0.9931135225375626,0.9937384044526901,0.0006248819151275509,0.0,True
roll1,real_contiguous_block,1337,router__iot_named__udp_count,True,True,True,0.38731218697829717,0.32769016697588127,0.0596220200024159,0.0,True
roll1,real_contiguous_block,1337,router__iot_named__unique_dst_ip_count,True,True,True,0.0002782415136338342,0.0,0.0002782415136338342,0.0,True
roll1,real_contiguous_block,1337,router__iot_named__unique_endpoint_pair_count,True,True,True,0.0002782415136338342,0.0,0.0002782415136338342,0.0,True
roll1,real_contiguous_block,1337,router__iot_named__unique_src_ip_count,True,True,True,0.0002782415136338342,0.0,0.0002782415136338342,0.0,True
roll1,independent_marginals,1337,iot__fridge__condition_high_fraction,True,True,True,0.017529215358931552,0.018089053803339517,0.0005598384444079653,0.0,True
roll1,independent_marginals,1337,iot__fridge__temperature_mean,True,True,True,0.0014607679465776294,0.0009276437847866419,0.0005331241617909875,0.0,True
roll1,independent_marginals,1337,iot__garage__door_open_fraction,True,True,True,0.592376182526433,0.5827922077922078,0.009583974734225231,0.0,True
roll1,independent_marginals,1337,iot__garage__smartphone_signal_true_fraction,False,True,True,0.592376182526433,0.5809369202226345,0.011439262303798436,0.0,True
roll1,independent_marginals,1337,iot__gps__latitude_mean,True,True,True,0.0011825264329437951,0.0006957328385899814,0.0004867935943538137,0.0,True
roll1,independent_marginals,1337,iot__gps__longitude_mean,True,True,True,0.0011825264329437951,0.0009276437847866419,0.00025488264815715317,0.0,True
roll1,independent_marginals,1337,iot__modbus__register_1_mean,True,True,True,0.0011825264329437951,0.00046382189239332097,0.0007187045405504741,0.0,True
roll1,independent_marginals,1337,iot__modbus__register_2_mean,True,True,True,0.0011825264329437951,0.0009276437847866419,0.00025488264815715317,0.0,True
roll1,independent_marginals,1337,iot__modbus__register_3_mean,True,True,True,0.0011825264329437951,0.0016233766233766235,0.00044085019043282837,0.0,True
roll1,independent_marginals,1337,iot__modbus__register_4_mean,True,True,True,0.0011825264329437951,0.0013914656771799629,0.00020893924423616775,0.0,True
roll1,independent_marginals,1337,iot__motion_light__light_on_fraction,True,True,True,0.2426265998887034,0.24907235621521337,0.006445756326509983,0.0,True
roll1,independent_marginals,1337,iot__motion_light__motion_true_fraction,True,True,True,0.2426265998887034,0.24582560296846012,0.003199003079756735,0.0,True
roll1,independent_marginals,1337,iot__thermostat__status_true_fraction,True,True,True,0.00765164162493044,0.008812615955473098,0.0011609743305426579,0.0,True
roll1,independent_marginals,1337,iot__thermostat__temperature_mean,True,True,True,0.002156371730662215,0.0020871985157699443,6.917321489227071e-05,0.0,True
roll1,independent_marginals,1337,iot__weather__humidity_mean,True,True,True,0.0011129660545353367,0.0011595547309833025,4.658867644796575e-05,0.0,True
roll1,independent_marginals,1337,iot__weather__pressure_mean,True,True,True,0.0011129660545353367,0.00023191094619666049,0.0008810551083386762,0.0,True
roll1,independent_marginals,1337,iot__weather__temperature_mean,True,True,True,0.0011129660545353367,0.002551020408163265,0.0014380543536279284,0.0,True
roll1,independent_marginals,1337,router__general__arp_count,False,True,True,0.10580133555926544,0.10528756957328386,0.0005137659859815735,0.0,True
roll1,independent_marginals,1337,router__general__byte_count,True,True,True,0.0005564830272676684,0.0006957328385899814,0.00013924981132231308,0.0,True
roll1,independent_marginals,1337,router__general__dns_port_packets,True,True,True,0.6286171396772399,0.6240723562152134,0.004544783462026469,0.0,True
roll1,independent_marginals,1337,router__general__http_port_packets,True,True,True,0.9913049526989427,0.9911873840445269,0.00011756865441581166,0.0,True
roll1,independent_marginals,1337,router__general__https_port_packets,True,True,True,0.8906510851419032,0.8896103896103896,0.0010406955315135358,0.0,True
roll1,independent_marginals,1337,router__general__icmp_count,True,True,True,0.007303839732888147,0.008116883116883116,0.0008130433839949689,0.0,True
roll1,independent_marginals,1337,router__general__interarrival_positive_mean,False,True,True,0.0005564830272676684,0.00046382189239332097,9.266113487434738e-05,0.0,True
roll1,independent_marginals,1337,router__general__interarrival_positive_std,False,True,True,0.0005564830272676684,0.0009276437847866419,0.0003711607575189736,0.0,True
roll1,independent_marginals,1337,router__general__ipv4_count,True,True,True,0.0005564830272676684,0.0,0.0005564830272676684,0.0,True
roll1,independent_marginals,1337,router__general__ipv6_count,True,True,True,0.35044518642181416,0.3474025974025974,0.0030425890192167793,0.0,True
roll1,independent_marginals,1337,router__general__mqtt_port_packets,True,True,True,0.002434613244296049,0.0030148423005565863,0.0005802290562605373,0.0,True
roll1,independent_marginals,1337,router__general__packet_count,True,True,True,0.0005564830272676684,0.0,0.0005564830272676684,0.0,True
roll1,independent_marginals,1337,router__general__packet_length_max,True,True,True,0.0005564830272676684,0.0011595547309833025,0.0006030717037156341,0.0,True
roll1,independent_marginals,1337,router__general__packet_length_mean,True,True,True,0.0005564830272676684,0.0009276437847866419,0.0003711607575189736,0.0,True
roll1,independent_marginals,1337,router__general__packet_length_min,True,True,True,0.0005564830272676684,0.00046382189239332097,9.266113487434738e-05,0.0,True
roll1,independent_marginals,1337,router__general__packet_length_std,True,True,True,0.0005564830272676684,0.00023191094619666049,0.00032457208107100784,0.0,True
roll1,independent_marginals,1337,router__general__tcp_count,True,True,True,0.0005564830272676684,0.00023191094619666049,0.00032457208107100784,0.0,True
roll1,independent_marginals,1337,router__general__tcp_fin_count,False,True,True,0.9743322203672788,0.9726345083487941,0.0016977120184847871,0.0,True
roll1,independent_marginals,1337,router__general__tcp_rst_count,False,True,True,0.9892877017250974,0.9888682745825603,0.0004194271425370655,0.0,True
roll1,independent_marginals,1337,router__general__tcp_syn_count,False,True,True,0.9685587089593768,0.9710111317254174,0.0024524227660406295,0.0,True
roll1,independent_marginals,1337,router__general__udp_count,True,True,True,0.2817195325542571,0.2826994434137291,0.0009799108594720218,0.0,True
roll1,independent_marginals,1337,router__general__unique_dst_ip_count,False,True,True,0.0005564830272676684,0.00023191094619666049,0.00032457208107100784,0.0,True
roll1,independent_marginals,1337,router__general__unique_endpoint_pair_count,True,True,True,0.0005564830272676684,0.00023191094619666049,0.00032457208107100784,0.0,True
roll1,independent_marginals,1337,router__general__unique_src_ip_count,False,True,True,0.0005564830272676684,0.0006957328385899814,0.00013924981132231308,0.0,True
roll1,independent_marginals,1337,router__iot_named__arp_count,True,True,True,0.20596828046744575,0.22657699443413729,0.020608713966691533,0.0,True
roll1,independent_marginals,1337,router__iot_named__byte_count,True,True,True,0.0002782415136338342,0.00046382189239332097,0.0001855803787594868,0.0,True
roll1,independent_marginals,1337,router__iot_named__dns_port_packets,True,True,True,0.6613105175292153,0.650278293135436,0.011032224393779377,0.0,True
roll1,independent_marginals,1337,router__iot_named__http_port_packets,False,True,True,0.9980523094045631,0.9976808905380334,0.0003714188665296936,0.0,True
roll1,independent_marginals,1337,router__iot_named__https_port_packets,True,True,True,0.94720367278798,0.9485157699443414,0.0013120971563613804,0.0,True
roll1,independent_marginals,1337,router__iot_named__icmp_count,False,True,True,0.9981218697829716,0.9983766233766234,0.00025475359365179084,0.0,True
roll1,independent_marginals,1337,router__iot_named__interarrival_positive_mean,False,True,True,0.0002782415136338342,0.0,0.0002782415136338342,0.0,True
roll1,independent_marginals,1337,router__iot_named__interarrival_positive_std,False,True,True,0.0002782415136338342,0.0,0.0002782415136338342,0.0,True
roll1,independent_marginals,1337,router__iot_named__ipv4_count,True,True,True,0.0002782415136338342,0.0009276437847866419,0.0006494022711528078,0.0,True
roll1,independent_marginals,1337,router__iot_named__mqtt_port_packets,True,True,True,0.0020172509738452978,0.003246753246753247,0.0012295022729079492,0.0,True
roll1,independent_marginals,1337,router__iot_named__packet_count,True,True,True,0.0002782415136338342,0.00023191094619666049,4.633056743717369e-05,0.0,True
roll1,independent_marginals,1337,router__iot_named__packet_length_max,True,True,True,0.0002782415136338342,0.00023191094619666049,4.633056743717369e-05,0.0,True
roll1,independent_marginals,1337,router__iot_named__packet_length_mean,True,True,True,0.0002782415136338342,0.00023191094619666049,4.633056743717369e-05,0.0,True
roll1,independent_marginals,1337,router__iot_named__packet_length_min,True,True,True,0.0002782415136338342,0.0,0.0002782415136338342,0.0,True
roll1,independent_marginals,1337,router__iot_named__packet_length_std,True,True,True,0.0002782415136338342,0.00046382189239332097,0.0001855803787594868,0.0,True
roll1,independent_marginals,1337,router__iot_named__tcp_count,True,True,True,0.0004869226488592098,0.00046382189239332097,2.310075646588881e-05,0.0,True
roll1,independent_marginals,1337,router__iot_named__tcp_fin_count,False,True,True,0.9915831942125766,0.9914192949907236,0.00016389922185300332,0.0,True
roll1,independent_marginals,1337,router__iot_named__tcp_rst_count,False,True,True,0.9982609905397886,0.9981447124304267,0.0001162781093618781,0.0,True
roll1,independent_marginals,1337,router__iot_named__tcp_syn_count,False,True,True,0.9931135225375626,0.9928107606679035,0.0003027618696590517,0.0,True
roll1,independent_marginals,1337,router__iot_named__udp_count,True,True,True,0.38731218697829717,0.3949443413729128,0.00763215439461562,0.0,True
roll1,independent_marginals,1337,router__iot_named__unique_dst_ip_count,True,True,True,0.0002782415136338342,0.00023191094619666049,4.633056743717369e-05,0.0,True
roll1,independent_marginals,1337,router__iot_named__unique_endpoint_pair_count,True,True,True,0.0002782415136338342,0.00046382189239332097,0.0001855803787594868,0.0,True
roll1,independent_marginals,1337,router__iot_named__unique_src_ip_count,True,True,True,0.0002782415136338342,0.0006957328385899814,0.00041749132495614725,0.0,True
roll1,column_shuffle,1337,iot__fridge__condition_high_fraction,True,True,True,0.017529215358931552,0.016001855287569575,0.0015273600713619773,0.0,True
roll1,column_shuffle,1337,iot__fridge__temperature_mean,True,True,True,0.0014607679465776294,0.00023191094619666049,0.001228857000380969,0.0,True
roll1,column_shuffle,1337,iot__garage__door_open_fraction,True,True,True,0.592376182526433,0.5964749536178108,0.004098771091377795,0.0,True
roll1,column_shuffle,1337,iot__garage__smartphone_signal_true_fraction,False,True,True,0.592376182526433,0.5964749536178108,0.004098771091377795,0.0,True
roll1,column_shuffle,1337,iot__gps__latitude_mean,True,True,True,0.0011825264329437951,0.00023191094619666049,0.0009506154867471346,0.0,True
roll1,column_shuffle,1337,iot__gps__longitude_mean,True,True,True,0.0011825264329437951,0.00023191094619666049,0.0009506154867471346,0.0,True
roll1,column_shuffle,1337,iot__modbus__register_1_mean,True,True,True,0.0011825264329437951,0.00023191094619666049,0.0009506154867471346,0.0,True
roll1,column_shuffle,1337,iot__modbus__register_2_mean,True,True,True,0.0011825264329437951,0.00023191094619666049,0.0009506154867471346,0.0,True
roll1,column_shuffle,1337,iot__modbus__register_3_mean,True,True,True,0.0011825264329437951,0.00023191094619666049,0.0009506154867471346,0.0,True
roll1,column_shuffle,1337,iot__modbus__register_4_mean,True,True,True,0.0011825264329437951,0.00023191094619666049,0.0009506154867471346,0.0,True
roll1,column_shuffle,1337,iot__motion_light__light_on_fraction,True,True,True,0.2426265998887034,0.24628942486085342,0.003662824972150036,0.0,True
roll1,column_shuffle,1337,iot__motion_light__motion_true_fraction,True,True,True,0.2426265998887034,0.24628942486085342,0.003662824972150036,0.0,True
roll1,column_shuffle,1337,iot__thermostat__status_true_fraction,True,True,True,0.00765164162493044,0.005797773654916512,0.001853867970013928,0.0,True
roll1,column_shuffle,1337,iot__thermostat__temperature_mean,True,True,True,0.002156371730662215,0.0013914656771799629,0.0007649060534822521,0.0,True
roll1,column_shuffle,1337,iot__weather__humidity_mean,True,True,True,0.0011129660545353367,0.00023191094619666049,0.0008810551083386762,0.0,True
roll1,column_shuffle,1337,iot__weather__pressure_mean,True,True,True,0.0011129660545353367,0.00023191094619666049,0.0008810551083386762,0.0,True
roll1,column_shuffle,1337,iot__weather__temperature_mean,True,True,True,0.0011129660545353367,0.00023191094619666049,0.0008810551083386762,0.0,True
roll1,column_shuffle,1337,router__general__arp_count,False,True,True,0.10580133555926544,0.09554730983302412,0.010254025726241317,0.0,True
roll1,column_shuffle,1337,router__general__byte_count,True,True,True,0.0005564830272676684,0.0,0.0005564830272676684,0.0,True
roll1,column_shuffle,1337,router__general__dns_port_packets,True,True,True,0.6286171396772399,0.6307977736549165,0.0021806339776766492,0.0,True
roll1,column_shuffle,1337,router__general__http_port_packets,True,True,True,0.9913049526989427,0.9974489795918368,0.006144026892894061,0.0,True
roll1,column_shuffle,1337,router__general__https_port_packets,True,True,True,0.8906510851419032,0.9014378478664193,0.010786762724516175,0.0,True
roll1,column_shuffle,1337,router__general__icmp_count,True,True,True,0.007303839732888147,0.00046382189239332097,0.006840017840494826,0.0,True
roll1,column_shuffle,1337,router__general__interarrival_positive_mean,False,True,True,0.0005564830272676684,0.0,0.0005564830272676684,0.0,True
roll1,column_shuffle,1337,router__general__interarrival_positive_std,False,True,True,0.0005564830272676684,0.0,0.0005564830272676684,0.0,True
roll1,column_shuffle,1337,router__general__ipv4_count,True,True,True,0.0005564830272676684,0.0,0.0005564830272676684,0.0,True
roll1,column_shuffle,1337,router__general__ipv6_count,True,True,True,0.35044518642181416,0.2910482374768089,0.059396948945005246,0.0,True
roll1,column_shuffle,1337,router__general__mqtt_port_packets,True,True,True,0.002434613244296049,0.0020871985157699443,0.0003474147285261048,0.0,True
roll1,column_shuffle,1337,router__general__packet_count,True,True,True,0.0005564830272676684,0.0,0.0005564830272676684,0.0,True
roll1,column_shuffle,1337,router__general__packet_length_max,True,True,True,0.0005564830272676684,0.0,0.0005564830272676684,0.0,True
roll1,column_shuffle,1337,router__general__packet_length_mean,True,True,True,0.0005564830272676684,0.0,0.0005564830272676684,0.0,True
roll1,column_shuffle,1337,router__general__packet_length_min,True,True,True,0.0005564830272676684,0.0,0.0005564830272676684,0.0,True
roll1,column_shuffle,1337,router__general__packet_length_std,True,True,True,0.0005564830272676684,0.0,0.0005564830272676684,0.0,True
roll1,column_shuffle,1337,router__general__tcp_count,True,True,True,0.0005564830272676684,0.0,0.0005564830272676684,0.0,True
roll1,column_shuffle,1337,router__general__tcp_fin_count,False,True,True,0.9743322203672788,0.976113172541744,0.0017809521744651668,0.0,True
roll1,column_shuffle,1337,router__general__tcp_rst_count,False,True,True,0.9892877017250974,0.9897959183673469,0.0005082166422495371,0.0,True
roll1,column_shuffle,1337,router__general__tcp_syn_count,False,True,True,0.9685587089593768,0.9714749536178108,0.0029162446584339863,0.0,True
roll1,column_shuffle,1337,router__general__udp_count,True,True,True,0.2817195325542571,0.21196660482374768,0.0697529277305094,0.0,True
roll1,column_shuffle,1337,router__general__unique_dst_ip_count,False,True,True,0.0005564830272676684,0.0,0.0005564830272676684,0.0,True
roll1,column_shuffle,1337,router__general__unique_endpoint_pair_count,True,True,True,0.0005564830272676684,0.0,0.0005564830272676684,0.0,True
roll1,column_shuffle,1337,router__general__unique_src_ip_count,False,True,True,0.0005564830272676684,0.0,0.0005564830272676684,0.0,True
roll1,column_shuffle,1337,router__iot_named__arp_count,True,True,True,0.20596828046744575,0.1732374768089054,0.032730803658540364,0.0,True
roll1,column_shuffle,1337,router__iot_named__byte_count,True,True,True,0.0002782415136338342,0.0,0.0002782415136338342,0.0,True
roll1,column_shuffle,1337,router__iot_named__dns_port_packets,True,True,True,0.6613105175292153,0.660482374768089,0.0008281427611263048,0.0,True
roll1,column_shuffle,1337,router__iot_named__http_port_packets,False,True,False,0.9980523094045631,1.0,0.0019476905954368684,0.0,True
roll1,column_shuffle,1337,router__iot_named__https_port_packets,True,True,True,0.94720367278798,0.950834879406308,0.0036312066183279423,0.0,True
roll1,column_shuffle,1337,router__iot_named__icmp_count,False,True,True,0.9981218697829716,0.9990723562152134,0.000950486432241826,0.0,True
roll1,column_shuffle,1337,router__iot_named__interarrival_positive_mean,False,True,True,0.0002782415136338342,0.0,0.0002782415136338342,0.0,True
roll1,column_shuffle,1337,router__iot_named__interarrival_positive_std,False,True,True,0.0002782415136338342,0.0,0.0002782415136338342,0.0,True
roll1,column_shuffle,1337,router__iot_named__ipv4_count,True,True,True,0.0002782415136338342,0.0,0.0002782415136338342,0.0,True
roll1,column_shuffle,1337,router__iot_named__mqtt_port_packets,True,True,True,0.0020172509738452978,0.0020871985157699443,6.994754192464654e-05,0.0,True
roll1,column_shuffle,1337,router__iot_named__packet_count,True,True,True,0.0002782415136338342,0.0,0.0002782415136338342,0.0,True
roll1,column_shuffle,1337,router__iot_named__packet_length_max,True,True,True,0.0002782415136338342,0.0,0.0002782415136338342,0.0,True
roll1,column_shuffle,1337,router__iot_named__packet_length_mean,True,True,True,0.0002782415136338342,0.0,0.0002782415136338342,0.0,True
roll1,column_shuffle,1337,router__iot_named__packet_length_min,True,True,True,0.0002782415136338342,0.0,0.0002782415136338342,0.0,True
roll1,column_shuffle,1337,router__iot_named__packet_length_std,True,True,True,0.0002782415136338342,0.0,0.0002782415136338342,0.0,True
roll1,column_shuffle,1337,router__iot_named__tcp_count,True,True,True,0.0004869226488592098,0.0,0.0004869226488592098,0.0,True
roll1,column_shuffle,1337,router__iot_named__tcp_fin_count,False,True,True,0.9915831942125766,0.9923469387755102,0.0007637445629335993,0.0,True
roll1,column_shuffle,1337,router__iot_named__tcp_rst_count,False,True,True,0.9982609905397886,0.99791280148423,0.0003481890555585565,0.0,True
roll1,column_shuffle,1337,router__iot_named__tcp_syn_count,False,True,True,0.9931135225375626,0.9937384044526901,0.0006248819151275509,0.0,True
roll1,column_shuffle,1337,router__iot_named__udp_count,True,True,True,0.38731218697829717,0.32769016697588127,0.0596220200024159,0.0,True
roll1,column_shuffle,1337,router__iot_named__unique_dst_ip_count,True,True,True,0.0002782415136338342,0.0,0.0002782415136338342,0.0,True
roll1,column_shuffle,1337,router__iot_named__unique_endpoint_pair_count,True,True,True,0.0002782415136338342,0.0,0.0002782415136338342,0.0,True
roll1,column_shuffle,1337,router__iot_named__unique_src_ip_count,True,True,True,0.0002782415136338342,0.0,0.0002782415136338342,0.0,True
roll1,hurdle_iid,1337,iot__fridge__condition_high_fraction,True,True,True,0.017529215358931552,0.01461038961038961,0.002918825748541942,0.0,True
roll1,hurdle_iid,1337,iot__fridge__temperature_mean,True,True,True,0.0014607679465776294,0.0011595547309833025,0.00030121321559432694,0.0,True
roll1,hurdle_iid,1337,iot__garage__door_open_fraction,True,True,True,0.592376182526433,0.6013450834879406,0.008968900961507598,0.0,True
roll1,hurdle_iid,1337,iot__garage__smartphone_signal_true_fraction,False,True,True,0.592376182526433,0.5858070500927643,0.006569132433668634,0.0,True
roll1,hurdle_iid,1337,iot__gps__latitude_mean,True,True,True,0.0011825264329437951,0.0009276437847866419,0.00025488264815715317,0.0,True
roll1,hurdle_iid,1337,iot__gps__longitude_mean,True,True,True,0.0011825264329437951,0.0006957328385899814,0.0004867935943538137,0.0,True
roll1,hurdle_iid,1337,iot__modbus__register_1_mean,True,True,True,0.0011825264329437951,0.0011595547309833025,2.2971701960492657e-05,0.0,True
roll1,hurdle_iid,1337,iot__modbus__register_2_mean,True,True,True,0.0011825264329437951,0.0018552875695732839,0.0006727611366294888,0.0,True
roll1,hurdle_iid,1337,iot__modbus__register_3_mean,True,True,True,0.0011825264329437951,0.0018552875695732839,0.0006727611366294888,0.0,True
roll1,hurdle_iid,1337,iot__modbus__register_4_mean,True,True,True,0.0011825264329437951,0.00046382189239332097,0.0007187045405504741,0.0,True
roll1,hurdle_iid,1337,iot__motion_light__light_on_fraction,True,True,True,0.2426265998887034,0.26159554730983303,0.018968947421129645,0.0,True
roll1,hurdle_iid,1337,iot__motion_light__motion_true_fraction,True,True,True,0.2426265998887034,0.2465213358070501,0.0038947359183467145,0.0,True
roll1,hurdle_iid,1337,iot__thermostat__status_true_fraction,True,True,True,0.00765164162493044,0.00510204081632653,0.0025496008086039095,0.0,True
roll1,hurdle_iid,1337,iot__thermostat__temperature_mean,True,True,True,0.002156371730662215,0.002551020408163265,0.0003946486775010501,0.0,True
roll1,hurdle_iid,1337,iot__weather__humidity_mean,True,True,True,0.0011129660545353367,0.0009276437847866419,0.00018532226974869476,0.0,True
roll1,hurdle_iid,1337,iot__weather__pressure_mean,True,True,True,0.0011129660545353367,0.002551020408163265,0.0014380543536279284,0.0,True
roll1,hurdle_iid,1337,iot__weather__temperature_mean,True,True,True,0.0011129660545353367,0.0027829313543599257,0.001669965299824589,0.0,True
roll1,hurdle_iid,1337,router__general__arp_count,False,True,True,0.10580133555926544,0.11085343228200371,0.005052096722738278,0.0,True
roll1,hurdle_iid,1337,router__general__byte_count,True,True,True,0.0005564830272676684,0.0006957328385899814,0.00013924981132231308,0.0,True
roll1,hurdle_iid,1337,router__general__dns_port_packets,True,True,True,0.6286171396772399,0.6289424860853432,0.00032534640810333304,0.0,True
roll1,hurdle_iid,1337,router__general__http_port_packets,True,True,True,0.9913049526989427,0.9914192949907236,0.00011434229178086674,0.0,True
roll1,hurdle_iid,1337,router__general__https_port_packets,True,True,True,0.8906510851419032,0.8949443413729128,0.004293256231009623,0.0,True
roll1,hurdle_iid,1337,router__general__icmp_count,True,True,True,0.007303839732888147,0.006957328385899814,0.0003465113469883329,0.0,True
roll1,hurdle_iid,1337,router__general__interarrival_positive_mean,False,True,True,0.0005564830272676684,0.0006957328385899814,0.00013924981132231308,0.0,True
roll1,hurdle_iid,1337,router__general__interarrival_positive_std,False,True,True,0.0005564830272676684,0.00023191094619666049,0.00032457208107100784,0.0,True
roll1,hurdle_iid,1337,router__general__ipv4_count,True,True,True,0.0005564830272676684,0.0,0.0005564830272676684,0.0,True
roll1,hurdle_iid,1337,router__general__ipv6_count,True,True,True,0.35044518642181416,0.35088126159554733,0.0004360751737331747,0.0,True
roll1,hurdle_iid,1337,router__general__mqtt_port_packets,True,True,True,0.002434613244296049,0.002319109461966605,0.00011550378232944416,0.0,True
roll1,hurdle_iid,1337,router__general__packet_count,True,True,True,0.0005564830272676684,0.0006957328385899814,0.00013924981132231308,0.0,True
roll1,hurdle_iid,1337,router__general__packet_length_max,True,True,True,0.0005564830272676684,0.0013914656771799629,0.0008349826499122945,0.0,True
roll1,hurdle_iid,1337,router__general__packet_length_mean,True,True,True,0.0005564830272676684,0.0006957328385899814,0.00013924981132231308,0.0,True
roll1,hurdle_iid,1337,router__general__packet_length_min,True,True,True,0.0005564830272676684,0.00046382189239332097,9.266113487434738e-05,0.0,True
roll1,hurdle_iid,1337,router__general__packet_length_std,True,True,True,0.0005564830272676684,0.0009276437847866419,0.0003711607575189736,0.0,True
roll1,hurdle_iid,1337,router__general__tcp_count,True,True,True,0.0005564830272676684,0.0011595547309833025,0.0006030717037156341,0.0,True
roll1,hurdle_iid,1337,router__general__tcp_fin_count,False,True,True,0.9743322203672788,0.9714749536178108,0.002857266749468068,0.0,True
roll1,hurdle_iid,1337,router__general__tcp_rst_count,False,True,True,0.9892877017250974,0.9893320964749536,4.4394749856180304e-05,0.0,True
roll1,hurdle_iid,1337,router__general__tcp_syn_count,False,True,True,0.9685587089593768,0.9691558441558441,0.0005971351964673133,0.0,True
roll1,hurdle_iid,1337,router__general__udp_count,True,True,True,0.2817195325542571,0.27968460111317256,0.00203493144108452,0.0,True
roll1,hurdle_iid,1337,router__general__unique_dst_ip_count,False,True,True,0.0005564830272676684,0.00023191094619666049,0.00032457208107100784,0.0,True
roll1,hurdle_iid,1337,router__general__unique_endpoint_pair_count,True,True,True,0.0005564830272676684,0.0011595547309833025,0.0006030717037156341,0.0,True
roll1,hurdle_iid,1337,router__general__unique_src_ip_count,False,True,True,0.0005564830272676684,0.00046382189239332097,9.266113487434738e-05,0.0,True
roll1,hurdle_iid,1337,router__iot_named__arp_count,True,True,True,0.20596828046744575,0.21405380333951762,0.00808552287207187,0.0,True
roll1,hurdle_iid,1337,router__iot_named__byte_count,True,True,True,0.0002782415136338342,0.0,0.0002782415136338342,0.0,True
roll1,hurdle_iid,1337,router__iot_named__dns_port_packets,True,True,True,0.6613105175292153,0.6667439703153989,0.005433452786183568,0.0,True
roll1,hurdle_iid,1337,router__iot_named__http_port_packets,False,True,True,0.9980523094045631,0.9981447124304267,9.24030258635522e-05,0.0,True
roll1,hurdle_iid,1337,router__iot_named__https_port_packets,True,True,True,0.94720367278798,0.9441094619666048,0.0030942108213751762,0.0,True
roll1,hurdle_iid,1337,router__iot_named__icmp_count,False,True,True,0.9981218697829716,0.99860853432282,0.00048666453984846925,0.0,True
roll1,hurdle_iid,1337,router__iot_named__interarrival_positive_mean,False,True,True,0.0002782415136338342,0.00023191094619666049,4.633056743717369e-05,0.0,True
roll1,hurdle_iid,1337,router__iot_named__interarrival_positive_std,False,True,True,0.0002782415136338342,0.0,0.0002782415136338342,0.0,True
roll1,hurdle_iid,1337,router__iot_named__ipv4_count,True,True,True,0.0002782415136338342,0.0006957328385899814,0.00041749132495614725,0.0,True
roll1,hurdle_iid,1337,router__iot_named__mqtt_port_packets,True,True,True,0.0020172509738452978,0.002551020408163265,0.0005337694343179674,0.0,True
roll1,hurdle_iid,1337,router__iot_named__packet_count,True,True,True,0.0002782415136338342,0.0,0.0002782415136338342,0.0,True
roll1,hurdle_iid,1337,router__iot_named__packet_length_max,True,True,True,0.0002782415136338342,0.00046382189239332097,0.0001855803787594868,0.0,True
roll1,hurdle_iid,1337,router__iot_named__packet_length_mean,True,True,True,0.0002782415136338342,0.00046382189239332097,0.0001855803787594868,0.0,True
roll1,hurdle_iid,1337,router__iot_named__packet_length_min,True,True,True,0.0002782415136338342,0.00023191094619666049,4.633056743717369e-05,0.0,True
roll1,hurdle_iid,1337,router__iot_named__packet_length_std,True,True,True,0.0002782415136338342,0.0006957328385899814,0.00041749132495614725,0.0,True
roll1,hurdle_iid,1337,router__iot_named__tcp_count,True,True,True,0.0004869226488592098,0.00046382189239332097,2.310075646588881e-05,0.0,True
roll1,hurdle_iid,1337,router__iot_named__tcp_fin_count,False,True,True,0.9915831942125766,0.9897959183673469,0.0017872758452296411,0.0,True
roll1,hurdle_iid,1337,router__iot_named__tcp_rst_count,False,True,True,0.9982609905397886,0.9976808905380334,0.0005801000017551239,0.0,True
roll1,hurdle_iid,1337,router__iot_named__tcp_syn_count,False,True,True,0.9931135225375626,0.9911873840445269,0.0019261384930356895,0.0,True
roll1,hurdle_iid,1337,router__iot_named__udp_count,True,True,True,0.38731218697829717,0.38404452690166974,0.003267660076627432,0.0,True
roll1,hurdle_iid,1337,router__iot_named__unique_dst_ip_count,True,True,True,0.0002782415136338342,0.00023191094619666049,4.633056743717369e-05,0.0,True
roll1,hurdle_iid,1337,router__iot_named__unique_endpoint_pair_count,True,True,True,0.0002782415136338342,0.00046382189239332097,0.0001855803787594868,0.0,True
roll1,hurdle_iid,1337,router__iot_named__unique_src_ip_count,True,True,True,0.0002782415136338342,0.00046382189239332097,0.0001855803787594868,0.0,True
roll1,independent_stitch,1337,iot__fridge__condition_high_fraction,True,True,True,0.017529215358931552,0.016233766233766232,0.0012954491251653197,0.0,True
roll1,independent_stitch,1337,iot__fridge__temperature_mean,True,True,True,0.0014607679465776294,0.002319109461966605,0.0008583415153889755,0.0,True
roll1,independent_stitch,1337,iot__garage__door_open_fraction,True,True,True,0.592376182526433,0.5871985157699443,0.005177666756488675,0.0,True
roll1,independent_stitch,1337,iot__garage__smartphone_signal_true_fraction,False,True,True,0.592376182526433,0.600417439703154,0.008041257176720995,0.0,True
roll1,independent_stitch,1337,iot__gps__latitude_mean,True,True,True,0.0011825264329437951,0.003478664192949907,0.002296137760006112,0.0,True
roll1,independent_stitch,1337,iot__gps__longitude_mean,True,True,True,0.0011825264329437951,0.0011595547309833025,2.2971701960492657e-05,0.0,True
roll1,independent_stitch,1337,iot__modbus__register_1_mean,True,True,True,0.0011825264329437951,0.0,0.0011825264329437951,0.0,True
roll1,independent_stitch,1337,iot__modbus__register_2_mean,True,True,True,0.0011825264329437951,0.006029684601113173,0.004847158168169378,0.0,True
roll1,independent_stitch,1337,iot__modbus__register_3_mean,True,True,True,0.0011825264329437951,0.0,0.0011825264329437951,0.0,True
roll1,independent_stitch,1337,iot__modbus__register_4_mean,True,True,True,0.0011825264329437951,0.0,0.0011825264329437951,0.0,True
roll1,independent_stitch,1337,iot__motion_light__light_on_fraction,True,True,True,0.2426265998887034,0.24327458256029685,0.0006479826715934667,0.0,True
roll1,independent_stitch,1337,iot__motion_light__motion_true_fraction,True,True,True,0.2426265998887034,0.24072356215213359,0.0019030377365698015,0.0,True
roll1,independent_stitch,1337,iot__thermostat__status_true_fraction,True,True,True,0.00765164162493044,0.008580705009276438,0.0009290633843459985,0.0,True
roll1,independent_stitch,1337,iot__thermostat__temperature_mean,True,True,True,0.002156371730662215,0.0011595547309833025,0.0009968169996789125,0.0,True
roll1,independent_stitch,1337,iot__weather__humidity_mean,True,True,True,0.0011129660545353367,0.00046382189239332097,0.0006491441621420157,0.0,True
roll1,independent_stitch,1337,iot__weather__pressure_mean,True,True,True,0.0011129660545353367,0.00023191094619666049,0.0008810551083386762,0.0,True
roll1,independent_stitch,1337,iot__weather__temperature_mean,True,True,True,0.0011129660545353367,0.0027829313543599257,0.001669965299824589,0.0,True
roll1,independent_stitch,1337,router__general__arp_count,False,True,True,0.10580133555926544,0.10459183673469388,0.0012094988245715532,0.0,True
roll1,independent_stitch,1337,router__general__byte_count,True,True,True,0.0005564830272676684,0.0,0.0005564830272676684,0.0,True
roll1,independent_stitch,1337,router__general__dns_port_packets,True,True,True,0.6286171396772399,0.6224489795918368,0.006168160085403107,0.0,True
roll1,independent_stitch,1337,router__general__http_port_packets,True,True,True,0.9913049526989427,0.9914192949907236,0.00011434229178086674,0.0,True
roll1,independent_stitch,1337,router__general__https_port_packets,True,True,True,0.8906510851419032,0.890074211502783,0.000576873639120179,0.0,True
roll1,independent_stitch,1337,router__general__icmp_count,True,True,True,0.007303839732888147,0.005797773654916512,0.0015060660779716356,0.0,True
roll1,independent_stitch,1337,router__general__interarrival_positive_mean,False,True,True,0.0005564830272676684,0.0018552875695732839,0.0012988045423056155,0.0,True
roll1,independent_stitch,1337,router__general__interarrival_positive_std,False,True,True,0.0005564830272676684,0.0,0.0005564830272676684,0.0,True
roll1,independent_stitch,1337,router__general__ipv4_count,True,True,True,0.0005564830272676684,0.0,0.0005564830272676684,0.0,True
roll1,independent_stitch,1337,router__general__ipv6_count,True,True,True,0.35044518642181416,0.37244897959183676,0.0220037931700226,0.0,True
roll1,independent_stitch,1337,router__general__mqtt_port_packets,True,True,True,0.002434613244296049,0.003942486085343228,0.0015078728410471793,0.0,True
roll1,independent_stitch,1337,router__general__packet_count,True,True,True,0.0005564830272676684,0.0,0.0005564830272676684,0.0,True
roll1,independent_stitch,1337,router__general__packet_length_max,True,True,True,0.0005564830272676684,0.0,0.0005564830272676684,0.0,True
roll1,independent_stitch,1337,router__general__packet_length_mean,True,True,True,0.0005564830272676684,0.0,0.0005564830272676684,0.0,True
roll1,independent_stitch,1337,router__general__packet_length_min,True,True,True,0.0005564830272676684,0.0037105751391465678,0.003154092111878899,0.0,True
roll1,independent_stitch,1337,router__general__packet_length_std,True,True,True,0.0005564830272676684,0.0018552875695732839,0.0012988045423056155,0.0,True
roll1,independent_stitch,1337,router__general__tcp_count,True,True,True,0.0005564830272676684,0.0,0.0005564830272676684,0.0,True
roll1,independent_stitch,1337,router__general__tcp_fin_count,False,True,True,0.9743322203672788,0.9735621521335807,0.0007700682336981846,0.0,True
roll1,independent_stitch,1337,router__general__tcp_rst_count,False,True,True,0.9892877017250974,0.984925788497217,0.004361913227880376,0.0,True
roll1,independent_stitch,1337,router__general__tcp_syn_count,False,True,True,0.9685587089593768,0.9724025974025974,0.003843888443220589,0.0,True
roll1,independent_stitch,1337,router__general__udp_count,True,True,True,0.2817195325542571,0.32305194805194803,0.041332415497690955,0.0,True
roll1,independent_stitch,1337,router__general__unique_dst_ip_count,False,True,True,0.0005564830272676684,0.0018552875695732839,0.0012988045423056155,0.0,True
roll1,independent_stitch,1337,router__general__unique_endpoint_pair_count,True,True,True,0.0005564830272676684,0.0018552875695732839,0.0012988045423056155,0.0,True
roll1,independent_stitch,1337,router__general__unique_src_ip_count,False,True,True,0.0005564830272676684,0.0,0.0005564830272676684,0.0,True
roll1,independent_stitch,1337,router__iot_named__arp_count,True,True,True,0.20596828046744575,0.18807977736549164,0.017888503101954112,0.0,True
roll1,independent_stitch,1337,router__iot_named__byte_count,True,True,True,0.0002782415136338342,0.0009276437847866419,0.0006494022711528078,0.0,True
roll1,independent_stitch,1337,router__iot_named__dns_port_packets,True,True,True,0.6613105175292153,0.6595547309833024,0.0017557865459129074,0.0,True
roll1,independent_stitch,1337,router__iot_named__http_port_packets,False,True,True,0.9980523094045631,0.9951298701298701,0.002922439274693045,0.0,True
roll1,independent_stitch,1337,router__iot_named__https_port_packets,True,True,True,0.94720367278798,0.9526901669758813,0.0054864941879012585,0.0,True
roll1,independent_stitch,1337,router__iot_named__icmp_count,False,True,True,0.9981218697829716,0.9962894248608535,0.0018324449221180927,0.0,True
roll1,independent_stitch,1337,router__iot_named__interarrival_positive_mean,False,True,True,0.0002782415136338342,0.0009276437847866419,0.0006494022711528078,0.0,True
roll1,independent_stitch,1337,router__iot_named__interarrival_positive_std,False,True,True,0.0002782415136338342,0.0009276437847866419,0.0006494022711528078,0.0,True
roll1,independent_stitch,1337,router__iot_named__ipv4_count,True,True,True,0.0002782415136338342,0.0,0.0002782415136338342,0.0,True
roll1,independent_stitch,1337,router__iot_named__mqtt_port_packets,True,True,True,0.0020172509738452978,0.0006957328385899814,0.0013215181352553163,0.0,True
roll1,independent_stitch,1337,router__iot_named__packet_count,True,True,True,0.0002782415136338342,0.0,0.0002782415136338342,0.0,True
roll1,independent_stitch,1337,router__iot_named__packet_length_max,True,True,True,0.0002782415136338342,0.0009276437847866419,0.0006494022711528078,0.0,True
roll1,independent_stitch,1337,router__iot_named__packet_length_mean,True,True,True,0.0002782415136338342,0.00023191094619666049,4.633056743717369e-05,0.0,True
roll1,independent_stitch,1337,router__iot_named__packet_length_min,True,True,True,0.0002782415136338342,0.0,0.0002782415136338342,0.0,True
roll1,independent_stitch,1337,router__iot_named__packet_length_std,True,True,True,0.0002782415136338342,0.0,0.0002782415136338342,0.0,True
roll1,independent_stitch,1337,router__iot_named__tcp_count,True,True,True,0.0004869226488592098,0.00046382189239332097,2.310075646588881e-05,0.0,True
roll1,independent_stitch,1337,router__iot_named__tcp_fin_count,False,True,True,0.9915831942125766,0.9953617810760668,0.0037785868634901965,0.0,True
roll1,independent_stitch,1337,router__iot_named__tcp_rst_count,False,True,True,0.9982609905397886,0.9983766233766234,0.0001156328368348003,0.0,True
roll1,independent_stitch,1337,router__iot_named__tcp_syn_count,False,True,True,0.9931135225375626,0.9932745825602969,0.00016106002273430509,0.0,True
roll1,independent_stitch,1337,router__iot_named__udp_count,True,True,True,0.38731218697829717,0.44990723562152135,0.06259504864322418,0.0,True
roll1,independent_stitch,1337,router__iot_named__unique_dst_ip_count,True,True,True,0.0002782415136338342,0.0,0.0002782415136338342,0.0,True
roll1,independent_stitch,1337,router__iot_named__unique_endpoint_pair_count,True,True,True,0.0002782415136338342,0.0,0.0002782415136338342,0.0,True
roll1,independent_stitch,1337,router__iot_named__unique_src_ip_count,True,True,True,0.0002782415136338342,0.0009276437847866419,0.0006494022711528078,0.0,True
roll1,shared_stitch,1337,iot__fridge__condition_high_fraction,True,True,True,0.017529215358931552,0.016233766233766232,0.0012954491251653197,0.0,True
roll1,shared_stitch,1337,iot__fridge__temperature_mean,True,True,True,0.0014607679465776294,0.00046382189239332097,0.0009969460541843084,0.0,True
roll1,shared_stitch,1337,iot__garage__door_open_fraction,True,True,True,0.592376182526433,0.5909090909090909,0.0014670916173420423,0.0,True
roll1,shared_stitch,1337,iot__garage__smartphone_signal_true_fraction,False,True,True,0.592376182526433,0.5909090909090909,0.0014670916173420423,0.0,True
roll1,shared_stitch,1337,iot__gps__latitude_mean,True,True,True,0.0011825264329437951,0.00046382189239332097,0.0007187045405504741,0.0,True
roll1,shared_stitch,1337,iot__gps__longitude_mean,True,True,True,0.0011825264329437951,0.00046382189239332097,0.0007187045405504741,0.0,True
roll1,shared_stitch,1337,iot__modbus__register_1_mean,True,True,True,0.0011825264329437951,0.00046382189239332097,0.0007187045405504741,0.0,True
roll1,shared_stitch,1337,iot__modbus__register_2_mean,True,True,True,0.0011825264329437951,0.00046382189239332097,0.0007187045405504741,0.0,True
roll1,shared_stitch,1337,iot__modbus__register_3_mean,True,True,True,0.0011825264329437951,0.00046382189239332097,0.0007187045405504741,0.0,True
roll1,shared_stitch,1337,iot__modbus__register_4_mean,True,True,True,0.0011825264329437951,0.00046382189239332097,0.0007187045405504741,0.0,True
roll1,shared_stitch,1337,iot__motion_light__light_on_fraction,True,True,True,0.2426265998887034,0.2453617810760668,0.0027351811873634058,0.0,True
roll1,shared_stitch,1337,iot__motion_light__motion_true_fraction,True,True,True,0.2426265998887034,0.2453617810760668,0.0027351811873634058,0.0,True
roll1,shared_stitch,1337,iot__thermostat__status_true_fraction,True,True,True,0.00765164162493044,0.008348794063079777,0.0006971524381493375,0.0,True
roll1,shared_stitch,1337,iot__thermostat__temperature_mean,True,True,True,0.002156371730662215,0.002319109461966605,0.0001627377313043899,0.0,True
roll1,shared_stitch,1337,iot__weather__humidity_mean,True,True,True,0.0011129660545353367,0.00046382189239332097,0.0006491441621420157,0.0,True
roll1,shared_stitch,1337,iot__weather__pressure_mean,True,True,True,0.0011129660545353367,0.00046382189239332097,0.0006491441621420157,0.0,True
roll1,shared_stitch,1337,iot__weather__temperature_mean,True,True,True,0.0011129660545353367,0.00046382189239332097,0.0006491441621420157,0.0,True
roll1,shared_stitch,1337,router__general__arp_count,False,True,True,0.10580133555926544,0.09786641929499072,0.007934916264274713,0.0,True
roll1,shared_stitch,1337,router__general__byte_count,True,True,True,0.0005564830272676684,0.0,0.0005564830272676684,0.0,True
roll1,shared_stitch,1337,router__general__dns_port_packets,True,True,True,0.6286171396772399,0.6192022263450835,0.009414913332156383,0.0,True
roll1,shared_stitch,1337,router__general__http_port_packets,True,True,True,0.9913049526989427,0.9784322820037106,0.012872670695232125,0.0,True
roll1,shared_stitch,1337,router__general__https_port_packets,True,True,True,0.8906510851419032,0.87291280148423,0.01773828365767316,0.0,True
roll1,shared_stitch,1337,router__general__icmp_count,True,True,True,0.007303839732888147,0.006725417439703154,0.0005784222931849931,0.0,True
roll1,shared_stitch,1337,router__general__interarrival_positive_mean,False,True,True,0.0005564830272676684,0.0,0.0005564830272676684,0.0,True
roll1,shared_stitch,1337,router__general__interarrival_positive_std,False,True,True,0.0005564830272676684,0.0,0.0005564830272676684,0.0,True
roll1,shared_stitch,1337,router__general__ipv4_count,True,True,True,0.0005564830272676684,0.0,0.0005564830272676684,0.0,True
roll1,shared_stitch,1337,router__general__ipv6_count,True,True,True,0.35044518642181416,0.337430426716141,0.013014759705673173,0.0,True
roll1,shared_stitch,1337,router__general__mqtt_port_packets,True,True,True,0.002434613244296049,0.0006957328385899814,0.0017388804057060676,0.0,True
roll1,shared_stitch,1337,router__general__packet_count,True,True,True,0.0005564830272676684,0.0,0.0005564830272676684,0.0,True
roll1,shared_stitch,1337,router__general__packet_length_max,True,True,True,0.0005564830272676684,0.0,0.0005564830272676684,0.0,True
roll1,shared_stitch,1337,router__general__packet_length_mean,True,True,True,0.0005564830272676684,0.0,0.0005564830272676684,0.0,True
roll1,shared_stitch,1337,router__general__packet_length_min,True,True,True,0.0005564830272676684,0.0,0.0005564830272676684,0.0,True
roll1,shared_stitch,1337,router__general__packet_length_std,True,True,True,0.0005564830272676684,0.0,0.0005564830272676684,0.0,True
roll1,shared_stitch,1337,router__general__tcp_count,True,True,True,0.0005564830272676684,0.0,0.0005564830272676684,0.0,True
roll1,shared_stitch,1337,router__general__tcp_fin_count,False,True,True,0.9743322203672788,0.9642857142857143,0.010046506081564543,0.0,True
roll1,shared_stitch,1337,router__general__tcp_rst_count,False,True,True,0.9892877017250974,0.9846938775510204,0.004593824174076944,0.0,True
roll1,shared_stitch,1337,router__general__tcp_syn_count,False,True,True,0.9685587089593768,0.9559369202226345,0.012621788736742245,0.0,True
roll1,shared_stitch,1337,router__general__udp_count,True,True,True,0.2817195325542571,0.2820037105751391,0.00028417802088204214,0.0,True
roll1,shared_stitch,1337,router__general__unique_dst_ip_count,False,True,True,0.0005564830272676684,0.0,0.0005564830272676684,0.0,True
roll1,shared_stitch,1337,router__general__unique_endpoint_pair_count,True,True,True,0.0005564830272676684,0.0,0.0005564830272676684,0.0,True
roll1,shared_stitch,1337,router__general__unique_src_ip_count,False,True,True,0.0005564830272676684,0.0,0.0005564830272676684,0.0,True
roll1,shared_stitch,1337,router__iot_named__arp_count,True,True,True,0.20596828046744575,0.19990723562152132,0.006061044845924429,0.0,True
roll1,shared_stitch,1337,router__iot_named__byte_count,True,True,True,0.0002782415136338342,0.0,0.0002782415136338342,0.0,True
roll1,shared_stitch,1337,router__iot_named__dns_port_packets,True,True,True,0.6613105175292153,0.6574675324675324,0.003842985061682902,0.0,True
roll1,shared_stitch,1337,router__iot_named__http_port_packets,False,True,True,0.9980523094045631,0.9995361781076066,0.0014838687030435116,0.0,True
roll1,shared_stitch,1337,router__iot_named__https_port_packets,True,True,True,0.94720367278798,0.9369202226345084,0.010283450153471652,0.0,True
roll1,shared_stitch,1337,router__iot_named__icmp_count,False,True,True,0.9981218697829716,0.9981447124304267,2.284264745511244e-05,0.0,True
roll1,shared_stitch,1337,router__iot_named__interarrival_positive_mean,False,True,True,0.0002782415136338342,0.0,0.0002782415136338342,0.0,True
roll1,shared_stitch,1337,router__iot_named__interarrival_positive_std,False,True,True,0.0002782415136338342,0.0,0.0002782415136338342,0.0,True
roll1,shared_stitch,1337,router__iot_named__ipv4_count,True,True,True,0.0002782415136338342,0.0,0.0002782415136338342,0.0,True
roll1,shared_stitch,1337,router__iot_named__mqtt_port_packets,True,True,True,0.0020172509738452978,0.0006957328385899814,0.0013215181352553163,0.0,True
roll1,shared_stitch,1337,router__iot_named__packet_count,True,True,True,0.0002782415136338342,0.0,0.0002782415136338342,0.0,True
roll1,shared_stitch,1337,router__iot_named__packet_length_max,True,True,True,0.0002782415136338342,0.0,0.0002782415136338342,0.0,True
roll1,shared_stitch,1337,router__iot_named__packet_length_mean,True,True,True,0.0002782415136338342,0.0,0.0002782415136338342,0.0,True
roll1,shared_stitch,1337,router__iot_named__packet_length_min,True,True,True,0.0002782415136338342,0.0,0.0002782415136338342,0.0,True
roll1,shared_stitch,1337,router__iot_named__packet_length_std,True,True,True,0.0002782415136338342,0.0,0.0002782415136338342,0.0,True
roll1,shared_stitch,1337,router__iot_named__tcp_count,True,True,True,0.0004869226488592098,0.0,0.0004869226488592098,0.0,True
roll1,shared_stitch,1337,router__iot_named__tcp_fin_count,False,True,True,0.9915831942125766,0.990491651205937,0.001091543006639606,0.0,True
roll1,shared_stitch,1337,router__iot_named__tcp_rst_count,False,True,True,0.9982609905397886,0.9969851576994434,0.001275832840345159,0.0,True
roll1,shared_stitch,1337,router__iot_named__tcp_syn_count,False,True,True,0.9931135225375626,0.9897959183673469,0.003317604170215649,0.0,True
roll1,shared_stitch,1337,router__iot_named__udp_count,True,True,True,0.38731218697829717,0.3930890538033395,0.005776866825042359,0.0,True
roll1,shared_stitch,1337,router__iot_named__unique_dst_ip_count,True,True,True,0.0002782415136338342,0.0,0.0002782415136338342,0.0,True
roll1,shared_stitch,1337,router__iot_named__unique_endpoint_pair_count,True,True,True,0.0002782415136338342,0.0,0.0002782415136338342,0.0,True
roll1,shared_stitch,1337,router__iot_named__unique_src_ip_count,True,True,True,0.0002782415136338342,0.0,0.0002782415136338342,0.0,True
roll1,learned_gmm_overlay,1337,iot__fridge__condition_high_fraction,True,True,True,0.017529215358931552,0.00487012987012987,0.012659085488801682,0.0,True
roll1,learned_gmm_overlay,1337,iot__fridge__temperature_mean,True,True,True,0.0014607679465776294,0.0,0.0014607679465776294,0.0,True
roll1,learned_gmm_overlay,1337,iot__garage__door_open_fraction,True,True,True,0.592376182526433,0.22750463821892394,0.364871544307509,0.0,True
roll1,learned_gmm_overlay,1337,iot__garage__smartphone_signal_true_fraction,False,True,True,0.592376182526433,0.5858070500927643,0.006569132433668634,0.0,True
roll1,learned_gmm_overlay,1337,iot__gps__latitude_mean,True,True,True,0.0011825264329437951,0.005333951762523191,0.004151425329579396,0.0,True
roll1,learned_gmm_overlay,1337,iot__gps__longitude_mean,True,True,True,0.0011825264329437951,0.0013914656771799629,0.00020893924423616775,0.0,True
roll1,learned_gmm_overlay,1337,iot__modbus__register_1_mean,True,True,True,0.0011825264329437951,0.012291280148423005,0.01110875371547921,0.0,True
roll1,learned_gmm_overlay,1337,iot__modbus__register_2_mean,True,True,True,0.0011825264329437951,0.009508348794063079,0.008325822361119284,0.0,True
roll1,learned_gmm_overlay,1337,iot__modbus__register_3_mean,True,True,True,0.0011825264329437951,0.012059369202226345,0.01087684276928255,0.0,True
roll1,learned_gmm_overlay,1337,iot__modbus__register_4_mean,True,True,True,0.0011825264329437951,0.01437847866419295,0.013195952231249156,0.0,True
roll1,learned_gmm_overlay,1337,iot__motion_light__light_on_fraction,True,True,True,0.2426265998887034,0.08325602968460111,0.15937057020410228,0.0,True
roll1,learned_gmm_overlay,1337,iot__motion_light__motion_true_fraction,True,True,True,0.2426265998887034,0.08998144712430427,0.1526451527643991,0.0,True
roll1,learned_gmm_overlay,1337,iot__thermostat__status_true_fraction,True,True,True,0.00765164162493044,0.0,0.00765164162493044,0.0,True
roll1,learned_gmm_overlay,1337,iot__thermostat__temperature_mean,True,True,True,0.002156371730662215,0.0,0.002156371730662215,0.0,True
roll1,learned_gmm_overlay,1337,iot__weather__humidity_mean,True,True,True,0.0011129660545353367,0.0,0.0011129660545353367,0.0,True
roll1,learned_gmm_overlay,1337,iot__weather__pressure_mean,True,True,True,0.0011129660545353367,0.0,0.0011129660545353367,0.0,True
roll1,learned_gmm_overlay,1337,iot__weather__temperature_mean,True,True,True,0.0011129660545353367,0.0,0.0011129660545353367,0.0,True
roll1,learned_gmm_overlay,1337,router__general__arp_count,False,True,True,0.10580133555926544,0.11085343228200371,0.005052096722738278,0.0,True
roll1,learned_gmm_overlay,1337,router__general__byte_count,True,True,True,0.0005564830272676684,0.003246753246753247,0.002690270219485579,0.0,True
roll1,learned_gmm_overlay,1337,router__general__dns_port_packets,True,True,True,0.6286171396772399,0.29916512059369205,0.3294520190835478,0.0,True
roll1,learned_gmm_overlay,1337,router__general__http_port_packets,True,True,True,0.9913049526989427,0.4946660482374768,0.4966389044614659,0.0,True
roll1,learned_gmm_overlay,1337,router__general__https_port_packets,True,True,True,0.8906510851419032,0.41697588126159557,0.4736752038803076,0.0,True
roll1,learned_gmm_overlay,1337,router__general__icmp_count,True,True,True,0.007303839732888147,0.00023191094619666049,0.007071928786691487,0.0,True
roll1,learned_gmm_overlay,1337,router__general__interarrival_positive_mean,False,True,True,0.0005564830272676684,0.0006957328385899814,0.00013924981132231308,0.0,True
roll1,learned_gmm_overlay,1337,router__general__interarrival_positive_std,False,True,True,0.0005564830272676684,0.00023191094619666049,0.00032457208107100784,0.0,True
roll1,learned_gmm_overlay,1337,router__general__ipv4_count,True,True,True,0.0005564830272676684,0.0016233766233766235,0.0010668935961089551,0.0,True
roll1,learned_gmm_overlay,1337,router__general__ipv6_count,True,True,True,0.35044518642181416,0.19967532467532467,0.1507698617464895,0.0,True
roll1,learned_gmm_overlay,1337,router__general__mqtt_port_packets,True,True,True,0.002434613244296049,0.00023191094619666049,0.0022027022980993884,0.0,True
roll1,learned_gmm_overlay,1337,router__general__packet_count,True,True,True,0.0005564830272676684,0.0006957328385899814,0.00013924981132231308,0.0,True
roll1,learned_gmm_overlay,1337,router__general__packet_length_max,True,True,True,0.0005564830272676684,0.003478664192949907,0.002922181165682239,0.0,True
roll1,learned_gmm_overlay,1337,router__general__packet_length_mean,True,True,True,0.0005564830272676684,0.0011595547309833025,0.0006030717037156341,0.0,True
roll1,learned_gmm_overlay,1337,router__general__packet_length_min,True,True,True,0.0005564830272676684,0.0,0.0005564830272676684,0.0,True
roll1,learned_gmm_overlay,1337,router__general__packet_length_std,True,True,True,0.0005564830272676684,0.0020871985157699443,0.001530715488502276,0.0,True
roll1,learned_gmm_overlay,1337,router__general__tcp_count,True,True,True,0.0005564830272676684,0.0027829313543599257,0.0022264483270922576,0.0,True
roll1,learned_gmm_overlay,1337,router__general__tcp_fin_count,False,True,True,0.9743322203672788,0.9714749536178108,0.002857266749468068,0.0,True
roll1,learned_gmm_overlay,1337,router__general__tcp_rst_count,False,True,True,0.9892877017250974,0.9893320964749536,4.4394749856180304e-05,0.0,True
roll1,learned_gmm_overlay,1337,router__general__tcp_syn_count,False,True,True,0.9685587089593768,0.9691558441558441,0.0005971351964673133,0.0,True
roll1,learned_gmm_overlay,1337,router__general__udp_count,True,True,True,0.2817195325542571,0.1407699443413729,0.14094958821288417,0.0,True
roll1,learned_gmm_overlay,1337,router__general__unique_dst_ip_count,False,True,True,0.0005564830272676684,0.00023191094619666049,0.00032457208107100784,0.0,True
roll1,learned_gmm_overlay,1337,router__general__unique_endpoint_pair_count,True,True,True,0.0005564830272676684,0.0006957328385899814,0.00013924981132231308,0.0,True
roll1,learned_gmm_overlay,1337,router__general__unique_src_ip_count,False,True,True,0.0005564830272676684,0.00046382189239332097,9.266113487434738e-05,0.0,True
roll1,learned_gmm_overlay,1337,router__iot_named__arp_count,True,True,True,0.20596828046744575,0.11108534322820036,0.09488293723924539,0.0,True
roll1,learned_gmm_overlay,1337,router__iot_named__byte_count,True,True,True,0.0002782415136338342,0.008116883116883116,0.007838641603249282,0.0,True
roll1,learned_gmm_overlay,1337,router__iot_named__dns_port_packets,True,True,True,0.6613105175292153,0.29893320964749537,0.36237730788171996,0.0,True
roll1,learned_gmm_overlay,1337,router__iot_named__http_port_packets,False,True,True,0.9980523094045631,0.9981447124304267,9.24030258635522e-05,0.0,True
roll1,learned_gmm_overlay,1337,router__iot_named__https_port_packets,True,True,True,0.94720367278798,0.44712430426716143,0.5000793685208186,0.0,True
roll1,learned_gmm_overlay,1337,router__iot_named__icmp_count,False,True,True,0.9981218697829716,0.99860853432282,0.00048666453984846925,0.0,True
roll1,learned_gmm_overlay,1337,router__iot_named__interarrival_positive_mean,False,True,True,0.0002782415136338342,0.00023191094619666049,4.633056743717369e-05,0.0,True
roll1,learned_gmm_overlay,1337,router__iot_named__interarrival_positive_std,False,True,True,0.0002782415136338342,0.0,0.0002782415136338342,0.0,True
roll1,learned_gmm_overlay,1337,router__iot_named__ipv4_count,True,True,True,0.0002782415136338342,0.0011595547309833025,0.0008813132173494683,0.0,True
roll1,learned_gmm_overlay,1337,router__iot_named__mqtt_port_packets,True,True,True,0.0020172509738452978,0.00046382189239332097,0.0015534290814519767,0.0,True
roll1,learned_gmm_overlay,1337,router__iot_named__packet_count,True,True,True,0.0002782415136338342,0.0006957328385899814,0.00041749132495614725,0.0,True
roll1,learned_gmm_overlay,1337,router__iot_named__packet_length_max,True,True,True,0.0002782415136338342,0.00487012987012987,0.0045918883564960355,0.0,True
roll1,learned_gmm_overlay,1337,router__iot_named__packet_length_mean,True,True,True,0.0002782415136338342,0.0018552875695732839,0.0015770460559394496,0.0,True
roll1,learned_gmm_overlay,1337,router__iot_named__packet_length_min,True,True,True,0.0002782415136338342,0.0,0.0002782415136338342,0.0,True
roll1,learned_gmm_overlay,1337,router__iot_named__packet_length_std,True,True,True,0.0002782415136338342,0.00463821892393321,0.004359977410299375,0.0,True
roll1,learned_gmm_overlay,1337,router__iot_named__tcp_count,True,True,True,0.0004869226488592098,0.0011595547309833025,0.0006726320821240927,0.0,True
roll1,learned_gmm_overlay,1337,router__iot_named__tcp_fin_count,False,True,True,0.9915831942125766,0.9897959183673469,0.0017872758452296411,0.0,True
roll1,learned_gmm_overlay,1337,router__iot_named__tcp_rst_count,False,True,True,0.9982609905397886,0.9976808905380334,0.0005801000017551239,0.0,True
roll1,learned_gmm_overlay,1337,router__iot_named__tcp_syn_count,False,True,True,0.9931135225375626,0.9911873840445269,0.0019261384930356895,0.0,True
roll1,learned_gmm_overlay,1337,router__iot_named__udp_count,True,True,True,0.38731218697829717,0.15793135435992578,0.2293808326183714,0.0,True
roll1,learned_gmm_overlay,1337,router__iot_named__unique_dst_ip_count,True,True,True,0.0002782415136338342,0.0,0.0002782415136338342,0.0,True
roll1,learned_gmm_overlay,1337,router__iot_named__unique_endpoint_pair_count,True,True,True,0.0002782415136338342,0.0,0.0002782415136338342,0.0,True
roll1,learned_gmm_overlay,1337,router__iot_named__unique_src_ip_count,True,True,True,0.0002782415136338342,0.0,0.0002782415136338342,0.0,True
roll1,learned_latent_var_overlay,1337,iot__fridge__condition_high_fraction,True,True,True,0.017529215358931552,0.0,0.017529215358931552,0.0,True
roll1,learned_latent_var_overlay,1337,iot__fridge__temperature_mean,True,True,True,0.0014607679465776294,0.0,0.0014607679465776294,0.0,True
roll1,learned_latent_var_overlay,1337,iot__garage__door_open_fraction,True,True,True,0.592376182526433,0.0,0.592376182526433,0.0,True
roll1,learned_latent_var_overlay,1337,iot__garage__smartphone_signal_true_fraction,False,True,True,0.592376182526433,0.5909090909090909,0.0014670916173420423,0.0,True
roll1,learned_latent_var_overlay,1337,iot__gps__latitude_mean,True,True,True,0.0011825264329437951,0.0,0.0011825264329437951,0.0,True
roll1,learned_latent_var_overlay,1337,iot__gps__longitude_mean,True,True,True,0.0011825264329437951,0.0,0.0011825264329437951,0.0,True
roll1,learned_latent_var_overlay,1337,iot__modbus__register_1_mean,True,True,True,0.0011825264329437951,0.0,0.0011825264329437951,0.0,True
roll1,learned_latent_var_overlay,1337,iot__modbus__register_2_mean,True,True,True,0.0011825264329437951,0.0,0.0011825264329437951,0.0,True
roll1,learned_latent_var_overlay,1337,iot__modbus__register_3_mean,True,True,True,0.0011825264329437951,0.0,0.0011825264329437951,0.0,True
roll1,learned_latent_var_overlay,1337,iot__modbus__register_4_mean,True,True,True,0.0011825264329437951,0.0,0.0011825264329437951,0.0,True
roll1,learned_latent_var_overlay,1337,iot__motion_light__light_on_fraction,True,True,True,0.2426265998887034,0.0,0.2426265998887034,0.0,True
roll1,learned_latent_var_overlay,1337,iot__motion_light__motion_true_fraction,True,True,True,0.2426265998887034,0.0,0.2426265998887034,0.0,True
roll1,learned_latent_var_overlay,1337,iot__thermostat__status_true_fraction,True,True,True,0.00765164162493044,0.0,0.00765164162493044,0.0,True
roll1,learned_latent_var_overlay,1337,iot__thermostat__temperature_mean,True,True,True,0.002156371730662215,0.0,0.002156371730662215,0.0,True
roll1,learned_latent_var_overlay,1337,iot__weather__humidity_mean,True,True,True,0.0011129660545353367,0.0,0.0011129660545353367,0.0,True
roll1,learned_latent_var_overlay,1337,iot__weather__pressure_mean,True,True,True,0.0011129660545353367,0.0,0.0011129660545353367,0.0,True
roll1,learned_latent_var_overlay,1337,iot__weather__temperature_mean,True,True,True,0.0011129660545353367,0.0,0.0011129660545353367,0.0,True
roll1,learned_latent_var_overlay,1337,router__general__arp_count,False,True,True,0.10580133555926544,0.09786641929499072,0.007934916264274713,0.0,True
roll1,learned_latent_var_overlay,1337,router__general__byte_count,True,True,True,0.0005564830272676684,0.0,0.0005564830272676684,0.0,True
roll1,learned_latent_var_overlay,1337,router__general__dns_port_packets,True,True,True,0.6286171396772399,0.0006957328385899814,0.6279214068386498,0.0,True
roll1,learned_latent_var_overlay,1337,router__general__http_port_packets,True,True,True,0.9913049526989427,0.6412337662337663,0.35007118646517643,0.0,True
roll1,learned_latent_var_overlay,1337,router__general__https_port_packets,True,True,True,0.8906510851419032,0.0009276437847866419,0.8897234413571166,0.0,True
roll1,learned_latent_var_overlay,1337,router__general__icmp_count,True,True,True,0.007303839732888147,0.0,0.007303839732888147,0.0,True
roll1,learned_latent_var_overlay,1337,router__general__interarrival_positive_mean,False,True,True,0.0005564830272676684,0.0,0.0005564830272676684,0.0,True
roll1,learned_latent_var_overlay,1337,router__general__interarrival_positive_std,False,True,True,0.0005564830272676684,0.0,0.0005564830272676684,0.0,True
roll1,learned_latent_var_overlay,1337,router__general__ipv4_count,True,True,True,0.0005564830272676684,0.0,0.0005564830272676684,0.0,True
roll1,learned_latent_var_overlay,1337,router__general__ipv6_count,True,True,True,0.35044518642181416,0.15004638218923932,0.20039880423257483,0.0,True
roll1,learned_latent_var_overlay,1337,router__general__mqtt_port_packets,True,True,True,0.002434613244296049,0.0,0.002434613244296049,0.0,True
roll1,learned_latent_var_overlay,1337,router__general__packet_count,True,True,True,0.0005564830272676684,0.0,0.0005564830272676684,0.0,True
roll1,learned_latent_var_overlay,1337,router__general__packet_length_max,True,True,True,0.0005564830272676684,0.0,0.0005564830272676684,0.0,True
roll1,learned_latent_var_overlay,1337,router__general__packet_length_mean,True,True,True,0.0005564830272676684,0.0,0.0005564830272676684,0.0,True
roll1,learned_latent_var_overlay,1337,router__general__packet_length_min,True,True,True,0.0005564830272676684,0.0,0.0005564830272676684,0.0,True
roll1,learned_latent_var_overlay,1337,router__general__packet_length_std,True,True,True,0.0005564830272676684,0.0,0.0005564830272676684,0.0,True
roll1,learned_latent_var_overlay,1337,router__general__tcp_count,True,True,True,0.0005564830272676684,0.0,0.0005564830272676684,0.0,True
roll1,learned_latent_var_overlay,1337,router__general__tcp_fin_count,False,True,True,0.9743322203672788,0.9642857142857143,0.010046506081564543,0.0,True
roll1,learned_latent_var_overlay,1337,router__general__tcp_rst_count,False,True,True,0.9892877017250974,0.9846938775510204,0.004593824174076944,0.0,True
roll1,learned_latent_var_overlay,1337,router__general__tcp_syn_count,False,True,True,0.9685587089593768,0.9559369202226345,0.012621788736742245,0.0,True
roll1,learned_latent_var_overlay,1337,router__general__udp_count,True,True,True,0.2817195325542571,0.0,0.2817195325542571,0.0,True
roll1,learned_latent_var_overlay,1337,router__general__unique_dst_ip_count,False,True,True,0.0005564830272676684,0.0,0.0005564830272676684,0.0,True
roll1,learned_latent_var_overlay,1337,router__general__unique_endpoint_pair_count,True,True,True,0.0005564830272676684,0.0,0.0005564830272676684,0.0,True
roll1,learned_latent_var_overlay,1337,router__general__unique_src_ip_count,False,True,True,0.0005564830272676684,0.0,0.0005564830272676684,0.0,True
roll1,learned_latent_var_overlay,1337,router__iot_named__arp_count,True,True,True,0.20596828046744575,0.0,0.20596828046744575,0.0,True
roll1,learned_latent_var_overlay,1337,router__iot_named__byte_count,True,True,True,0.0002782415136338342,0.0,0.0002782415136338342,0.0,True
roll1,learned_latent_var_overlay,1337,router__iot_named__dns_port_packets,True,True,True,0.6613105175292153,0.0,0.6613105175292153,0.0,True
roll1,learned_latent_var_overlay,1337,router__iot_named__http_port_packets,False,True,True,0.9980523094045631,0.9995361781076066,0.0014838687030435116,0.0,True
roll1,learned_latent_var_overlay,1337,router__iot_named__https_port_packets,True,True,True,0.94720367278798,0.04452690166975881,0.9026767711182212,0.0,True
roll1,learned_latent_var_overlay,1337,router__iot_named__icmp_count,False,True,True,0.9981218697829716,0.9981447124304267,2.284264745511244e-05,0.0,True
roll1,learned_latent_var_overlay,1337,router__iot_named__interarrival_positive_mean,False,True,True,0.0002782415136338342,0.0,0.0002782415136338342,0.0,True
roll1,learned_latent_var_overlay,1337,router__iot_named__interarrival_positive_std,False,True,True,0.0002782415136338342,0.0,0.0002782415136338342,0.0,True
roll1,learned_latent_var_overlay,1337,router__iot_named__ipv4_count,True,True,True,0.0002782415136338342,0.0,0.0002782415136338342,0.0,True
roll1,learned_latent_var_overlay,1337,router__iot_named__mqtt_port_packets,True,True,True,0.0020172509738452978,0.0,0.0020172509738452978,0.0,True
roll1,learned_latent_var_overlay,1337,router__iot_named__packet_count,True,True,True,0.0002782415136338342,0.0,0.0002782415136338342,0.0,True
roll1,learned_latent_var_overlay,1337,router__iot_named__packet_length_max,True,True,True,0.0002782415136338342,0.0,0.0002782415136338342,0.0,True
roll1,learned_latent_var_overlay,1337,router__iot_named__packet_length_mean,True,True,True,0.0002782415136338342,0.0,0.0002782415136338342,0.0,True
roll1,learned_latent_var_overlay,1337,router__iot_named__packet_length_min,True,True,True,0.0002782415136338342,0.0,0.0002782415136338342,0.0,True
roll1,learned_latent_var_overlay,1337,router__iot_named__packet_length_std,True,True,True,0.0002782415136338342,0.0,0.0002782415136338342,0.0,True
roll1,learned_latent_var_overlay,1337,router__iot_named__tcp_count,True,True,True,0.0004869226488592098,0.0,0.0004869226488592098,0.0,True
roll1,learned_latent_var_overlay,1337,router__iot_named__tcp_fin_count,False,True,True,0.9915831942125766,0.990491651205937,0.001091543006639606,0.0,True
roll1,learned_latent_var_overlay,1337,router__iot_named__tcp_rst_count,False,True,True,0.9982609905397886,0.9969851576994434,0.001275832840345159,0.0,True
roll1,learned_latent_var_overlay,1337,router__iot_named__tcp_syn_count,False,True,True,0.9931135225375626,0.9897959183673469,0.003317604170215649,0.0,True
roll1,learned_latent_var_overlay,1337,router__iot_named__udp_count,True,True,True,0.38731218697829717,0.0,0.38731218697829717,0.0,True
roll1,learned_latent_var_overlay,1337,router__iot_named__unique_dst_ip_count,True,True,True,0.0002782415136338342,0.0,0.0002782415136338342,0.0,True
roll1,learned_latent_var_overlay,1337,router__iot_named__unique_endpoint_pair_count,True,True,True,0.0002782415136338342,0.0,0.0002782415136338342,0.0,True
roll1,learned_latent_var_overlay,1337,router__iot_named__unique_src_ip_count,True,True,True,0.0002782415136338342,0.0,0.0002782415136338342,0.0,True
roll2,real_row_resample,1337,iot__fridge__condition_high_fraction,True,True,True,0.017327515335483462,0.018320964749536178,0.0009934494140527161,0.0,True
roll2,real_row_resample,1337,iot__fridge__temperature_mean,True,True,True,0.0013280212483399733,0.0006957328385899814,0.0006322884097499919,0.0,True
roll2,real_row_resample,1337,iot__garage__door_open_fraction,True,True,True,0.5948902801492443,0.5890538033395176,0.005836476809726654,0.0,True
roll2,real_row_resample,1337,iot__garage__smartphone_signal_true_fraction,False,True,True,0.5948902801492443,0.5890538033395176,0.005836476809726654,0.0,True
roll2,real_row_resample,1337,iot__gps__latitude_mean,True,True,True,0.0010750648200847405,0.0006957328385899814,0.00037933198149475906,0.0,True
roll2,real_row_resample,1337,iot__gps__longitude_mean,True,True,True,0.0010750648200847405,0.0006957328385899814,0.00037933198149475906,0.0,True
roll2,real_row_resample,1337,iot__modbus__register_1_mean,True,True,True,0.0010750648200847405,0.0006957328385899814,0.00037933198149475906,0.0,True
roll2,real_row_resample,1337,iot__modbus__register_2_mean,True,True,True,0.0010750648200847405,0.0006957328385899814,0.00037933198149475906,0.0,True
roll2,real_row_resample,1337,iot__modbus__register_3_mean,True,True,True,0.0010750648200847405,0.0006957328385899814,0.00037933198149475906,0.0,True
roll2,real_row_resample,1337,iot__modbus__register_4_mean,True,True,True,0.0010750648200847405,0.0006957328385899814,0.00037933198149475906,0.0,True
roll2,real_row_resample,1337,iot__motion_light__light_on_fraction,True,True,True,0.24245873648264085,0.2404916512059369,0.001967085276703945,0.0,True
roll2,real_row_resample,1337,iot__motion_light__motion_true_fraction,True,True,True,0.24245873648264085,0.2404916512059369,0.001967085276703945,0.0,True
roll2,real_row_resample,1337,iot__thermostat__status_true_fraction,True,True,True,0.007525453740593183,0.006957328385899814,0.0005681253546933685,0.0,True
roll2,real_row_resample,1337,iot__thermostat__temperature_mean,True,True,True,0.0020868905331056726,0.0011595547309833025,0.0009273358021223701,0.0,True
roll2,real_row_resample,1337,iot__weather__humidity_mean,True,True,True,0.001011825713020932,0.0006957328385899814,0.00031609287443095063,0.0,True
roll2,real_row_resample,1337,iot__weather__pressure_mean,True,True,True,0.001011825713020932,0.0006957328385899814,0.00031609287443095063,0.0,True
roll2,real_row_resample,1337,iot__weather__temperature_mean,True,True,True,0.001011825713020932,0.0006957328385899814,0.00031609287443095063,0.0,True
roll2,real_row_resample,1337,router__general__arp_count,False,True,True,0.10687409093783595,0.1115491651205937,0.004675074182757741,0.0,True
roll2,real_row_resample,1337,router__general__byte_count,True,True,True,0.000505912856510466,0.00023191094619666049,0.0002740019103138055,0.0,True
roll2,real_row_resample,1337,router__general__dns_port_packets,True,True,True,0.6292291152848922,0.6331168831168831,0.0038877678319908515,0.0,True
roll2,real_row_resample,1337,router__general__http_port_packets,True,True,True,0.9919686334028963,0.990491651205937,0.0014769821969593533,0.0,True
roll2,real_row_resample,1337,router__general__https_port_packets,True,True,True,0.8885726933535698,0.8937847866419295,0.005212093288359698,0.0,True
roll2,real_row_resample,1337,router__general__icmp_count,True,True,True,0.024600012647821412,0.01971243042671614,0.004887582221105271,0.0,True
roll2,real_row_resample,1337,router__general__interarrival_positive_mean,False,True,True,0.000505912856510466,0.00023191094619666049,0.0002740019103138055,0.0,True
roll2,real_row_resample,1337,router__general__interarrival_positive_std,False,True,True,0.000505912856510466,0.00023191094619666049,0.0002740019103138055,0.0,True
roll2,real_row_resample,1337,router__general__ipv4_count,True,True,True,0.000505912856510466,0.00023191094619666049,0.0002740019103138055,0.0,True
roll2,real_row_resample,1337,router__general__ipv6_count,True,True,True,0.33440839815341805,0.33070500927643787,0.003703388876980185,0.0,True
roll2,real_row_resample,1337,router__general__mqtt_port_packets,True,True,True,0.002213368747233289,0.0016233766233766235,0.0005899921238566655,0.0,True
roll2,real_row_resample,1337,router__general__packet_count,True,True,True,0.000505912856510466,0.00023191094619666049,0.0002740019103138055,0.0,True
roll2,real_row_resample,1337,router__general__packet_length_max,True,True,True,0.000505912856510466,0.00023191094619666049,0.0002740019103138055,0.0,True
roll2,real_row_resample,1337,router__general__packet_length_mean,True,True,True,0.000505912856510466,0.00023191094619666049,0.0002740019103138055,0.0,True
roll2,real_row_resample,1337,router__general__packet_length_min,True,True,True,0.000505912856510466,0.00023191094619666049,0.0002740019103138055,0.0,True
roll2,real_row_resample,1337,router__general__packet_length_std,True,True,True,0.000505912856510466,0.00023191094619666049,0.0002740019103138055,0.0,True
roll2,real_row_resample,1337,router__general__tcp_count,True,True,True,0.000505912856510466,0.00023191094619666049,0.0002740019103138055,0.0,True
roll2,real_row_resample,1337,router__general__tcp_fin_count,False,True,True,0.9738190096755834,0.9728664192949907,0.0009525903805926994,0.0,True
roll2,real_row_resample,1337,router__general__tcp_rst_count,False,True,True,0.9890596344779612,0.9881725417439703,0.0008870927339909018,0.0,True
roll2,real_row_resample,1337,router__general__tcp_syn_count,False,True,True,0.9686966420034149,0.9675324675324676,0.001164174470947299,0.0,True
roll2,real_row_resample,1337,router__general__udp_count,True,True,True,0.2788844621513944,0.2847866419294991,0.005902179778104699,0.0,True
roll2,real_row_resample,1337,router__general__unique_dst_ip_count,False,True,True,0.000505912856510466,0.00023191094619666049,0.0002740019103138055,0.0,True
roll2,real_row_resample,1337,router__general__unique_endpoint_pair_count,True,True,True,0.000505912856510466,0.00023191094619666049,0.0002740019103138055,0.0,True
roll2,real_row_resample,1337,router__general__unique_src_ip_count,False,True,True,0.000505912856510466,0.00023191094619666049,0.0002740019103138055,0.0,True
roll2,real_row_resample,1337,router__iot_named__arp_count,True,True,True,0.19863403528742174,0.20106679035250463,0.002432755065082892,0.0,True
roll2,real_row_resample,1337,router__iot_named__byte_count,True,True,True,0.000252956428255233,0.00023191094619666049,2.104548205857253e-05,0.0,True
roll2,real_row_resample,1337,router__iot_named__dns_port_packets,True,True,True,0.661291342566243,0.6704545454545454,0.009163202888302413,0.0,True
roll2,real_row_resample,1337,router__iot_named__http_port_packets,False,True,True,0.9982293050022134,0.9981447124304267,8.459257178672352e-05,0.0,True
roll2,real_row_resample,1337,router__iot_named__https_port_packets,True,True,True,0.9441598684626573,0.9503710575139147,0.006211189051257393,0.0,True
roll2,real_row_resample,1337,router__iot_named__icmp_count,False,True,True,0.9982293050022134,0.9988404452690167,0.0006111402668033117,0.0,True
roll2,real_row_resample,1337,router__iot_named__interarrival_positive_mean,False,True,True,0.000252956428255233,0.00023191094619666049,2.104548205857253e-05,0.0,True
roll2,real_row_resample,1337,router__iot_named__interarrival_positive_std,False,True,True,0.000252956428255233,0.00023191094619666049,2.104548205857253e-05,0.0,True
roll2,real_row_resample,1337,router__iot_named__ipv4_count,True,True,True,0.000252956428255233,0.00023191094619666049,2.104548205857253e-05,0.0,True
roll2,real_row_resample,1337,router__iot_named__mqtt_port_packets,True,True,True,0.0018339341048504395,0.0016233766233766235,0.000210557481473816,0.0,True
roll2,real_row_resample,1337,router__iot_named__packet_count,True,True,True,0.000252956428255233,0.00023191094619666049,2.104548205857253e-05,0.0,True
roll2,real_row_resample,1337,router__iot_named__packet_length_max,True,True,True,0.000252956428255233,0.00023191094619666049,2.104548205857253e-05,0.0,True
roll2,real_row_resample,1337,router__iot_named__packet_length_mean,True,True,True,0.000252956428255233,0.00023191094619666049,2.104548205857253e-05,0.0,True
roll2,real_row_resample,1337,router__iot_named__packet_length_min,True,True,True,0.000252956428255233,0.00023191094619666049,2.104548205857253e-05,0.0,True
roll2,real_row_resample,1337,router__iot_named__packet_length_std,True,True,True,0.000252956428255233,0.00023191094619666049,2.104548205857253e-05,0.0,True
roll2,real_row_resample,1337,router__iot_named__tcp_count,True,True,True,0.0004426737494466578,0.00046382189239332097,2.1148142946663155e-05,0.0,True
roll2,real_row_resample,1337,router__iot_named__tcp_fin_count,False,True,True,0.9909568076898754,0.9925788497217068,0.0016220420318314721,0.0,True
roll2,real_row_resample,1337,router__iot_named__tcp_rst_count,False,True,True,0.9978498703598305,0.9981447124304267,0.0002948420705961574,0.0,True
roll2,real_row_resample,1337,router__iot_named__tcp_syn_count,False,True,True,0.9927275026876621,0.9925788497217068,0.00014865296595523159,0.0,True
roll2,real_row_resample,1337,router__iot_named__udp_count,True,True,True,0.38480996648327326,0.4005102040816326,0.015700237598359368,0.0,True
roll2,real_row_resample,1337,router__iot_named__unique_dst_ip_count,True,True,True,0.000252956428255233,0.00023191094619666049,2.104548205857253e-05,0.0,True
roll2,real_row_resample,1337,router__iot_named__unique_endpoint_pair_count,True,True,True,0.000252956428255233,0.00023191094619666049,2.104548205857253e-05,0.0,True
roll2,real_row_resample,1337,router__iot_named__unique_src_ip_count,True,True,True,0.000252956428255233,0.00023191094619666049,2.104548205857253e-05,0.0,True
roll2,real_contiguous_block,1337,iot__fridge__condition_high_fraction,True,True,True,0.017327515335483462,0.015769944341372914,0.0015575709941105485,0.0,True
roll2,real_contiguous_block,1337,iot__fridge__temperature_mean,True,True,True,0.0013280212483399733,0.00023191094619666049,0.001096110302143313,0.0,True
roll2,real_contiguous_block,1337,iot__garage__door_open_fraction,True,True,True,0.5948902801492443,0.5911410018552876,0.0037492782939566593,0.0,True
roll2,real_contiguous_block,1337,iot__garage__smartphone_signal_true_fraction,False,True,True,0.5948902801492443,0.5911410018552876,0.0037492782939566593,0.0,True
roll2,real_contiguous_block,1337,iot__gps__latitude_mean,True,True,True,0.0010750648200847405,0.00023191094619666049,0.00084315387388808,0.0,True
roll2,real_contiguous_block,1337,iot__gps__longitude_mean,True,True,True,0.0010750648200847405,0.00023191094619666049,0.00084315387388808,0.0,True
roll2,real_contiguous_block,1337,iot__modbus__register_1_mean,True,True,True,0.0010750648200847405,0.00023191094619666049,0.00084315387388808,0.0,True
roll2,real_contiguous_block,1337,iot__modbus__register_2_mean,True,True,True,0.0010750648200847405,0.00023191094619666049,0.00084315387388808,0.0,True
roll2,real_contiguous_block,1337,iot__modbus__register_3_mean,True,True,True,0.0010750648200847405,0.00023191094619666049,0.00084315387388808,0.0,True
roll2,real_contiguous_block,1337,iot__modbus__register_4_mean,True,True,True,0.0010750648200847405,0.00023191094619666049,0.00084315387388808,0.0,True
roll2,real_contiguous_block,1337,iot__motion_light__light_on_fraction,True,True,True,0.24245873648264085,0.24304267161410018,0.0005839351314593233,0.0,True
roll2,real_contiguous_block,1337,iot__motion_light__motion_true_fraction,True,True,True,0.24245873648264085,0.24304267161410018,0.0005839351314593233,0.0,True
roll2,real_contiguous_block,1337,iot__thermostat__status_true_fraction,True,True,True,0.007525453740593183,0.006029684601113173,0.00149576913948001,0.0,True
roll2,real_contiguous_block,1337,iot__thermostat__temperature_mean,True,True,True,0.0020868905331056726,0.0009276437847866419,0.0011592467483190305,0.0,True
roll2,real_contiguous_block,1337,iot__weather__humidity_mean,True,True,True,0.001011825713020932,0.00023191094619666049,0.0007799147668242715,0.0,True
roll2,real_contiguous_block,1337,iot__weather__pressure_mean,True,True,True,0.001011825713020932,0.00023191094619666049,0.0007799147668242715,0.0,True
roll2,real_contiguous_block,1337,iot__weather__temperature_mean,True,True,True,0.001011825713020932,0.00023191094619666049,0.0007799147668242715,0.0,True
roll2,real_contiguous_block,1337,router__general__arp_count,False,True,True,0.10687409093783595,0.06679035250463822,0.040083738433197735,0.0,True
roll2,real_contiguous_block,1337,router__general__byte_count,True,True,True,0.000505912856510466,0.0,0.000505912856510466,0.0,True
roll2,real_contiguous_block,1337,router__general__dns_port_packets,True,True,True,0.6292291152848922,0.6326530612244898,0.0034239459395976057,0.0,True
roll2,real_contiguous_block,1337,router__general__http_port_packets,True,True,True,0.9919686334028963,0.99791280148423,0.0059441680813336895,0.0,True
roll2,real_contiguous_block,1337,router__general__https_port_packets,True,True,True,0.8885726933535698,0.9007421150278293,0.012169421674259495,0.0,True
roll2,real_contiguous_block,1337,router__general__icmp_count,True,True,True,0.024600012647821412,0.00046382189239332097,0.02413619075542809,0.0,True
roll2,real_contiguous_block,1337,router__general__interarrival_positive_mean,False,True,True,0.000505912856510466,0.0,0.000505912856510466,0.0,True
roll2,real_contiguous_block,1337,router__general__interarrival_positive_std,False,True,True,0.000505912856510466,0.0,0.000505912856510466,0.0,True
roll2,real_contiguous_block,1337,router__general__ipv4_count,True,True,True,0.000505912856510466,0.0,0.000505912856510466,0.0,True
roll2,real_contiguous_block,1337,router__general__ipv6_count,True,True,True,0.33440839815341805,0.2200834879406308,0.11432491021278726,0.0,True
roll2,real_contiguous_block,1337,router__general__mqtt_port_packets,True,True,True,0.002213368747233289,0.0020871985157699443,0.00012617023146334469,0.0,True
roll2,real_contiguous_block,1337,router__general__packet_count,True,True,True,0.000505912856510466,0.0,0.000505912856510466,0.0,True
roll2,real_contiguous_block,1337,router__general__packet_length_max,True,True,True,0.000505912856510466,0.0,0.000505912856510466,0.0,True
roll2,real_contiguous_block,1337,router__general__packet_length_mean,True,True,True,0.000505912856510466,0.0,0.000505912856510466,0.0,True
roll2,real_contiguous_block,1337,router__general__packet_length_min,True,True,True,0.000505912856510466,0.0,0.000505912856510466,0.0,True
roll2,real_contiguous_block,1337,router__general__packet_length_std,True,True,True,0.000505912856510466,0.0,0.000505912856510466,0.0,True
roll2,real_contiguous_block,1337,router__general__tcp_count,True,True,True,0.000505912856510466,0.0,0.000505912856510466,0.0,True
roll2,real_contiguous_block,1337,router__general__tcp_fin_count,False,True,True,0.9738190096755834,0.9784322820037106,0.004613272328127138,0.0,True
roll2,real_contiguous_block,1337,router__general__tcp_rst_count,False,True,True,0.9890596344779612,0.990491651205937,0.0014320167279757712,0.0,True
roll2,real_contiguous_block,1337,router__general__tcp_syn_count,False,True,True,0.9686966420034149,0.9733302411873841,0.004633599183969217,0.0,True
roll2,real_contiguous_block,1337,router__general__udp_count,True,True,True,0.2788844621513944,0.15143784786641928,0.1274466142849751,0.0,True
roll2,real_contiguous_block,1337,router__general__unique_dst_ip_count,False,True,True,0.000505912856510466,0.0,0.000505912856510466,0.0,True
roll2,real_contiguous_block,1337,router__general__unique_endpoint_pair_count,True,True,True,0.000505912856510466,0.0,0.000505912856510466,0.0,True
roll2,real_contiguous_block,1337,router__general__unique_src_ip_count,False,True,True,0.000505912856510466,0.0,0.000505912856510466,0.0,True
roll2,real_contiguous_block,1337,router__iot_named__arp_count,True,True,True,0.19863403528742174,0.11734693877551021,0.08128709651191153,0.0,True
roll2,real_contiguous_block,1337,router__iot_named__byte_count,True,True,True,0.000252956428255233,0.0,0.000252956428255233,0.0,True
roll2,real_contiguous_block,1337,router__iot_named__dns_port_packets,True,True,True,0.661291342566243,0.6616419294990723,0.00035058693282929987,0.0,True
roll2,real_contiguous_block,1337,router__iot_named__http_port_packets,False,True,False,0.9982293050022134,1.0,0.0017706949977865927,0.0,True
roll2,real_contiguous_block,1337,router__iot_named__https_port_packets,True,True,True,0.9441598684626573,0.950834879406308,0.006675010943650639,0.0,True
roll2,real_contiguous_block,1337,router__iot_named__icmp_count,False,True,True,0.9982293050022134,0.9995361781076066,0.0013068731053932359,0.0,True
roll2,real_contiguous_block,1337,router__iot_named__interarrival_positive_mean,False,True,True,0.000252956428255233,0.0,0.000252956428255233,0.0,True
roll2,real_contiguous_block,1337,router__iot_named__interarrival_positive_std,False,True,True,0.000252956428255233,0.0,0.000252956428255233,0.0,True
roll2,real_contiguous_block,1337,router__iot_named__ipv4_count,True,True,True,0.000252956428255233,0.0,0.000252956428255233,0.0,True
roll2,real_contiguous_block,1337,router__iot_named__mqtt_port_packets,True,True,True,0.0018339341048504395,0.0020871985157699443,0.0002532644109195048,0.0,True
roll2,real_contiguous_block,1337,router__iot_named__packet_count,True,True,True,0.000252956428255233,0.0,0.000252956428255233,0.0,True
roll2,real_contiguous_block,1337,router__iot_named__packet_length_max,True,True,True,0.000252956428255233,0.0,0.000252956428255233,0.0,True
roll2,real_contiguous_block,1337,router__iot_named__packet_length_mean,True,True,True,0.000252956428255233,0.0,0.000252956428255233,0.0,True
roll2,real_contiguous_block,1337,router__iot_named__packet_length_min,True,True,True,0.000252956428255233,0.0,0.000252956428255233,0.0,True
roll2,real_contiguous_block,1337,router__iot_named__packet_length_std,True,True,True,0.000252956428255233,0.0,0.000252956428255233,0.0,True
roll2,real_contiguous_block,1337,router__iot_named__tcp_count,True,True,True,0.0004426737494466578,0.0,0.0004426737494466578,0.0,True
roll2,real_contiguous_block,1337,router__iot_named__tcp_fin_count,False,True,True,0.9909568076898754,0.9925788497217068,0.0016220420318314721,0.0,True
roll2,real_contiguous_block,1337,router__iot_named__tcp_rst_count,False,True,True,0.9978498703598305,0.9983766233766234,0.0005267530167928358,0.0,True
roll2,real_contiguous_block,1337,router__iot_named__tcp_syn_count,False,True,True,0.9927275026876621,0.9939703153988868,0.0012428127112247278,0.0,True
roll2,real_contiguous_block,1337,router__iot_named__udp_count,True,True,True,0.38480996648327326,0.2734230055658627,0.11138696091741057,0.0,True
roll2,real_contiguous_block,1337,router__iot_named__unique_dst_ip_count,True,True,True,0.000252956428255233,0.0,0.000252956428255233,0.0,True
roll2,real_contiguous_block,1337,router__iot_named__unique_endpoint_pair_count,True,True,True,0.000252956428255233,0.0,0.000252956428255233,0.0,True
roll2,real_contiguous_block,1337,router__iot_named__unique_src_ip_count,True,True,True,0.000252956428255233,0.0,0.000252956428255233,0.0,True
roll2,independent_marginals,1337,iot__fridge__condition_high_fraction,True,True,True,0.017327515335483462,0.018320964749536178,0.0009934494140527161,0.0,True
roll2,independent_marginals,1337,iot__fridge__temperature_mean,True,True,True,0.0013280212483399733,0.0016233766233766235,0.00029535537503665014,0.0,True
roll2,independent_marginals,1337,iot__garage__door_open_fraction,True,True,True,0.5948902801492443,0.5892857142857143,0.0056045658635299755,0.0,True
roll2,independent_marginals,1337,iot__garage__smartphone_signal_true_fraction,False,True,True,0.5948902801492443,0.5911410018552876,0.0037492782939566593,0.0,True
roll2,independent_marginals,1337,iot__gps__latitude_mean,True,True,True,0.0010750648200847405,0.0009276437847866419,0.00014742103529809855,0.0,True
roll2,independent_marginals,1337,iot__gps__longitude_mean,True,True,True,0.0010750648200847405,0.0006957328385899814,0.00037933198149475906,0.0,True
roll2,independent_marginals,1337,iot__modbus__register_1_mean,True,True,True,0.0010750648200847405,0.00023191094619666049,0.00084315387388808,0.0,True
roll2,independent_marginals,1337,iot__modbus__register_2_mean,True,True,True,0.0010750648200847405,0.00046382189239332097,0.0006112429276914195,0.0,True
roll2,independent_marginals,1337,iot__modbus__register_3_mean,True,True,True,0.0010750648200847405,0.0006957328385899814,0.00037933198149475906,0.0,True
roll2,independent_marginals,1337,iot__modbus__register_4_mean,True,True,True,0.0010750648200847405,0.0006957328385899814,0.00037933198149475906,0.0,True
roll2,independent_marginals,1337,iot__motion_light__light_on_fraction,True,True,True,0.24245873648264085,0.23214285714285715,0.010315879339783701,0.0,True
roll2,independent_marginals,1337,iot__motion_light__motion_true_fraction,True,True,True,0.24245873648264085,0.2532467532467532,0.010788016764112368,0.0,True
roll2,independent_marginals,1337,iot__thermostat__status_true_fraction,True,True,True,0.007525453740593183,0.006029684601113173,0.00149576913948001,0.0,True
roll2,independent_marginals,1337,iot__thermostat__temperature_mean,True,True,True,0.0020868905331056726,0.003478664192949907,0.0013917736598442346,0.0,True
roll2,independent_marginals,1337,iot__weather__humidity_mean,True,True,True,0.001011825713020932,0.0009276437847866419,8.418192823429012e-05,0.0,True
roll2,independent_marginals,1337,iot__weather__pressure_mean,True,True,True,0.001011825713020932,0.0016233766233766235,0.0006115509103556914,0.0,True
roll2,independent_marginals,1337,iot__weather__temperature_mean,True,True,True,0.001011825713020932,0.0011595547309833025,0.0001477290179623704,0.0,True
roll2,independent_marginals,1337,router__general__arp_count,False,True,True,0.10687409093783595,0.09693877551020408,0.009935315427631874,0.0,True
roll2,independent_marginals,1337,router__general__byte_count,True,True,True,0.000505912856510466,0.00023191094619666049,0.0002740019103138055,0.0,True
roll2,independent_marginals,1337,router__general__dns_port_packets,True,True,True,0.6292291152848922,0.636595547309833,0.0073664320249408055,0.0,True
roll2,independent_marginals,1337,router__general__http_port_packets,True,True,True,0.9919686334028963,0.9935064935064936,0.001537860103597244,0.0,True
roll2,independent_marginals,1337,router__general__https_port_packets,True,True,True,0.8885726933535698,0.8861317254174397,0.002440967936130134,0.0,True
roll2,independent_marginals,1337,router__general__icmp_count,True,True,True,0.024600012647821412,0.026205936920222633,0.0016059242724012213,0.0,True
roll2,independent_marginals,1337,router__general__interarrival_positive_mean,False,True,True,0.000505912856510466,0.0006957328385899814,0.0001898199820795154,0.0,True
roll2,independent_marginals,1337,router__general__interarrival_positive_std,False,True,True,0.000505912856510466,0.00046382189239332097,4.209096411714506e-05,0.0,True
roll2,independent_marginals,1337,router__general__ipv4_count,True,True,True,0.000505912856510466,0.0009276437847866419,0.0004217309282761759,0.0,True
roll2,independent_marginals,1337,router__general__ipv6_count,True,True,True,0.33440839815341805,0.3365027829313544,0.002094384777936331,0.0,True
roll2,independent_marginals,1337,router__general__mqtt_port_packets,True,True,True,0.002213368747233289,0.0020871985157699443,0.00012617023146334469,0.0,True
roll2,independent_marginals,1337,router__general__packet_count,True,True,True,0.000505912856510466,0.0009276437847866419,0.0004217309282761759,0.0,True
roll2,independent_marginals,1337,router__general__packet_length_max,True,True,True,0.000505912856510466,0.00023191094619666049,0.0002740019103138055,0.0,True
roll2,independent_marginals,1337,router__general__packet_length_mean,True,True,True,0.000505912856510466,0.0009276437847866419,0.0004217309282761759,0.0,True
roll2,independent_marginals,1337,router__general__packet_length_min,True,True,True,0.000505912856510466,0.00046382189239332097,4.209096411714506e-05,0.0,True
roll2,independent_marginals,1337,router__general__packet_length_std,True,True,True,0.000505912856510466,0.0011595547309833025,0.0006536418744728364,0.0,True
roll2,independent_marginals,1337,router__general__tcp_count,True,True,True,0.000505912856510466,0.00023191094619666049,0.0002740019103138055,0.0,True
roll2,independent_marginals,1337,router__general__tcp_fin_count,False,True,True,0.9738190096755834,0.9730983302411874,0.000720679434396021,0.0,True
roll2,independent_marginals,1337,router__general__tcp_rst_count,False,True,True,0.9890596344779612,0.9895640074211502,0.0005043729431890576,0.0,True
roll2,independent_marginals,1337,router__general__tcp_syn_count,False,True,True,0.9686966420034149,0.9712430426716141,0.0025464006681992224,0.0,True
roll2,independent_marginals,1337,router__general__udp_count,True,True,True,0.2788844621513944,0.26553803339517623,0.013346428756218165,0.0,True
roll2,independent_marginals,1337,router__general__unique_dst_ip_count,False,True,True,0.000505912856510466,0.0006957328385899814,0.0001898199820795154,0.0,True
roll2,independent_marginals,1337,router__general__unique_endpoint_pair_count,True,True,True,0.000505912856510466,0.0011595547309833025,0.0006536418744728364,0.0,True
roll2,independent_marginals,1337,router__general__unique_src_ip_count,False,True,True,0.000505912856510466,0.0013914656771799629,0.0008855528206694968,0.0,True
roll2,independent_marginals,1337,router__iot_named__arp_count,True,True,True,0.19863403528742174,0.20222634508348794,0.003592309796066201,0.0,True
roll2,independent_marginals,1337,router__iot_named__byte_count,True,True,True,0.000252956428255233,0.00023191094619666049,2.104548205857253e-05,0.0,True
roll2,independent_marginals,1337,router__iot_named__dns_port_packets,True,True,True,0.661291342566243,0.6658163265306123,0.004524983964369289,0.0,True
roll2,independent_marginals,1337,router__iot_named__http_port_packets,False,True,True,0.9982293050022134,0.9983766233766234,0.00014731837440995488,0.0,True
roll2,independent_marginals,1337,router__iot_named__https_port_packets,True,True,True,0.9441598684626573,0.9427179962894249,0.001441872173232439,0.0,True
roll2,independent_marginals,1337,router__iot_named__icmp_count,False,True,True,0.9982293050022134,0.99860853432282,0.0003792293206066333,0.0,True
roll2,independent_marginals,1337,router__iot_named__interarrival_positive_mean,False,True,True,0.000252956428255233,0.00023191094619666049,2.104548205857253e-05,0.0,True
roll2,independent_marginals,1337,router__iot_named__interarrival_positive_std,False,True,True,0.000252956428255233,0.0,0.000252956428255233,0.0,True
roll2,independent_marginals,1337,router__iot_named__ipv4_count,True,True,True,0.000252956428255233,0.0,0.000252956428255233,0.0,True
roll2,independent_marginals,1337,router__iot_named__mqtt_port_packets,True,True,True,0.0018339341048504395,0.0020871985157699443,0.0002532644109195048,0.0,True
roll2,independent_marginals,1337,router__iot_named__packet_count,True,True,True,0.000252956428255233,0.0,0.000252956428255233,0.0,True
roll2,independent_marginals,1337,router__iot_named__packet_length_max,True,True,True,0.000252956428255233,0.0,0.000252956428255233,0.0,True
roll2,independent_marginals,1337,router__iot_named__packet_length_mean,True,True,True,0.000252956428255233,0.00023191094619666049,2.104548205857253e-05,0.0,True
roll2,independent_marginals,1337,router__iot_named__packet_length_min,True,True,True,0.000252956428255233,0.00046382189239332097,0.00021086546413808796,0.0,True
roll2,independent_marginals,1337,router__iot_named__packet_length_std,True,True,True,0.000252956428255233,0.0,0.000252956428255233,0.0,True
roll2,independent_marginals,1337,router__iot_named__tcp_count,True,True,True,0.0004426737494466578,0.0006957328385899814,0.0002530590891433236,0.0,True
roll2,independent_marginals,1337,router__iot_named__tcp_fin_count,False,True,True,0.9909568076898754,0.990491651205937,0.00046515648393841147,0.0,True
roll2,independent_marginals,1337,router__iot_named__tcp_rst_count,False,True,True,0.9978498703598305,0.9981447124304267,0.0002948420705961574,0.0,True
roll2,independent_marginals,1337,router__iot_named__tcp_syn_count,False,True,True,0.9927275026876621,0.9930426716141002,0.0003151689264381252,0.0,True
roll2,independent_marginals,1337,router__iot_named__udp_count,True,True,True,0.38480996648327326,0.3884508348794063,0.0036408683961330346,0.0,True
roll2,independent_marginals,1337,router__iot_named__unique_dst_ip_count,True,True,True,0.000252956428255233,0.0,0.000252956428255233,0.0,True
roll2,independent_marginals,1337,router__iot_named__unique_endpoint_pair_count,True,True,True,0.000252956428255233,0.00023191094619666049,2.104548205857253e-05,0.0,True
roll2,independent_marginals,1337,router__iot_named__unique_src_ip_count,True,True,True,0.000252956428255233,0.0006957328385899814,0.0004427764103347484,0.0,True
roll2,column_shuffle,1337,iot__fridge__condition_high_fraction,True,True,True,0.017327515335483462,0.015769944341372914,0.0015575709941105485,0.0,True
roll2,column_shuffle,1337,iot__fridge__temperature_mean,True,True,True,0.0013280212483399733,0.00023191094619666049,0.001096110302143313,0.0,True
roll2,column_shuffle,1337,iot__garage__door_open_fraction,True,True,True,0.5948902801492443,0.5911410018552876,0.0037492782939566593,0.0,True
roll2,column_shuffle,1337,iot__garage__smartphone_signal_true_fraction,False,True,True,0.5948902801492443,0.5911410018552876,0.0037492782939566593,0.0,True
roll2,column_shuffle,1337,iot__gps__latitude_mean,True,True,True,0.0010750648200847405,0.00023191094619666049,0.00084315387388808,0.0,True
roll2,column_shuffle,1337,iot__gps__longitude_mean,True,True,True,0.0010750648200847405,0.00023191094619666049,0.00084315387388808,0.0,True
roll2,column_shuffle,1337,iot__modbus__register_1_mean,True,True,True,0.0010750648200847405,0.00023191094619666049,0.00084315387388808,0.0,True
roll2,column_shuffle,1337,iot__modbus__register_2_mean,True,True,True,0.0010750648200847405,0.00023191094619666049,0.00084315387388808,0.0,True
roll2,column_shuffle,1337,iot__modbus__register_3_mean,True,True,True,0.0010750648200847405,0.00023191094619666049,0.00084315387388808,0.0,True
roll2,column_shuffle,1337,iot__modbus__register_4_mean,True,True,True,0.0010750648200847405,0.00023191094619666049,0.00084315387388808,0.0,True
roll2,column_shuffle,1337,iot__motion_light__light_on_fraction,True,True,True,0.24245873648264085,0.24304267161410018,0.0005839351314593233,0.0,True
roll2,column_shuffle,1337,iot__motion_light__motion_true_fraction,True,True,True,0.24245873648264085,0.24304267161410018,0.0005839351314593233,0.0,True
roll2,column_shuffle,1337,iot__thermostat__status_true_fraction,True,True,True,0.007525453740593183,0.006029684601113173,0.00149576913948001,0.0,True
roll2,column_shuffle,1337,iot__thermostat__temperature_mean,True,True,True,0.0020868905331056726,0.0009276437847866419,0.0011592467483190305,0.0,True
roll2,column_shuffle,1337,iot__weather__humidity_mean,True,True,True,0.001011825713020932,0.00023191094619666049,0.0007799147668242715,0.0,True
roll2,column_shuffle,1337,iot__weather__pressure_mean,True,True,True,0.001011825713020932,0.00023191094619666049,0.0007799147668242715,0.0,True
roll2,column_shuffle,1337,iot__weather__temperature_mean,True,True,True,0.001011825713020932,0.00023191094619666049,0.0007799147668242715,0.0,True
roll2,column_shuffle,1337,router__general__arp_count,False,True,True,0.10687409093783595,0.06679035250463822,0.040083738433197735,0.0,True
roll2,column_shuffle,1337,router__general__byte_count,True,True,True,0.000505912856510466,0.0,0.000505912856510466,0.0,True
roll2,column_shuffle,1337,router__general__dns_port_packets,True,True,True,0.6292291152848922,0.6326530612244898,0.0034239459395976057,0.0,True
roll2,column_shuffle,1337,router__general__http_port_packets,True,True,True,0.9919686334028963,0.99791280148423,0.0059441680813336895,0.0,True
roll2,column_shuffle,1337,router__general__https_port_packets,True,True,True,0.8885726933535698,0.9007421150278293,0.012169421674259495,0.0,True
roll2,column_shuffle,1337,router__general__icmp_count,True,True,True,0.024600012647821412,0.00046382189239332097,0.02413619075542809,0.0,True
roll2,column_shuffle,1337,router__general__interarrival_positive_mean,False,True,True,0.000505912856510466,0.0,0.000505912856510466,0.0,True
roll2,column_shuffle,1337,router__general__interarrival_positive_std,False,True,True,0.000505912856510466,0.0,0.000505912856510466,0.0,True
roll2,column_shuffle,1337,router__general__ipv4_count,True,True,True,0.000505912856510466,0.0,0.000505912856510466,0.0,True
roll2,column_shuffle,1337,router__general__ipv6_count,True,True,True,0.33440839815341805,0.2200834879406308,0.11432491021278726,0.0,True
roll2,column_shuffle,1337,router__general__mqtt_port_packets,True,True,True,0.002213368747233289,0.0020871985157699443,0.00012617023146334469,0.0,True
roll2,column_shuffle,1337,router__general__packet_count,True,True,True,0.000505912856510466,0.0,0.000505912856510466,0.0,True
roll2,column_shuffle,1337,router__general__packet_length_max,True,True,True,0.000505912856510466,0.0,0.000505912856510466,0.0,True
roll2,column_shuffle,1337,router__general__packet_length_mean,True,True,True,0.000505912856510466,0.0,0.000505912856510466,0.0,True
roll2,column_shuffle,1337,router__general__packet_length_min,True,True,True,0.000505912856510466,0.0,0.000505912856510466,0.0,True
roll2,column_shuffle,1337,router__general__packet_length_std,True,True,True,0.000505912856510466,0.0,0.000505912856510466,0.0,True
roll2,column_shuffle,1337,router__general__tcp_count,True,True,True,0.000505912856510466,0.0,0.000505912856510466,0.0,True
roll2,column_shuffle,1337,router__general__tcp_fin_count,False,True,True,0.9738190096755834,0.9784322820037106,0.004613272328127138,0.0,True
roll2,column_shuffle,1337,router__general__tcp_rst_count,False,True,True,0.9890596344779612,0.990491651205937,0.0014320167279757712,0.0,True
roll2,column_shuffle,1337,router__general__tcp_syn_count,False,True,True,0.9686966420034149,0.9733302411873841,0.004633599183969217,0.0,True
roll2,column_shuffle,1337,router__general__udp_count,True,True,True,0.2788844621513944,0.15143784786641928,0.1274466142849751,0.0,True
roll2,column_shuffle,1337,router__general__unique_dst_ip_count,False,True,True,0.000505912856510466,0.0,0.000505912856510466,0.0,True
roll2,column_shuffle,1337,router__general__unique_endpoint_pair_count,True,True,True,0.000505912856510466,0.0,0.000505912856510466,0.0,True
roll2,column_shuffle,1337,router__general__unique_src_ip_count,False,True,True,0.000505912856510466,0.0,0.000505912856510466,0.0,True
roll2,column_shuffle,1337,router__iot_named__arp_count,True,True,True,0.19863403528742174,0.11734693877551021,0.08128709651191153,0.0,True
roll2,column_shuffle,1337,router__iot_named__byte_count,True,True,True,0.000252956428255233,0.0,0.000252956428255233,0.0,True
roll2,column_shuffle,1337,router__iot_named__dns_port_packets,True,True,True,0.661291342566243,0.6616419294990723,0.00035058693282929987,0.0,True
roll2,column_shuffle,1337,router__iot_named__http_port_packets,False,True,False,0.9982293050022134,1.0,0.0017706949977865927,0.0,True
roll2,column_shuffle,1337,router__iot_named__https_port_packets,True,True,True,0.9441598684626573,0.950834879406308,0.006675010943650639,0.0,True
roll2,column_shuffle,1337,router__iot_named__icmp_count,False,True,True,0.9982293050022134,0.9995361781076066,0.0013068731053932359,0.0,True
roll2,column_shuffle,1337,router__iot_named__interarrival_positive_mean,False,True,True,0.000252956428255233,0.0,0.000252956428255233,0.0,True
roll2,column_shuffle,1337,router__iot_named__interarrival_positive_std,False,True,True,0.000252956428255233,0.0,0.000252956428255233,0.0,True
roll2,column_shuffle,1337,router__iot_named__ipv4_count,True,True,True,0.000252956428255233,0.0,0.000252956428255233,0.0,True
roll2,column_shuffle,1337,router__iot_named__mqtt_port_packets,True,True,True,0.0018339341048504395,0.0020871985157699443,0.0002532644109195048,0.0,True
roll2,column_shuffle,1337,router__iot_named__packet_count,True,True,True,0.000252956428255233,0.0,0.000252956428255233,0.0,True
roll2,column_shuffle,1337,router__iot_named__packet_length_max,True,True,True,0.000252956428255233,0.0,0.000252956428255233,0.0,True
roll2,column_shuffle,1337,router__iot_named__packet_length_mean,True,True,True,0.000252956428255233,0.0,0.000252956428255233,0.0,True
roll2,column_shuffle,1337,router__iot_named__packet_length_min,True,True,True,0.000252956428255233,0.0,0.000252956428255233,0.0,True
roll2,column_shuffle,1337,router__iot_named__packet_length_std,True,True,True,0.000252956428255233,0.0,0.000252956428255233,0.0,True
roll2,column_shuffle,1337,router__iot_named__tcp_count,True,True,True,0.0004426737494466578,0.0,0.0004426737494466578,0.0,True
roll2,column_shuffle,1337,router__iot_named__tcp_fin_count,False,True,True,0.9909568076898754,0.9925788497217068,0.0016220420318314721,0.0,True
roll2,column_shuffle,1337,router__iot_named__tcp_rst_count,False,True,True,0.9978498703598305,0.9983766233766234,0.0005267530167928358,0.0,True
roll2,column_shuffle,1337,router__iot_named__tcp_syn_count,False,True,True,0.9927275026876621,0.9939703153988868,0.0012428127112247278,0.0,True
roll2,column_shuffle,1337,router__iot_named__udp_count,True,True,True,0.38480996648327326,0.2734230055658627,0.11138696091741057,0.0,True
roll2,column_shuffle,1337,router__iot_named__unique_dst_ip_count,True,True,True,0.000252956428255233,0.0,0.000252956428255233,0.0,True
roll2,column_shuffle,1337,router__iot_named__unique_endpoint_pair_count,True,True,True,0.000252956428255233,0.0,0.000252956428255233,0.0,True
roll2,column_shuffle,1337,router__iot_named__unique_src_ip_count,True,True,True,0.000252956428255233,0.0,0.000252956428255233,0.0,True
roll2,hurdle_iid,1337,iot__fridge__condition_high_fraction,True,True,True,0.017327515335483462,0.01461038961038961,0.002717125725093852,0.0,True
roll2,hurdle_iid,1337,iot__fridge__temperature_mean,True,True,True,0.0013280212483399733,0.0011595547309833025,0.0001684665173566709,0.0,True
roll2,hurdle_iid,1337,iot__garage__door_open_fraction,True,True,True,0.5948902801492443,0.6041280148423006,0.009237734693056332,0.0,True
roll2,hurdle_iid,1337,iot__garage__smartphone_signal_true_fraction,False,True,True,0.5948902801492443,0.588126159554731,0.0067641205945132565,0.0,True
roll2,hurdle_iid,1337,iot__gps__latitude_mean,True,True,True,0.0010750648200847405,0.0009276437847866419,0.00014742103529809855,0.0,True
roll2,hurdle_iid,1337,iot__gps__longitude_mean,True,True,True,0.0010750648200847405,0.0006957328385899814,0.00037933198149475906,0.0,True
roll2,hurdle_iid,1337,iot__modbus__register_1_mean,True,True,True,0.0010750648200847405,0.0009276437847866419,0.00014742103529809855,0.0,True
roll2,hurdle_iid,1337,iot__modbus__register_2_mean,True,True,True,0.0010750648200847405,0.0018552875695732839,0.0007802227494885434,0.0,True
roll2,hurdle_iid,1337,iot__modbus__register_3_mean,True,True,True,0.0010750648200847405,0.0016233766233766235,0.000548311803291883,0.0,True
roll2,hurdle_iid,1337,iot__modbus__register_4_mean,True,True,True,0.0010750648200847405,0.00046382189239332097,0.0006112429276914195,0.0,True
roll2,hurdle_iid,1337,iot__motion_light__light_on_fraction,True,True,True,0.24245873648264085,0.26113172541743973,0.01867298893479888,0.0,True
roll2,hurdle_iid,1337,iot__motion_light__motion_true_fraction,True,True,True,0.24245873648264085,0.24628942486085342,0.003830688378212571,0.0,True
roll2,hurdle_iid,1337,iot__thermostat__status_true_fraction,True,True,True,0.007525453740593183,0.00510204081632653,0.0024234129242666526,0.0,True
roll2,hurdle_iid,1337,iot__thermostat__temperature_mean,True,True,True,0.0020868905331056726,0.002551020408163265,0.00046412987505759255,0.0,True
roll2,hurdle_iid,1337,iot__weather__humidity_mean,True,True,True,0.001011825713020932,0.0009276437847866419,8.418192823429012e-05,0.0,True
roll2,hurdle_iid,1337,iot__weather__pressure_mean,True,True,True,0.001011825713020932,0.002319109461966605,0.0013072837489456729,0.0,True
roll2,hurdle_iid,1337,iot__weather__temperature_mean,True,True,True,0.001011825713020932,0.0027829313543599257,0.0017711056413389937,0.0,True
roll2,hurdle_iid,1337,router__general__arp_count,False,True,True,0.10687409093783595,0.1115491651205937,0.004675074182757741,0.0,True
roll2,hurdle_iid,1337,router__general__byte_count,True,True,True,0.000505912856510466,0.00046382189239332097,4.209096411714506e-05,0.0,True
roll2,hurdle_iid,1337,router__general__dns_port_packets,True,True,True,0.6292291152848922,0.6296382189239332,0.00040910363904100855,0.0,True
roll2,hurdle_iid,1337,router__general__http_port_packets,True,True,True,0.9919686334028963,0.9914192949907236,0.0005493384121727507,0.0,True
roll2,hurdle_iid,1337,router__general__https_port_packets,True,True,True,0.8885726933535698,0.8928571428571429,0.004284449503573096,0.0,True
roll2,hurdle_iid,1337,router__general__icmp_count,True,True,True,0.024600012647821412,0.022263450834879406,0.0023365618129420063,0.0,True
roll2,hurdle_iid,1337,router__general__interarrival_positive_mean,False,True,True,0.000505912856510466,0.0006957328385899814,0.0001898199820795154,0.0,True
roll2,hurdle_iid,1337,router__general__interarrival_positive_std,False,True,True,0.000505912856510466,0.00023191094619666049,0.0002740019103138055,0.0,True
roll2,hurdle_iid,1337,router__general__ipv4_count,True,True,True,0.000505912856510466,0.0,0.000505912856510466,0.0,True
roll2,hurdle_iid,1337,router__general__ipv6_count,True,True,True,0.33440839815341805,0.3327922077922078,0.0016161903612102457,0.0,True
roll2,hurdle_iid,1337,router__general__mqtt_port_packets,True,True,True,0.002213368747233289,0.0020871985157699443,0.00012617023146334469,0.0,True
roll2,hurdle_iid,1337,router__general__packet_count,True,True,True,0.000505912856510466,0.00046382189239332097,4.209096411714506e-05,0.0,True
roll2,hurdle_iid,1337,router__general__packet_length_max,True,True,True,0.000505912856510466,0.0013914656771799629,0.0008855528206694968,0.0,True
roll2,hurdle_iid,1337,router__general__packet_length_mean,True,True,True,0.000505912856510466,0.0006957328385899814,0.0001898199820795154,0.0,True
roll2,hurdle_iid,1337,router__general__packet_length_min,True,True,True,0.000505912856510466,0.00046382189239332097,4.209096411714506e-05,0.0,True
roll2,hurdle_iid,1337,router__general__packet_length_std,True,True,True,0.000505912856510466,0.0006957328385899814,0.0001898199820795154,0.0,True
roll2,hurdle_iid,1337,router__general__tcp_count,True,True,True,0.000505912856510466,0.0009276437847866419,0.0004217309282761759,0.0,True
roll2,hurdle_iid,1337,router__general__tcp_fin_count,False,True,True,0.9738190096755834,0.9707792207792207,0.003039788896362694,0.0,True
roll2,hurdle_iid,1337,router__general__tcp_rst_count,False,True,True,0.9890596344779612,0.9893320964749536,0.00027246199699237916,0.0,True
roll2,hurdle_iid,1337,router__general__tcp_syn_count,False,True,True,0.9686966420034149,0.9691558441558441,0.0004592021524292278,0.0,True
roll2,hurdle_iid,1337,router__general__udp_count,True,True,True,0.2788844621513944,0.27782931354359924,0.0010551486077951533,0.0,True
roll2,hurdle_iid,1337,router__general__unique_dst_ip_count,False,True,True,0.000505912856510466,0.0,0.000505912856510466,0.0,True
roll2,hurdle_iid,1337,router__general__unique_endpoint_pair_count,True,True,True,0.000505912856510466,0.0009276437847866419,0.0004217309282761759,0.0,True
roll2,hurdle_iid,1337,router__general__unique_src_ip_count,False,True,True,0.000505912856510466,0.00046382189239332097,4.209096411714506e-05,0.0,True
roll2,hurdle_iid,1337,router__iot_named__arp_count,True,True,True,0.19863403528742174,0.2036178107606679,0.00498377547324616,0.0,True
roll2,hurdle_iid,1337,router__iot_named__byte_count,True,True,True,0.000252956428255233,0.0,0.000252956428255233,0.0,True
roll2,hurdle_iid,1337,router__iot_named__dns_port_packets,True,True,True,0.661291342566243,0.6667439703153989,0.005452627749155892,0.0,True
roll2,hurdle_iid,1337,router__iot_named__http_port_packets,False,True,True,0.9982293050022134,0.9983766233766234,0.00014731837440995488,0.0,True
roll2,hurdle_iid,1337,router__iot_named__https_port_packets,True,True,True,0.9441598684626573,0.9408627087198516,0.0032971597428057553,0.0,True
roll2,hurdle_iid,1337,router__iot_named__icmp_count,False,True,True,0.9982293050022134,0.99860853432282,0.0003792293206066333,0.0,True
roll2,hurdle_iid,1337,router__iot_named__interarrival_positive_mean,False,True,True,0.000252956428255233,0.00023191094619666049,2.104548205857253e-05,0.0,True
roll2,hurdle_iid,1337,router__iot_named__interarrival_positive_std,False,True,True,0.000252956428255233,0.0,0.000252956428255233,0.0,True
roll2,hurdle_iid,1337,router__iot_named__ipv4_count,True,True,True,0.000252956428255233,0.0006957328385899814,0.0004427764103347484,0.0,True
roll2,hurdle_iid,1337,router__iot_named__mqtt_port_packets,True,True,True,0.0018339341048504395,0.002551020408163265,0.0007170863033128256,0.0,True
roll2,hurdle_iid,1337,router__iot_named__packet_count,True,True,True,0.000252956428255233,0.0,0.000252956428255233,0.0,True
roll2,hurdle_iid,1337,router__iot_named__packet_length_max,True,True,True,0.000252956428255233,0.00046382189239332097,0.00021086546413808796,0.0,True
roll2,hurdle_iid,1337,router__iot_named__packet_length_mean,True,True,True,0.000252956428255233,0.00023191094619666049,2.104548205857253e-05,0.0,True
roll2,hurdle_iid,1337,router__iot_named__packet_length_min,True,True,True,0.000252956428255233,0.00023191094619666049,2.104548205857253e-05,0.0,True
roll2,hurdle_iid,1337,router__iot_named__packet_length_std,True,True,True,0.000252956428255233,0.00023191094619666049,2.104548205857253e-05,0.0,True
roll2,hurdle_iid,1337,router__iot_named__tcp_count,True,True,True,0.0004426737494466578,0.00046382189239332097,2.1148142946663155e-05,0.0,True
roll2,hurdle_iid,1337,router__iot_named__tcp_fin_count,False,True,True,0.9909568076898754,0.9893320964749536,0.0016247112149218035,0.0,True
roll2,hurdle_iid,1337,router__iot_named__tcp_rst_count,False,True,True,0.9978498703598305,0.9972170686456401,0.0006328017141904452,0.0,True
roll2,hurdle_iid,1337,router__iot_named__tcp_syn_count,False,True,True,0.9927275026876621,0.9911873840445269,0.001540118643135191,0.0,True
roll2,hurdle_iid,1337,router__iot_named__udp_count,True,True,True,0.38480996648327326,0.3817254174397032,0.003084549043570084,0.0,True
roll2,hurdle_iid,1337,router__iot_named__unique_dst_ip_count,True,True,True,0.000252956428255233,0.00023191094619666049,2.104548205857253e-05,0.0,True
roll2,hurdle_iid,1337,router__iot_named__unique_endpoint_pair_count,True,True,True,0.000252956428255233,0.00046382189239332097,0.00021086546413808796,0.0,True
roll2,hurdle_iid,1337,router__iot_named__unique_src_ip_count,True,True,True,0.000252956428255233,0.00046382189239332097,0.00021086546413808796,0.0,True
roll2,independent_stitch,1337,iot__fridge__condition_high_fraction,True,True,True,0.017327515335483462,0.013218923933209647,0.004108591402273815,0.0,True
roll2,independent_stitch,1337,iot__fridge__temperature_mean,True,True,True,0.0013280212483399733,0.003478664192949907,0.002150642944609934,0.0,True
roll2,independent_stitch,1337,iot__garage__door_open_fraction,True,True,True,0.5948902801492443,0.5971706864564007,0.002280406307156424,0.0,True
roll2,independent_stitch,1337,iot__garage__smartphone_signal_true_fraction,False,True,True,0.5948902801492443,0.5925324675324676,0.0023578126167767,0.0,True
roll2,independent_stitch,1337,iot__gps__latitude_mean,True,True,True,0.0010750648200847405,0.004406307977736549,0.0033312431576518085,0.0,True
roll2,independent_stitch,1337,iot__gps__longitude_mean,True,True,True,0.0010750648200847405,0.0006957328385899814,0.00037933198149475906,0.0,True
roll2,independent_stitch,1337,iot__modbus__register_1_mean,True,True,True,0.0010750648200847405,0.00046382189239332097,0.0006112429276914195,0.0,True
roll2,independent_stitch,1337,iot__modbus__register_2_mean,True,True,True,0.0010750648200847405,0.00046382189239332097,0.0006112429276914195,0.0,True
roll2,independent_stitch,1337,iot__modbus__register_3_mean,True,True,True,0.0010750648200847405,0.0,0.0010750648200847405,0.0,True
roll2,independent_stitch,1337,iot__modbus__register_4_mean,True,True,True,0.0010750648200847405,0.00046382189239332097,0.0006112429276914195,0.0,True
roll2,independent_stitch,1337,iot__motion_light__light_on_fraction,True,True,True,0.24245873648264085,0.2481447124304267,0.00568597594778586,0.0,True
roll2,independent_stitch,1337,iot__motion_light__motion_true_fraction,True,True,True,0.24245873648264085,0.24976808905380335,0.007309352571162497,0.0,True
roll2,independent_stitch,1337,iot__thermostat__status_true_fraction,True,True,True,0.007525453740593183,0.005333951762523191,0.0021915019780699915,0.0,True
roll2,independent_stitch,1337,iot__thermostat__temperature_mean,True,True,True,0.0020868905331056726,0.0006957328385899814,0.0013911576945156911,0.0,True
roll2,independent_stitch,1337,iot__weather__humidity_mean,True,True,True,0.001011825713020932,0.002551020408163265,0.001539194695142333,0.0,True
roll2,independent_stitch,1337,iot__weather__pressure_mean,True,True,True,0.001011825713020932,0.00023191094619666049,0.0007799147668242715,0.0,True
roll2,independent_stitch,1337,iot__weather__temperature_mean,True,True,True,0.001011825713020932,0.003478664192949907,0.002466838479928975,0.0,True
roll2,independent_stitch,1337,router__general__arp_count,False,True,True,0.10687409093783595,0.11270871985157699,0.005834628913741036,0.0,True
roll2,independent_stitch,1337,router__general__byte_count,True,True,True,0.000505912856510466,0.0018552875695732839,0.001349374713062818,0.0,True
roll2,independent_stitch,1337,router__general__dns_port_packets,True,True,True,0.6292291152848922,0.6384508348794063,0.009221719594514122,0.0,True
roll2,independent_stitch,1337,router__general__http_port_packets,True,True,True,0.9919686334028963,0.9976808905380334,0.005712257135137122,0.0,True
roll2,independent_stitch,1337,router__general__https_port_packets,True,True,True,0.8885726933535698,0.8956400742115028,0.007067380857933014,0.0,True
roll2,independent_stitch,1337,router__general__icmp_count,True,True,True,0.024600012647821412,0.01924860853432282,0.005351404113498593,0.0,True
roll2,independent_stitch,1337,router__general__interarrival_positive_mean,False,True,True,0.000505912856510466,0.0,0.000505912856510466,0.0,True
roll2,independent_stitch,1337,router__general__interarrival_positive_std,False,True,True,0.000505912856510466,0.0,0.000505912856510466,0.0,True
roll2,independent_stitch,1337,router__general__ipv4_count,True,True,True,0.000505912856510466,0.0,0.000505912856510466,0.0,True
roll2,independent_stitch,1337,router__general__ipv6_count,True,True,True,0.33440839815341805,0.28316326530612246,0.051245132847295594,0.0,True
roll2,independent_stitch,1337,router__general__mqtt_port_packets,True,True,True,0.002213368747233289,0.0020871985157699443,0.00012617023146334469,0.0,True
roll2,independent_stitch,1337,router__general__packet_count,True,True,True,0.000505912856510466,0.0,0.000505912856510466,0.0,True
roll2,independent_stitch,1337,router__general__packet_length_max,True,True,True,0.000505912856510466,0.0,0.000505912856510466,0.0,True
roll2,independent_stitch,1337,router__general__packet_length_mean,True,True,True,0.000505912856510466,0.00046382189239332097,4.209096411714506e-05,0.0,True
roll2,independent_stitch,1337,router__general__packet_length_min,True,True,True,0.000505912856510466,0.0018552875695732839,0.001349374713062818,0.0,True
roll2,independent_stitch,1337,router__general__packet_length_std,True,True,True,0.000505912856510466,0.0,0.000505912856510466,0.0,True
roll2,independent_stitch,1337,router__general__tcp_count,True,True,True,0.000505912856510466,0.0,0.000505912856510466,0.0,True
roll2,independent_stitch,1337,router__general__tcp_fin_count,False,True,True,0.9738190096755834,0.9735621521335807,0.0002568575420027752,0.0,True
roll2,independent_stitch,1337,router__general__tcp_rst_count,False,True,True,0.9890596344779612,0.9897959183673469,0.000736283889385736,0.0,True
roll2,independent_stitch,1337,router__general__tcp_syn_count,False,True,True,0.9686966420034149,0.9765769944341373,0.007880352430722382,0.0,True
roll2,independent_stitch,1337,router__general__udp_count,True,True,True,0.2788844621513944,0.27087198515769945,0.00801247699369495,0.0,True
roll2,independent_stitch,1337,router__general__unique_dst_ip_count,False,True,True,0.000505912856510466,0.0,0.000505912856510466,0.0,True
roll2,independent_stitch,1337,router__general__unique_endpoint_pair_count,True,True,True,0.000505912856510466,0.0,0.000505912856510466,0.0,True
roll2,independent_stitch,1337,router__general__unique_src_ip_count,False,True,True,0.000505912856510466,0.0011595547309833025,0.0006536418744728364,0.0,True
roll2,independent_stitch,1337,router__iot_named__arp_count,True,True,True,0.19863403528742174,0.15653988868274582,0.04209414660467592,0.0,True
roll2,independent_stitch,1337,router__iot_named__byte_count,True,True,True,0.000252956428255233,0.0,0.000252956428255233,0.0,True
roll2,independent_stitch,1337,router__iot_named__dns_port_packets,True,True,True,0.661291342566243,0.6595547309833024,0.0017366115829405837,0.0,True
roll2,independent_stitch,1337,router__iot_named__http_port_packets,False,True,False,0.9982293050022134,1.0,0.0017706949977865927,0.0,True
roll2,independent_stitch,1337,router__iot_named__https_port_packets,True,True,True,0.9441598684626573,0.9485157699443414,0.004355901481684077,0.0,True
roll2,independent_stitch,1337,router__iot_named__icmp_count,False,True,True,0.9982293050022134,0.99860853432282,0.0003792293206066333,0.0,True
roll2,independent_stitch,1337,router__iot_named__interarrival_positive_mean,False,True,True,0.000252956428255233,0.0,0.000252956428255233,0.0,True
roll2,independent_stitch,1337,router__iot_named__interarrival_positive_std,False,True,True,0.000252956428255233,0.0,0.000252956428255233,0.0,True
roll2,independent_stitch,1337,router__iot_named__ipv4_count,True,True,True,0.000252956428255233,0.0,0.000252956428255233,0.0,True
roll2,independent_stitch,1337,router__iot_named__mqtt_port_packets,True,True,True,0.0018339341048504395,0.0011595547309833025,0.000674379373867137,0.0,True
roll2,independent_stitch,1337,router__iot_named__packet_count,True,True,True,0.000252956428255233,0.0,0.000252956428255233,0.0,True
roll2,independent_stitch,1337,router__iot_named__packet_length_max,True,True,True,0.000252956428255233,0.00046382189239332097,0.00021086546413808796,0.0,True
roll2,independent_stitch,1337,router__iot_named__packet_length_mean,True,True,True,0.000252956428255233,0.0,0.000252956428255233,0.0,True
roll2,independent_stitch,1337,router__iot_named__packet_length_min,True,True,True,0.000252956428255233,0.0,0.000252956428255233,0.0,True
roll2,independent_stitch,1337,router__iot_named__packet_length_std,True,True,True,0.000252956428255233,0.0009276437847866419,0.000674687356531409,0.0,True
roll2,independent_stitch,1337,router__iot_named__tcp_count,True,True,True,0.0004426737494466578,0.0006957328385899814,0.0002530590891433236,0.0,True
roll2,independent_stitch,1337,router__iot_named__tcp_fin_count,False,True,True,0.9909568076898754,0.9867810760667903,0.004175731623085044,0.0,True
roll2,independent_stitch,1337,router__iot_named__tcp_rst_count,False,True,True,0.9978498703598305,0.9981447124304267,0.0002948420705961574,0.0,True
roll2,independent_stitch,1337,router__iot_named__tcp_syn_count,False,True,True,0.9927275026876621,0.9953617810760668,0.002634278388404687,0.0,True
roll2,independent_stitch,1337,router__iot_named__udp_count,True,True,True,0.38480996648327326,0.44039888682745826,0.055588920344185,0.0,True
roll2,independent_stitch,1337,router__iot_named__unique_dst_ip_count,True,True,True,0.000252956428255233,0.0009276437847866419,0.000674687356531409,0.0,True
roll2,independent_stitch,1337,router__iot_named__unique_endpoint_pair_count,True,True,True,0.000252956428255233,0.00046382189239332097,0.00021086546413808796,0.0,True
roll2,independent_stitch,1337,router__iot_named__unique_src_ip_count,True,True,True,0.000252956428255233,0.0,0.000252956428255233,0.0,True
roll2,shared_stitch,1337,iot__fridge__condition_high_fraction,True,True,True,0.017327515335483462,0.013218923933209647,0.004108591402273815,0.0,True
roll2,shared_stitch,1337,iot__fridge__temperature_mean,True,True,True,0.0013280212483399733,0.00023191094619666049,0.001096110302143313,0.0,True
roll2,shared_stitch,1337,iot__garage__door_open_fraction,True,True,True,0.5948902801492443,0.5967068645640075,0.0018165844147631782,0.0,True
roll2,shared_stitch,1337,iot__garage__smartphone_signal_true_fraction,False,True,True,0.5948902801492443,0.5967068645640075,0.0018165844147631782,0.0,True
roll2,shared_stitch,1337,iot__gps__latitude_mean,True,True,True,0.0010750648200847405,0.00023191094619666049,0.00084315387388808,0.0,True
roll2,shared_stitch,1337,iot__gps__longitude_mean,True,True,True,0.0010750648200847405,0.00023191094619666049,0.00084315387388808,0.0,True
roll2,shared_stitch,1337,iot__modbus__register_1_mean,True,True,True,0.0010750648200847405,0.00023191094619666049,0.00084315387388808,0.0,True
roll2,shared_stitch,1337,iot__modbus__register_2_mean,True,True,True,0.0010750648200847405,0.00023191094619666049,0.00084315387388808,0.0,True
roll2,shared_stitch,1337,iot__modbus__register_3_mean,True,True,True,0.0010750648200847405,0.00023191094619666049,0.00084315387388808,0.0,True
roll2,shared_stitch,1337,iot__modbus__register_4_mean,True,True,True,0.0010750648200847405,0.00023191094619666049,0.00084315387388808,0.0,True
roll2,shared_stitch,1337,iot__motion_light__light_on_fraction,True,True,True,0.24245873648264085,0.24628942486085342,0.003830688378212571,0.0,True
roll2,shared_stitch,1337,iot__motion_light__motion_true_fraction,True,True,True,0.24245873648264085,0.24628942486085342,0.003830688378212571,0.0,True
roll2,shared_stitch,1337,iot__thermostat__status_true_fraction,True,True,True,0.007525453740593183,0.005333951762523191,0.0021915019780699915,0.0,True
roll2,shared_stitch,1337,iot__thermostat__temperature_mean,True,True,True,0.0020868905331056726,0.0009276437847866419,0.0011592467483190305,0.0,True
roll2,shared_stitch,1337,iot__weather__humidity_mean,True,True,True,0.001011825713020932,0.00023191094619666049,0.0007799147668242715,0.0,True
roll2,shared_stitch,1337,iot__weather__pressure_mean,True,True,True,0.001011825713020932,0.00023191094619666049,0.0007799147668242715,0.0,True
roll2,shared_stitch,1337,iot__weather__temperature_mean,True,True,True,0.001011825713020932,0.00023191094619666049,0.0007799147668242715,0.0,True
roll2,shared_stitch,1337,router__general__arp_count,False,True,True,0.10687409093783595,0.11224489795918367,0.0053708070213477205,0.0,True
roll2,shared_stitch,1337,router__general__byte_count,True,True,True,0.000505912856510466,0.00023191094619666049,0.0002740019103138055,0.0,True
roll2,shared_stitch,1337,router__general__dns_port_packets,True,True,True,0.6292291152848922,0.6303339517625232,0.0011048364776309327,0.0,True
roll2,shared_stitch,1337,router__general__http_port_packets,True,True,True,0.9919686334028963,0.9946660482374768,0.002697414834580525,0.0,True
roll2,shared_stitch,1337,router__general__https_port_packets,True,True,True,0.8885726933535698,0.8921614100185529,0.0035887166649830604,0.0,True
roll2,shared_stitch,1337,router__general__icmp_count,True,True,True,0.024600012647821412,0.02806122448979592,0.0034612118419745062,0.0,True
roll2,shared_stitch,1337,router__general__interarrival_positive_mean,False,True,True,0.000505912856510466,0.00023191094619666049,0.0002740019103138055,0.0,True
roll2,shared_stitch,1337,router__general__interarrival_positive_std,False,True,True,0.000505912856510466,0.00023191094619666049,0.0002740019103138055,0.0,True
roll2,shared_stitch,1337,router__general__ipv4_count,True,True,True,0.000505912856510466,0.00023191094619666049,0.0002740019103138055,0.0,True
roll2,shared_stitch,1337,router__general__ipv6_count,True,True,True,0.33440839815341805,0.33232838589981445,0.0020800122536036025,0.0,True
roll2,shared_stitch,1337,router__general__mqtt_port_packets,True,True,True,0.002213368747233289,0.0006957328385899814,0.0015176359086433075,0.0,True
roll2,shared_stitch,1337,router__general__packet_count,True,True,True,0.000505912856510466,0.00023191094619666049,0.0002740019103138055,0.0,True
roll2,shared_stitch,1337,router__general__packet_length_max,True,True,True,0.000505912856510466,0.00023191094619666049,0.0002740019103138055,0.0,True
roll2,shared_stitch,1337,router__general__packet_length_mean,True,True,True,0.000505912856510466,0.00023191094619666049,0.0002740019103138055,0.0,True
roll2,shared_stitch,1337,router__general__packet_length_min,True,True,True,0.000505912856510466,0.00023191094619666049,0.0002740019103138055,0.0,True
roll2,shared_stitch,1337,router__general__packet_length_std,True,True,True,0.000505912856510466,0.00023191094619666049,0.0002740019103138055,0.0,True
roll2,shared_stitch,1337,router__general__tcp_count,True,True,True,0.000505912856510466,0.00023191094619666049,0.0002740019103138055,0.0,True
roll2,shared_stitch,1337,router__general__tcp_fin_count,False,True,True,0.9738190096755834,0.9756493506493507,0.0018303409737672194,0.0,True
roll2,shared_stitch,1337,router__general__tcp_rst_count,False,True,True,0.9890596344779612,0.9916512059369202,0.002591571458959052,0.0,True
roll2,shared_stitch,1337,router__general__tcp_syn_count,False,True,True,0.9686966420034149,0.9726345083487941,0.003937866345379182,0.0,True
roll2,shared_stitch,1337,router__general__udp_count,True,True,True,0.2788844621513944,0.2987012987012987,0.019816836549904293,0.0,True
roll2,shared_stitch,1337,router__general__unique_dst_ip_count,False,True,True,0.000505912856510466,0.00023191094619666049,0.0002740019103138055,0.0,True
roll2,shared_stitch,1337,router__general__unique_endpoint_pair_count,True,True,True,0.000505912856510466,0.00023191094619666049,0.0002740019103138055,0.0,True
roll2,shared_stitch,1337,router__general__unique_src_ip_count,False,True,True,0.000505912856510466,0.00023191094619666049,0.0002740019103138055,0.0,True
roll2,shared_stitch,1337,router__iot_named__arp_count,True,True,True,0.19863403528742174,0.212430426716141,0.013796391428719273,0.0,True
roll2,shared_stitch,1337,router__iot_named__byte_count,True,True,True,0.000252956428255233,0.0009276437847866419,0.000674687356531409,0.0,True
roll2,shared_stitch,1337,router__iot_named__dns_port_packets,True,True,True,0.661291342566243,0.661873840445269,0.0005824978790259783,0.0,True
roll2,shared_stitch,1337,router__iot_named__http_port_packets,False,True,True,0.9982293050022134,0.9983766233766234,0.00014731837440995488,0.0,True
roll2,shared_stitch,1337,router__iot_named__https_port_packets,True,True,True,0.9441598684626573,0.9401669758812616,0.0039928925813956795,0.0,True
roll2,shared_stitch,1337,router__iot_named__icmp_count,False,True,True,0.9982293050022134,0.9960575139146568,0.002171791087556607,0.0,True
roll2,shared_stitch,1337,router__iot_named__interarrival_positive_mean,False,True,True,0.000252956428255233,0.0009276437847866419,0.000674687356531409,0.0,True
roll2,shared_stitch,1337,router__iot_named__interarrival_positive_std,False,True,True,0.000252956428255233,0.0009276437847866419,0.000674687356531409,0.0,True
roll2,shared_stitch,1337,router__iot_named__ipv4_count,True,True,True,0.000252956428255233,0.0009276437847866419,0.000674687356531409,0.0,True
roll2,shared_stitch,1337,router__iot_named__mqtt_port_packets,True,True,True,0.0018339341048504395,0.0013914656771799629,0.0004424684276704766,0.0,True
roll2,shared_stitch,1337,router__iot_named__packet_count,True,True,True,0.000252956428255233,0.0009276437847866419,0.000674687356531409,0.0,True
roll2,shared_stitch,1337,router__iot_named__packet_length_max,True,True,True,0.000252956428255233,0.0009276437847866419,0.000674687356531409,0.0,True
roll2,shared_stitch,1337,router__iot_named__packet_length_mean,True,True,True,0.000252956428255233,0.0009276437847866419,0.000674687356531409,0.0,True
roll2,shared_stitch,1337,router__iot_named__packet_length_min,True,True,True,0.000252956428255233,0.0009276437847866419,0.000674687356531409,0.0,True
roll2,shared_stitch,1337,router__iot_named__packet_length_std,True,True,True,0.000252956428255233,0.0009276437847866419,0.000674687356531409,0.0,True
roll2,shared_stitch,1337,router__iot_named__tcp_count,True,True,True,0.0004426737494466578,0.0009276437847866419,0.0004849700353399841,0.0,True
roll2,shared_stitch,1337,router__iot_named__tcp_fin_count,False,True,True,0.9909568076898754,0.9921150278293135,0.0011582201394381153,0.0,True
roll2,shared_stitch,1337,router__iot_named__tcp_rst_count,False,True,True,0.9978498703598305,0.9983766233766234,0.0005267530167928358,0.0,True
roll2,shared_stitch,1337,router__iot_named__tcp_syn_count,False,True,True,0.9927275026876621,0.9932745825602969,0.0005470798726348036,0.0,True
roll2,shared_stitch,1337,router__iot_named__udp_count,True,True,True,0.38480996648327326,0.3984230055658627,0.013613039082589429,0.0,True
roll2,shared_stitch,1337,router__iot_named__unique_dst_ip_count,True,True,True,0.000252956428255233,0.0009276437847866419,0.000674687356531409,0.0,True
roll2,shared_stitch,1337,router__iot_named__unique_endpoint_pair_count,True,True,True,0.000252956428255233,0.0009276437847866419,0.000674687356531409,0.0,True
roll2,shared_stitch,1337,router__iot_named__unique_src_ip_count,True,True,True,0.000252956428255233,0.0009276437847866419,0.000674687356531409,0.0,True
roll2,learned_gmm_overlay,1337,iot__fridge__condition_high_fraction,True,True,True,0.017327515335483462,0.0055658627087198514,0.01176165262676361,0.0,True
roll2,learned_gmm_overlay,1337,iot__fridge__temperature_mean,True,True,True,0.0013280212483399733,0.0,0.0013280212483399733,0.0,True
roll2,learned_gmm_overlay,1337,iot__garage__door_open_fraction,True,True,True,0.5948902801492443,0.23747680890538034,0.3574134712438639,0.0,True
roll2,learned_gmm_overlay,1337,iot__garage__smartphone_signal_true_fraction,False,True,True,0.5948902801492443,0.588126159554731,0.0067641205945132565,0.0,True
roll2,learned_gmm_overlay,1337,iot__gps__latitude_mean,True,True,True,0.0010750648200847405,0.002319109461966605,0.0012440446418818644,0.0,True
roll2,learned_gmm_overlay,1337,iot__gps__longitude_mean,True,True,True,0.0010750648200847405,0.0027829313543599257,0.0017078665342751852,0.0,True
roll2,learned_gmm_overlay,1337,iot__modbus__register_1_mean,True,True,True,0.0010750648200847405,0.01414656771799629,0.01307150289791155,0.0,True
roll2,learned_gmm_overlay,1337,iot__modbus__register_2_mean,True,True,True,0.0010750648200847405,0.013218923933209647,0.012143859113124907,0.0,True
roll2,learned_gmm_overlay,1337,iot__modbus__register_3_mean,True,True,True,0.0010750648200847405,0.012291280148423005,0.011216215328338264,0.0,True
roll2,learned_gmm_overlay,1337,iot__modbus__register_4_mean,True,True,True,0.0010750648200847405,0.011827458256029684,0.010752393435944944,0.0,True
roll2,learned_gmm_overlay,1337,iot__motion_light__light_on_fraction,True,True,True,0.24245873648264085,0.08928571428571429,0.15317302219692658,0.0,True
roll2,learned_gmm_overlay,1337,iot__motion_light__motion_true_fraction,True,True,True,0.24245873648264085,0.08882189239332096,0.15363684408931988,0.0,True
roll2,learned_gmm_overlay,1337,iot__thermostat__status_true_fraction,True,True,True,0.007525453740593183,0.0,0.007525453740593183,0.0,True
roll2,learned_gmm_overlay,1337,iot__thermostat__temperature_mean,True,True,True,0.0020868905331056726,0.0,0.0020868905331056726,0.0,True
roll2,learned_gmm_overlay,1337,iot__weather__humidity_mean,True,True,True,0.001011825713020932,0.0,0.001011825713020932,0.0,True
roll2,learned_gmm_overlay,1337,iot__weather__pressure_mean,True,True,True,0.001011825713020932,0.0,0.001011825713020932,0.0,True
roll2,learned_gmm_overlay,1337,iot__weather__temperature_mean,True,True,True,0.001011825713020932,0.0,0.001011825713020932,0.0,True
roll2,learned_gmm_overlay,1337,router__general__arp_count,False,True,True,0.10687409093783595,0.1115491651205937,0.004675074182757741,0.0,True
roll2,learned_gmm_overlay,1337,router__general__byte_count,True,True,True,0.000505912856510466,0.003246753246753247,0.002740840390242781,0.0,True
roll2,learned_gmm_overlay,1337,router__general__dns_port_packets,True,True,True,0.6292291152848922,0.30009276437847865,0.3291363509064136,0.0,True
roll2,learned_gmm_overlay,1337,router__general__http_port_packets,True,True,True,0.9919686334028963,0.49211502782931354,0.49985360557358277,0.0,True
roll2,learned_gmm_overlay,1337,router__general__https_port_packets,True,True,True,0.8885726933535698,0.4037569573283859,0.4848157360251839,0.0,True
roll2,learned_gmm_overlay,1337,router__general__icmp_count,True,True,True,0.024600012647821412,0.009508348794063079,0.015091663853758333,0.0,True
roll2,learned_gmm_overlay,1337,router__general__interarrival_positive_mean,False,True,True,0.000505912856510466,0.0006957328385899814,0.0001898199820795154,0.0,True
roll2,learned_gmm_overlay,1337,router__general__interarrival_positive_std,False,True,True,0.000505912856510466,0.00023191094619666049,0.0002740019103138055,0.0,True
roll2,learned_gmm_overlay,1337,router__general__ipv4_count,True,True,True,0.000505912856510466,0.002319109461966605,0.0018131966054561388,0.0,True
roll2,learned_gmm_overlay,1337,router__general__ipv6_count,True,True,True,0.33440839815341805,0.18552875695732837,0.14887964119608968,0.0,True
roll2,learned_gmm_overlay,1337,router__general__mqtt_port_packets,True,True,True,0.002213368747233289,0.0006957328385899814,0.0015176359086433075,0.0,True
roll2,learned_gmm_overlay,1337,router__general__packet_count,True,True,True,0.000505912856510466,0.0006957328385899814,0.0001898199820795154,0.0,True
roll2,learned_gmm_overlay,1337,router__general__packet_length_max,True,True,True,0.000505912856510466,0.0030148423005565863,0.00250892944404612,0.0,True
roll2,learned_gmm_overlay,1337,router__general__packet_length_mean,True,True,True,0.000505912856510466,0.0006957328385899814,0.0001898199820795154,0.0,True
roll2,learned_gmm_overlay,1337,router__general__packet_length_min,True,True,True,0.000505912856510466,0.0,0.000505912856510466,0.0,True
roll2,learned_gmm_overlay,1337,router__general__packet_length_std,True,True,True,0.000505912856510466,0.0009276437847866419,0.0004217309282761759,0.0,True
roll2,learned_gmm_overlay,1337,router__general__tcp_count,True,True,True,0.000505912856510466,0.002551020408163265,0.002045107551652799,0.0,True
roll2,learned_gmm_overlay,1337,router__general__tcp_fin_count,False,True,True,0.9738190096755834,0.9707792207792207,0.003039788896362694,0.0,True
roll2,learned_gmm_overlay,1337,router__general__tcp_rst_count,False,True,True,0.9890596344779612,0.9893320964749536,0.00027246199699237916,0.0,True
roll2,learned_gmm_overlay,1337,router__general__tcp_syn_count,False,True,True,0.9686966420034149,0.9691558441558441,0.0004592021524292278,0.0,True
roll2,learned_gmm_overlay,1337,router__general__udp_count,True,True,True,0.2788844621513944,0.12987012987012986,0.14901433228126454,0.0,True
roll2,learned_gmm_overlay,1337,router__general__unique_dst_ip_count,False,True,True,0.000505912856510466,0.0,0.000505912856510466,0.0,True
roll2,learned_gmm_overlay,1337,router__general__unique_endpoint_pair_count,True,True,True,0.000505912856510466,0.00023191094619666049,0.0002740019103138055,0.0,True
roll2,learned_gmm_overlay,1337,router__general__unique_src_ip_count,False,True,True,0.000505912856510466,0.00046382189239332097,4.209096411714506e-05,0.0,True
roll2,learned_gmm_overlay,1337,router__iot_named__arp_count,True,True,True,0.19863403528742174,0.11549165120593692,0.08314238408148482,0.0,True
roll2,learned_gmm_overlay,1337,router__iot_named__byte_count,True,True,True,0.000252956428255233,0.01020408163265306,0.009951125204397827,0.0,True
roll2,learned_gmm_overlay,1337,router__iot_named__dns_port_packets,True,True,True,0.661291342566243,0.2794526901669759,0.3818386523992671,0.0,True
roll2,learned_gmm_overlay,1337,router__iot_named__http_port_packets,False,True,True,0.9982293050022134,0.9983766233766234,0.00014731837440995488,0.0,True
roll2,learned_gmm_overlay,1337,router__iot_named__https_port_packets,True,True,True,0.9441598684626573,0.436456400742115,0.5077034677205423,0.0,True
roll2,learned_gmm_overlay,1337,router__iot_named__icmp_count,False,True,True,0.9982293050022134,0.99860853432282,0.0003792293206066333,0.0,True
roll2,learned_gmm_overlay,1337,router__iot_named__interarrival_positive_mean,False,True,True,0.000252956428255233,0.00023191094619666049,2.104548205857253e-05,0.0,True
roll2,learned_gmm_overlay,1337,router__iot_named__interarrival_positive_std,False,True,True,0.000252956428255233,0.0,0.000252956428255233,0.0,True
roll2,learned_gmm_overlay,1337,router__iot_named__ipv4_count,True,True,True,0.000252956428255233,0.0011595547309833025,0.0009065983027280694,0.0,True
roll2,learned_gmm_overlay,1337,router__iot_named__mqtt_port_packets,True,True,True,0.0018339341048504395,0.0009276437847866419,0.0009062903200637975,0.0,True
roll2,learned_gmm_overlay,1337,router__iot_named__packet_count,True,True,True,0.000252956428255233,0.00463821892393321,0.004385262495677977,0.0,True
roll2,learned_gmm_overlay,1337,router__iot_named__packet_length_max,True,True,True,0.000252956428255233,0.003478664192949907,0.0032257077646946743,0.0,True
roll2,learned_gmm_overlay,1337,router__iot_named__packet_length_mean,True,True,True,0.000252956428255233,0.003478664192949907,0.0032257077646946743,0.0,True
roll2,learned_gmm_overlay,1337,router__iot_named__packet_length_min,True,True,True,0.000252956428255233,0.0,0.000252956428255233,0.0,True
roll2,learned_gmm_overlay,1337,router__iot_named__packet_length_std,True,True,True,0.000252956428255233,0.004406307977736549,0.004153351549481316,0.0,True
roll2,learned_gmm_overlay,1337,router__iot_named__tcp_count,True,True,True,0.0004426737494466578,0.0030148423005565863,0.0025721685511099286,0.0,True
roll2,learned_gmm_overlay,1337,router__iot_named__tcp_fin_count,False,True,True,0.9909568076898754,0.9893320964749536,0.0016247112149218035,0.0,True
roll2,learned_gmm_overlay,1337,router__iot_named__tcp_rst_count,False,True,True,0.9978498703598305,0.9972170686456401,0.0006328017141904452,0.0,True
roll2,learned_gmm_overlay,1337,router__iot_named__tcp_syn_count,False,True,True,0.9927275026876621,0.9911873840445269,0.001540118643135191,0.0,True
roll2,learned_gmm_overlay,1337,router__iot_named__udp_count,True,True,True,0.38480996648327326,0.1602504638218924,0.22455950266138086,0.0,True
roll2,learned_gmm_overlay,1337,router__iot_named__unique_dst_ip_count,True,True,True,0.000252956428255233,0.0,0.000252956428255233,0.0,True
roll2,learned_gmm_overlay,1337,router__iot_named__unique_endpoint_pair_count,True,True,True,0.000252956428255233,0.0,0.000252956428255233,0.0,True
roll2,learned_gmm_overlay,1337,router__iot_named__unique_src_ip_count,True,True,True,0.000252956428255233,0.0,0.000252956428255233,0.0,True
roll2,learned_latent_var_overlay,1337,iot__fridge__condition_high_fraction,True,True,True,0.017327515335483462,0.0,0.017327515335483462,0.0,True
roll2,learned_latent_var_overlay,1337,iot__fridge__temperature_mean,True,True,True,0.0013280212483399733,0.0,0.0013280212483399733,0.0,True
roll2,learned_latent_var_overlay,1337,iot__garage__door_open_fraction,True,True,True,0.5948902801492443,0.0,0.5948902801492443,0.0,True
roll2,learned_latent_var_overlay,1337,iot__garage__smartphone_signal_true_fraction,False,True,True,0.5948902801492443,0.5967068645640075,0.0018165844147631782,0.0,True
roll2,learned_latent_var_overlay,1337,iot__gps__latitude_mean,True,True,True,0.0010750648200847405,0.0,0.0010750648200847405,0.0,True
roll2,learned_latent_var_overlay,1337,iot__gps__longitude_mean,True,True,True,0.0010750648200847405,0.0,0.0010750648200847405,0.0,True
roll2,learned_latent_var_overlay,1337,iot__modbus__register_1_mean,True,True,True,0.0010750648200847405,0.0,0.0010750648200847405,0.0,True
roll2,learned_latent_var_overlay,1337,iot__modbus__register_2_mean,True,True,True,0.0010750648200847405,0.0,0.0010750648200847405,0.0,True
roll2,learned_latent_var_overlay,1337,iot__modbus__register_3_mean,True,True,True,0.0010750648200847405,0.0,0.0010750648200847405,0.0,True
roll2,learned_latent_var_overlay,1337,iot__modbus__register_4_mean,True,True,True,0.0010750648200847405,0.0,0.0010750648200847405,0.0,True
roll2,learned_latent_var_overlay,1337,iot__motion_light__light_on_fraction,True,True,True,0.24245873648264085,0.0,0.24245873648264085,0.0,True
roll2,learned_latent_var_overlay,1337,iot__motion_light__motion_true_fraction,True,True,True,0.24245873648264085,0.0,0.24245873648264085,0.0,True
roll2,learned_latent_var_overlay,1337,iot__thermostat__status_true_fraction,True,True,True,0.007525453740593183,0.0,0.007525453740593183,0.0,True
roll2,learned_latent_var_overlay,1337,iot__thermostat__temperature_mean,True,True,True,0.0020868905331056726,0.0,0.0020868905331056726,0.0,True
roll2,learned_latent_var_overlay,1337,iot__weather__humidity_mean,True,True,True,0.001011825713020932,0.0,0.001011825713020932,0.0,True
roll2,learned_latent_var_overlay,1337,iot__weather__pressure_mean,True,True,True,0.001011825713020932,0.0,0.001011825713020932,0.0,True
roll2,learned_latent_var_overlay,1337,iot__weather__temperature_mean,True,True,True,0.001011825713020932,0.0,0.001011825713020932,0.0,True
roll2,learned_latent_var_overlay,1337,router__general__arp_count,False,True,True,0.10687409093783595,0.11224489795918367,0.0053708070213477205,0.0,True
roll2,learned_latent_var_overlay,1337,router__general__byte_count,True,True,True,0.000505912856510466,0.0,0.000505912856510466,0.0,True
roll2,learned_latent_var_overlay,1337,router__general__dns_port_packets,True,True,True,0.6292291152848922,0.0006957328385899814,0.6285333824463022,0.0,True
roll2,learned_latent_var_overlay,1337,router__general__http_port_packets,True,True,True,0.9919686334028963,0.5262059369202227,0.46576269648267365,0.0,True
roll2,learned_latent_var_overlay,1337,router__general__https_port_packets,True,True,True,0.8885726933535698,0.0,0.8885726933535698,0.0,True
roll2,learned_latent_var_overlay,1337,router__general__icmp_count,True,True,True,0.024600012647821412,0.0,0.024600012647821412,0.0,True
roll2,learned_latent_var_overlay,1337,router__general__interarrival_positive_mean,False,True,True,0.000505912856510466,0.00023191094619666049,0.0002740019103138055,0.0,True
roll2,learned_latent_var_overlay,1337,router__general__interarrival_positive_std,False,True,True,0.000505912856510466,0.00023191094619666049,0.0002740019103138055,0.0,True
roll2,learned_latent_var_overlay,1337,router__general__ipv4_count,True,True,True,0.000505912856510466,0.0,0.000505912856510466,0.0,True
roll2,learned_latent_var_overlay,1337,router__general__ipv6_count,True,True,True,0.33440839815341805,0.10714285714285714,0.2272655410105609,0.0,True
roll2,learned_latent_var_overlay,1337,router__general__mqtt_port_packets,True,True,True,0.002213368747233289,0.0,0.002213368747233289,0.0,True
roll2,learned_latent_var_overlay,1337,router__general__packet_count,True,True,True,0.000505912856510466,0.0,0.000505912856510466,0.0,True
roll2,learned_latent_var_overlay,1337,router__general__packet_length_max,True,True,True,0.000505912856510466,0.0,0.000505912856510466,0.0,True
roll2,learned_latent_var_overlay,1337,router__general__packet_length_mean,True,True,True,0.000505912856510466,0.0,0.000505912856510466,0.0,True
roll2,learned_latent_var_overlay,1337,router__general__packet_length_min,True,True,True,0.000505912856510466,0.0,0.000505912856510466,0.0,True
roll2,learned_latent_var_overlay,1337,router__general__packet_length_std,True,True,True,0.000505912856510466,0.0,0.000505912856510466,0.0,True
roll2,learned_latent_var_overlay,1337,router__general__tcp_count,True,True,True,0.000505912856510466,0.0,0.000505912856510466,0.0,True
roll2,learned_latent_var_overlay,1337,router__general__tcp_fin_count,False,True,True,0.9738190096755834,0.9756493506493507,0.0018303409737672194,0.0,True
roll2,learned_latent_var_overlay,1337,router__general__tcp_rst_count,False,True,True,0.9890596344779612,0.9916512059369202,0.002591571458959052,0.0,True
roll2,learned_latent_var_overlay,1337,router__general__tcp_syn_count,False,True,True,0.9686966420034149,0.9726345083487941,0.003937866345379182,0.0,True
roll2,learned_latent_var_overlay,1337,router__general__udp_count,True,True,True,0.2788844621513944,0.0,0.2788844621513944,0.0,True
roll2,learned_latent_var_overlay,1337,router__general__unique_dst_ip_count,False,True,True,0.000505912856510466,0.00023191094619666049,0.0002740019103138055,0.0,True
roll2,learned_latent_var_overlay,1337,router__general__unique_endpoint_pair_count,True,True,True,0.000505912856510466,0.0,0.000505912856510466,0.0,True
roll2,learned_latent_var_overlay,1337,router__general__unique_src_ip_count,False,True,True,0.000505912856510466,0.00023191094619666049,0.0002740019103138055,0.0,True
roll2,learned_latent_var_overlay,1337,router__iot_named__arp_count,True,True,True,0.19863403528742174,0.0,0.19863403528742174,0.0,True
roll2,learned_latent_var_overlay,1337,router__iot_named__byte_count,True,True,True,0.000252956428255233,0.0,0.000252956428255233,0.0,True
roll2,learned_latent_var_overlay,1337,router__iot_named__dns_port_packets,True,True,True,0.661291342566243,0.0,0.661291342566243,0.0,True
roll2,learned_latent_var_overlay,1337,router__iot_named__http_port_packets,False,True,True,0.9982293050022134,0.9983766233766234,0.00014731837440995488,0.0,True
roll2,learned_latent_var_overlay,1337,router__iot_named__https_port_packets,True,True,True,0.9441598684626573,0.0027829313543599257,0.9413769371082974,0.0,True
roll2,learned_latent_var_overlay,1337,router__iot_named__icmp_count,False,True,True,0.9982293050022134,0.9960575139146568,0.002171791087556607,0.0,True
roll2,learned_latent_var_overlay,1337,router__iot_named__interarrival_positive_mean,False,True,True,0.000252956428255233,0.0009276437847866419,0.000674687356531409,0.0,True
roll2,learned_latent_var_overlay,1337,router__iot_named__interarrival_positive_std,False,True,True,0.000252956428255233,0.0009276437847866419,0.000674687356531409,0.0,True
roll2,learned_latent_var_overlay,1337,router__iot_named__ipv4_count,True,True,True,0.000252956428255233,0.0,0.000252956428255233,0.0,True
roll2,learned_latent_var_overlay,1337,router__iot_named__mqtt_port_packets,True,True,True,0.0018339341048504395,0.0,0.0018339341048504395,0.0,True
roll2,learned_latent_var_overlay,1337,router__iot_named__packet_count,True,True,True,0.000252956428255233,0.0,0.000252956428255233,0.0,True
roll2,learned_latent_var_overlay,1337,router__iot_named__packet_length_max,True,True,True,0.000252956428255233,0.0,0.000252956428255233,0.0,True
roll2,learned_latent_var_overlay,1337,router__iot_named__packet_length_mean,True,True,True,0.000252956428255233,0.0,0.000252956428255233,0.0,True
roll2,learned_latent_var_overlay,1337,router__iot_named__packet_length_min,True,True,True,0.000252956428255233,0.0,0.000252956428255233,0.0,True
roll2,learned_latent_var_overlay,1337,router__iot_named__packet_length_std,True,True,True,0.000252956428255233,0.0,0.000252956428255233,0.0,True
roll2,learned_latent_var_overlay,1337,router__iot_named__tcp_count,True,True,True,0.0004426737494466578,0.0,0.0004426737494466578,0.0,True
roll2,learned_latent_var_overlay,1337,router__iot_named__tcp_fin_count,False,True,True,0.9909568076898754,0.9921150278293135,0.0011582201394381153,0.0,True
roll2,learned_latent_var_overlay,1337,router__iot_named__tcp_rst_count,False,True,True,0.9978498703598305,0.9983766233766234,0.0005267530167928358,0.0,True
roll2,learned_latent_var_overlay,1337,router__iot_named__tcp_syn_count,False,True,True,0.9927275026876621,0.9932745825602969,0.0005470798726348036,0.0,True
roll2,learned_latent_var_overlay,1337,router__iot_named__udp_count,True,True,True,0.38480996648327326,0.0,0.38480996648327326,0.0,True
roll2,learned_latent_var_overlay,1337,router__iot_named__unique_dst_ip_count,True,True,True,0.000252956428255233,0.0,0.000252956428255233,0.0,True
roll2,learned_latent_var_overlay,1337,router__iot_named__unique_endpoint_pair_count,True,True,True,0.000252956428255233,0.0,0.000252956428255233,0.0,True
roll2,learned_latent_var_overlay,1337,router__iot_named__unique_src_ip_count,True,True,True,0.000252956428255233,0.0,0.000252956428255233,0.0,True
