regime,source,seed,period,scope,metric,value,metric_qualified,source_valid
primary,real_row_resample,1337,near,iot_values,marginal_ks_mean,0.21119081779053084,True,True
primary,real_row_resample,1337,near,iot_values,wasserstein_iqr_mean,0.7987908195294526,True,True
primary,real_row_resample,1337,near,iot_values,zero_rate_mae,0.0027669604427136684,True,True
primary,real_row_resample,1337,near,iot_values,acf_abs_error_mean,0.3248768196556945,True,True
primary,real_row_resample,1337,near,iot_values,spectral_l1_mean,1.292252094853261,True,True
primary,real_row_resample,1337,near,iot_values,transition_rate_mae,0.00977829710033517,True,True
primary,real_row_resample,1337,near,iot_values,coupling_corr_mae,0.04862200118452053,True,True
primary,real_row_resample,1337,near,iot_values,coupling_coactivation_mae,0.004331061692969862,True,True
primary,real_row_resample,1337,near,multimodal_balanced,marginal_ks_mean,0.2694178281068525,True,True
primary,real_row_resample,1337,near,multimodal_balanced,wasserstein_iqr_mean,173117.79314705203,True,True
primary,real_row_resample,1337,near,multimodal_balanced,zero_rate_mae,0.03404471544715447,True,True
primary,real_row_resample,1337,near,multimodal_balanced,acf_abs_error_mean,0.28451284143296685,True,True
primary,real_row_resample,1337,near,multimodal_balanced,spectral_l1_mean,1.2699997047185048,True,True
primary,real_row_resample,1337,near,multimodal_balanced,transition_rate_mae,0.030017569843759074,True,True
primary,real_row_resample,1337,near,multimodal_balanced,coupling_corr_mae,0.07733437701296678,True,True
primary,real_row_resample,1337,near,multimodal_balanced,coupling_coactivation_mae,0.05736078162453356,True,True
primary,real_row_resample,1337,near,network_general,marginal_ks_mean,0.3460002903600465,True,True
primary,real_row_resample,1337,near,network_general,wasserstein_iqr_mean,346270.7410193654,True,True
primary,real_row_resample,1337,near,network_general,zero_rate_mae,0.05956010452961672,True,True
primary,real_row_resample,1337,near,network_general,acf_abs_error_mean,0.24070706644573625,True,True
primary,real_row_resample,1337,near,network_general,spectral_l1_mean,1.2525290372268552,True,True
primary,real_row_resample,1337,near,network_general,transition_rate_mae,0.04212406342568392,True,True
primary,real_row_resample,1337,near,network_general,coupling_corr_mae,0.12977245068751375,True,True
primary,real_row_resample,1337,near,network_general,coupling_coactivation_mae,0.08357824572034539,True,True
primary,real_row_resample,1337,near,network_iot_named,marginal_ks_mean,0.2123693379790941,True,True
primary,real_row_resample,1337,near,network_iot_named,wasserstein_iqr_mean,3462.81232189288,True,True
primary,real_row_resample,1337,near,network_iot_named,zero_rate_mae,0.0218300257536737,True,True
primary,real_row_resample,1337,near,network_iot_named,acf_abs_error_mean,0.2043601829702148,True,True
primary,real_row_resample,1337,near,network_iot_named,spectral_l1_mean,1.1624406370929266,True,True
primary,real_row_resample,1337,near,network_iot_named,transition_rate_mae,0.022826276354765637,True,True
primary,real_row_resample,1337,near,network_iot_named,coupling_corr_mae,0.1144655321291418,True,True
primary,real_row_resample,1337,near,network_iot_named,coupling_coactivation_mae,0.029670435608929784,True,True
primary,real_row_resample,1337,future,iot_values,marginal_ks_mean,0.25215168406208865,True,True
primary,real_row_resample,1337,future,iot_values,wasserstein_iqr_mean,11775.919642103689,True,True
primary,real_row_resample,1337,future,iot_values,zero_rate_mae,0.05082495074408061,True,True
primary,real_row_resample,1337,future,iot_values,acf_abs_error_mean,0.36738697515130714,True,True
primary,real_row_resample,1337,future,iot_values,spectral_l1_mean,1.3379507121497123,True,True
primary,real_row_resample,1337,future,iot_values,transition_rate_mae,0.06693111117944303,True,True
primary,real_row_resample,1337,future,iot_values,coupling_corr_mae,0.047788153213659076,True,True
primary,real_row_resample,1337,future,iot_values,coupling_coactivation_mae,0.0945352531256405,True,True
primary,real_row_resample,1337,future,multimodal_balanced,marginal_ks_mean,0.2578794131085549,True,True
primary,real_row_resample,1337,future,multimodal_balanced,wasserstein_iqr_mean,58901.73637386958,True,True
primary,real_row_resample,1337,future,multimodal_balanced,zero_rate_mae,0.024529449569198964,True,True
primary,real_row_resample,1337,future,multimodal_balanced,acf_abs_error_mean,0.3106882203148636,True,True
primary,real_row_resample,1337,future,multimodal_balanced,spectral_l1_mean,1.3137312197902533,True,True
primary,real_row_resample,1337,future,multimodal_balanced,transition_rate_mae,0.03532119416855434,True,True
primary,real_row_resample,1337,future,multimodal_balanced,coupling_corr_mae,0.09339094973650405,True,True
primary,real_row_resample,1337,future,multimodal_balanced,coupling_coactivation_mae,0.04158728099439049,True,True
primary,real_row_resample,1337,future,network_general,marginal_ks_mean,0.2842086694904573,True,True
primary,real_row_resample,1337,future,network_general,wasserstein_iqr_mean,114178.81848567304,True,True
primary,real_row_resample,1337,future,network_general,zero_rate_mae,0.028729189514628873,True,True
primary,real_row_resample,1337,future,network_general,acf_abs_error_mean,0.183377406846311,True,True
primary,real_row_resample,1337,future,network_general,spectral_l1_mean,1.1554497878655627,True,True
primary,real_row_resample,1337,future,network_general,transition_rate_mae,0.0357350293314747,True,True
primary,real_row_resample,1337,future,network_general,coupling_corr_mae,0.15678555477553102,True,True
primary,real_row_resample,1337,future,network_general,coupling_coactivation_mae,0.04077096904509417,True,True
primary,real_row_resample,1337,future,network_iot_named,marginal_ks_mean,0.20174351133266413,True,True
primary,real_row_resample,1337,future,network_iot_named,wasserstein_iqr_mean,3438.528382675519,True,True
primary,real_row_resample,1337,future,network_iot_named,zero_rate_mae,0.011338094619741796,True,True
primary,real_row_resample,1337,future,network_iot_named,acf_abs_error_mean,0.28830790028302855,True,True
primary,real_row_resample,1337,future,network_iot_named,spectral_l1_mean,1.2734834255055842,True,True
primary,real_row_resample,1337,future,network_iot_named,transition_rate_mae,0.01676553254998219,True,True
primary,real_row_resample,1337,future,network_iot_named,coupling_corr_mae,0.1325761641887893,True,True
primary,real_row_resample,1337,future,network_iot_named,coupling_coactivation_mae,0.015401936345732744,True,True
primary,real_row_resample,1338,near,iot_values,marginal_ks_mean,0.20900799344127896,True,True
primary,real_row_resample,1338,near,iot_values,wasserstein_iqr_mean,0.7922775044591743,True,True
primary,real_row_resample,1338,near,iot_values,zero_rate_mae,0.003176880508300875,True,True
primary,real_row_resample,1338,near,iot_values,acf_abs_error_mean,0.3278872239280956,True,True
primary,real_row_resample,1338,near,iot_values,spectral_l1_mean,1.2923179772657032,True,True
primary,real_row_resample,1338,near,iot_values,transition_rate_mae,0.01352971925832539,True,True
primary,real_row_resample,1338,near,iot_values,coupling_corr_mae,0.0507963701684225,True,True
primary,real_row_resample,1338,near,iot_values,coupling_coactivation_mae,0.004610319737651138,True,True
primary,real_row_resample,1338,near,multimodal_balanced,marginal_ks_mean,0.2716753774680604,True,True
primary,real_row_resample,1338,near,multimodal_balanced,wasserstein_iqr_mean,120301.34450153598,True,True
primary,real_row_resample,1338,near,multimodal_balanced,zero_rate_mae,0.03516260162601626,True,True
primary,real_row_resample,1338,near,multimodal_balanced,acf_abs_error_mean,0.2849261387621155,True,True
primary,real_row_resample,1338,near,multimodal_balanced,spectral_l1_mean,1.2622333952067057,True,True
primary,real_row_resample,1338,near,multimodal_balanced,transition_rate_mae,0.03128085613056863,True,True
primary,real_row_resample,1338,near,multimodal_balanced,coupling_corr_mae,0.07514166658295389,True,True
primary,real_row_resample,1338,near,multimodal_balanced,coupling_coactivation_mae,0.05909321175278621,True,True
primary,real_row_resample,1338,near,network_general,marginal_ks_mean,0.35132839721254355,True,True
primary,real_row_resample,1338,near,network_general,wasserstein_iqr_mean,240659.5967211153,True,True
primary,real_row_resample,1338,near,network_general,zero_rate_mae,0.06083042973286876,True,True
primary,real_row_resample,1338,near,network_general,acf_abs_error_mean,0.24079028807035052,True,True
primary,real_row_resample,1338,near,network_general,spectral_l1_mean,1.258578486973226,True,True
primary,real_row_resample,1338,near,network_general,transition_rate_mae,0.04247981646047511,True,True
primary,real_row_resample,1338,near,network_general,coupling_corr_mae,0.14458454243862187,True,True
primary,real_row_resample,1338,near,network_general,coupling_coactivation_mae,0.08531220017169117,True,True
primary,real_row_resample,1338,near,network_iot_named,marginal_ks_mean,0.21420996818663837,True,True
primary,real_row_resample,1338,near,network_iot_named,wasserstein_iqr_mean,5174.711395766696,True,True
primary,real_row_resample,1338,near,network_iot_named,zero_rate_mae,0.022701105893046497,True,True
primary,real_row_resample,1338,near,network_iot_named,acf_abs_error_mean,0.20474782159981422,True,True
primary,real_row_resample,1338,near,network_iot_named,spectral_l1_mean,1.1440345839846355,True,True
primary,real_row_resample,1338,near,network_iot_named,transition_rate_mae,0.02337931922695213,True,True
primary,real_row_resample,1338,near,network_iot_named,coupling_corr_mae,0.10641657962762908,True,True
primary,real_row_resample,1338,near,network_iot_named,coupling_coactivation_mae,0.030898211014860018,True,True
primary,real_row_resample,1338,future,iot_values,marginal_ks_mean,0.2529369530300936,True,True
primary,real_row_resample,1338,future,iot_values,wasserstein_iqr_mean,12094.628237166706,True,True
primary,real_row_resample,1338,future,iot_values,zero_rate_mae,0.052751575052340495,True,True
primary,real_row_resample,1338,future,iot_values,acf_abs_error_mean,0.3682545291531704,True,True
primary,real_row_resample,1338,future,iot_values,spectral_l1_mean,1.3380461115122855,True,True
primary,real_row_resample,1338,future,iot_values,transition_rate_mae,0.07060053503889795,True,True
primary,real_row_resample,1338,future,iot_values,coupling_corr_mae,0.05051039689360543,True,True
primary,real_row_resample,1338,future,iot_values,coupling_coactivation_mae,0.0973841975814716,True,True
primary,real_row_resample,1338,future,multimodal_balanced,marginal_ks_mean,0.2591888472711213,True,True
primary,real_row_resample,1338,future,multimodal_balanced,wasserstein_iqr_mean,116732.72212815355,True,True
primary,real_row_resample,1338,future,multimodal_balanced,zero_rate_mae,0.026017474000106414,True,True
primary,real_row_resample,1338,future,multimodal_balanced,acf_abs_error_mean,0.31105040345139795,True,True
primary,real_row_resample,1338,future,multimodal_balanced,spectral_l1_mean,1.3078258971582095,True,True
primary,real_row_resample,1338,future,multimodal_balanced,transition_rate_mae,0.03658448045536388,True,True
primary,real_row_resample,1338,future,multimodal_balanced,coupling_corr_mae,0.09615347577369016,True,True
primary,real_row_resample,1338,future,multimodal_balanced,coupling_coactivation_mae,0.043880044233573036,True,True
primary,real_row_resample,1338,future,network_general,marginal_ks_mean,0.286853989357882,True,True
primary,real_row_resample,1338,future,network_general,wasserstein_iqr_mean,229560.91889933994,True,True
primary,real_row_resample,1338,future,network_general,zero_rate_mae,0.029892848747147736,True,True
primary,real_row_resample,1338,future,network_general,acf_abs_error_mean,0.18416560021754336,True,True
primary,real_row_resample,1338,future,network_general,spectral_l1_mean,1.1578808983469893,True,True
primary,real_row_resample,1338,future,network_general,transition_rate_mae,0.036032700238136726,True,True
primary,real_row_resample,1338,future,network_general,coupling_corr_mae,0.17242000105312405,True,True
primary,real_row_resample,1338,future,network_general,coupling_coactivation_mae,0.04236984295308794,True,True
primary,real_row_resample,1338,future,network_iot_named,marginal_ks_mean,0.20277160003389239,True,True
primary,real_row_resample,1338,future,network_iot_named,wasserstein_iqr_mean,5559.4754225123515,True,True
primary,real_row_resample,1338,future,network_iot_named,zero_rate_mae,0.0126081657857153,True,True
primary,real_row_resample,1338,future,network_iot_named,acf_abs_error_mean,0.28798325662858804,True,True
primary,real_row_resample,1338,future,network_iot_named,spectral_l1_mean,1.265687071135382,True,True
primary,real_row_resample,1338,future,network_iot_named,transition_rate_mae,0.01747009401728827,True,True
primary,real_row_resample,1338,future,network_iot_named,coupling_corr_mae,0.1412109544219229,True,True
primary,real_row_resample,1338,future,network_iot_named,coupling_coactivation_mae,0.017135144812769423,True,True
primary,real_row_resample,1339,near,iot_values,marginal_ks_mean,0.21008403361344535,True,True
primary,real_row_resample,1339,near,iot_values,wasserstein_iqr_mean,0.7930225755984478,True,True
primary,real_row_resample,1339,near,iot_values,zero_rate_mae,0.0012605042016806758,True,True
primary,real_row_resample,1339,near,iot_values,acf_abs_error_mean,0.32712041957492305,True,True
primary,real_row_resample,1339,near,iot_values,spectral_l1_mean,1.2976658934079592,True,True
primary,real_row_resample,1339,near,iot_values,transition_rate_mae,0.008855816241812985,True,True
primary,real_row_resample,1339,near,iot_values,coupling_corr_mae,0.047340113294096445,True,True
primary,real_row_resample,1339,near,iot_values,coupling_coactivation_mae,0.0017857142857142776,True,True
primary,real_row_resample,1339,near,multimodal_balanced,marginal_ks_mean,0.26895325203252035,True,True
primary,real_row_resample,1339,near,multimodal_balanced,wasserstein_iqr_mean,146212.38054562206,True,True
primary,real_row_resample,1339,near,multimodal_balanced,zero_rate_mae,0.03404108594657375,True,True
primary,real_row_resample,1339,near,multimodal_balanced,acf_abs_error_mean,0.2840594188295736,True,True
primary,real_row_resample,1339,near,multimodal_balanced,spectral_l1_mean,1.2719488570296644,True,True
primary,real_row_resample,1339,near,multimodal_balanced,transition_rate_mae,0.030405994075622934,True,True
primary,real_row_resample,1339,near,multimodal_balanced,coupling_corr_mae,0.07552955784576432,True,True
primary,real_row_resample,1339,near,multimodal_balanced,coupling_coactivation_mae,0.057417926952825764,True,True
primary,real_row_resample,1339,near,network_general,marginal_ks_mean,0.34752468060394887,True,True
primary,real_row_resample,1339,near,network_general,wasserstein_iqr_mean,294107.5934139557,True,True
primary,real_row_resample,1339,near,network_general,zero_rate_mae,0.06030052264808363,True,True
primary,real_row_resample,1339,near,network_general,acf_abs_error_mean,0.238599679894507,True,True
primary,real_row_resample,1339,near,network_general,spectral_l1_mean,1.2551528275951005,True,True
primary,real_row_resample,1339,near,network_general,transition_rate_mae,0.04292269268746007,True,True
primary,real_row_resample,1339,near,network_general,coupling_corr_mae,0.14139716712626613,True,True
primary,real_row_resample,1339,near,network_general,coupling_coactivation_mae,0.08441334646265718,True,True
primary,real_row_resample,1339,near,network_iot_named,marginal_ks_mean,0.2102181487653386,True,True
primary,real_row_resample,1339,near,network_iot_named,wasserstein_iqr_mean,3258.427558185677,True,True
primary,real_row_resample,1339,near,network_iot_named,zero_rate_mae,0.022367823057112563,True,True
primary,real_row_resample,1339,near,network_iot_named,acf_abs_error_mean,0.20238325065471446,True,True
primary,real_row_resample,1339,near,network_iot_named,spectral_l1_mean,1.1596695982126681,True,True
primary,real_row_resample,1339,near,network_iot_named,transition_rate_mae,0.0236444767684114,True,True
primary,real_row_resample,1339,near,network_iot_named,coupling_corr_mae,0.09972530750951471,True,True
primary,real_row_resample,1339,near,network_iot_named,coupling_coactivation_mae,0.030416878985277732,True,True
primary,real_row_resample,1339,future,iot_values,marginal_ks_mean,0.25311000877211803,True,True
primary,real_row_resample,1339,future,iot_values,wasserstein_iqr_mean,11990.098346024302,True,True
primary,real_row_resample,1339,future,iot_values,zero_rate_mae,0.04989238259486971,True,True
primary,real_row_resample,1339,future,iot_values,acf_abs_error_mean,0.36922970827601437,True,True
primary,real_row_resample,1339,future,iot_values,spectral_l1_mean,1.3328131893658244,True,True
primary,real_row_resample,1339,future,iot_values,transition_rate_mae,0.06592663202238554,True,True
primary,real_row_resample,1339,future,iot_values,coupling_corr_mae,0.04793615660685527,True,True
primary,real_row_resample,1339,future,iot_values,coupling_coactivation_mae,0.09278924984627998,True,True
primary,real_row_resample,1339,future,multimodal_balanced,marginal_ks_mean,0.25839527444967136,True,True
primary,real_row_resample,1339,future,multimodal_balanced,wasserstein_iqr_mean,86621.77523339467,True,True
primary,real_row_resample,1339,future,multimodal_balanced,zero_rate_mae,0.02453307906977968,True,True
primary,real_row_resample,1339,future,multimodal_balanced,acf_abs_error_mean,0.30908191083015696,True,True
primary,real_row_resample,1339,future,multimodal_balanced,spectral_l1_mean,1.3101637910025539,True,True
primary,real_row_resample,1339,future,multimodal_balanced,transition_rate_mae,0.03586934425277342,True,True
primary,real_row_resample,1339,future,multimodal_balanced,coupling_corr_mae,0.09984572860897044,True,True
primary,real_row_resample,1339,future,multimodal_balanced,coupling_coactivation_mae,0.041600563422047605,True,True
primary,real_row_resample,1339,future,network_general,marginal_ks_mean,0.28624308011469146,True,True
primary,real_row_resample,1339,future,network_general,wasserstein_iqr_mean,170145.32274152178,True,True
primary,real_row_resample,1339,future,network_general,zero_rate_mae,0.029005031558763602,True,True
primary,real_row_resample,1339,future,network_general,acf_abs_error_mean,0.1804263545524425,True,True
primary,real_row_resample,1339,future,network_general,spectral_l1_mean,1.1614635149677655,True,True
primary,real_row_resample,1339,future,network_general,transition_rate_mae,0.03679502816983214,True,True
primary,real_row_resample,1339,future,network_general,coupling_corr_mae,0.17536645396578862,True,True
primary,real_row_resample,1339,future,network_general,coupling_coactivation_mae,0.04092687976569208,True,True
primary,real_row_resample,1339,future,network_iot_named,marginal_ks_mean,0.20022349519179172,True,True
primary,real_row_resample,1339,future,network_iot_named,wasserstein_iqr_mean,3582.73292234837,True,True
primary,real_row_resample,1339,future,network_iot_named,zero_rate_mae,0.012057682560962808,True,True
primary,real_row_resample,1339,future,network_iot_named,acf_abs_error_mean,0.28381083850817546,True,True
primary,real_row_resample,1339,future,network_iot_named,spectral_l1_mean,1.2690441634654852,True,True
primary,real_row_resample,1339,future,network_iot_named,transition_rate_mae,0.01767464412069971,True,True
primary,real_row_resample,1339,future,network_iot_named,coupling_corr_mae,0.14454441346354757,True,True
primary,real_row_resample,1339,future,network_iot_named,coupling_coactivation_mae,0.016379749624712524,True,True
primary,real_row_resample,1340,near,iot_values,marginal_ks_mean,0.20796269727403155,True,True
primary,real_row_resample,1340,near,iot_values,wasserstein_iqr_mean,0.788219670888849,True,True
primary,real_row_resample,1340,near,iot_values,zero_rate_mae,0.0018958803033408522,True,True
primary,real_row_resample,1340,near,iot_values,acf_abs_error_mean,0.3261460528648535,True,True
primary,real_row_resample,1340,near,iot_values,spectral_l1_mean,1.2968338177081788,True,True
primary,real_row_resample,1340,near,iot_values,transition_rate_mae,0.00961430050326455,True,True
primary,real_row_resample,1340,near,iot_values,coupling_corr_mae,0.0475488821761265,True,True
primary,real_row_resample,1340,near,iot_values,coupling_coactivation_mae,0.0027848944455830865,True,True
primary,real_row_resample,1340,near,multimodal_balanced,marginal_ks_mean,0.2677228513356562,True,True
primary,real_row_resample,1340,near,multimodal_balanced,wasserstein_iqr_mean,124181.25464321104,True,True
primary,real_row_resample,1340,near,multimodal_balanced,zero_rate_mae,0.034668989547038336,True,True
primary,real_row_resample,1340,near,multimodal_balanced,acf_abs_error_mean,0.2825779914949844,True,True
primary,real_row_resample,1340,near,multimodal_balanced,spectral_l1_mean,1.274202937485487,True,True
primary,real_row_resample,1340,near,multimodal_balanced,transition_rate_mae,0.029850583725387705,True,True
primary,real_row_resample,1340,near,multimodal_balanced,coupling_corr_mae,0.07459663452978099,True,True
primary,real_row_resample,1340,near,multimodal_balanced,coupling_coactivation_mae,0.05831588084117924,True,True
primary,real_row_resample,1340,near,network_general,marginal_ks_mean,0.34586236933797904,True,True
primary,real_row_resample,1340,near,network_general,wasserstein_iqr_mean,246445.00276052288,True,True
primary,real_row_resample,1340,near,network_general,zero_rate_mae,0.06040214866434379,True,True
primary,real_row_resample,1340,near,network_general,acf_abs_error_mean,0.23891194167501098,True,True
primary,real_row_resample,1340,near,network_general,spectral_l1_mean,1.2590155444398718,True,True
primary,real_row_resample,1340,near,network_general,transition_rate_mae,0.042211186617877684,True,True
primary,real_row_resample,1340,near,network_general,coupling_corr_mae,0.12434075416021703,True,True
primary,real_row_resample,1340,near,network_general,coupling_coactivation_mae,0.08474347321112963,True,True
primary,real_row_resample,1340,near,network_iot_named,marginal_ks_mean,0.21033934252386002,True,True
primary,real_row_resample,1340,near,network_iot_named,wasserstein_iqr_mean,6719.893408652088,True,True
primary,real_row_resample,1340,near,network_iot_named,zero_rate_mae,0.022890471140736245,True,True
primary,real_row_resample,1340,near,network_iot_named,acf_abs_error_mean,0.20413431589500639,True,True
primary,real_row_resample,1340,near,network_iot_named,spectral_l1_mean,1.1671563563376033,True,True
primary,real_row_resample,1340,near,network_iot_named,transition_rate_mae,0.023250528421100473,True,True
primary,real_row_resample,1340,near,network_iot_named,coupling_corr_mae,0.11605151497767052,True,True
primary,real_row_resample,1340,near,network_iot_named,coupling_coactivation_mae,0.03103937419950144,True,True
primary,real_row_resample,1340,future,iot_values,marginal_ks_mean,0.25094559012656004,True,True
primary,real_row_resample,1340,future,iot_values,wasserstein_iqr_mean,11794.357606671549,True,True
primary,real_row_resample,1340,future,iot_values,zero_rate_mae,0.04925697079210645,True,True
primary,real_row_resample,1340,future,iot_values,acf_abs_error_mean,0.36852181183734956,True,True
primary,real_row_resample,1340,future,iot_values,spectral_l1_mean,1.3369445702367806,True,True
primary,real_row_resample,1340,future,iot_values,transition_rate_mae,0.06668511628383711,True,True
primary,real_row_resample,1340,future,iot_values,coupling_corr_mae,0.0481599514628869,True,True
primary,real_row_resample,1340,future,iot_values,coupling_coactivation_mae,0.09148262963722076,True,True
primary,real_row_resample,1340,future,multimodal_balanced,marginal_ks_mean,0.2549339542162747,True,True
primary,real_row_resample,1340,future,multimodal_balanced,wasserstein_iqr_mean,123724.78326448733,True,True
primary,real_row_resample,1340,future,multimodal_balanced,zero_rate_mae,0.024289889886730764,True,True
primary,real_row_resample,1340,future,multimodal_balanced,acf_abs_error_mean,0.3099240373619594,True,True
primary,real_row_resample,1340,future,multimodal_balanced,spectral_l1_mean,1.31161125911171,True,True
primary,real_row_resample,1340,future,multimodal_balanced,transition_rate_mae,0.03531393390253818,True,True
primary,real_row_resample,1340,future,multimodal_balanced,coupling_corr_mae,0.0913561273139714,True,True
primary,real_row_resample,1340,future,multimodal_balanced,coupling_coactivation_mae,0.04119714829367139,True,True
primary,real_row_resample,1340,future,network_general,marginal_ks_mean,0.2827363440246118,True,True
primary,real_row_resample,1340,future,network_general,wasserstein_iqr_mean,241894.75607630037,True,True
primary,real_row_resample,1340,future,network_general,zero_rate_mae,0.02893244154714919,True,True
primary,real_row_resample,1340,future,network_general,acf_abs_error_mean,0.18228877733439428,True,True
primary,real_row_resample,1340,future,network_general,spectral_l1_mean,1.1574396000325515,True,True
primary,real_row_resample,1340,future,network_general,transition_rate_mae,0.03608352210024975,True,True
primary,real_row_resample,1340,future,network_general,coupling_corr_mae,0.1664590193768392,True,True
primary,real_row_resample,1340,future,network_general,coupling_coactivation_mae,0.0412658435590567,True,True
primary,real_row_resample,1340,future,network_iot_named,marginal_ks_mean,0.19766809808894212,True,True
primary,real_row_resample,1340,future,network_iot_named,wasserstein_iqr_mean,7710.625648996072,True,True
primary,real_row_resample,1340,future,network_iot_named,zero_rate_mae,0.012519733765325792,True,True
primary,real_row_resample,1340,future,network_iot_named,acf_abs_error_mean,0.2877367812284346,True,True
primary,real_row_resample,1340,future,network_iot_named,spectral_l1_mean,1.273398387706938,True,True
primary,real_row_resample,1340,future,network_iot_named,transition_rate_mae,0.01755342924460404,True,True
primary,real_row_resample,1340,future,network_iot_named,coupling_corr_mae,0.12435300056628931,True,True
primary,real_row_resample,1340,future,network_iot_named,coupling_coactivation_mae,0.01696781479390174,True,True
primary,real_row_resample,1341,near,iot_values,marginal_ks_mean,0.21058618569378973,True,True
primary,real_row_resample,1341,near,iot_values,wasserstein_iqr_mean,0.7891546635986524,True,True
primary,real_row_resample,1341,near,iot_values,zero_rate_mae,0.0021418323426931757,True,True
primary,real_row_resample,1341,near,iot_values,acf_abs_error_mean,0.327961242705202,True,True
primary,real_row_resample,1341,near,iot_values,spectral_l1_mean,1.2996177633773698,True,True
primary,real_row_resample,1341,near,iot_values,transition_rate_mae,0.009880794973504303,True,True
primary,real_row_resample,1341,near,iot_values,coupling_corr_mae,0.04258969295804172,True,True
primary,real_row_resample,1341,near,iot_values,coupling_coactivation_mae,0.0037328345972535253,True,True
primary,real_row_resample,1341,near,multimodal_balanced,marginal_ks_mean,0.27021631823461095,True,True
primary,real_row_resample,1341,near,multimodal_balanced,wasserstein_iqr_mean,127375.25212104984,True,True
primary,real_row_resample,1341,near,multimodal_balanced,zero_rate_mae,0.03440040650406504,True,True
primary,real_row_resample,1341,near,multimodal_balanced,acf_abs_error_mean,0.2833479011576176,True,True
primary,real_row_resample,1341,near,multimodal_balanced,spectral_l1_mean,1.2716707555183338,True,True
primary,real_row_resample,1341,near,multimodal_balanced,transition_rate_mae,0.029883254922460356,True,True
primary,real_row_resample,1341,near,multimodal_balanced,coupling_corr_mae,0.0709974477145562,True,True
primary,real_row_resample,1341,near,multimodal_balanced,coupling_coactivation_mae,0.05798660019274964,True,True
primary,real_row_resample,1341,near,network_general,marginal_ks_mean,0.34967334494773517,True,True
primary,real_row_resample,1341,near,network_general,wasserstein_iqr_mean,250597.15323860224,True,True
primary,real_row_resample,1341,near,network_general,zero_rate_mae,0.06050377468060395,True,True
primary,real_row_resample,1341,near,network_general,acf_abs_error_mean,0.23953136698989583,True,True
primary,real_row_resample,1341,near,network_general,spectral_l1_mean,1.2597510093827744,True,True
primary,real_row_resample,1341,near,network_general,transition_rate_mae,0.042145844223732354,True,True
primary,real_row_resample,1341,near,network_general,coupling_corr_mae,0.12297321003741794,True,True
primary,real_row_resample,1341,near,network_general,coupling_coactivation_mae,0.08472011816391456,True,True
primary,real_row_resample,1341,near,network_iot_named,marginal_ks_mean,0.21155128010907442,True,True
primary,real_row_resample,1341,near,network_iot_named,wasserstein_iqr_mean,8174.296268408029,True,True
primary,real_row_resample,1341,near,network_iot_named,zero_rate_mae,0.022458718376003637,True,True
primary,real_row_resample,1341,near,network_iot_named,acf_abs_error_mean,0.20143049006264008,True,True
primary,real_row_resample,1341,near,network_iot_named,spectral_l1_mean,1.1562064264901009,True,True
primary,real_row_resample,1341,near,network_iot_named,transition_rate_mae,0.023144465404516767,True,True
primary,real_row_resample,1341,near,network_iot_named,coupling_corr_mae,0.10950716946271191,True,True
primary,real_row_resample,1341,near,network_iot_named,coupling_coactivation_mae,0.03054151574830261,True,True
primary,real_row_resample,1341,future,iot_values,marginal_ks_mean,0.2485047592605002,True,True
primary,real_row_resample,1341,future,iot_values,wasserstein_iqr_mean,11483.843146819252,True,True
primary,real_row_resample,1341,future,iot_values,zero_rate_mae,0.04823220632924151,True,True
primary,real_row_resample,1341,future,iot_values,acf_abs_error_mean,0.3705643728089744,True,True
primary,real_row_resample,1341,future,iot_values,spectral_l1_mean,1.3417266526669684,True,True
primary,real_row_resample,1341,future,iot_values,transition_rate_mae,0.06711560735114747,True,True
primary,real_row_resample,1341,future,iot_values,coupling_corr_mae,0.046068607839565644,True,True
primary,real_row_resample,1341,future,iot_values,coupling_coactivation_mae,0.09006840541094487,True,True
primary,real_row_resample,1341,future,multimodal_balanced,marginal_ks_mean,0.2555945593577667,True,True
primary,real_row_resample,1341,future,multimodal_balanced,wasserstein_iqr_mean,127052.53551407171,True,True
primary,real_row_resample,1341,future,multimodal_balanced,zero_rate_mae,0.02410590752459893,True,True
primary,real_row_resample,1341,future,multimodal_balanced,acf_abs_error_mean,0.31059018191171767,True,True
primary,real_row_resample,1341,future,multimodal_balanced,spectral_l1_mean,1.3120906185458125,True,True
primary,real_row_resample,1341,future,multimodal_balanced,transition_rate_mae,0.035099756055061854,True,True
primary,real_row_resample,1341,future,multimodal_balanced,coupling_corr_mae,0.095601109488497,True,True
primary,real_row_resample,1341,future,multimodal_balanced,coupling_coactivation_mae,0.04099080732448663,True,True
primary,real_row_resample,1341,future,network_general,marginal_ks_mean,0.2849655856836768,True,True
primary,real_row_resample,1341,future,network_general,wasserstein_iqr_mean,246250.07805143492,True,True
primary,real_row_resample,1341,future,network_general,zero_rate_mae,0.028941919594999078,True,True
primary,real_row_resample,1341,future,network_general,acf_abs_error_mean,0.18310716015642528,True,True
primary,real_row_resample,1341,future,network_general,spectral_l1_mean,1.1586205061641999,True,True
primary,real_row_resample,1341,future,network_general,transition_rate_mae,0.035582563745135624,True,True
primary,real_row_resample,1341,future,network_general,coupling_corr_mae,0.17663434906089676,True,True
primary,real_row_resample,1341,future,network_general,coupling_coactivation_mae,0.04101020047467555,True,True
primary,real_row_resample,1341,future,network_iot_named,marginal_ks_mean,0.1988579240407405,True,True
primary,real_row_resample,1341,future,network_iot_named,wasserstein_iqr_mean,8846.998584123263,True,True
primary,real_row_resample,1341,future,network_iot_named,zero_rate_mae,0.012012234901517283,True,True
primary,real_row_resample,1341,future,network_iot_named,acf_abs_error_mean,0.2857935066509976,True,True
primary,real_row_resample,1341,future,network_iot_named,spectral_l1_mean,1.2657786465211711,True,True
primary,real_row_resample,1341,future,network_iot_named,transition_rate_mae,0.017053417880709406,True,True
primary,real_row_resample,1341,future,network_iot_named,coupling_corr_mae,0.12665558514663627,True,True
primary,real_row_resample,1341,future,network_iot_named,coupling_coactivation_mae,0.01639283304182563,True,True
primary,real_contiguous_block,1337,near,iot_values,marginal_ks_mean,0.21731912277105964,True,True
primary,real_contiguous_block,1337,near,iot_values,wasserstein_iqr_mean,0.7983927007820888,True,True
primary,real_contiguous_block,1337,near,iot_values,zero_rate_mae,0.002295552367288388,True,True
primary,real_contiguous_block,1337,near,iot_values,acf_abs_error_mean,0.08659388290241302,True,True
primary,real_contiguous_block,1337,near,iot_values,spectral_l1_mean,0.9135815882556813,True,True
primary,real_contiguous_block,1337,near,iot_values,transition_rate_mae,0.003320931090679868,True,True
primary,real_contiguous_block,1337,near,iot_values,coupling_corr_mae,0.08268942394851997,True,True
primary,real_contiguous_block,1337,near,iot_values,coupling_coactivation_mae,0.002387784382045502,True,True
primary,real_contiguous_block,1337,near,multimodal_balanced,marginal_ks_mean,0.3207716318234611,True,True
primary,real_contiguous_block,1337,near,multimodal_balanced,wasserstein_iqr_mean,219546.31218498506,True,True
primary,real_contiguous_block,1337,near,multimodal_balanced,zero_rate_mae,0.045960365853658536,True,True
primary,real_contiguous_block,1337,near,multimodal_balanced,acf_abs_error_mean,0.1268786087497962,True,True
primary,real_contiguous_block,1337,near,multimodal_balanced,spectral_l1_mean,1.0033256945343874,True,True
primary,real_contiguous_block,1337,near,multimodal_balanced,transition_rate_mae,0.027770517511761628,True,True
primary,real_contiguous_block,1337,near,multimodal_balanced,coupling_corr_mae,0.08518722068500086,True,True
primary,real_contiguous_block,1337,near,multimodal_balanced,coupling_coactivation_mae,0.0773621098672993,True,True
primary,real_contiguous_block,1337,near,network_general,marginal_ks_mean,0.4142276422764228,True,True
primary,real_contiguous_block,1337,near,network_general,wasserstein_iqr_mean,439962.8306160483,True,True
primary,real_contiguous_block,1337,near,network_general,zero_rate_mae,0.0763719512195122,True,True
primary,real_contiguous_block,1337,near,network_general,acf_abs_error_mean,0.17022168306782723,True,True
primary,real_contiguous_block,1337,near,network_general,spectral_l1_mean,1.1066478901537797,True,True
primary,real_contiguous_block,1337,near,network_general,transition_rate_mae,0.04354707556484869,True,True
primary,real_contiguous_block,1337,near,network_general,coupling_corr_mae,0.13488223149419004,True,True
primary,real_contiguous_block,1337,near,network_general,coupling_coactivation_mae,0.10727793768620915,True,True
primary,real_contiguous_block,1337,near,network_iot_named,marginal_ks_mean,0.26878503257082265,True,True
primary,real_contiguous_block,1337,near,network_iot_named,wasserstein_iqr_mean,4454.87063903853,True,True
primary,real_contiguous_block,1337,near,network_iot_named,zero_rate_mae,0.032411755794576586,True,True
primary,real_contiguous_block,1337,near,network_iot_named,acf_abs_error_mean,0.0803457592525332,True,True
primary,real_contiguous_block,1337,near,network_iot_named,spectral_l1_mean,0.9517257781667388,True,True
primary,real_contiguous_block,1337,near,network_iot_named,transition_rate_mae,0.02634150776154003,True,True
primary,real_contiguous_block,1337,near,network_iot_named,coupling_corr_mae,0.10491858654604559,True,True
primary,real_contiguous_block,1337,near,network_iot_named,coupling_coactivation_mae,0.04387764939196541,True,True
primary,real_contiguous_block,1337,future,iot_values,marginal_ks_mean,0.28110673526657426,True,True
primary,real_contiguous_block,1337,future,iot_values,wasserstein_iqr_mean,11651.967620787662,True,True
primary,real_contiguous_block,1337,future,iot_values,zero_rate_mae,0.05100957899866903,True,True
primary,real_contiguous_block,1337,future,iot_values,acf_abs_error_mean,0.09532949943360085,True,True
primary,real_contiguous_block,1337,future,iot_values,spectral_l1_mean,0.8959593915187628,True,True
primary,real_contiguous_block,1337,future,iot_values,transition_rate_mae,0.06043274602052008,True,True
primary,real_contiguous_block,1337,future,iot_values,coupling_corr_mae,0.08426889610248792,True,True
primary,real_contiguous_block,1337,future,iot_values,coupling_coactivation_mae,0.09349123795859807,True,True
primary,real_contiguous_block,1337,future,multimodal_balanced,marginal_ks_mean,0.3087460987768362,True,True
primary,real_contiguous_block,1337,future,multimodal_balanced,wasserstein_iqr_mean,13156.348200881199,True,True
primary,real_contiguous_block,1337,future,multimodal_balanced,zero_rate_mae,0.03605310126884458,True,True
primary,real_contiguous_block,1337,future,multimodal_balanced,acf_abs_error_mean,0.13076407207303123,True,True
primary,real_contiguous_block,1337,future,multimodal_balanced,spectral_l1_mean,1.0190054686531957,True,True
primary,real_contiguous_block,1337,future,multimodal_balanced,transition_rate_mae,0.03546276935586919,True,True
primary,real_contiguous_block,1337,future,multimodal_balanced,coupling_corr_mae,0.1125517219915769,True,True
primary,real_contiguous_block,1337,future,multimodal_balanced,coupling_coactivation_mae,0.06070733560679072,True,True
primary,real_contiguous_block,1337,future,network_general,marginal_ks_mean,0.3719153809598663,True,True
primary,real_contiguous_block,1337,future,network_general,wasserstein_iqr_mean,22577.737954395798,True,True
primary,real_contiguous_block,1337,future,network_general,zero_rate_mae,0.04420034003634635,True,True
primary,real_contiguous_block,1337,future,network_general,acf_abs_error_mean,0.1342174666933422,True,True
primary,real_contiguous_block,1337,future,network_general,spectral_l1_mean,1.0579987031731388,True,True
primary,real_contiguous_block,1337,future,network_general,transition_rate_mae,0.04155776267642446,True,True
primary,real_contiguous_block,1337,future,network_general,coupling_corr_mae,0.1637693355863364,True,True
primary,real_contiguous_block,1337,future,network_general,coupling_coactivation_mae,0.06264013028329042,True,True
primary,real_contiguous_block,1337,future,network_iot_named,marginal_ks_mean,0.22999032940937494,True,True
primary,real_contiguous_block,1337,future,network_iot_named,wasserstein_iqr_mean,4159.954467099699,True,True
primary,real_contiguous_block,1337,future,network_iot_named,zero_rate_mae,0.021909786752235528,True,True
primary,real_contiguous_block,1337,future,network_iot_named,acf_abs_error_mean,0.12444014518735655,True,True
primary,real_contiguous_block,1337,future,network_iot_named,spectral_l1_mean,0.9895224611509073,True,True
primary,real_contiguous_block,1337,future,network_iot_named,transition_rate_mae,0.020098941642613083,True,True
primary,real_contiguous_block,1337,future,network_iot_named,coupling_corr_mae,0.16793066671506773,True,True
primary,real_contiguous_block,1337,future,network_iot_named,coupling_coactivation_mae,0.029547176047706274,True,True
primary,real_contiguous_block,1338,near,iot_values,marginal_ks_mean,0.2068866571018651,True,True
primary,real_contiguous_block,1338,near,iot_values,wasserstein_iqr_mean,0.9641589589358117,True,True
primary,real_contiguous_block,1338,near,iot_values,zero_rate_mae,0.0014552162328346006,True,True
primary,real_contiguous_block,1338,near,iot_values,acf_abs_error_mean,0.021559794934922185,True,True
primary,real_contiguous_block,1338,near,iot_values,spectral_l1_mean,0.8249193295380873,True,True
primary,real_contiguous_block,1338,near,iot_values,transition_rate_mae,0.0007994834107192294,True,True
primary,real_contiguous_block,1338,near,iot_values,coupling_corr_mae,0.053965343601728756,True,True
primary,real_contiguous_block,1338,near,iot_values,coupling_coactivation_mae,0.002268651362984218,True,True
primary,real_contiguous_block,1338,near,multimodal_balanced,marginal_ks_mean,0.29812354819976766,True,True
primary,real_contiguous_block,1338,near,multimodal_balanced,wasserstein_iqr_mean,227807.16867944296,True,True
primary,real_contiguous_block,1338,near,multimodal_balanced,zero_rate_mae,0.03688661440185831,True,True
primary,real_contiguous_block,1338,near,multimodal_balanced,acf_abs_error_mean,0.11428959176362713,True,True
primary,real_contiguous_block,1338,near,multimodal_balanced,spectral_l1_mean,0.9855361310283944,True,True
primary,real_contiguous_block,1338,near,multimodal_balanced,transition_rate_mae,0.01950833478538654,True,True
primary,real_contiguous_block,1338,near,multimodal_balanced,coupling_corr_mae,0.08434021983292359,True,True
primary,real_contiguous_block,1338,near,multimodal_balanced,coupling_coactivation_mae,0.06228099439049102,True,True
primary,real_contiguous_block,1338,near,network_general,marginal_ks_mean,0.3888719512195122,True,True
primary,real_contiguous_block,1338,near,network_general,wasserstein_iqr_mean,456273.65343021764,True,True
primary,real_contiguous_block,1338,near,network_general,zero_rate_mae,0.06538908246225321,True,True
primary,real_contiguous_block,1338,near,network_general,acf_abs_error_mean,0.20235514233889795,True,True
primary,real_contiguous_block,1338,near,network_general,spectral_l1_mean,1.1415037908796883,True,True
primary,real_contiguous_block,1338,near,network_general,transition_rate_mae,0.034043387349712496,True,True
primary,real_contiguous_block,1338,near,network_general,coupling_corr_mae,0.11905102977812639,True,True
primary,real_contiguous_block,1338,near,network_general,coupling_coactivation_mae,0.09172410745846589,True,True
primary,real_contiguous_block,1338,near,network_iot_named,marginal_ks_mean,0.25724132707165576,True,True
primary,real_contiguous_block,1338,near,network_iot_named,wasserstein_iqr_mean,4265.729955905447,True,True
primary,real_contiguous_block,1338,near,network_iot_named,zero_rate_mae,0.023428268444175136,True,True
primary,real_contiguous_block,1338,near,network_iot_named,acf_abs_error_mean,0.11964945117878316,True,True
primary,real_contiguous_block,1338,near,network_iot_named,spectral_l1_mean,0.9851951919199089,True,True
primary,real_contiguous_block,1338,near,network_iot_named,transition_rate_mae,0.017439790298264358,True,True
primary,real_contiguous_block,1338,near,network_iot_named,coupling_corr_mae,0.10552197399780387,True,True
primary,real_contiguous_block,1338,near,network_iot_named,coupling_coactivation_mae,0.031883598903747375,True,True
primary,real_contiguous_block,1338,future,iot_values,marginal_ks_mean,0.2734255376202337,True,True
primary,real_contiguous_block,1338,future,iot_values,wasserstein_iqr_mean,11581.381661402773,True,True
primary,real_contiguous_block,1338,future,iot_values,zero_rate_mae,0.049061930310804164,True,True
primary,real_contiguous_block,1338,future,iot_values,acf_abs_error_mean,0.022223570282064987,True,True
primary,real_contiguous_block,1338,future,iot_values,spectral_l1_mean,0.8465098456656682,True,True
primary,real_contiguous_block,1338,future,iot_values,transition_rate_mae,0.05803429578836239,True,True
primary,real_contiguous_block,1338,future,iot_values,coupling_corr_mae,0.05276993539983475,True,True
primary,real_contiguous_block,1338,future,iot_values,coupling_coactivation_mae,0.09149928263988523,True,True
primary,real_contiguous_block,1338,future,multimodal_balanced,marginal_ks_mean,0.301060558277249,True,True
primary,real_contiguous_block,1338,future,multimodal_balanced,wasserstein_iqr_mean,6077.732836739757,True,True
primary,real_contiguous_block,1338,future,multimodal_balanced,zero_rate_mae,0.026187931557165377,True,True
primary,real_contiguous_block,1338,future,multimodal_balanced,acf_abs_error_mean,0.090204713149966,True,True
primary,real_contiguous_block,1338,future,multimodal_balanced,spectral_l1_mean,0.9455162382927875,True,True
primary,real_contiguous_block,1338,future,multimodal_balanced,transition_rate_mae,0.026641546146250795,True,True
primary,real_contiguous_block,1338,future,multimodal_balanced,coupling_corr_mae,0.11499453739332839,True,True
primary,real_contiguous_block,1338,future,multimodal_balanced,coupling_coactivation_mae,0.04456578817307932,True,True
primary,real_contiguous_block,1338,future,network_general,marginal_ks_mean,0.33682724447152657,True,True
primary,real_contiguous_block,1338,future,network_general,wasserstein_iqr_mean,8686.683768309851,True,True
primary,real_contiguous_block,1338,future,network_general,zero_rate_mae,0.03204151309093403,True,True
primary,real_contiguous_block,1338,future,network_general,acf_abs_error_mean,0.11407205434640072,True,True
primary,real_contiguous_block,1338,future,network_general,spectral_l1_mean,0.9936420122208977,True,True
primary,real_contiguous_block,1338,future,network_general,transition_rate_mae,0.03071818551431724,True,True
primary,real_contiguous_block,1338,future,network_general,coupling_corr_mae,0.14653534609561267,True,True
primary,real_contiguous_block,1338,future,network_general,coupling_coactivation_mae,0.04548805736504571,True,True
primary,real_contiguous_block,1338,future,network_iot_named,marginal_ks_mean,0.24739259919579046,True,True
primary,real_contiguous_block,1338,future,network_iot_named,wasserstein_iqr_mean,2044.7949688551428,True,True
primary,real_contiguous_block,1338,future,network_iot_named,zero_rate_mae,0.012441524367748327,True,True
primary,real_contiguous_block,1338,future,network_iot_named,acf_abs_error_mean,0.13707087115626165,True,True
primary,real_contiguous_block,1338,future,network_iot_named,spectral_l1_mean,0.9840813708317723,True,True
primary,real_contiguous_block,1338,future,network_iot_named,transition_rate_mae,0.010454783063251438,True,True
primary,real_contiguous_block,1338,future,network_iot_named,coupling_corr_mae,0.15715085840600235,True,True
primary,real_contiguous_block,1338,future,network_iot_named,coupling_coactivation_mae,0.016945779565079675,True,True
primary,real_contiguous_block,1339,near,iot_values,marginal_ks_mean,0.2229965156794425,True,True
primary,real_contiguous_block,1339,near,iot_values,wasserstein_iqr_mean,0.6151790877141382,True,True
primary,real_contiguous_block,1339,near,iot_values,zero_rate_mae,0.0024595203935232576,True,True
primary,real_contiguous_block,1339,near,iot_values,acf_abs_error_mean,0.09181977343259662,True,True
primary,real_contiguous_block,1339,near,iot_values,spectral_l1_mean,0.9131782722546485,True,True
primary,real_contiguous_block,1339,near,iot_values,transition_rate_mae,0.005924377069175813,True,True
primary,real_contiguous_block,1339,near,iot_values,coupling_corr_mae,0.06380777149945945,True,True
primary,real_contiguous_block,1339,near,iot_values,coupling_coactivation_mae,0.0027925804468128847,True,True
primary,real_contiguous_block,1339,near,multimodal_balanced,marginal_ks_mean,0.33963777584204413,True,True
primary,real_contiguous_block,1339,near,multimodal_balanced,wasserstein_iqr_mean,216657.09002411828,True,True
primary,real_contiguous_block,1339,near,multimodal_balanced,zero_rate_mae,0.05176030778164925,True,True
primary,real_contiguous_block,1339,near,multimodal_balanced,acf_abs_error_mean,0.15136172893846608,True,True
primary,real_contiguous_block,1339,near,multimodal_balanced,spectral_l1_mean,0.9975204767297932,True,True
primary,real_contiguous_block,1339,near,multimodal_balanced,transition_rate_mae,0.0336876343149213,True,True
primary,real_contiguous_block,1339,near,multimodal_balanced,coupling_corr_mae,0.08544656216982222,True,True
primary,real_contiguous_block,1339,near,multimodal_balanced,coupling_coactivation_mae,0.0872118022092075,True,True
primary,real_contiguous_block,1339,near,network_general,marginal_ks_mean,0.4208260743321719,True,True
primary,real_contiguous_block,1339,near,network_general,wasserstein_iqr_mean,433792.7337006183,True,True
primary,real_contiguous_block,1339,near,network_general,zero_rate_mae,0.08275261324041812,True,True
primary,real_contiguous_block,1339,near,network_general,acf_abs_error_mean,0.20380934455131253,True,True
primary,real_contiguous_block,1339,near,network_general,spectral_l1_mean,1.0854865549490793,True,True
primary,real_contiguous_block,1339,near,network_general,transition_rate_mae,0.04964569901841204,True,True
primary,real_contiguous_block,1339,near,network_general,coupling_corr_mae,0.15275635453460487,True,True
primary,real_contiguous_block,1339,near,network_general,coupling_coactivation_mae,0.1165707216078372,True,True
primary,real_contiguous_block,1339,near,network_iot_named,marginal_ks_mean,0.3070595364338737,True,True
primary,real_contiguous_block,1339,near,network_iot_named,wasserstein_iqr_mean,3477.543184235759,True,True
primary,real_contiguous_block,1339,near,network_iot_named,zero_rate_mae,0.03941826995909711,True,True
primary,real_contiguous_block,1339,near,network_iot_named,acf_abs_error_mean,0.08928330601794653,True,True
primary,real_contiguous_block,1339,near,network_iot_named,spectral_l1_mean,0.9798091075367068,True,True
primary,real_contiguous_block,1339,near,network_iot_named,transition_rate_mae,0.0337431911331318,True,True
primary,real_contiguous_block,1339,near,network_iot_named,coupling_corr_mae,0.11490186060565495,True,True
primary,real_contiguous_block,1339,near,network_iot_named,coupling_coactivation_mae,0.053390670834997454,True,True
primary,real_contiguous_block,1339,future,iot_values,marginal_ks_mean,0.26570233405600696,True,True
primary,real_contiguous_block,1339,future,iot_values,wasserstein_iqr_mean,11844.433757901494,True,True
primary,real_contiguous_block,1339,future,iot_values,zero_rate_mae,0.05219834718887194,True,True
primary,real_contiguous_block,1339,future,iot_values,acf_abs_error_mean,0.10073155146309852,True,True
primary,real_contiguous_block,1339,future,iot_values,spectral_l1_mean,0.9211571885732934,True,True
primary,real_contiguous_block,1339,future,iot_values,transition_rate_mae,0.06328218689462195,True,True
primary,real_contiguous_block,1339,future,iot_values,coupling_corr_mae,0.07710186112582022,True,True
primary,real_contiguous_block,1339,future,iot_values,coupling_coactivation_mae,0.09567150030744005,True,True
primary,real_contiguous_block,1339,future,multimodal_balanced,marginal_ks_mean,0.30994721690831134,True,True
primary,real_contiguous_block,1339,future,multimodal_balanced,wasserstein_iqr_mean,14619.34598130566,True,True
primary,real_contiguous_block,1339,future,multimodal_balanced,zero_rate_mae,0.04177074501401073,True,True
primary,real_contiguous_block,1339,future,multimodal_balanced,acf_abs_error_mean,0.13947891942727303,True,True
primary,real_contiguous_block,1339,future,multimodal_balanced,spectral_l1_mean,1.0183068811766394,True,True
primary,real_contiguous_block,1339,future,multimodal_balanced,transition_rate_mae,0.04164125573561015,True,True
primary,real_contiguous_block,1339,future,multimodal_balanced,coupling_corr_mae,0.10241154852411494,True,True
primary,real_contiguous_block,1339,future,multimodal_balanced,coupling_coactivation_mae,0.07058359280401316,True,True
primary,real_contiguous_block,1339,future,network_general,marginal_ks_mean,0.36588974491407145,True,True
primary,real_contiguous_block,1339,future,network_general,wasserstein_iqr_mean,25582.668690423092,True,True
primary,real_contiguous_block,1339,future,network_general,zero_rate_mae,0.05029064201079466,True,True
primary,real_contiguous_block,1339,future,network_general,acf_abs_error_mean,0.15548514318375273,True,True
primary,real_contiguous_block,1339,future,network_general,spectral_l1_mean,1.0474127750904934,True,True
primary,real_contiguous_block,1339,future,network_general,transition_rate_mae,0.04800487889876285,True,True
primary,real_contiguous_block,1339,future,network_general,coupling_corr_mae,0.1510156332685525,True,True
primary,real_contiguous_block,1339,future,network_general,coupling_coactivation_mae,0.07160215623895372,True,True
primary,real_contiguous_block,1339,future,network_iot_named,marginal_ks_mean,0.2553912896234495,True,True
primary,real_contiguous_block,1339,future,network_iot_named,wasserstein_iqr_mean,1908.1766312359541,True,True
primary,real_contiguous_block,1339,future,network_iot_named,zero_rate_mae,0.028456713010894648,True,True
primary,real_contiguous_block,1339,future,network_iot_named,acf_abs_error_mean,0.1165672272390319,True,True
primary,real_contiguous_block,1339,future,network_iot_named,spectral_l1_mean,1.0279818121120672,True,True
primary,real_contiguous_block,1339,future,network_iot_named,transition_rate_mae,0.027440017576157022,True,True
primary,real_contiguous_block,1339,future,network_iot_named,coupling_corr_mae,0.15923527093297135,True,True
primary,real_contiguous_block,1339,future,network_iot_named,coupling_coactivation_mae,0.03849279034856979,True,True
primary,real_contiguous_block,1340,near,iot_values,marginal_ks_mean,0.22622463619594183,True,True
primary,real_contiguous_block,1340,near,iot_values,wasserstein_iqr_mean,1.090874656904285,True,True
primary,real_contiguous_block,1340,near,iot_values,zero_rate_mae,0.002705472432875588,True,True
primary,real_contiguous_block,1340,near,iot_values,acf_abs_error_mean,0.022457823686421623,True,True
primary,real_contiguous_block,1340,near,iot_values,spectral_l1_mean,0.8059196614031038,True,True
primary,real_contiguous_block,1340,near,iot_values,transition_rate_mae,0.00196795916484733,True,True
primary,real_contiguous_block,1340,near,iot_values,coupling_corr_mae,0.03361880851489189,True,True
primary,real_contiguous_block,1340,near,iot_values,coupling_coactivation_mae,0.004393830703012893,True,True
primary,real_contiguous_block,1340,near,multimodal_balanced,marginal_ks_mean,0.31691710220673636,True,True
primary,real_contiguous_block,1340,near,multimodal_balanced,wasserstein_iqr_mean,93461.72028695368,True,True
primary,real_contiguous_block,1340,near,multimodal_balanced,zero_rate_mae,0.01989692218350755,True,True
primary,real_contiguous_block,1340,near,multimodal_balanced,acf_abs_error_mean,0.12804423733628773,True,True
primary,real_contiguous_block,1340,near,multimodal_balanced,spectral_l1_mean,0.9281223082974543,True,True
primary,real_contiguous_block,1340,near,multimodal_balanced,transition_rate_mae,0.006770198060056922,True,True
primary,real_contiguous_block,1340,near,multimodal_balanced,coupling_corr_mae,0.07120425236614848,True,True
primary,real_contiguous_block,1340,near,multimodal_balanced,coupling_coactivation_mae,0.03320081795042874,True,True
primary,real_contiguous_block,1340,near,network_general,marginal_ks_mean,0.3661149825783972,True,True
primary,real_contiguous_block,1340,near,network_general,wasserstein_iqr_mean,185984.9625368919,True,True
primary,real_contiguous_block,1340,near,network_general,zero_rate_mae,0.042820847851335664,True,True
primary,real_contiguous_block,1340,near,network_general,acf_abs_error_mean,0.1016188437839612,True,True
primary,real_contiguous_block,1340,near,network_general,spectral_l1_mean,0.9420429092867147,True,True
primary,real_contiguous_block,1340,near,network_general,transition_rate_mae,0.01647354359063716,True,True
primary,real_contiguous_block,1340,near,network_general,coupling_corr_mae,0.10668428187403133,True,True
primary,real_contiguous_block,1340,near,network_general,coupling_coactivation_mae,0.059210094430136855,True,True
primary,real_contiguous_block,1340,near,network_iot_named,marginal_ks_mean,0.32210271171034693,True,True
primary,real_contiguous_block,1340,near,network_iot_named,wasserstein_iqr_mean,4334.7467149555405,True,True
primary,real_contiguous_block,1340,near,network_iot_named,zero_rate_mae,0.007120133313134369,True,True
primary,real_contiguous_block,1340,near,network_iot_named,acf_abs_error_mean,0.21227022409275695,True,True
primary,real_contiguous_block,1340,near,network_iot_named,spectral_l1_mean,1.0733344218545,True,True
primary,real_contiguous_block,1340,near,network_iot_named,transition_rate_mae,0.002424297521913379,True,True
primary,real_contiguous_block,1340,near,network_iot_named,coupling_corr_mae,0.1180908825539223,True,True
primary,real_contiguous_block,1340,near,network_iot_named,coupling_coactivation_mae,0.009753343157372847,True,True
primary,real_contiguous_block,1340,future,iot_values,marginal_ks_mean,0.2555029823094965,True,True
primary,real_contiguous_block,1340,future,iot_values,wasserstein_iqr_mean,11487.182608849358,True,True
primary,real_contiguous_block,1340,future,iot_values,zero_rate_mae,0.04928771479702549,True,True
primary,real_contiguous_block,1340,future,iot_values,acf_abs_error_mean,0.023631985355038763,True,True
primary,real_contiguous_block,1340,future,iot_values,spectral_l1_mean,0.8200962368685857,True,True
primary,real_contiguous_block,1340,future,iot_values,transition_rate_mae,0.05916177239322284,True,True
primary,real_contiguous_block,1340,future,iot_values,coupling_corr_mae,0.07314668759002722,True,True
primary,real_contiguous_block,1340,future,iot_values,coupling_coactivation_mae,0.09175676368108218,True,True
primary,real_contiguous_block,1340,future,multimodal_balanced,marginal_ks_mean,0.31825336533919374,True,True
primary,real_contiguous_block,1340,future,multimodal_balanced,wasserstein_iqr_mean,269039.4764139306,True,True
primary,real_contiguous_block,1340,future,multimodal_balanced,zero_rate_mae,0.02522366852646803,True,True
primary,real_contiguous_block,1340,future,multimodal_balanced,acf_abs_error_mean,0.16959024483582505,True,True
primary,real_contiguous_block,1340,future,multimodal_balanced,spectral_l1_mean,1.0670116370299465,True,True
primary,real_contiguous_block,1340,future,multimodal_balanced,transition_rate_mae,0.024634082592786197,True,True
primary,real_contiguous_block,1340,future,multimodal_balanced,coupling_corr_mae,0.10310949620075685,True,True
primary,real_contiguous_block,1340,future,multimodal_balanced,coupling_coactivation_mae,0.04199332171893147,True,True
primary,real_contiguous_block,1340,future,network_general,marginal_ks_mean,0.3232044447795985,True,True
primary,real_contiguous_block,1340,future,network_general,wasserstein_iqr_mean,534352.7706647537,True,True
primary,real_contiguous_block,1340,future,network_general,zero_rate_mae,0.03464432841506607,True,True
primary,real_contiguous_block,1340,future,network_general,acf_abs_error_mean,0.21672554540934907,True,True
primary,real_contiguous_block,1340,future,network_general,spectral_l1_mean,1.1349437614495252,True,True
primary,real_contiguous_block,1340,future,network_general,transition_rate_mae,0.025650519835046747,True,True
primary,real_contiguous_block,1340,future,network_general,coupling_corr_mae,0.18480706496461752,True,True
primary,real_contiguous_block,1340,future,network_general,coupling_coactivation_mae,0.04729207695803666,True,True
primary,real_contiguous_block,1340,future,network_iot_named,marginal_ks_mean,0.33024286830224586,True,True
primary,real_contiguous_block,1340,future,network_iot_named,wasserstein_iqr_mean,5673.527463145581,True,True
primary,real_contiguous_block,1340,future,network_iot_named,zero_rate_mae,0.005160281833013899,True,True
primary,real_contiguous_block,1340,future,network_iot_named,acf_abs_error_mean,0.20601656204272423,True,True
primary,real_contiguous_block,1340,future,network_iot_named,spectral_l1_mean,1.1158437132708807,True,True
primary,real_contiguous_block,1340,future,network_iot_named,transition_rate_mae,0.00681833678038137,True,True
primary,real_contiguous_block,1340,future,network_iot_named,coupling_corr_mae,0.1339074993100478,True,True
primary,real_contiguous_block,1340,future,network_iot_named,coupling_coactivation_mae,0.00706848824558263,True,True
primary,real_contiguous_block,1341,near,iot_values,marginal_ks_mean,0.20608731297397007,True,True
primary,real_contiguous_block,1341,near,iot_values,wasserstein_iqr_mean,0.9780852978758972,True,True
primary,real_contiguous_block,1341,near,iot_values,zero_rate_mae,0.0015679442508710858,True,True
primary,real_contiguous_block,1341,near,iot_values,acf_abs_error_mean,0.019872158143871027,True,True
primary,real_contiguous_block,1341,near,iot_values,spectral_l1_mean,0.8101439372043482,True,True
primary,real_contiguous_block,1341,near,iot_values,transition_rate_mae,0.0013017229892479721,True,True
primary,real_contiguous_block,1341,near,iot_values,coupling_corr_mae,0.05362718528600295,True,True
primary,real_contiguous_block,1341,near,iot_values,coupling_coactivation_mae,0.002477454396392704,True,True
primary,real_contiguous_block,1341,near,multimodal_balanced,marginal_ks_mean,0.2958950348432056,True,True
primary,real_contiguous_block,1341,near,multimodal_balanced,wasserstein_iqr_mean,227691.0362267169,True,True
primary,real_contiguous_block,1341,near,multimodal_balanced,zero_rate_mae,0.03468713704994193,True,True
primary,real_contiguous_block,1341,near,multimodal_balanced,acf_abs_error_mean,0.11495462927130091,True,True
primary,real_contiguous_block,1341,near,multimodal_balanced,spectral_l1_mean,0.9811547216486143,True,True
primary,real_contiguous_block,1341,near,multimodal_balanced,transition_rate_mae,0.01819422663646396,True,True
primary,real_contiguous_block,1341,near,multimodal_balanced,coupling_corr_mae,0.08527759203552894,True,True
primary,real_contiguous_block,1341,near,multimodal_balanced,coupling_coactivation_mae,0.05851280055353746,True,True
primary,real_contiguous_block,1341,near,network_general,marginal_ks_mean,0.3838995354239257,True,True
primary,real_contiguous_block,1341,near,network_general,wasserstein_iqr_mean,455830.821620699,True,True
primary,real_contiguous_block,1341,near,network_general,zero_rate_mae,0.062311265969802555,True,True
primary,real_contiguous_block,1341,near,network_general,acf_abs_error_mean,0.2036253298281594,True,True
primary,real_contiguous_block,1341,near,network_general,spectral_l1_mean,1.1570741417884853,True,True
primary,real_contiguous_block,1341,near,network_general,transition_rate_mae,0.03204681419527212,True,True
primary,real_contiguous_block,1341,near,network_general,coupling_corr_mae,0.11746829318101823,True,True
primary,real_contiguous_block,1341,near,network_general,coupling_coactivation_mae,0.08726266222289553,True,True
primary,real_contiguous_block,1341,near,network_iot_named,marginal_ks_mean,0.25982426905014394,True,True
primary,real_contiguous_block,1341,near,network_iot_named,wasserstein_iqr_mean,4235.469650926766,True,True
primary,real_contiguous_block,1341,near,network_iot_named,zero_rate_mae,0.021413422208756253,True,True
primary,real_contiguous_block,1341,near,network_iot_named,acf_abs_error_mean,0.12089692008964988,True,True
primary,real_contiguous_block,1341,near,network_iot_named,spectral_l1_mean,0.9794646153308558,True,True
primary,real_contiguous_block,1341,near,network_iot_named,transition_rate_mae,0.015613991227073342,True,True
primary,real_contiguous_block,1341,near,network_iot_named,coupling_corr_mae,0.10763848737273272,True,True
primary,real_contiguous_block,1341,near,network_iot_named,coupling_coactivation_mae,0.02915673933701506,True,True
primary,real_contiguous_block,1341,future,iot_values,marginal_ks_mean,0.26843029104360355,True,True
primary,real_contiguous_block,1341,future,iot_values,wasserstein_iqr_mean,11536.300216928648,True,True
primary,real_contiguous_block,1341,future,iot_values,zero_rate_mae,0.04901069030260576,True,True
primary,real_contiguous_block,1341,future,iot_values,acf_abs_error_mean,0.020574152564677796,True,True
primary,real_contiguous_block,1341,future,iot_values,spectral_l1_mean,0.8318281926934316,True,True
primary,real_contiguous_block,1341,future,iot_values,transition_rate_mae,0.05747055748593216,True,True
primary,real_contiguous_block,1341,future,iot_values,coupling_corr_mae,0.05453366500578592,True,True
primary,real_contiguous_block,1341,future,iot_values,coupling_coactivation_mae,0.0913903976224636,True,True
primary,real_contiguous_block,1341,future,multimodal_balanced,marginal_ks_mean,0.2987372562234966,True,True
primary,real_contiguous_block,1341,future,multimodal_balanced,wasserstein_iqr_mean,6200.021646845093,True,True
primary,real_contiguous_block,1341,future,multimodal_balanced,zero_rate_mae,0.024883831325342647,True,True
primary,real_contiguous_block,1341,future,multimodal_balanced,acf_abs_error_mean,0.09167689053571923,True,True
primary,real_contiguous_block,1341,future,multimodal_balanced,spectral_l1_mean,0.9472577810956057,True,True
primary,real_contiguous_block,1341,future,multimodal_balanced,transition_rate_mae,0.025138671080908403,True,True
primary,real_contiguous_block,1341,future,multimodal_balanced,coupling_corr_mae,0.11660575377811237,True,True
primary,real_contiguous_block,1341,future,multimodal_balanced,coupling_coactivation_mae,0.042213562903106246,True,True
primary,real_contiguous_block,1341,future,network_general,marginal_ks_mean,0.3329605372829178,True,True
primary,real_contiguous_block,1341,future,network_general,wasserstein_iqr_mean,9129.137187255448,True,True
primary,real_contiguous_block,1341,future,network_general,zero_rate_mae,0.030928666866545246,True,True
primary,real_contiguous_block,1341,future,network_general,acf_abs_error_mean,0.11475898507938125,True,True
primary,real_contiguous_block,1341,future,network_general,spectral_l1_mean,0.9932689770973381,True,True
primary,real_contiguous_block,1341,future,network_general,transition_rate_mae,0.02896846140442586,True,True
primary,real_contiguous_block,1341,future,network_general,coupling_corr_mae,0.1475449649710846,True,True
primary,real_contiguous_block,1341,future,network_general,coupling_coactivation_mae,0.04355400696864112,True,True
primary,real_contiguous_block,1341,future,network_iot_named,marginal_ks_mean,0.25199820478710594,True,True
primary,real_contiguous_block,1341,future,network_iot_named,wasserstein_iqr_mean,2089.7815635382653,True,True
primary,real_contiguous_block,1341,future,network_iot_named,zero_rate_mae,0.010456976571959816,True,True
primary,real_contiguous_block,1341,future,network_iot_named,acf_abs_error_mean,0.13898921152461857,True,True
primary,real_contiguous_block,1341,future,network_iot_named,spectral_l1_mean,0.9962413374436195,True,True
primary,real_contiguous_block,1341,future,network_iot_named,transition_rate_mae,0.008735047008644135,True,True
primary,real_contiguous_block,1341,future,network_iot_named,coupling_corr_mae,0.15790270711373092,True,True
primary,real_contiguous_block,1341,future,network_iot_named,coupling_coactivation_mae,0.014256104446984615,True,True
primary,independent_marginals,1337,near,iot_values,marginal_ks_mean,0.20829063332650133,True,True
primary,independent_marginals,1337,near,iot_values,wasserstein_iqr_mean,0.7912641417212045,True,True
primary,independent_marginals,1337,near,iot_values,zero_rate_mae,0.001465464234474279,True,True
primary,independent_marginals,1337,near,iot_values,acf_abs_error_mean,0.3299656749694883,True,True
primary,independent_marginals,1337,near,iot_values,spectral_l1_mean,1.2978559227797453,True,True
primary,independent_marginals,1337,near,iot_values,transition_rate_mae,0.01019853838032861,True,True
primary,independent_marginals,1337,near,iot_values,coupling_corr_mae,0.06990348732059977,True,True
primary,independent_marginals,1337,near,iot_values,coupling_coactivation_mae,0.0056235908997745426,True,True
primary,independent_marginals,1337,near,multimodal_balanced,marginal_ks_mean,0.26871733449477353,True,True
primary,independent_marginals,1337,near,multimodal_balanced,wasserstein_iqr_mean,108781.26371600135,True,True
primary,independent_marginals,1337,near,multimodal_balanced,zero_rate_mae,0.03443307200929152,True,True
primary,independent_marginals,1337,near,multimodal_balanced,acf_abs_error_mean,0.2829202614148903,True,True
primary,independent_marginals,1337,near,multimodal_balanced,spectral_l1_mean,1.2732824072195088,True,True
primary,independent_marginals,1337,near,multimodal_balanced,transition_rate_mae,0.030046610907823665,True,True
primary,independent_marginals,1337,near,multimodal_balanced,coupling_corr_mae,0.10442406405193462,True,True
primary,independent_marginals,1337,near,multimodal_balanced,coupling_coactivation_mae,0.0584615242049077,True,True
primary,independent_marginals,1337,near,network_general,marginal_ks_mean,0.34847560975609754,True,True
primary,independent_marginals,1337,near,network_general,wasserstein_iqr_mean,216138.6374499779,True,True
primary,independent_marginals,1337,near,network_general,zero_rate_mae,0.061273228803716606,True,True
primary,independent_marginals,1337,near,network_general,acf_abs_error_mean,0.23470182072435877,True,True
primary,independent_marginals,1337,near,network_general,spectral_l1_mean,1.2561341123007423,True,True
primary,independent_marginals,1337,near,network_general,transition_rate_mae,0.04287187082534705,True,True
primary,independent_marginals,1337,near,network_general,coupling_corr_mae,0.292040577543864,True,True
primary,independent_marginals,1337,near,network_general,coupling_coactivation_mae,0.08610942786446499,True,True
primary,independent_marginals,1337,near,network_iot_named,marginal_ks_mean,0.21054385699136496,True,True
primary,independent_marginals,1337,near,network_iot_named,wasserstein_iqr_mean,5621.568282207407,True,True
primary,independent_marginals,1337,near,network_iot_named,zero_rate_mae,0.02151189213755491,True,True
primary,independent_marginals,1337,near,network_iot_named,acf_abs_error_mean,0.20356033500003998,True,True
primary,independent_marginals,1337,near,network_iot_named,spectral_l1_mean,1.1632749229011399,True,True
primary,independent_marginals,1337,near,network_iot_named,transition_rate_mae,0.022962643090373262,True,True
primary,independent_marginals,1337,near,network_iot_named,coupling_corr_mae,0.21688449124217032,True,True
primary,independent_marginals,1337,near,network_iot_named,coupling_coactivation_mae,0.029815041798074676,True,True
primary,independent_marginals,1337,future,iot_values,marginal_ks_mean,0.25093802863292725,True,True
primary,independent_marginals,1337,future,iot_values,wasserstein_iqr_mean,11798.461928816709,True,True
primary,independent_marginals,1337,future,iot_values,zero_rate_mae,0.05054825469980924,True,True
primary,independent_marginals,1337,future,iot_values,acf_abs_error_mean,0.3712013915840328,True,True
primary,independent_marginals,1337,future,iot_values,spectral_l1_mean,1.3386260700770687,True,True
primary,independent_marginals,1337,future,iot_values,transition_rate_mae,0.06751534905650708,True,True
primary,independent_marginals,1337,future,iot_values,coupling_corr_mae,0.06699301887830035,True,True
primary,independent_marginals,1337,future,iot_values,coupling_coactivation_mae,0.09314536790325888,True,True
primary,independent_marginals,1337,future,multimodal_balanced,marginal_ks_mean,0.2552100636839847,True,True
primary,independent_marginals,1337,future,multimodal_balanced,wasserstein_iqr_mean,131920.53028265198,True,True
primary,independent_marginals,1337,future,multimodal_balanced,zero_rate_mae,0.024816109307888065,True,True
primary,independent_marginals,1337,future,multimodal_balanced,acf_abs_error_mean,0.30969584525409194,True,True
primary,independent_marginals,1337,future,multimodal_balanced,spectral_l1_mean,1.309725102469417,True,True
primary,independent_marginals,1337,future,multimodal_balanced,transition_rate_mae,0.035466399488877275,True,True
primary,independent_marginals,1337,future,multimodal_balanced,coupling_corr_mae,0.1232667315578027,True,True
primary,independent_marginals,1337,future,multimodal_balanced,coupling_coactivation_mae,0.0425462413818667,True,True
primary,independent_marginals,1337,future,network_general,marginal_ks_mean,0.28323742120424417,True,True
primary,independent_marginals,1337,future,network_general,wasserstein_iqr_mean,259061.43001984272,True,True
primary,independent_marginals,1337,future,network_general,zero_rate_mae,0.029987215762246455,True,True
primary,independent_marginals,1337,future,network_general,acf_abs_error_mean,0.17858223036871967,True,True
primary,independent_marginals,1337,future,network_general,spectral_l1_mean,1.1528893787575958,True,True
primary,independent_marginals,1337,future,network_general,transition_rate_mae,0.03651187779520242,True,True
primary,independent_marginals,1337,future,network_general,coupling_corr_mae,0.2735568381548638,True,True
primary,independent_marginals,1337,future,network_general,coupling_coactivation_mae,0.04244622026965612,True,True
primary,independent_marginals,1337,future,network_iot_named,marginal_ks_mean,0.19836327866059683,True,True
primary,independent_marginals,1337,future,network_iot_named,wasserstein_iqr_mean,6248.775560474623,True,True
primary,independent_marginals,1337,future,network_iot_named,zero_rate_mae,0.011418952030223712,True,True
primary,independent_marginals,1337,future,network_iot_named,acf_abs_error_mean,0.2878235228083662,True,True
primary,independent_marginals,1337,future,network_iot_named,spectral_l1_mean,1.270903194935814,True,True
primary,independent_marginals,1337,future,network_iot_named,transition_rate_mae,0.017174632756805076,True,True
primary,independent_marginals,1337,future,network_iot_named,coupling_corr_mae,0.2366780348215649,True,True
primary,independent_marginals,1337,future,network_iot_named,coupling_coactivation_mae,0.015991378716723362,True,True
primary,independent_marginals,1338,near,iot_values,marginal_ks_mean,0.20999180159868827,True,True
primary,independent_marginals,1338,near,iot_values,wasserstein_iqr_mean,0.7909527164115264,True,True
primary,independent_marginals,1338,near,iot_values,zero_rate_mae,0.0021520803443328546,True,True
primary,independent_marginals,1338,near,iot_values,acf_abs_error_mean,0.32919508811654646,True,True
primary,independent_marginals,1338,near,iot_values,spectral_l1_mean,1.2932907604857222,True,True
primary,independent_marginals,1338,near,iot_values,transition_rate_mae,0.011736006477865586,True,True
primary,independent_marginals,1338,near,iot_values,coupling_corr_mae,0.06995574448101802,True,True
primary,independent_marginals,1338,near,iot_values,coupling_coactivation_mae,0.006326860012297608,True,True
primary,independent_marginals,1338,near,multimodal_balanced,marginal_ks_mean,0.2704050522648083,True,True
primary,independent_marginals,1338,near,multimodal_balanced,wasserstein_iqr_mean,119020.10313364824,True,True
primary,independent_marginals,1338,near,multimodal_balanced,zero_rate_mae,0.034999274099883855,True,True
primary,independent_marginals,1338,near,multimodal_balanced,acf_abs_error_mean,0.28443243095160636,True,True
primary,independent_marginals,1338,near,multimodal_balanced,spectral_l1_mean,1.2691587461490188,True,True
primary,independent_marginals,1338,near,multimodal_balanced,transition_rate_mae,0.030391473543590643,True,True
primary,independent_marginals,1338,near,multimodal_balanced,coupling_corr_mae,0.10451122917348264,True,True
primary,independent_marginals,1338,near,multimodal_balanced,coupling_coactivation_mae,0.059285343613314556,True,True
primary,independent_marginals,1338,near,network_general,marginal_ks_mean,0.34938298490127756,True,True
primary,independent_marginals,1338,near,network_general,wasserstein_iqr_mean,237755.9361702147,True,True
primary,independent_marginals,1338,near,network_general,zero_rate_mae,0.06133130081300814,True,True
primary,independent_marginals,1338,near,network_general,acf_abs_error_mean,0.23856994667576034,True,True
primary,independent_marginals,1338,near,network_general,spectral_l1_mean,1.2577195680431246,True,True
primary,independent_marginals,1338,near,network_general,transition_rate_mae,0.04216762502178081,True,True
primary,independent_marginals,1338,near,network_general,coupling_corr_mae,0.2928440086119673,True,True
primary,independent_marginals,1338,near,network_general,coupling_coactivation_mae,0.08597687219108216,True,True
primary,independent_marginals,1338,near,network_iot_named,marginal_ks_mean,0.21068019996970153,True,True
primary,independent_marginals,1338,near,network_iot_named,wasserstein_iqr_mean,4644.486913821194,True,True
primary,independent_marginals,1338,near,network_iot_named,zero_rate_mae,0.022542039084987114,True,True
primary,independent_marginals,1338,near,network_iot_named,acf_abs_error_mean,0.2037082442357166,True,True
primary,independent_marginals,1338,near,network_iot_named,spectral_l1_mean,1.1524437629871125,True,True
primary,independent_marginals,1338,near,network_iot_named,transition_rate_mae,0.02318992098305265,True,True
primary,independent_marginals,1338,near,network_iot_named,coupling_corr_mae,0.2169606970020951,True,True
primary,independent_marginals,1338,near,network_iot_named,coupling_coactivation_mae,0.03119155499855394,True,True
primary,independent_marginals,1338,future,iot_values,marginal_ks_mean,0.25139543830583416,True,True
primary,independent_marginals,1338,future,iot_values,wasserstein_iqr_mean,11806.144148926562,True,True
primary,independent_marginals,1338,future,iot_values,zero_rate_mae,0.05135801105441816,True,True
primary,independent_marginals,1338,future,iot_values,acf_abs_error_mean,0.37094122411776026,True,True
primary,independent_marginals,1338,future,iot_values,spectral_l1_mean,1.3382794604149666,True,True
primary,independent_marginals,1338,future,iot_values,transition_rate_mae,0.06905281715404404,True,True
primary,independent_marginals,1338,future,iot_values,coupling_corr_mae,0.0648672486062169,True,True
primary,independent_marginals,1338,future,iot_values,coupling_coactivation_mae,0.09451988112318098,True,True
primary,independent_marginals,1338,future,multimodal_balanced,marginal_ks_mean,0.2565646443830378,True,True
primary,independent_marginals,1338,future,multimodal_balanced,wasserstein_iqr_mean,125109.63725964223,True,True
primary,independent_marginals,1338,future,multimodal_balanced,zero_rate_mae,0.025411405566173263,True,True
primary,independent_marginals,1338,future,multimodal_balanced,acf_abs_error_mean,0.3109753126183063,True,True
primary,independent_marginals,1338,future,multimodal_balanced,spectral_l1_mean,1.311992663777223,True,True
primary,independent_marginals,1338,future,multimodal_balanced,transition_rate_mae,0.03597098797699947,True,True
primary,independent_marginals,1338,future,multimodal_balanced,coupling_corr_mae,0.12291361613741675,True,True
primary,independent_marginals,1338,future,multimodal_balanced,coupling_coactivation_mae,0.04344913756888329,True,True
primary,independent_marginals,1338,future,network_general,marginal_ks_mean,0.2839918730544461,True,True
primary,independent_marginals,1338,future,network_general,wasserstein_iqr_mean,246097.35978796252,True,True
primary,independent_marginals,1338,future,network_general,zero_rate_mae,0.029740409722757488,True,True
primary,independent_marginals,1338,future,network_general,acf_abs_error_mean,0.1814588667117475,True,True
primary,independent_marginals,1338,future,network_general,spectral_l1_mean,1.159398011837,True,True
primary,independent_marginals,1338,future,network_general,transition_rate_mae,0.036054481036185165,True,True
primary,independent_marginals,1338,future,network_general,coupling_corr_mae,0.27457239526507116,True,True
primary,independent_marginals,1338,future,network_general,coupling_coactivation_mae,0.042042241074584666,True,True
primary,independent_marginals,1338,future,network_iot_named,marginal_ks_mean,0.19926958779476892,True,True
primary,independent_marginals,1338,future,network_iot_named,wasserstein_iqr_mean,4514.21037243288,True,True
primary,independent_marginals,1338,future,network_iot_named,zero_rate_mae,0.012221860680428218,True,True
primary,independent_marginals,1338,future,network_iot_named,acf_abs_error_mean,0.2879787114919049,True,True
primary,independent_marginals,1338,future,network_iot_named,spectral_l1_mean,1.265594314203543,True,True
primary,independent_marginals,1338,future,network_iot_named,transition_rate_mae,0.0173109994924127,True,True
primary,independent_marginals,1338,future,network_iot_named,coupling_corr_mae,0.237091462367037,True,True
primary,independent_marginals,1338,future,network_iot_named,coupling_coactivation_mae,0.017064907520899036,True,True
primary,independent_marginals,1339,near,iot_values,marginal_ks_mean,0.20943840951014553,True,True
primary,independent_marginals,1339,near,iot_values,wasserstein_iqr_mean,0.7874882734829345,True,True
primary,independent_marginals,1339,near,iot_values,zero_rate_mae,0.0024800163968026257,True,True
primary,independent_marginals,1339,near,iot_values,acf_abs_error_mean,0.32798552642005996,True,True
primary,independent_marginals,1339,near,iot_values,spectral_l1_mean,1.2925429045090222,True,True
primary,independent_marginals,1339,near,iot_values,transition_rate_mae,0.011264516261287575,True,True
primary,independent_marginals,1339,near,iot_values,coupling_corr_mae,0.06759230418172694,True,True
primary,independent_marginals,1339,near,iot_values,coupling_coactivation_mae,0.00715182414429186,True,True
primary,independent_marginals,1339,near,multimodal_balanced,marginal_ks_mean,0.2693053135888502,True,True
primary,independent_marginals,1339,near,multimodal_balanced,wasserstein_iqr_mean,159717.71361149088,True,True
primary,independent_marginals,1339,near,multimodal_balanced,zero_rate_mae,0.03464358304297328,True,True
primary,independent_marginals,1339,near,multimodal_balanced,acf_abs_error_mean,0.2839340994666835,True,True
primary,independent_marginals,1339,near,multimodal_balanced,spectral_l1_mean,1.2721527768952094,True,True
primary,independent_marginals,1339,near,multimodal_balanced,transition_rate_mae,0.030954144159842018,True,True
primary,independent_marginals,1339,near,multimodal_balanced,coupling_corr_mae,0.10405054846802819,True,True
primary,independent_marginals,1339,near,multimodal_balanced,coupling_coactivation_mae,0.05869072330540935,True,True
primary,independent_marginals,1339,near,network_general,marginal_ks_mean,0.34685685249709647,True,True
primary,independent_marginals,1339,near,network_general,wasserstein_iqr_mean,317692.12567259435,True,True
primary,independent_marginals,1339,near,network_general,zero_rate_mae,0.060685249709639955,True,True
primary,independent_marginals,1339,near,network_general,acf_abs_error_mean,0.2383204438855345,True,True
primary,independent_marginals,1339,near,network_general,spectral_l1_mean,1.2590427823189951,True,True
primary,independent_marginals,1339,near,network_general,transition_rate_mae,0.04295173375152466,True,True
primary,independent_marginals,1339,near,network_general,coupling_corr_mae,0.2915311925817528,True,True
primary,independent_marginals,1339,near,network_general,coupling_coactivation_mae,0.08505024491238702,True,True
primary,independent_marginals,1339,near,network_iot_named,marginal_ks_mean,0.21238448719890926,True,True
primary,independent_marginals,1339,near,network_iot_named,wasserstein_iqr_mean,6379.0475400101395,True,True
primary,independent_marginals,1339,near,network_iot_named,zero_rate_mae,0.02245114376609604,True,True
primary,independent_marginals,1339,near,network_iot_named,acf_abs_error_mean,0.2037554884306896,True,True
primary,independent_marginals,1339,near,network_iot_named,spectral_l1_mean,1.16239167321917,True,True
primary,independent_marginals,1339,near,network_iot_named,transition_rate_mae,0.02329598399963635,True,True
primary,independent_marginals,1339,near,network_iot_named,coupling_corr_mae,0.21709812593588865,True,True
primary,independent_marginals,1339,near,network_iot_named,coupling_coactivation_mae,0.031059343625621464,True,True
primary,independent_marginals,1339,future,iot_values,marginal_ks_mean,0.24999346312802573,True,True
primary,independent_marginals,1339,future,iot_values,wasserstein_iqr_mean,11587.860041749615,True,True
primary,independent_marginals,1339,future,iot_values,zero_rate_mae,0.049738826795348676,True,True
primary,independent_marginals,1339,future,iot_values,acf_abs_error_mean,0.37044697622448935,True,True
primary,independent_marginals,1339,future,iot_values,spectral_l1_mean,1.3339675630321275,True,True
primary,independent_marginals,1339,future,iot_values,transition_rate_mae,0.06845832948966309,True,True
primary,independent_marginals,1339,future,iot_values,coupling_corr_mae,0.06678148288924203,True,True
primary,independent_marginals,1339,future,iot_values,coupling_coactivation_mae,0.09180928468948556,True,True
primary,independent_marginals,1339,future,multimodal_balanced,marginal_ks_mean,0.25600004999493225,True,True
primary,independent_marginals,1339,future,multimodal_balanced,wasserstein_iqr_mean,77964.2784884215,True,True
primary,independent_marginals,1339,future,multimodal_balanced,zero_rate_mae,0.02493693671617708,True,True
primary,independent_marginals,1339,future,multimodal_balanced,acf_abs_error_mean,0.3103082398263623,True,True
primary,independent_marginals,1339,future,multimodal_balanced,spectral_l1_mean,1.3104082258652359,True,True
primary,independent_marginals,1339,future,multimodal_balanced,transition_rate_mae,0.03646105593308938,True,True
primary,independent_marginals,1339,future,multimodal_balanced,coupling_corr_mae,0.12317421773681882,True,True
primary,independent_marginals,1339,future,multimodal_balanced,coupling_coactivation_mae,0.042722001878073484,True,True
primary,independent_marginals,1339,future,network_general,marginal_ks_mean,0.2840436735699629,True,True
primary,independent_marginals,1339,future,network_general,wasserstein_iqr_mean,149552.9228531305,True,True
primary,independent_marginals,1339,future,network_general,zero_rate_mae,0.02916168108199857,True,True
primary,independent_marginals,1339,future,network_general,acf_abs_error_mean,0.18088446439521277,True,True
primary,independent_marginals,1339,future,network_general,spectral_l1_mean,1.155636095788217,True,True
primary,independent_marginals,1339,future,network_general,transition_rate_mae,0.03682406923389673,True,True
primary,independent_marginals,1339,future,network_general,coupling_corr_mae,0.27336231474024947,True,True
primary,independent_marginals,1339,future,network_general,coupling_coactivation_mae,0.04132896530828663,True,True
primary,independent_marginals,1339,future,network_iot_named,marginal_ks_mean,0.19952034551304046,True,True
primary,independent_marginals,1339,future,network_iot_named,wasserstein_iqr_mean,7021.482319264707,True,True
primary,independent_marginals,1339,future,network_iot_named,zero_rate_mae,0.012418800538025562,True,True
primary,independent_marginals,1339,future,network_iot_named,acf_abs_error_mean,0.28661822454659475,True,True
primary,independent_marginals,1339,future,network_iot_named,spectral_l1_mean,1.2753043002633753,True,True
primary,independent_marginals,1339,future,network_iot_named,transition_rate_mae,0.017477669947044246,True,True
primary,independent_marginals,1339,future,network_iot_named,coupling_corr_mae,0.23735062872462134,True,True
primary,independent_marginals,1339,future,network_iot_named,coupling_coactivation_mae,0.01731418104694881,True,True
primary,independent_marginals,1340,near,iot_values,marginal_ks_mean,0.2099098175855708,True,True
primary,independent_marginals,1340,near,iot_values,wasserstein_iqr_mean,0.785716970556786,True,True
primary,independent_marginals,1340,near,iot_values,zero_rate_mae,0.0026644804263168767,True,True
primary,independent_marginals,1340,near,iot_values,acf_abs_error_mean,0.32837823494751206,True,True
primary,independent_marginals,1340,near,iot_values,spectral_l1_mean,1.2980082556905015,True,True
primary,independent_marginals,1340,near,iot_values,transition_rate_mae,0.01063927923495588,True,True
primary,independent_marginals,1340,near,iot_values,coupling_corr_mae,0.06827318287840824,True,True
primary,independent_marginals,1340,near,iot_values,coupling_coactivation_mae,0.007806415249026436,True,True
primary,independent_marginals,1340,near,multimodal_balanced,marginal_ks_mean,0.26849956445993034,True,True
primary,independent_marginals,1340,near,multimodal_balanced,wasserstein_iqr_mean,188477.86671161442,True,True
primary,independent_marginals,1340,near,multimodal_balanced,zero_rate_mae,0.03485772357723577,True,True
primary,independent_marginals,1340,near,multimodal_balanced,acf_abs_error_mean,0.28354818517536146,True,True
primary,independent_marginals,1340,near,multimodal_balanced,spectral_l1_mean,1.2663227818778349,True,True
primary,independent_marginals,1340,near,multimodal_balanced,transition_rate_mae,0.030315240750421097,True,True
primary,independent_marginals,1340,near,multimodal_balanced,coupling_corr_mae,0.10363035349572355,True,True
primary,independent_marginals,1340,near,multimodal_balanced,coupling_coactivation_mae,0.0590414720636568,True,True
primary,independent_marginals,1340,near,network_general,marginal_ks_mean,0.34736498257839726,True,True
primary,independent_marginals,1340,near,network_general,wasserstein_iqr_mean,376257.7003033622,True,True
primary,independent_marginals,1340,near,network_general,zero_rate_mae,0.060808652729384426,True,True
primary,independent_marginals,1340,near,network_general,acf_abs_error_mean,0.23866414404035682,True,True
primary,independent_marginals,1340,near,network_general,spectral_l1_mean,1.251322880943212,True,True
primary,independent_marginals,1340,near,network_general,transition_rate_mae,0.04179009118894117,True,True
primary,independent_marginals,1340,near,network_general,coupling_corr_mae,0.2921350605608313,True,True
primary,independent_marginals,1340,near,network_general,coupling_coactivation_mae,0.08538037166085947,True,True
primary,independent_marginals,1340,near,network_iot_named,marginal_ks_mean,0.20999091046811091,True,True
primary,independent_marginals,1340,near,network_iot_named,wasserstein_iqr_mean,4493.000610056108,True,True
primary,independent_marginals,1340,near,network_iot_named,zero_rate_mae,0.022822299651567946,True,True
primary,independent_marginals,1340,near,network_iot_named,acf_abs_error_mean,0.2019078992525663,True,True
primary,independent_marginals,1340,near,network_iot_named,spectral_l1_mean,1.1478520615797327,True,True
primary,independent_marginals,1340,near,network_iot_named,transition_rate_mae,0.023295983999636356,True,True
primary,independent_marginals,1340,near,network_iot_named,coupling_corr_mae,0.21611714218518138,True,True
primary,independent_marginals,1340,near,network_iot_named,coupling_coactivation_mae,0.031575105700238255,True,True
primary,independent_marginals,1340,future,iot_values,marginal_ks_mean,0.24986404484429836,True,True
primary,independent_marginals,1340,future,iot_values,wasserstein_iqr_mean,11466.93271758829,True,True
primary,independent_marginals,1340,future,iot_values,zero_rate_mae,0.04881650664777745,True,True
primary,independent_marginals,1340,future,iot_values,acf_abs_error_mean,0.37041323850080377,True,True
primary,independent_marginals,1340,future,iot_values,spectral_l1_mean,1.3388103844138157,True,True
primary,independent_marginals,1340,future,iot_values,transition_rate_mae,0.06783309246333138,True,True
primary,independent_marginals,1340,future,iot_values,coupling_corr_mae,0.0661709602096012,True,True
primary,independent_marginals,1340,future,iot_values,coupling_coactivation_mae,0.09004790940766551,True,True
primary,independent_marginals,1340,future,multimodal_balanced,marginal_ks_mean,0.25611243870373485,True,True
primary,independent_marginals,1340,future,multimodal_balanced,wasserstein_iqr_mean,55528.9616963758,True,True
primary,independent_marginals,1340,future,multimodal_balanced,zero_rate_mae,0.02476172496222437,True,True
primary,independent_marginals,1340,future,multimodal_balanced,acf_abs_error_mean,0.3099373318911223,True,True
primary,independent_marginals,1340,future,multimodal_balanced,spectral_l1_mean,1.3070282216416416,True,True
primary,independent_marginals,1340,future,multimodal_balanced,transition_rate_mae,0.03558982401115177,True,True
primary,independent_marginals,1340,future,multimodal_balanced,coupling_corr_mae,0.12303434740938167,True,True
primary,independent_marginals,1340,future,multimodal_balanced,coupling_coactivation_mae,0.04239905354980601,True,True
primary,independent_marginals,1340,future,network_general,marginal_ks_mean,0.2848067234358237,True,True
primary,independent_marginals,1340,future,network_general,wasserstein_iqr_mean,107900.73422707932,True,True
primary,independent_marginals,1340,future,network_general,zero_rate_mae,0.028912883590353308,True,True
primary,independent_marginals,1340,future,network_general,acf_abs_error_mean,0.1815069476375916,True,True
primary,independent_marginals,1340,future,network_general,spectral_l1_mean,1.1472677485095977,True,True
primary,independent_marginals,1340,future,network_general,transition_rate_mae,0.03519776964627984,True,True
primary,independent_marginals,1340,future,network_general,coupling_corr_mae,0.274501034076426,True,True
primary,independent_marginals,1340,future,network_general,coupling_coactivation_mae,0.040992526384891176,True,True
primary,independent_marginals,1340,future,network_iot_named,marginal_ks_mean,0.19813012818308764,True,True
primary,independent_marginals,1340,future,network_iot_named,wasserstein_iqr_mean,3165.001975803398,True,True
primary,independent_marginals,1340,future,network_iot_named,zero_rate_mae,0.01262331500553049,True,True
primary,independent_marginals,1340,future,network_iot_named,acf_abs_error_mean,0.2867151844098295,True,True
primary,independent_marginals,1340,future,network_iot_named,spectral_l1_mean,1.265983831724614,True,True
primary,independent_marginals,1340,future,network_iot_named,transition_rate_mae,0.017386758789972492,True,True
primary,independent_marginals,1340,future,network_iot_named,coupling_corr_mae,0.23631477476964893,True,True
primary,independent_marginals,1340,future,network_iot_named,coupling_coactivation_mae,0.01761096803514619,True,True
primary,independent_marginals,1341,near,iot_values,marginal_ks_mean,0.21084238573478173,True,True
primary,independent_marginals,1341,near,iot_values,wasserstein_iqr_mean,0.7874873544695992,True,True
primary,independent_marginals,1341,near,iot_values,zero_rate_mae,0.0024492723918835874,True,True
primary,independent_marginals,1341,near,iot_values,acf_abs_error_mean,0.32651428089479734,True,True
primary,independent_marginals,1341,near,iot_values,spectral_l1_mean,1.293161637604515,True,True
primary,independent_marginals,1341,near,iot_values,transition_rate_mae,0.010834025193977229,True,True
primary,independent_marginals,1341,near,iot_values,coupling_corr_mae,0.07123248662514092,True,True
primary,independent_marginals,1341,near,iot_values,coupling_coactivation_mae,0.006726532076245126,True,True
primary,independent_marginals,1341,near,multimodal_balanced,marginal_ks_mean,0.2705574912891986,True,True
primary,independent_marginals,1341,near,multimodal_balanced,wasserstein_iqr_mean,159220.47495593393,True,True
primary,independent_marginals,1341,near,multimodal_balanced,zero_rate_mae,0.03512993612078978,True,True
primary,independent_marginals,1341,near,multimodal_balanced,acf_abs_error_mean,0.2827332974577931,True,True
primary,independent_marginals,1341,near,multimodal_balanced,spectral_l1_mean,1.2669124099871554,True,True
primary,independent_marginals,1341,near,multimodal_balanced,transition_rate_mae,0.030623802056107336,True,True
primary,independent_marginals,1341,near,multimodal_balanced,coupling_corr_mae,0.10407630265062462,True,True
primary,independent_marginals,1341,near,multimodal_balanced,coupling_coactivation_mae,0.05955516223095361,True,True
primary,independent_marginals,1341,near,network_general,marginal_ks_mean,0.34915069686411154,True,True
primary,independent_marginals,1341,near,network_general,wasserstein_iqr_mean,316850.03281848045,True,True
primary,independent_marginals,1341,near,network_general,zero_rate_mae,0.061628919860627185,True,True
primary,independent_marginals,1341,near,network_general,acf_abs_error_mean,0.2371831783952234,True,True
primary,independent_marginals,1341,near,network_general,spectral_l1_mean,1.2553993713341751,True,True
primary,independent_marginals,1341,near,network_general,transition_rate_mae,0.04255967938665273,True,True
primary,independent_marginals,1341,near,network_general,coupling_corr_mae,0.2899568786850235,True,True
primary,independent_marginals,1341,near,network_general,coupling_coactivation_mae,0.08661377064081201,True,True
primary,independent_marginals,1341,near,network_iot_named,marginal_ks_mean,0.2121345250719587,True,True
primary,independent_marginals,1341,near,network_iot_named,wasserstein_iqr_mean,5818.586657129687,True,True
primary,independent_marginals,1341,near,network_iot_named,zero_rate_mae,0.022693531283138918,True,True
primary,independent_marginals,1341,near,network_iot_named,acf_abs_error_mean,0.20114918024647424,True,True
primary,independent_marginals,1341,near,network_iot_named,spectral_l1_mean,1.1507417764500771,True,True
primary,independent_marginals,1341,near,network_iot_named,transition_rate_mae,0.023599021189875523,True,True
primary,independent_marginals,1341,near,network_iot_named,coupling_corr_mae,0.21622100528899377,True,True
primary,independent_marginals,1341,near,network_iot_named,coupling_coactivation_mae,0.03142292490118577,True,True
primary,independent_marginals,1341,future,iot_values,marginal_ks_mean,0.2535716168947473,True,True
primary,independent_marginals,1341,future,iot_values,wasserstein_iqr_mean,11697.002218214477,True,True
primary,independent_marginals,1341,future,iot_values,zero_rate_mae,0.05079433526313266,True,True
primary,independent_marginals,1341,future,iot_values,acf_abs_error_mean,0.3683388134838973,True,True
primary,independent_marginals,1341,future,iot_values,spectral_l1_mean,1.339398288420177,True,True
primary,independent_marginals,1341,future,iot_values,transition_rate_mae,0.06772034480284533,True,True
primary,independent_marginals,1341,future,iot_values,coupling_corr_mae,0.06811892740989131,True,True
primary,independent_marginals,1341,future,iot_values,coupling_coactivation_mae,0.09351813896290223,True,True
primary,independent_marginals,1341,future,multimodal_balanced,marginal_ks_mean,0.2576560113734551,True,True
primary,independent_marginals,1341,future,multimodal_balanced,wasserstein_iqr_mean,76894.91513748287,True,True
primary,independent_marginals,1341,future,multimodal_balanced,zero_rate_mae,0.025590418781019874,True,True
primary,independent_marginals,1341,future,multimodal_balanced,acf_abs_error_mean,0.3092324805612746,True,True
primary,independent_marginals,1341,future,multimodal_balanced,spectral_l1_mean,1.3089771257861362,True,True
primary,independent_marginals,1341,future,multimodal_balanced,transition_rate_mae,0.035789481326595804,True,True
primary,independent_marginals,1341,future,multimodal_balanced,coupling_corr_mae,0.12334616733829985,True,True
primary,independent_marginals,1341,future,multimodal_balanced,coupling_coactivation_mae,0.04377919045147898,True,True
primary,independent_marginals,1341,future,network_general,marginal_ks_mean,0.2851774091791606,True,True
primary,independent_marginals,1341,future,network_general,wasserstein_iqr_mean,147897.77744332908,True,True
primary,independent_marginals,1341,future,network_general,zero_rate_mae,0.030226762800573997,True,True
primary,independent_marginals,1341,future,network_general,acf_abs_error_mean,0.1801659609547499,True,True
primary,independent_marginals,1341,future,network_general,spectral_l1_mean,1.1508419175637805,True,True
primary,independent_marginals,1341,future,network_general,transition_rate_mae,0.03599639890805599,True,True
primary,independent_marginals,1341,future,network_general,coupling_corr_mae,0.2736110859110222,True,True
primary,independent_marginals,1341,future,network_general,coupling_coactivation_mae,0.04281169519769733,True,True
primary,independent_marginals,1341,future,network_iot_named,marginal_ks_mean,0.1997391397232783,True,True
primary,independent_marginals,1341,future,network_iot_named,wasserstein_iqr_mean,6127.526783718336,True,True
primary,independent_marginals,1341,future,network_iot_named,zero_rate_mae,0.012307644687913278,True,True
primary,independent_marginals,1341,future,network_iot_named,acf_abs_error_mean,0.28510526441018524,True,True
primary,independent_marginals,1341,future,network_iot_named,spectral_l1_mean,1.2632788402168347,True,True
primary,independent_marginals,1341,future,network_iot_named,transition_rate_mae,0.0177504034182595,True,True
primary,independent_marginals,1341,future,network_iot_named,coupling_corr_mae,0.2355671686721887,True,True
primary,independent_marginals,1341,future,network_iot_named,coupling_coactivation_mae,0.017252206965886713,True,True
primary,column_shuffle,1337,near,iot_values,marginal_ks_mean,0.21731912277105964,True,True
primary,column_shuffle,1337,near,iot_values,wasserstein_iqr_mean,0.7983927007820888,True,True
primary,column_shuffle,1337,near,iot_values,zero_rate_mae,0.002295552367288388,True,True
primary,column_shuffle,1337,near,iot_values,acf_abs_error_mean,0.32667320104188413,True,True
primary,column_shuffle,1337,near,iot_values,spectral_l1_mean,1.2903327848933923,True,True
primary,column_shuffle,1337,near,iot_values,transition_rate_mae,0.01150026136957658,True,True
primary,column_shuffle,1337,near,iot_values,coupling_corr_mae,0.06971148084811596,True,True
primary,column_shuffle,1337,near,iot_values,coupling_coactivation_mae,0.007377280180364827,True,True
primary,column_shuffle,1337,near,multimodal_balanced,marginal_ks_mean,0.3207716318234611,True,True
primary,column_shuffle,1337,near,multimodal_balanced,wasserstein_iqr_mean,219546.31218498506,True,True
primary,column_shuffle,1337,near,multimodal_balanced,zero_rate_mae,0.045960365853658536,True,True
primary,column_shuffle,1337,near,multimodal_balanced,acf_abs_error_mean,0.28319858197611947,True,True
primary,column_shuffle,1337,near,multimodal_balanced,spectral_l1_mean,1.2708488651836796,True,True
primary,column_shuffle,1337,near,multimodal_balanced,transition_rate_mae,0.039626531916129415,True,True
primary,column_shuffle,1337,near,multimodal_balanced,coupling_corr_mae,0.10396431324029438,True,True
primary,column_shuffle,1337,near,multimodal_balanced,coupling_coactivation_mae,0.07798653841401637,True,True
primary,column_shuffle,1337,near,network_general,marginal_ks_mean,0.4142276422764228,True,True
primary,column_shuffle,1337,near,network_general,wasserstein_iqr_mean,439962.8306160483,True,True
primary,column_shuffle,1337,near,network_general,zero_rate_mae,0.0763719512195122,True,True
primary,column_shuffle,1337,near,network_general,acf_abs_error_mean,0.23854378671973334,True,True
primary,column_shuffle,1337,near,network_general,spectral_l1_mean,1.2573115613827561,True,True
primary,column_shuffle,1337,near,network_general,transition_rate_mae,0.054742405761747125,True,True
primary,column_shuffle,1337,near,network_general,coupling_corr_mae,0.29108444663541105,True,True
primary,column_shuffle,1337,near,network_general,coupling_coactivation_mae,0.1076023834772509,True,True
primary,column_shuffle,1337,near,network_iot_named,marginal_ks_mean,0.26878503257082265,True,True
primary,column_shuffle,1337,near,network_iot_named,wasserstein_iqr_mean,4454.87063903853,True,True
primary,column_shuffle,1337,near,network_iot_named,zero_rate_mae,0.032411755794576586,True,True
primary,column_shuffle,1337,near,network_iot_named,acf_abs_error_mean,0.20319095931376246,True,True
primary,column_shuffle,1337,near,network_iot_named,spectral_l1_mean,1.147649620951798,True,True
primary,column_shuffle,1337,near,network_iot_named,transition_rate_mae,0.03331893906679697,True,True
primary,column_shuffle,1337,near,network_iot_named,coupling_corr_mae,0.21736522113494175,True,True
primary,column_shuffle,1337,near,network_iot_named,coupling_coactivation_mae,0.044383771053972544,True,True
primary,column_shuffle,1337,future,iot_values,marginal_ks_mean,0.28110673526657426,True,True
primary,column_shuffle,1337,future,iot_values,wasserstein_iqr_mean,11651.967620787662,True,True
primary,column_shuffle,1337,future,iot_values,zero_rate_mae,0.05100957899866903,True,True
primary,column_shuffle,1337,future,iot_values,acf_abs_error_mean,0.36831944163693625,True,True
primary,column_shuffle,1337,future,iot_values,spectral_l1_mean,1.3345441354598937,True,True
primary,column_shuffle,1337,future,iot_values,transition_rate_mae,0.0688580711950227,True,True
primary,column_shuffle,1337,future,iot_values,coupling_corr_mae,0.0669565273202113,True,True
primary,column_shuffle,1337,future,iot_values,coupling_coactivation_mae,0.09347714695634352,True,True
primary,column_shuffle,1337,future,multimodal_balanced,marginal_ks_mean,0.3087460987768362,True,True
primary,column_shuffle,1337,future,multimodal_balanced,wasserstein_iqr_mean,13156.348200881199,True,True
primary,column_shuffle,1337,future,multimodal_balanced,zero_rate_mae,0.03605310126884458,True,True
primary,column_shuffle,1337,future,multimodal_balanced,acf_abs_error_mean,0.3096148914901371,True,True
primary,column_shuffle,1337,future,multimodal_balanced,spectral_l1_mean,1.3099493974776493,True,True
primary,column_shuffle,1337,future,multimodal_balanced,transition_rate_mae,0.044828512516698615,True,True
primary,column_shuffle,1337,future,multimodal_balanced,coupling_corr_mae,0.12265074022395378,True,True
primary,column_shuffle,1337,future,multimodal_balanced,coupling_coactivation_mae,0.06115785701929968,True,True
primary,column_shuffle,1337,future,network_general,marginal_ks_mean,0.3719153809598663,True,True
primary,column_shuffle,1337,future,network_general,wasserstein_iqr_mean,22577.737954395798,True,True
primary,column_shuffle,1337,future,network_general,zero_rate_mae,0.04420034003634635,True,True
primary,column_shuffle,1337,future,network_general,acf_abs_error_mean,0.18092591365000707,True,True
primary,column_shuffle,1337,future,network_general,spectral_l1_mean,1.1556379269815242,True,True
primary,column_shuffle,1337,future,network_general,transition_rate_mae,0.0478887146425045,True,True
primary,column_shuffle,1337,future,network_general,coupling_corr_mae,0.2730804450575469,True,True
primary,column_shuffle,1337,future,network_general,coupling_coactivation_mae,0.06260983184366005,True,True
primary,column_shuffle,1337,future,network_iot_named,marginal_ks_mean,0.22999032940937494,True,True
primary,column_shuffle,1337,future,network_iot_named,wasserstein_iqr_mean,4159.954467099699,True,True
primary,column_shuffle,1337,future,network_iot_named,zero_rate_mae,0.021909786752235528,True,True
primary,column_shuffle,1337,future,network_iot_named,acf_abs_error_mean,0.2871414645570756,True,True
primary,column_shuffle,1337,future,network_iot_named,spectral_l1_mean,1.259744337897943,True,True
primary,column_shuffle,1337,future,network_iot_named,transition_rate_mae,0.027106676666893946,True,True
primary,column_shuffle,1337,future,network_iot_named,coupling_corr_mae,0.236469208874917,True,True
primary,column_shuffle,1337,future,network_iot_named,coupling_coactivation_mae,0.029943121565603015,True,True
primary,column_shuffle,1338,near,iot_values,marginal_ks_mean,0.2068866571018651,True,True
primary,column_shuffle,1338,near,iot_values,wasserstein_iqr_mean,0.9641589589358117,True,True
primary,column_shuffle,1338,near,iot_values,zero_rate_mae,0.0014552162328346006,True,True
primary,column_shuffle,1338,near,iot_values,acf_abs_error_mean,0.3287159936861899,True,True
primary,column_shuffle,1338,near,iot_values,spectral_l1_mean,1.2899710194805698,True,True
primary,column_shuffle,1338,near,iot_values,transition_rate_mae,0.01016778901837787,True,True
primary,column_shuffle,1338,near,iot_values,coupling_corr_mae,0.0696977645608391,True,True
primary,column_shuffle,1338,near,iot_values,coupling_coactivation_mae,0.005430159868825549,True,True
primary,column_shuffle,1338,near,multimodal_balanced,marginal_ks_mean,0.29812354819976766,True,True
primary,column_shuffle,1338,near,multimodal_balanced,wasserstein_iqr_mean,227807.16867944296,True,True
primary,column_shuffle,1338,near,multimodal_balanced,zero_rate_mae,0.03688661440185831,True,True
primary,column_shuffle,1338,near,multimodal_balanced,acf_abs_error_mean,0.283620877615327,True,True
primary,column_shuffle,1338,near,multimodal_balanced,spectral_l1_mean,1.2687494107863329,True,True
primary,column_shuffle,1338,near,multimodal_balanced,transition_rate_mae,0.032500580821281294,True,True
primary,column_shuffle,1338,near,multimodal_balanced,coupling_corr_mae,0.10376641144062658,True,True
primary,column_shuffle,1338,near,multimodal_balanced,coupling_coactivation_mae,0.06271359997034621,True,True
primary,column_shuffle,1338,near,network_general,marginal_ks_mean,0.3888719512195122,True,True
primary,column_shuffle,1338,near,network_general,wasserstein_iqr_mean,456273.65343021764,True,True
primary,column_shuffle,1338,near,network_general,zero_rate_mae,0.06538908246225321,True,True
primary,column_shuffle,1338,near,network_general,acf_abs_error_mean,0.2362247837166923,True,True
primary,column_shuffle,1338,near,network_general,spectral_l1_mean,1.2605297871847896,True,True
primary,column_shuffle,1338,near,network_general,transition_rate_mae,0.047431317883487256,True,True
primary,column_shuffle,1338,near,network_general,coupling_corr_mae,0.29108415620850214,True,True
primary,column_shuffle,1338,near,network_general,coupling_coactivation_mae,0.09192988436095542,True,True
primary,column_shuffle,1338,near,network_iot_named,marginal_ks_mean,0.25724132707165576,True,True
primary,column_shuffle,1338,near,network_iot_named,wasserstein_iqr_mean,4265.729955905447,True,True
primary,column_shuffle,1338,near,network_iot_named,zero_rate_mae,0.023428268444175136,True,True
primary,column_shuffle,1338,near,network_iot_named,acf_abs_error_mean,0.21156497445694541,True,True
primary,column_shuffle,1338,near,network_iot_named,spectral_l1_mean,1.153601810527141,True,True
primary,column_shuffle,1338,near,network_iot_named,transition_rate_mae,0.022811124495253684,True,True
primary,column_shuffle,1338,near,network_iot_named,coupling_corr_mae,0.22852881365147235,True,True
primary,column_shuffle,1338,near,network_iot_named,coupling_coactivation_mae,0.032435168225200046,True,True
primary,column_shuffle,1338,future,iot_values,marginal_ks_mean,0.2734255376202337,True,True
primary,column_shuffle,1338,future,iot_values,wasserstein_iqr_mean,11581.381661402773,True,True
primary,column_shuffle,1338,future,iot_values,zero_rate_mae,0.049061930310804164,True,True
primary,column_shuffle,1338,future,iot_values,acf_abs_error_mean,0.37071295649199976,True,True
primary,column_shuffle,1338,future,iot_values,spectral_l1_mean,1.3386225877593434,True,True
primary,column_shuffle,1338,future,iot_values,transition_rate_mae,0.06740260139602104,True,True
primary,column_shuffle,1338,future,iot_values,coupling_corr_mae,0.063901541788869,True,True
primary,column_shuffle,1338,future,iot_values,coupling_coactivation_mae,0.0908869645419143,True,True
primary,column_shuffle,1338,future,multimodal_balanced,marginal_ks_mean,0.301060558277249,True,True
primary,column_shuffle,1338,future,multimodal_balanced,wasserstein_iqr_mean,6077.732836739757,True,True
primary,column_shuffle,1338,future,multimodal_balanced,zero_rate_mae,0.026187931557165377,True,True
primary,column_shuffle,1338,future,multimodal_balanced,acf_abs_error_mean,0.310808058498328,True,True
primary,column_shuffle,1338,future,multimodal_balanced,spectral_l1_mean,1.3072792346025497,True,True
primary,column_shuffle,1338,future,multimodal_balanced,transition_rate_mae,0.03744119184526921,True,True
primary,column_shuffle,1338,future,multimodal_balanced,coupling_corr_mae,0.1224575310621132,True,True
primary,column_shuffle,1338,future,multimodal_balanced,coupling_coactivation_mae,0.04500240937059827,True,True
primary,column_shuffle,1338,future,network_general,marginal_ks_mean,0.33682724447152657,True,True
primary,column_shuffle,1338,future,network_general,wasserstein_iqr_mean,8686.683768309851,True,True
primary,column_shuffle,1338,future,network_general,zero_rate_mae,0.03204151309093403,True,True
primary,column_shuffle,1338,future,network_general,acf_abs_error_mean,0.18048704293178752,True,True
primary,column_shuffle,1338,future,network_general,spectral_l1_mean,1.1504979856698785,True,True
primary,column_shuffle,1338,future,network_general,transition_rate_mae,0.040142010803275834,True,True
primary,column_shuffle,1338,future,network_general,coupling_corr_mae,0.2733042830202731,True,True
primary,column_shuffle,1338,future,network_general,coupling_coactivation_mae,0.045522143109629855,True,True
primary,column_shuffle,1338,future,network_iot_named,marginal_ks_mean,0.24739259919579046,True,True
primary,column_shuffle,1338,future,network_iot_named,wasserstein_iqr_mean,2044.7949688551428,True,True
primary,column_shuffle,1338,future,network_iot_named,zero_rate_mae,0.012441524367748327,True,True
primary,column_shuffle,1338,future,network_iot_named,acf_abs_error_mean,0.2880144182283545,True,True
primary,column_shuffle,1338,future,network_iot_named,spectral_l1_mean,1.2619968711063123,True,True
primary,column_shuffle,1338,future,network_iot_named,transition_rate_mae,0.016477647219254984,True,True
primary,column_shuffle,1338,future,network_iot_named,coupling_corr_mae,0.23595405756313495,True,True
primary,column_shuffle,1338,future,network_iot_named,coupling_coactivation_mae,0.017427111594661968,True,True
primary,column_shuffle,1339,near,iot_values,marginal_ks_mean,0.2229965156794425,True,True
primary,column_shuffle,1339,near,iot_values,wasserstein_iqr_mean,0.6151790877141382,True,True
primary,column_shuffle,1339,near,iot_values,zero_rate_mae,0.0024595203935232576,True,True
primary,column_shuffle,1339,near,iot_values,acf_abs_error_mean,0.3278978450456182,True,True
primary,column_shuffle,1339,near,iot_values,spectral_l1_mean,1.2949226959848483,True,True
primary,column_shuffle,1339,near,iot_values,transition_rate_mae,0.01287373287004295,True,True
primary,column_shuffle,1339,near,iot_values,coupling_corr_mae,0.06868098955167505,True,True
primary,column_shuffle,1339,near,iot_values,coupling_coactivation_mae,0.006639424062307861,True,True
primary,column_shuffle,1339,near,multimodal_balanced,marginal_ks_mean,0.33963777584204413,True,True
primary,column_shuffle,1339,near,multimodal_balanced,wasserstein_iqr_mean,216657.09002411828,True,True
primary,column_shuffle,1339,near,multimodal_balanced,zero_rate_mae,0.05176030778164925,True,True
primary,column_shuffle,1339,near,multimodal_balanced,acf_abs_error_mean,0.2831353243434583,True,True
primary,column_shuffle,1339,near,multimodal_balanced,spectral_l1_mean,1.254591780643744,True,True
primary,column_shuffle,1339,near,multimodal_balanced,transition_rate_mae,0.04472686879247256,True,True
primary,column_shuffle,1339,near,multimodal_balanced,coupling_corr_mae,0.10386894333116467,True,True
primary,column_shuffle,1339,near,multimodal_balanced,coupling_coactivation_mae,0.08767344379370845,True,True
primary,column_shuffle,1339,near,network_general,marginal_ks_mean,0.4208260743321719,True,True
primary,column_shuffle,1339,near,network_general,wasserstein_iqr_mean,433792.7337006183,True,True
primary,column_shuffle,1339,near,network_general,zero_rate_mae,0.08275261324041812,True,True
primary,column_shuffle,1339,near,network_general,acf_abs_error_mean,0.2374414367157852,True,True
primary,column_shuffle,1339,near,network_general,spectral_l1_mean,1.2443534895399517,True,True
primary,column_shuffle,1339,near,network_general,transition_rate_mae,0.05912034616948366,True,True
primary,column_shuffle,1339,near,network_general,coupling_corr_mae,0.29143183997879574,True,True
primary,column_shuffle,1339,near,network_general,coupling_coactivation_mae,0.11688633035398675,True,True
primary,column_shuffle,1339,near,network_iot_named,marginal_ks_mean,0.3070595364338737,True,True
primary,column_shuffle,1339,near,network_iot_named,wasserstein_iqr_mean,3477.543184235759,True,True
primary,column_shuffle,1339,near,network_iot_named,zero_rate_mae,0.03941826995909711,True,True
primary,column_shuffle,1339,near,network_iot_named,acf_abs_error_mean,0.20329366101165963,True,True
primary,column_shuffle,1339,near,network_iot_named,spectral_l1_mean,1.1253879059908214,True,True
primary,column_shuffle,1339,near,network_iot_named,transition_rate_mae,0.041569126571058435,True,True
primary,column_shuffle,1339,near,network_iot_named,coupling_corr_mae,0.21613380985173603,True,True
primary,column_shuffle,1339,near,network_iot_named,coupling_coactivation_mae,0.05375562931236315,True,True
primary,column_shuffle,1339,future,iot_values,marginal_ks_mean,0.26570233405600696,True,True
primary,column_shuffle,1339,future,iot_values,wasserstein_iqr_mean,11844.433757901494,True,True
primary,column_shuffle,1339,future,iot_values,zero_rate_mae,0.05219834718887194,True,True
primary,column_shuffle,1339,future,iot_values,acf_abs_error_mean,0.3704567834429294,True,True
primary,column_shuffle,1339,future,iot_values,spectral_l1_mean,1.3372249579245505,True,True
primary,column_shuffle,1339,future,iot_values,transition_rate_mae,0.07023154269548908,True,True
primary,column_shuffle,1339,future,iot_values,coupling_corr_mae,0.06498661688652543,True,True
primary,column_shuffle,1339,future,iot_values,coupling_coactivation_mae,0.09555236728837878,True,True
primary,column_shuffle,1339,future,multimodal_balanced,marginal_ks_mean,0.30994721690831134,True,True
primary,column_shuffle,1339,future,multimodal_balanced,wasserstein_iqr_mean,14619.34598130566,True,True
primary,column_shuffle,1339,future,multimodal_balanced,zero_rate_mae,0.04177074501401073,True,True
primary,column_shuffle,1339,future,multimodal_balanced,acf_abs_error_mean,0.310413208716606,True,True
primary,column_shuffle,1339,future,multimodal_balanced,spectral_l1_mean,1.2935098002816783,True,True
primary,column_shuffle,1339,future,multimodal_balanced,transition_rate_mae,0.04995789045710636,True,True
primary,column_shuffle,1339,future,multimodal_balanced,coupling_corr_mae,0.12252757352684981,True,True
primary,column_shuffle,1339,future,multimodal_balanced,coupling_coactivation_mae,0.07103380532285566,True,True
primary,column_shuffle,1339,future,network_general,marginal_ks_mean,0.36588974491407145,True,True
primary,column_shuffle,1339,future,network_general,wasserstein_iqr_mean,25582.668690423092,True,True
primary,column_shuffle,1339,future,network_general,zero_rate_mae,0.05029064201079466,True,True
primary,column_shuffle,1339,future,network_general,acf_abs_error_mean,0.1814280109194881,True,True
primary,column_shuffle,1339,future,network_general,spectral_l1_mean,1.1322639940161852,True,True
primary,column_shuffle,1339,future,network_general,transition_rate_mae,0.05232473717837022,True,True
primary,column_shuffle,1339,future,network_general,coupling_corr_mae,0.27321694323877443,True,True
primary,column_shuffle,1339,future,network_general,coupling_coactivation_mae,0.07160215623895368,True,True
primary,column_shuffle,1339,future,network_iot_named,marginal_ks_mean,0.2553912896234495,True,True
primary,column_shuffle,1339,future,network_iot_named,wasserstein_iqr_mean,1908.1766312359541,True,True
primary,column_shuffle,1339,future,network_iot_named,zero_rate_mae,0.028456713010894648,True,True
primary,column_shuffle,1339,future,network_iot_named,acf_abs_error_mean,0.2876313638128888,True,True
primary,column_shuffle,1339,future,network_iot_named,spectral_l1_mean,1.2497475769912492,True,True
primary,column_shuffle,1339,future,network_iot_named,transition_rate_mae,0.035508382766274986,True,True
primary,column_shuffle,1339,future,network_iot_named,coupling_corr_mae,0.236265593518184,True,True
primary,column_shuffle,1339,future,network_iot_named,coupling_coactivation_mae,0.03886601203674375,True,True
primary,column_shuffle,1340,near,iot_values,marginal_ks_mean,0.22622463619594183,True,True
primary,column_shuffle,1340,near,iot_values,wasserstein_iqr_mean,1.090874656904285,True,True
primary,column_shuffle,1340,near,iot_values,zero_rate_mae,0.002705472432875588,True,True
primary,column_shuffle,1340,near,iot_values,acf_abs_error_mean,0.32907448471842904,True,True
primary,column_shuffle,1340,near,iot_values,spectral_l1_mean,1.2929355792882224,True,True
primary,column_shuffle,1340,near,iot_values,transition_rate_mae,0.008558572409622501,True,True
primary,column_shuffle,1340,near,iot_values,coupling_corr_mae,0.06770694771824146,True,True
primary,column_shuffle,1340,near,iot_values,coupling_coactivation_mae,0.007308106169296979,True,True
primary,column_shuffle,1340,near,multimodal_balanced,marginal_ks_mean,0.31691710220673636,True,True
primary,column_shuffle,1340,near,multimodal_balanced,wasserstein_iqr_mean,93461.72028695368,True,True
primary,column_shuffle,1340,near,multimodal_balanced,zero_rate_mae,0.01989692218350755,True,True
primary,column_shuffle,1340,near,multimodal_balanced,acf_abs_error_mean,0.28440544310118593,True,True
primary,column_shuffle,1340,near,multimodal_balanced,spectral_l1_mean,1.2747028736351886,True,True
primary,column_shuffle,1340,near,multimodal_balanced,transition_rate_mae,0.030173665563106234,True,True
primary,column_shuffle,1340,near,multimodal_balanced,coupling_corr_mae,0.1038629500661293,True,True
primary,column_shuffle,1340,near,multimodal_balanced,coupling_coactivation_mae,0.034273605653989674,True,True
primary,column_shuffle,1340,near,network_general,marginal_ks_mean,0.3661149825783972,True,True
primary,column_shuffle,1340,near,network_general,wasserstein_iqr_mean,185984.9625368919,True,True
primary,column_shuffle,1340,near,network_general,zero_rate_mae,0.042820847851335664,True,True
primary,column_shuffle,1340,near,network_general,acf_abs_error_mean,0.23841376524891186,True,True
primary,column_shuffle,1340,near,network_general,spectral_l1_mean,1.2623559860734994,True,True
primary,column_shuffle,1340,near,network_general,transition_rate_mae,0.04233461114015217,True,True
primary,column_shuffle,1340,near,network_general,coupling_corr_mae,0.2922637886130875,True,True
primary,column_shuffle,1340,near,network_general,coupling_coactivation_mae,0.05993536332878858,True,True
primary,column_shuffle,1340,near,network_iot_named,marginal_ks_mean,0.32210271171034693,True,True
primary,column_shuffle,1340,near,network_iot_named,wasserstein_iqr_mean,4334.7467149555405,True,True
primary,column_shuffle,1340,near,network_iot_named,zero_rate_mae,0.007120133313134369,True,True
primary,column_shuffle,1340,near,network_iot_named,acf_abs_error_mean,0.20435915152217135,True,True
primary,column_shuffle,1340,near,network_iot_named,spectral_l1_mean,1.1641291776224674,True,True
primary,column_shuffle,1340,near,network_iot_named,transition_rate_mae,0.020576225217239782,True,True
primary,column_shuffle,1340,near,network_iot_named,coupling_corr_mae,0.21740031273089064,True,True
primary,column_shuffle,1340,near,network_iot_named,coupling_coactivation_mae,0.010833069369654735,True,True
primary,column_shuffle,1340,future,iot_values,marginal_ks_mean,0.2555029823094965,True,True
primary,column_shuffle,1340,future,iot_values,wasserstein_iqr_mean,11487.182608849358,True,True
primary,column_shuffle,1340,future,iot_values,zero_rate_mae,0.04928771479702549,True,True
primary,column_shuffle,1340,future,iot_values,acf_abs_error_mean,0.3694077360690657,True,True
primary,column_shuffle,1340,future,iot_values,spectral_l1_mean,1.332287624340568,True,True
primary,column_shuffle,1340,future,iot_values,transition_rate_mae,0.06560888861556123,True,True
primary,column_shuffle,1340,future,iot_values,coupling_corr_mae,0.06598906075533212,True,True
primary,column_shuffle,1340,future,iot_values,coupling_coactivation_mae,0.09115597458495595,True,True
primary,column_shuffle,1340,future,multimodal_balanced,marginal_ks_mean,0.31825336533919374,True,True
primary,column_shuffle,1340,future,multimodal_balanced,wasserstein_iqr_mean,269039.4764139306,True,True
primary,column_shuffle,1340,future,multimodal_balanced,zero_rate_mae,0.02522366852646803,True,True
primary,column_shuffle,1340,future,multimodal_balanced,acf_abs_error_mean,0.31197253030900185,True,True
primary,column_shuffle,1340,future,multimodal_balanced,spectral_l1_mean,1.3107585883263215,True,True
primary,column_shuffle,1340,future,multimodal_balanced,transition_rate_mae,0.03887509438345821,True,True
primary,column_shuffle,1340,future,multimodal_balanced,coupling_corr_mae,0.12309223817940534,True,True
primary,column_shuffle,1340,future,multimodal_balanced,coupling_coactivation_mae,0.043303030864655145,True,True
primary,column_shuffle,1340,future,network_general,marginal_ks_mean,0.3232044447795985,True,True
primary,column_shuffle,1340,future,network_general,wasserstein_iqr_mean,534352.7706647537,True,True
primary,column_shuffle,1340,future,network_general,zero_rate_mae,0.03464432841506607,True,True
primary,column_shuffle,1340,future,network_general,acf_abs_error_mean,0.18512165386105472,True,True
primary,column_shuffle,1340,future,network_general,spectral_l1_mean,1.1631112928687521,True,True
primary,column_shuffle,1340,future,network_general,transition_rate_mae,0.038036533658593254,True,True
primary,column_shuffle,1340,future,network_general,coupling_corr_mae,0.27464903034364446,True,True
primary,column_shuffle,1340,future,network_general,coupling_coactivation_mae,0.048267307983638846,True,True
primary,column_shuffle,1340,future,network_iot_named,marginal_ks_mean,0.33024286830224586,True,True
primary,column_shuffle,1340,future,network_iot_named,wasserstein_iqr_mean,5673.527463145581,True,True
primary,column_shuffle,1340,future,network_iot_named,zero_rate_mae,0.005160281833013899,True,True
primary,column_shuffle,1340,future,network_iot_named,acf_abs_error_mean,0.2874690358365873,True,True
primary,column_shuffle,1340,future,network_iot_named,spectral_l1_mean,1.2644366756314374,True,True
primary,column_shuffle,1340,future,network_iot_named,transition_rate_mae,0.020061061993833194,True,True
primary,column_shuffle,1340,future,network_iot_named,coupling_corr_mae,0.2362400956945731,True,True
primary,column_shuffle,1340,future,network_iot_named,coupling_coactivation_mae,0.007882414510198185,True,True
primary,column_shuffle,1341,near,iot_values,marginal_ks_mean,0.20608731297397007,True,True
primary,column_shuffle,1341,near,iot_values,wasserstein_iqr_mean,0.9780852978758972,True,True
primary,column_shuffle,1341,near,iot_values,zero_rate_mae,0.0015679442508710858,True,True
primary,column_shuffle,1341,near,iot_values,acf_abs_error_mean,0.32700712193745585,True,True
primary,column_shuffle,1341,near,iot_values,spectral_l1_mean,1.2944949515270543,True,True
primary,column_shuffle,1341,near,iot_values,transition_rate_mae,0.00868156985742546,True,True
primary,column_shuffle,1341,near,iot_values,coupling_corr_mae,0.06914639439529831,True,True
primary,column_shuffle,1341,near,iot_values,coupling_coactivation_mae,0.005729913916786193,True,True
primary,column_shuffle,1341,near,multimodal_balanced,marginal_ks_mean,0.2958950348432056,True,True
primary,column_shuffle,1341,near,multimodal_balanced,wasserstein_iqr_mean,227691.0362267169,True,True
primary,column_shuffle,1341,near,multimodal_balanced,zero_rate_mae,0.03468713704994193,True,True
primary,column_shuffle,1341,near,multimodal_balanced,acf_abs_error_mean,0.28379157045220754,True,True
primary,column_shuffle,1341,near,multimodal_balanced,spectral_l1_mean,1.267560463472852,True,True
primary,column_shuffle,1341,near,multimodal_balanced,transition_rate_mae,0.030928733228785504,True,True
primary,column_shuffle,1341,near,multimodal_balanced,coupling_corr_mae,0.10363847343468816,True,True
primary,column_shuffle,1341,near,multimodal_balanced,coupling_coactivation_mae,0.058966256455877636,True,True
primary,column_shuffle,1341,near,network_general,marginal_ks_mean,0.3838995354239257,True,True
primary,column_shuffle,1341,near,network_general,wasserstein_iqr_mean,455830.821620699,True,True
primary,column_shuffle,1341,near,network_general,zero_rate_mae,0.062311265969802555,True,True
primary,column_shuffle,1341,near,network_general,acf_abs_error_mean,0.23946494052148756,True,True
primary,column_shuffle,1341,near,network_general,spectral_l1_mean,1.2562438501085191,True,True
primary,column_shuffle,1341,near,network_general,transition_rate_mae,0.04620433292675844,True,True
primary,column_shuffle,1341,near,network_general,coupling_corr_mae,0.2928440559552891,True,True
primary,column_shuffle,1341,near,network_general,coupling_coactivation_mae,0.08740089885370904,True,True
primary,column_shuffle,1341,near,network_iot_named,marginal_ks_mean,0.25982426905014394,True,True
primary,column_shuffle,1341,near,network_iot_named,wasserstein_iqr_mean,4235.469650926766,True,True
primary,column_shuffle,1341,near,network_iot_named,zero_rate_mae,0.021413422208756253,True,True
primary,column_shuffle,1341,near,network_iot_named,acf_abs_error_mean,0.2097967225005936,True,True
primary,column_shuffle,1341,near,network_iot_named,spectral_l1_mean,1.1506399855856337,True,True
primary,column_shuffle,1341,near,network_iot_named,transition_rate_mae,0.02138684970112957,True,True
primary,column_shuffle,1341,near,network_iot_named,coupling_corr_mae,0.22944236503902535,True,True
primary,column_shuffle,1341,near,network_iot_named,coupling_coactivation_mae,0.029739295698998778,True,True
primary,column_shuffle,1341,future,iot_values,marginal_ks_mean,0.26843029104360355,True,True
primary,column_shuffle,1341,future,iot_values,wasserstein_iqr_mean,11536.300216928648,True,True
primary,column_shuffle,1341,future,iot_values,zero_rate_mae,0.04901069030260576,True,True
primary,column_shuffle,1341,future,iot_values,acf_abs_error_mean,0.3684073328011255,True,True
primary,column_shuffle,1341,future,iot_values,spectral_l1_mean,1.3358324403228508,True,True
primary,column_shuffle,1341,future,iot_values,transition_rate_mae,0.06591638223506863,True,True
primary,column_shuffle,1341,future,iot_values,coupling_corr_mae,0.06547372364216414,True,True
primary,column_shuffle,1341,future,iot_values,coupling_coactivation_mae,0.09071274851403975,True,True
primary,column_shuffle,1341,future,multimodal_balanced,marginal_ks_mean,0.2987372562234966,True,True
primary,column_shuffle,1341,future,multimodal_balanced,wasserstein_iqr_mean,6200.021646845093,True,True
primary,column_shuffle,1341,future,multimodal_balanced,zero_rate_mae,0.024883831325342647,True,True
primary,column_shuffle,1341,future,multimodal_balanced,acf_abs_error_mean,0.31075373377489257,True,True
primary,column_shuffle,1341,future,multimodal_balanced,spectral_l1_mean,1.3062434754280114,True,True
primary,column_shuffle,1341,future,multimodal_balanced,transition_rate_mae,0.0359129058488703,True,True
primary,column_shuffle,1341,future,multimodal_balanced,coupling_corr_mae,0.12219808780299767,True,True
primary,column_shuffle,1341,future,multimodal_balanced,coupling_coactivation_mae,0.04270532162008551,True,True
primary,column_shuffle,1341,future,network_general,marginal_ks_mean,0.3329605372829178,True,True
primary,column_shuffle,1341,future,network_general,wasserstein_iqr_mean,9129.137187255448,True,True
primary,column_shuffle,1341,future,network_general,zero_rate_mae,0.030928666866545246,True,True
primary,column_shuffle,1341,future,network_general,acf_abs_error_mean,0.18273590586573452,True,True
primary,column_shuffle,1341,future,network_general,spectral_l1_mean,1.152686540274279,True,True
primary,column_shuffle,1341,future,network_general,transition_rate_mae,0.039060231166869956,True,True
primary,column_shuffle,1341,future,network_general,coupling_corr_mae,0.2748611793778551,True,True
primary,column_shuffle,1341,future,network_general,coupling_coactivation_mae,0.04358367419077917,True,True
primary,column_shuffle,1341,future,network_iot_named,marginal_ks_mean,0.25199820478710594,True,True
primary,column_shuffle,1341,future,network_iot_named,wasserstein_iqr_mean,2089.7815635382653,True,True
primary,column_shuffle,1341,future,network_iot_named,zero_rate_mae,0.010456976571959816,True,True
primary,column_shuffle,1341,future,network_iot_named,acf_abs_error_mean,0.2856142696941167,True,True
primary,column_shuffle,1341,future,network_iot_named,spectral_l1_mean,1.2635942032685803,True,True
primary,column_shuffle,1341,future,network_iot_named,transition_rate_mae,0.01508367614415479,True,True
primary,column_shuffle,1341,future,network_iot_named,coupling_corr_mae,0.23638508232006164,True,True
primary,column_shuffle,1341,future,network_iot_named,coupling_coactivation_mae,0.014761537508091057,True,True
primary,hurdle_iid,1337,near,iot_values,marginal_ks_mean,0.20915146546423447,True,True
primary,hurdle_iid,1337,near,iot_values,wasserstein_iqr_mean,0.7857326262633948,True,True
primary,hurdle_iid,1337,near,iot_values,zero_rate_mae,0.0014654642344742786,True,True
primary,hurdle_iid,1337,near,iot_values,acf_abs_error_mean,0.3272377982812005,True,True
primary,hurdle_iid,1337,near,iot_values,spectral_l1_mean,1.2957944312459757,True,True
primary,hurdle_iid,1337,near,iot_values,transition_rate_mae,0.009276057521806422,True,True
primary,hurdle_iid,1337,near,iot_values,coupling_corr_mae,0.07031541392547715,True,True
primary,hurdle_iid,1337,near,iot_values,coupling_coactivation_mae,0.005595408895265423,True,True
primary,hurdle_iid,1337,near,multimodal_balanced,marginal_ks_mean,0.2684306039488966,True,True
primary,hurdle_iid,1337,near,multimodal_balanced,wasserstein_iqr_mean,139258.2016028526,True,True
primary,hurdle_iid,1337,near,multimodal_balanced,zero_rate_mae,0.034589140534262486,True,True
primary,hurdle_iid,1337,near,multimodal_balanced,acf_abs_error_mean,0.2840089952616032,True,True
primary,hurdle_iid,1337,near,multimodal_balanced,spectral_l1_mean,1.2679093686580956,True,True
primary,hurdle_iid,1337,near,multimodal_balanced,transition_rate_mae,0.029974008247662196,True,True
primary,hurdle_iid,1337,near,multimodal_balanced,coupling_corr_mae,0.1037585881707435,True,True
primary,hurdle_iid,1337,near,multimodal_balanced,coupling_coactivation_mae,0.05874230854770554,True,True
primary,hurdle_iid,1337,near,network_general,marginal_ks_mean,0.34713269454123113,True,True
primary,hurdle_iid,1337,near,network_general,wasserstein_iqr_mean,279117.73803013674,True,True
primary,hurdle_iid,1337,near,network_general,zero_rate_mae,0.06064895470383277,True,True
primary,hurdle_iid,1337,near,network_general,acf_abs_error_mean,0.23910665339191836,True,True
primary,hurdle_iid,1337,near,network_general,spectral_l1_mean,1.2590908764980107,True,True
primary,hurdle_iid,1337,near,network_general,transition_rate_mae,0.04242899459836209,True,True
primary,hurdle_iid,1337,near,network_general,coupling_corr_mae,0.2899775851892412,True,True
primary,hurdle_iid,1337,near,network_general,coupling_coactivation_mae,0.0852800080795839,True,True
primary,hurdle_iid,1337,near,network_iot_named,marginal_ks_mean,0.2101575518860779,True,True
primary,hurdle_iid,1337,near,network_iot_named,wasserstein_iqr_mean,3424.969254425287,True,True
primary,hurdle_iid,1337,near,network_iot_named,zero_rate_mae,0.022799575821845185,True,True
primary,hurdle_iid,1337,near,network_iot_named,acf_abs_error_mean,0.20354606655484964,True,True
primary,hurdle_iid,1337,near,network_iot_named,spectral_l1_mean,1.1530081641485461,True,True
primary,hurdle_iid,1337,near,network_iot_named,transition_rate_mae,0.02331113585914831,True,True
primary,hurdle_iid,1337,near,network_iot_named,coupling_corr_mae,0.2155428001805755,True,True
primary,hurdle_iid,1337,near,network_iot_named,coupling_coactivation_mae,0.031510377215573405,True,True
primary,hurdle_iid,1337,future,iot_values,marginal_ks_mean,0.2505085979145058,True,True
primary,hurdle_iid,1337,future,iot_values,wasserstein_iqr_mean,11690.339141521421,True,True
primary,hurdle_iid,1337,future,iot_values,zero_rate_mae,0.04974874634684,True,True
primary,hurdle_iid,1337,future,iot_values,acf_abs_error_mean,0.3673449764987079,True,True
primary,hurdle_iid,1337,future,iot_values,spectral_l1_mean,1.3357311127288198,True,True
primary,hurdle_iid,1337,future,iot_values,transition_rate_mae,0.06675686479505549,True,True
primary,hurdle_iid,1337,future,iot_values,coupling_corr_mae,0.06615327700182144,True,True
primary,hurdle_iid,1337,future,iot_values,coupling_coactivation_mae,0.09200527772084444,True,True
primary,hurdle_iid,1337,future,multimodal_balanced,marginal_ks_mean,0.2554703882064762,True,True
primary,hurdle_iid,1337,future,multimodal_balanced,wasserstein_iqr_mean,98338.1938354841,True,True
primary,hurdle_iid,1337,future,multimodal_balanced,zero_rate_mae,0.025088263688394966,True,True
primary,hurdle_iid,1337,future,multimodal_balanced,acf_abs_error_mean,0.3106663048015138,True,True
primary,hurdle_iid,1337,future,multimodal_balanced,spectral_l1_mean,1.3093568352681821,True,True
primary,hurdle_iid,1337,future,multimodal_balanced,transition_rate_mae,0.03555352268107103,True,True
primary,hurdle_iid,1337,future,multimodal_balanced,coupling_corr_mae,0.12304560921010307,True,True
primary,hurdle_iid,1337,future,multimodal_balanced,coupling_coactivation_mae,0.04300402179553711,True,True
primary,hurdle_iid,1337,future,network_general,marginal_ks_mean,0.2834119381626668,True,True
primary,hurdle_iid,1337,future,network_general,wasserstein_iqr_mean,193673.21095011212,True,True
primary,hurdle_iid,1337,future,network_general,zero_rate_mae,0.029537157690237164,True,True
primary,hurdle_iid,1337,future,network_general,acf_abs_error_mean,0.18357323094321829,True,True
primary,hurdle_iid,1337,future,network_general,spectral_l1_mean,1.1595744388976472,True,True
primary,hurdle_iid,1337,future,network_general,transition_rate_mae,0.03624324795260498,True,True
primary,hurdle_iid,1337,future,network_general,coupling_corr_mae,0.27162499174115373,True,True
primary,hurdle_iid,1337,future,network_general,coupling_coactivation_mae,0.04191726001110943,True,True
primary,hurdle_iid,1337,future,network_iot_named,marginal_ks_mean,0.19759506201403462,True,True
primary,hurdle_iid,1337,future,network_iot_named,wasserstein_iqr_mean,3461.147125977092,True,True
primary,hurdle_iid,1337,future,network_iot_named,zero_rate_mae,0.012706635714513968,True,True
primary,hurdle_iid,1337,future,network_iot_named,acf_abs_error_mean,0.2869695360304346,True,True
primary,hurdle_iid,1337,future,network_iot_named,spectral_l1_mean,1.2671707641024812,True,True
primary,hurdle_iid,1337,future,network_iot_named,transition_rate_mae,0.01773525155874755,True,True
primary,hurdle_iid,1337,future,network_iot_named,coupling_corr_mae,0.23589460610780447,True,True
primary,hurdle_iid,1337,future,network_iot_named,coupling_coactivation_mae,0.017699108950434504,True,True
primary,hurdle_iid,1338,near,iot_values,marginal_ks_mean,0.20913096946095516,True,True
primary,hurdle_iid,1338,near,iot_values,wasserstein_iqr_mean,0.791061620198399,True,True
primary,hurdle_iid,1338,near,iot_values,zero_rate_mae,0.0021725763476122223,True,True
primary,hurdle_iid,1338,near,iot_values,acf_abs_error_mean,0.32725107773975354,True,True
primary,hurdle_iid,1338,near,iot_values,spectral_l1_mean,1.2968517229982983,True,True
primary,hurdle_iid,1338,near,iot_values,transition_rate_mae,0.01133626477250597,True,True
primary,hurdle_iid,1338,near,iot_values,coupling_corr_mae,0.06844655364834673,True,True
primary,hurdle_iid,1338,near,iot_values,coupling_coactivation_mae,0.0061526439844230415,True,True
primary,hurdle_iid,1338,near,multimodal_balanced,marginal_ks_mean,0.26986788617886176,True,True
primary,hurdle_iid,1338,near,multimodal_balanced,wasserstein_iqr_mean,143896.72260481163,True,True
primary,hurdle_iid,1338,near,multimodal_balanced,zero_rate_mae,0.03474157955865273,True,True
primary,hurdle_iid,1338,near,multimodal_balanced,acf_abs_error_mean,0.2835720454438926,True,True
primary,hurdle_iid,1338,near,multimodal_balanced,spectral_l1_mean,1.268217842035843,True,True
primary,hurdle_iid,1338,near,multimodal_balanced,transition_rate_mae,0.031440581982923856,True,True
primary,hurdle_iid,1338,near,multimodal_balanced,coupling_corr_mae,0.1033641851504122,True,True
primary,hurdle_iid,1338,near,multimodal_balanced,coupling_coactivation_mae,0.05878246472434331,True,True
primary,hurdle_iid,1338,near,network_general,marginal_ks_mean,0.3487732288037166,True,True
primary,hurdle_iid,1338,near,network_general,wasserstein_iqr_mean,285070.1216430672,True,True
primary,hurdle_iid,1338,near,network_general,zero_rate_mae,0.060518292682926834,True,True
primary,hurdle_iid,1338,near,network_general,acf_abs_error_mean,0.23857947271775348,True,True
primary,hurdle_iid,1338,near,network_general,spectral_l1_mean,1.2553530686263026,True,True
primary,hurdle_iid,1338,near,network_general,transition_rate_mae,0.04403351338793054,True,True
primary,hurdle_iid,1338,near,network_general,coupling_corr_mae,0.2899061085001185,True,True
primary,hurdle_iid,1338,near,network_general,coupling_coactivation_mae,0.08489496540928143,True,True
primary,hurdle_iid,1338,near,network_iot_named,marginal_ks_mean,0.21208150280260568,True,True
primary,hurdle_iid,1338,near,network_iot_named,wasserstein_iqr_mean,6856.31047339555,True,True
primary,hurdle_iid,1338,near,network_iot_named,zero_rate_mae,0.022776851992122402,True,True
primary,hurdle_iid,1338,near,network_iot_named,acf_abs_error_mean,0.20646147067046083,True,True
primary,hurdle_iid,1338,near,network_iot_named,spectral_l1_mean,1.151864971842135,True,True
primary,hurdle_iid,1338,near,network_iot_named,transition_rate_mae,0.023439926664999958,True,True
primary,hurdle_iid,1338,near,network_iot_named,coupling_corr_mae,0.21645716858881645,True,True
primary,hurdle_iid,1338,near,network_iot_named,coupling_coactivation_mae,0.03153378964619686,True,True
primary,hurdle_iid,1338,future,iot_values,marginal_ks_mean,0.25042593915054007,True,True
primary,hurdle_iid,1338,future,iot_values,wasserstein_iqr_mean,11724.674707215207,True,True
primary,hurdle_iid,1338,future,iot_values,zero_rate_mae,0.05023056664897915,True,True
primary,hurdle_iid,1338,future,iot_values,acf_abs_error_mean,0.3674128861820752,True,True
primary,hurdle_iid,1338,future,iot_values,spectral_l1_mean,1.342247524288156,True,True
primary,hurdle_iid,1338,future,iot_values,transition_rate_mae,0.06853007800088147,True,True
primary,hurdle_iid,1338,future,iot_values,coupling_corr_mae,0.06565929925565829,True,True
primary,hurdle_iid,1338,future,iot_values,coupling_coactivation_mae,0.09244722279155566,True,True
primary,hurdle_iid,1338,future,multimodal_balanced,marginal_ks_mean,0.2563973036066552,True,True
primary,hurdle_iid,1338,future,multimodal_balanced,wasserstein_iqr_mean,97702.24443122729,True,True
primary,hurdle_iid,1338,future,multimodal_balanced,zero_rate_mae,0.025373942873974736,True,True
primary,hurdle_iid,1338,future,multimodal_balanced,acf_abs_error_mean,0.3092432305588285,True,True
primary,hurdle_iid,1338,future,multimodal_balanced,spectral_l1_mean,1.309765710093354,True,True
primary,hurdle_iid,1338,future,multimodal_balanced,transition_rate_mae,0.03693297322413893,True,True
primary,hurdle_iid,1338,future,multimodal_balanced,coupling_corr_mae,0.1223846617198035,True,True
primary,hurdle_iid,1338,future,multimodal_balanced,coupling_coactivation_mae,0.04336697185360911,True,True
primary,hurdle_iid,1338,future,network_general,marginal_ks_mean,0.28382614756703467,True,True
primary,hurdle_iid,1338,future,network_general,wasserstein_iqr_mean,189419.43853924284,True,True
primary,hurdle_iid,1338,future,network_general,zero_rate_mae,0.030079363730656745,True,True
primary,hurdle_iid,1338,future,network_general,acf_abs_error_mean,0.18097827708404243,True,True
primary,hurdle_iid,1338,future,network_general,spectral_l1_mean,1.1544931065018125,True,True
primary,hurdle_iid,1338,future,network_general,transition_rate_mae,0.03790584887030261,True,True
primary,hurdle_iid,1338,future,network_general,coupling_corr_mae,0.2722270978165158,True,True
primary,hurdle_iid,1338,future,network_general,coupling_coactivation_mae,0.04256488915820835,True,True
primary,hurdle_iid,1338,future,network_iot_named,marginal_ks_mean,0.2008399478461522,True,True
primary,hurdle_iid,1338,future,network_iot_named,wasserstein_iqr_mean,6983.614960444176,True,True
primary,hurdle_iid,1338,future,network_iot_named,zero_rate_mae,0.012517270466824226,True,True
primary,hurdle_iid,1338,future,network_iot_named,acf_abs_error_mean,0.28990074438795077,True,True
primary,hurdle_iid,1338,future,network_iot_named,spectral_l1_mean,1.2617402517654817,True,True
primary,hurdle_iid,1338,future,network_iot_named,transition_rate_mae,0.01756100517436002,True,True
primary,hurdle_iid,1338,future,network_iot_named,coupling_corr_mae,0.23656222736295124,True,True
primary,hurdle_iid,1338,future,network_iot_named,coupling_coactivation_mae,0.017526958725262012,True,True
primary,hurdle_iid,1339,near,iot_values,marginal_ks_mean,0.20933592949374868,True,True
primary,hurdle_iid,1339,near,iot_values,wasserstein_iqr_mean,0.7868268647675853,True,True
primary,hurdle_iid,1339,near,iot_values,zero_rate_mae,0.0017421602787456524,True,True
primary,hurdle_iid,1339,near,iot_values,acf_abs_error_mean,0.327159664309778,True,True
primary,hurdle_iid,1339,near,iot_values,spectral_l1_mean,1.2953695595461214,True,True
primary,hurdle_iid,1339,near,iot_values,transition_rate_mae,0.01072127753349118,True,True
primary,hurdle_iid,1339,near,iot_values,coupling_corr_mae,0.06975204006628898,True,True
primary,hurdle_iid,1339,near,iot_values,coupling_coactivation_mae,0.00589131994261119,True,True
primary,hurdle_iid,1339,near,multimodal_balanced,marginal_ks_mean,0.2702635017421603,True,True
primary,hurdle_iid,1339,near,multimodal_balanced,wasserstein_iqr_mean,115916.86825872843,True,True
primary,hurdle_iid,1339,near,multimodal_balanced,zero_rate_mae,0.034494773519163774,True,True
primary,hurdle_iid,1339,near,multimodal_balanced,acf_abs_error_mean,0.2834841041093677,True,True
primary,hurdle_iid,1339,near,multimodal_balanced,spectral_l1_mean,1.2738720966086061,True,True
primary,hurdle_iid,1339,near,multimodal_balanced,transition_rate_mae,0.029436748562467332,True,True
primary,hurdle_iid,1339,near,multimodal_balanced,coupling_corr_mae,0.10399853936082847,True,True
primary,hurdle_iid,1339,near,multimodal_balanced,coupling_coactivation_mae,0.05843387822176094,True,True
primary,hurdle_iid,1339,near,network_general,marginal_ks_mean,0.3484973867595819,True,True
primary,hurdle_iid,1339,near,network_general,wasserstein_iqr_mean,232558.49310254795,True,True
primary,hurdle_iid,1339,near,network_general,zero_rate_mae,0.060590882694541236,True,True
primary,hurdle_iid,1339,near,network_general,acf_abs_error_mean,0.23809029156862624,True,True
primary,hurdle_iid,1339,near,network_general,spectral_l1_mean,1.2610615018483473,True,True
primary,hurdle_iid,1339,near,network_general,transition_rate_mae,0.04170296799674741,True,True
primary,hurdle_iid,1339,near,network_general,coupling_corr_mae,0.2919107327235378,True,True
primary,hurdle_iid,1339,near,network_general,coupling_coactivation_mae,0.08496376811594204,True,True
primary,hurdle_iid,1339,near,network_iot_named,marginal_ks_mean,0.21214209968186637,True,True
primary,hurdle_iid,1339,near,network_iot_named,wasserstein_iqr_mean,3182.5628777421643,True,True
primary,hurdle_iid,1339,near,network_iot_named,zero_rate_mae,0.022466292985911223,True,True
primary,hurdle_iid,1339,near,network_iot_named,acf_abs_error_mean,0.20315056235104614,True,True
primary,hurdle_iid,1339,near,network_iot_named,spectral_l1_mean,1.160709304942055,True,True
primary,hurdle_iid,1339,near,network_iot_named,transition_rate_mae,0.02235656870989492,True,True
primary,hurdle_iid,1339,near,network_iot_named,coupling_corr_mae,0.2180592223388007,True,True
primary,hurdle_iid,1339,near,network_iot_named,coupling_coactivation_mae,0.03107793584994009,True,True
primary,hurdle_iid,1339,future,iot_values,marginal_ks_mean,0.2513337664353152,True,True
primary,hurdle_iid,1339,future,iot_values,wasserstein_iqr_mean,11727.23373773039,True,True
primary,hurdle_iid,1339,future,iot_values,zero_rate_mae,0.05037420289700885,True,True
primary,hurdle_iid,1339,future,iot_values,acf_abs_error_mean,0.3699609872426325,True,True
primary,hurdle_iid,1339,future,iot_values,spectral_l1_mean,1.3390979343201792,True,True
primary,hurdle_iid,1339,future,iot_values,transition_rate_mae,0.06795608991113433,True,True
primary,hurdle_iid,1339,future,iot_values,coupling_corr_mae,0.06638051748942986,True,True
primary,hurdle_iid,1339,future,iot_values,coupling_coactivation_mae,0.09295962287353965,True,True
primary,hurdle_iid,1339,future,multimodal_balanced,marginal_ks_mean,0.2568407563795759,True,True
primary,hurdle_iid,1339,future,multimodal_balanced,wasserstein_iqr_mean,131953.88056452636,True,True
primary,hurdle_iid,1339,future,multimodal_balanced,zero_rate_mae,0.024761795769412148,True,True
primary,hurdle_iid,1339,future,multimodal_balanced,acf_abs_error_mean,0.3101417040374319,True,True
primary,hurdle_iid,1339,future,multimodal_balanced,spectral_l1_mean,1.3119891572562563,True,True
primary,hurdle_iid,1339,future,multimodal_balanced,transition_rate_mae,0.03495818086774699,True,True
primary,hurdle_iid,1339,future,multimodal_balanced,coupling_corr_mae,0.12278366786054506,True,True
primary,hurdle_iid,1339,future,multimodal_balanced,coupling_coactivation_mae,0.04244662317443843,True,True
primary,hurdle_iid,1339,future,network_general,marginal_ks_mean,0.284253948158214,True,True
primary,hurdle_iid,1339,future,network_general,wasserstein_iqr_mean,260354.17427793905,True,True
primary,hurdle_iid,1339,future,network_general,zero_rate_mae,0.029135693579669514,True,True
primary,hurdle_iid,1339,future,network_general,acf_abs_error_mean,0.1818385729466346,True,True
primary,hurdle_iid,1339,future,network_general,spectral_l1_mean,1.1566007315227644,True,True
primary,hurdle_iid,1339,future,network_general,transition_rate_mae,0.03566242667131323,True,True
primary,hurdle_iid,1339,future,network_general,coupling_corr_mae,0.2732499943340828,True,True
primary,hurdle_iid,1339,future,network_general,coupling_coactivation_mae,0.04130687269605615,True,True
primary,hurdle_iid,1339,future,network_iot_named,marginal_ks_mean,0.19950423709771875,True,True
primary,hurdle_iid,1339,future,network_iot_named,wasserstein_iqr_mean,3400.7572706260544,True,True
primary,hurdle_iid,1339,future,network_iot_named,zero_rate_mae,0.012019809511424865,True,True
primary,hurdle_iid,1339,future,network_iot_named,acf_abs_error_mean,0.2850731219303265,True,True
primary,hurdle_iid,1339,future,network_iot_named,spectral_l1_mean,1.2693711029301065,True,True
primary,hurdle_iid,1339,future,network_iot_named,transition_rate_mae,0.01629582490511148,True,True
primary,hurdle_iid,1339,future,network_iot_named,coupling_corr_mae,0.23776371770907798,True,True
primary,hurdle_iid,1339,future,network_iot_named,coupling_coactivation_mae,0.01681081378854444,True,True
primary,hurdle_iid,1340,near,iot_values,marginal_ks_mean,0.20849559335929496,True,True
primary,hurdle_iid,1340,near,iot_values,wasserstein_iqr_mean,0.7870644721913387,True,True
primary,hurdle_iid,1340,near,iot_values,zero_rate_mae,0.0018651362984218151,True,True
primary,hurdle_iid,1340,near,iot_values,acf_abs_error_mean,0.3286308720097743,True,True
primary,hurdle_iid,1340,near,iot_values,spectral_l1_mean,1.2961256071281366,True,True
primary,hurdle_iid,1340,near,iot_values,transition_rate_mae,0.010413783913983786,True,True
primary,hurdle_iid,1340,near,iot_values,coupling_corr_mae,0.06898196916389014,True,True
primary,hurdle_iid,1340,near,iot_values,coupling_coactivation_mae,0.005819583931133426,True,True
primary,hurdle_iid,1340,near,multimodal_balanced,marginal_ks_mean,0.2694722706155633,True,True
primary,hurdle_iid,1340,near,multimodal_balanced,wasserstein_iqr_mean,134416.4754142535,True,True
primary,hurdle_iid,1340,near,multimodal_balanced,zero_rate_mae,0.034458478513356566,True,True
primary,hurdle_iid,1340,near,multimodal_balanced,acf_abs_error_mean,0.28347379736154443,True,True
primary,hurdle_iid,1340,near,multimodal_balanced,spectral_l1_mean,1.2701404412099209,True,True
primary,hurdle_iid,1340,near,multimodal_balanced,transition_rate_mae,0.029836063193355408,True,True
primary,hurdle_iid,1340,near,multimodal_balanced,coupling_corr_mae,0.104643766867568,True,True
primary,hurdle_iid,1340,near,multimodal_balanced,coupling_coactivation_mae,0.0584748066325648,True,True
primary,hurdle_iid,1340,near,network_general,marginal_ks_mean,0.34976045296167246,True,True
primary,hurdle_iid,1340,near,network_general,wasserstein_iqr_mean,269521.36638879456,True,True
primary,hurdle_iid,1340,near,network_general,zero_rate_mae,0.060452961672473875,True,True
primary,hurdle_iid,1340,near,network_general,acf_abs_error_mean,0.2382473956250216,True,True
primary,hurdle_iid,1340,near,network_general,spectral_l1_mean,1.2546207114767587,True,True
primary,hurdle_iid,1340,near,network_general,transition_rate_mae,0.042559679386652734,True,True
primary,hurdle_iid,1340,near,network_general,coupling_corr_mae,0.2915977975054367,True,True
primary,hurdle_iid,1340,near,network_general,coupling_coactivation_mae,0.08496124324597283,True,True
primary,hurdle_iid,1340,near,network_iot_named,marginal_ks_mean,0.21117254961369486,True,True
primary,hurdle_iid,1340,near,network_iot_named,wasserstein_iqr_mean,3205.340853726936,True,True
primary,hurdle_iid,1340,near,network_iot_named,zero_rate_mae,0.02225420390849871,True,True
primary,hurdle_iid,1340,near,network_iot_named,acf_abs_error_mean,0.2026238721945981,True,True
primary,hurdle_iid,1340,near,network_iot_named,spectral_l1_mean,1.1572527569540467,True,True
primary,hurdle_iid,1340,near,network_iot_named,transition_rate_mae,0.022591422532330277,True,True
primary,hurdle_iid,1340,near,network_iot_named,coupling_corr_mae,0.21713390776495456,True,True
primary,hurdle_iid,1340,near,network_iot_named,coupling_coactivation_mae,0.03084794314910964,True,True
primary,hurdle_iid,1340,future,iot_values,marginal_ks_mean,0.2528655061975509,True,True
primary,hurdle_iid,1340,future,iot_values,wasserstein_iqr_mean,11803.070112258545,True,True
primary,hurdle_iid,1340,future,iot_values,zero_rate_mae,0.050578963003625195,True,True
primary,hurdle_iid,1340,future,iot_values,acf_abs_error_mean,0.37137370109700024,True,True
primary,hurdle_iid,1340,future,iot_values,spectral_l1_mean,1.3413169558740636,True,True
primary,hurdle_iid,1340,future,iot_values,transition_rate_mae,0.06748459969455634,True,True
primary,hurdle_iid,1340,future,iot_values,coupling_corr_mae,0.06517277890748129,True,True
primary,hurdle_iid,1340,future,iot_values,coupling_coactivation_mae,0.09336954293912687,True,True
primary,hurdle_iid,1340,future,multimodal_balanced,marginal_ks_mean,0.2570590795955736,True,True
primary,hurdle_iid,1340,future,multimodal_balanced,wasserstein_iqr_mean,100179.72407585017,True,True
primary,hurdle_iid,1340,future,multimodal_balanced,zero_rate_mae,0.0251246042131086,True,True
primary,hurdle_iid,1340,future,multimodal_balanced,acf_abs_error_mean,0.3102035920582058,True,True
primary,hurdle_iid,1340,future,multimodal_balanced,spectral_l1_mean,1.308678881570827,True,True
primary,hurdle_iid,1340,future,multimodal_balanced,transition_rate_mae,0.0352848928384736,True,True
primary,hurdle_iid,1340,future,multimodal_balanced,coupling_corr_mae,0.12255895993011501,True,True
primary,hurdle_iid,1340,future,multimodal_balanced,coupling_coactivation_mae,0.04307692070081795,True,True
primary,hurdle_iid,1340,future,network_general,marginal_ks_mean,0.28585347494366276,True,True
primary,hurdle_iid,1340,future,network_general,wasserstein_iqr_mean,197128.30995846563,True,True
primary,hurdle_iid,1340,future,network_general,zero_rate_mae,0.029776704728564696,True,True
primary,hurdle_iid,1340,future,network_general,acf_abs_error_mean,0.18138021855633135,True,True
primary,hurdle_iid,1340,future,network_general,spectral_l1_mean,1.1503619959951372,True,True
primary,hurdle_iid,1340,future,network_general,transition_rate_mae,0.03646105593308938,True,True
primary,hurdle_iid,1340,future,network_general,coupling_corr_mae,0.27290022891275884,True,True
primary,hurdle_iid,1340,future,network_general,coupling_coactivation_mae,0.0421628036156138,True,True
primary,hurdle_iid,1340,future,network_iot_named,marginal_ks_mean,0.19875688130418714,True,True
primary,hurdle_iid,1340,future,network_iot_named,wasserstein_iqr_mean,3998.859320391366,True,True
primary,hurdle_iid,1340,future,network_iot_named,zero_rate_mae,0.01213096536153715,True,True
primary,hurdle_iid,1340,future,network_iot_named,acf_abs_error_mean,0.2860334585283257,True,True
primary,hurdle_iid,1340,future,network_iot_named,spectral_l1_mean,1.2668238543617132,True,True
primary,hurdle_iid,1340,future,network_iot_named,transition_rate_mae,0.01677310847973817,True,True
primary,hurdle_iid,1340,future,network_iot_named,coupling_corr_mae,0.23642743504179753,True,True
primary,hurdle_iid,1340,future,network_iot_named,coupling_coactivation_mae,0.016987095619121064,True,True
primary,hurdle_iid,1341,near,iot_values,marginal_ks_mean,0.2106169296987088,True,True
primary,hurdle_iid,1341,near,iot_values,wasserstein_iqr_mean,0.789696629848485,True,True
primary,hurdle_iid,1341,near,iot_values,zero_rate_mae,0.00168067226890757,True,True
primary,hurdle_iid,1341,near,iot_values,acf_abs_error_mean,0.32882466318583276,True,True
primary,hurdle_iid,1341,near,iot_values,spectral_l1_mean,1.2931484623892753,True,True
primary,hurdle_iid,1341,near,iot_values,transition_rate_mae,0.010454783063251438,True,True
primary,hurdle_iid,1341,near,iot_values,coupling_corr_mae,0.06750526909275853,True,True
primary,hurdle_iid,1341,near,iot_values,coupling_coactivation_mae,0.0057452859192457465,True,True
primary,hurdle_iid,1341,near,multimodal_balanced,marginal_ks_mean,0.27124346689895473,True,True
primary,hurdle_iid,1341,near,multimodal_balanced,wasserstein_iqr_mean,164617.5181948332,True,True
primary,hurdle_iid,1341,near,multimodal_balanced,zero_rate_mae,0.03482868757259002,True,True
primary,hurdle_iid,1341,near,multimodal_balanced,acf_abs_error_mean,0.2851841978302688,True,True
primary,hurdle_iid,1341,near,multimodal_balanced,spectral_l1_mean,1.27052778136817,True,True
primary,hurdle_iid,1341,near,multimodal_balanced,transition_rate_mae,0.030968664691874315,True,True
primary,hurdle_iid,1341,near,multimodal_balanced,coupling_corr_mae,0.10391173211720175,True,True
primary,hurdle_iid,1341,near,multimodal_balanced,coupling_coactivation_mae,0.05906170459880891,True,True
primary,hurdle_iid,1341,near,network_general,marginal_ks_mean,0.35057346109175375,True,True
primary,hurdle_iid,1341,near,network_general,wasserstein_iqr_mean,327760.3283294109,True,True
primary,hurdle_iid,1341,near,network_general,zero_rate_mae,0.061447444831591175,True,True
primary,hurdle_iid,1341,near,network_general,acf_abs_error_mean,0.23899044759647345,True,True
primary,hurdle_iid,1341,near,network_general,spectral_l1_mean,1.2587864350140627,True,True
primary,hurdle_iid,1341,near,network_general,transition_rate_mae,0.04377940407736539,True,True
primary,hurdle_iid,1341,near,network_general,coupling_corr_mae,0.29143943644271725,True,True
primary,hurdle_iid,1341,near,network_general,coupling_coactivation_mae,0.08629942432964705,True,True
primary,hurdle_iid,1341,near,network_iot_named,marginal_ks_mean,0.21199818209362215,True,True
primary,hurdle_iid,1341,near,network_iot_named,wasserstein_iqr_mean,5583.7057726929,True,True
primary,hurdle_iid,1341,near,network_iot_named,zero_rate_mae,0.022322375397667016,True,True
primary,hurdle_iid,1341,near,network_iot_named,acf_abs_error_mean,0.2048280085578341,True,True
primary,hurdle_iid,1341,near,network_iot_named,spectral_l1_mean,1.1567077861280468,True,True
primary,hurdle_iid,1341,near,network_iot_named,transition_rate_mae,0.023439926664999965,True,True
primary,hurdle_iid,1341,near,network_iot_named,coupling_corr_mae,0.21749659708758454,True,True
primary,hurdle_iid,1341,near,network_iot_named,coupling_coactivation_mae,0.030930575257192432,True,True
primary,hurdle_iid,1341,future,iot_values,marginal_ks_mean,0.2525103194930986,True,True
primary,hurdle_iid,1341,future,iot_values,wasserstein_iqr_mean,11741.07053642257,True,True
primary,hurdle_iid,1341,future,iot_values,zero_rate_mae,0.04969734211356742,True,True
primary,hurdle_iid,1341,future,iot_values,acf_abs_error_mean,0.3685028411265989,True,True
primary,hurdle_iid,1341,future,iot_values,spectral_l1_mean,1.3367238541977742,True,True
primary,hurdle_iid,1341,future,iot_values,transition_rate_mae,0.06773059459016224,True,True
primary,hurdle_iid,1341,future,iot_values,coupling_corr_mae,0.06541994907023135,True,True
primary,hurdle_iid,1341,future,iot_values,coupling_coactivation_mae,0.09167093666734988,True,True
primary,hurdle_iid,1341,future,multimodal_balanced,marginal_ks_mean,0.2571860071695312,True,True
primary,hurdle_iid,1341,future,multimodal_balanced,wasserstein_iqr_mean,76615.91475773028,True,True
primary,hurdle_iid,1341,future,multimodal_balanced,zero_rate_mae,0.025037392517217778,True,True
primary,hurdle_iid,1341,future,multimodal_balanced,acf_abs_error_mean,0.3109543905215033,True,True
primary,hurdle_iid,1341,future,multimodal_balanced,spectral_l1_mean,1.310503240527344,True,True
primary,hurdle_iid,1341,future,multimodal_balanced,transition_rate_mae,0.03641749433699251,True,True
primary,hurdle_iid,1341,future,multimodal_balanced,coupling_corr_mae,0.12273187812894595,True,True
primary,hurdle_iid,1341,future,multimodal_balanced,coupling_coactivation_mae,0.04289529122494872,True,True
primary,hurdle_iid,1341,future,network_general,marginal_ks_mean,0.28415184672226446,True,True
primary,hurdle_iid,1341,future,network_general,wasserstein_iqr_mean,147411.26416729053,True,True
primary,hurdle_iid,1341,future,network_general,zero_rate_mae,0.030117877783152374,True,True
primary,hurdle_iid,1341,future,network_general,acf_abs_error_mean,0.18145167308430676,True,True
primary,hurdle_iid,1341,future,network_general,spectral_l1_mean,1.1558935107583939,True,True
primary,hurdle_iid,1341,future,network_general,transition_rate_mae,0.037332287855027006,True,True
primary,hurdle_iid,1341,future,network_general,coupling_corr_mae,0.27449558604060464,True,True
primary,hurdle_iid,1341,future,network_general,coupling_coactivation_mae,0.042632429429884364,True,True
primary,hurdle_iid,1341,future,network_iot_named,marginal_ks_mean,0.20083267537623228,True,True
primary,hurdle_iid,1341,future,network_iot_named,wasserstein_iqr_mean,6347.198649295644,True,True
primary,hurdle_iid,1341,future,network_iot_named,zero_rate_mae,0.01218398763089028,True,True
primary,hurdle_iid,1341,future,network_iot_named,acf_abs_error_mean,0.2891473987878921,True,True
primary,hurdle_iid,1341,future,network_iot_named,spectral_l1_mean,1.2644690250855286,True,True
primary,hurdle_iid,1341,future,network_iot_named,transition_rate_mae,0.017561005174360017,True,True
primary,hurdle_iid,1341,future,network_iot_named,coupling_corr_mae,0.23609313361826215,True,True
primary,hurdle_iid,1341,future,network_iot_named,coupling_coactivation_mae,0.017038052085772123,True,True
primary,independent_stitch,1337,near,iot_values,marginal_ks_mean,0.2102172576347612,True,True
primary,independent_stitch,1337,near,iot_values,wasserstein_iqr_mean,0.8332661385539888,True,True
primary,independent_stitch,1337,near,iot_values,zero_rate_mae,0.002408280385324868,True,True
primary,independent_stitch,1337,near,iot_values,acf_abs_error_mean,0.12962874680207326,True,True
primary,independent_stitch,1337,near,iot_values,spectral_l1_mean,1.1864509124311438,True,True
primary,independent_stitch,1337,near,iot_values,transition_rate_mae,0.003126185131658522,True,True
primary,independent_stitch,1337,near,iot_values,coupling_corr_mae,0.0709269254869502,True,True
primary,independent_stitch,1337,near,iot_values,coupling_coactivation_mae,0.006757276081164173,True,True
primary,independent_stitch,1337,near,multimodal_balanced,marginal_ks_mean,0.272575493612079,True,True
primary,independent_stitch,1337,near,multimodal_balanced,wasserstein_iqr_mean,228311.74992199638,True,True
primary,independent_stitch,1337,near,multimodal_balanced,zero_rate_mae,0.035558217189314754,True,True
primary,independent_stitch,1337,near,multimodal_balanced,acf_abs_error_mean,0.1845534742523999,True,True
primary,independent_stitch,1337,near,multimodal_balanced,spectral_l1_mean,1.1647123137002093,True,True
primary,independent_stitch,1337,near,multimodal_balanced,transition_rate_mae,0.019595457977580298,True,True
primary,independent_stitch,1337,near,multimodal_balanced,coupling_corr_mae,0.1068308227768119,True,True
primary,independent_stitch,1337,near,multimodal_balanced,coupling_coactivation_mae,0.060203993377319784,True,True
primary,independent_stitch,1337,near,network_general,marginal_ks_mean,0.35398519163763065,True,True
primary,independent_stitch,1337,near,network_general,wasserstein_iqr_mean,453123.29401570786,True,True
primary,independent_stitch,1337,near,network_general,zero_rate_mae,0.062238675958188154,True,True
primary,independent_stitch,1337,near,network_general,acf_abs_error_mean,0.1605752601347693,True,True
primary,independent_stitch,1337,near,network_general,spectral_l1_mean,1.0854836342995515,True,True
primary,independent_stitch,1337,near,network_general,transition_rate_mae,0.032692977870709176,True,True
primary,independent_stitch,1337,near,network_general,coupling_corr_mae,0.2955233645956016,True,True
primary,independent_stitch,1337,near,network_general,coupling_coactivation_mae,0.08737186284906326,True,True
primary,independent_stitch,1337,near,network_iot_named,marginal_ks_mean,0.2149750037873049,True,True
primary,independent_stitch,1337,near,network_iot_named,wasserstein_iqr_mean,7636.6517080972035,True,True
primary,independent_stitch,1337,near,network_iot_named,zero_rate_mae,0.024284199363732765,True,True
primary,independent_stitch,1337,near,network_iot_named,acf_abs_error_mean,0.1853574466638861,True,True
primary,independent_stitch,1337,near,network_iot_named,spectral_l1_mean,1.1366557362101462,True,True
primary,independent_stitch,1337,near,network_iot_named,transition_rate_mae,0.018742850216292798,True,True
primary,independent_stitch,1337,near,network_iot_named,coupling_corr_mae,0.21750907099345448,True,True
primary,independent_stitch,1337,near,network_iot_named,coupling_coactivation_mae,0.0334136701050805,True,True
primary,independent_stitch,1337,future,iot_values,marginal_ks_mean,0.25216107523725434,True,True
primary,independent_stitch,1337,future,iot_values,wasserstein_iqr_mean,11594.05280184591,True,True
primary,independent_stitch,1337,future,iot_values,zero_rate_mae,0.05042495022998472,True,True
primary,independent_stitch,1337,future,iot_values,acf_abs_error_mean,0.1438444904070737,True,True
primary,independent_stitch,1337,future,iot_values,spectral_l1_mean,1.1951059344332955,True,True
primary,independent_stitch,1337,future,iot_values,transition_rate_mae,0.06040199665856934,True,True
primary,independent_stitch,1337,future,iot_values,coupling_corr_mae,0.07263762037382462,True,True
primary,independent_stitch,1337,future,iot_values,coupling_coactivation_mae,0.09246003279360526,True,True
primary,independent_stitch,1337,future,multimodal_balanced,marginal_ks_mean,0.2594325479096606,True,True
primary,independent_stitch,1337,future,multimodal_balanced,wasserstein_iqr_mean,7501.13612587887,True,True
primary,independent_stitch,1337,future,multimodal_balanced,zero_rate_mae,0.025848948467742577,True,True
primary,independent_stitch,1337,future,multimodal_balanced,acf_abs_error_mean,0.2022521721073138,True,True
primary,independent_stitch,1337,future,multimodal_balanced,spectral_l1_mean,1.2149175691421468,True,True
primary,independent_stitch,1337,future,multimodal_balanced,transition_rate_mae,0.02719332636347795,True,True
primary,independent_stitch,1337,future,multimodal_balanced,coupling_corr_mae,0.12520754229570402,True,True
primary,independent_stitch,1337,future,multimodal_balanced,coupling_coactivation_mae,0.044125305804729786,True,True
primary,independent_stitch,1337,future,network_general,marginal_ks_mean,0.2949062586169819,True,True
primary,independent_stitch,1337,future,network_general,wasserstein_iqr_mean,9620.01991988006,True,True
primary,independent_stitch,1337,future,network_general,zero_rate_mae,0.030536680803827477,True,True
primary,independent_stitch,1337,future,network_general,acf_abs_error_mean,0.1808586170346093,True,True
primary,independent_stitch,1337,future,network_general,spectral_l1_mean,1.1320426053905217,True,True
primary,independent_stitch,1337,future,network_general,transition_rate_mae,0.031182842539350636,True,True
primary,independent_stitch,1337,future,network_general,coupling_corr_mae,0.2757510469282801,True,True
primary,independent_stitch,1337,future,network_general,coupling_coactivation_mae,0.04313803464121598,True,True
primary,independent_stitch,1337,future,network_iot_named,marginal_ks_mean,0.19624658486158336,True,True
primary,independent_stitch,1337,future,network_iot_named,wasserstein_iqr_mean,5259.658675658433,True,True
primary,independent_stitch,1337,future,network_iot_named,zero_rate_mae,0.013417933937210457,True,True
primary,independent_stitch,1337,future,network_iot_named,acf_abs_error_mean,0.21029576704920655,True,True
primary,independent_stitch,1337,future,network_iot_named,spectral_l1_mean,1.1842577972950374,True,True
primary,independent_stitch,1337,future,network_iot_named,transition_rate_mae,0.01186390599786358,True,True
primary,independent_stitch,1337,future,network_iot_named,coupling_corr_mae,0.23676991179193654,True,True
primary,independent_stitch,1337,future,network_iot_named,coupling_coactivation_mae,0.018634228973571497,True,True
primary,independent_stitch,1338,near,iot_values,marginal_ks_mean,0.21341463414634146,True,True
primary,independent_stitch,1338,near,iot_values,wasserstein_iqr_mean,0.7839809321356378,True,True
primary,independent_stitch,1338,near,iot_values,zero_rate_mae,0.0020393523262963766,True,True
primary,independent_stitch,1338,near,iot_values,acf_abs_error_mean,0.12715888170466885,True,True
primary,independent_stitch,1338,near,iot_values,spectral_l1_mean,1.1853272737615947,True,True
primary,independent_stitch,1338,near,iot_values,transition_rate_mae,0.003177434068243083,True,True
primary,independent_stitch,1338,near,iot_values,coupling_corr_mae,0.06772531377798523,True,True
primary,independent_stitch,1338,near,iot_values,coupling_coactivation_mae,0.00626537200245952,True,True
primary,independent_stitch,1338,near,multimodal_balanced,marginal_ks_mean,0.2771486643437863,True,True
primary,independent_stitch,1338,near,multimodal_balanced,wasserstein_iqr_mean,82485.5244655298,True,True
primary,independent_stitch,1338,near,multimodal_balanced,zero_rate_mae,0.03565984320557491,True,True
primary,independent_stitch,1338,near,multimodal_balanced,acf_abs_error_mean,0.15903354833670208,True,True
primary,independent_stitch,1338,near,multimodal_balanced,spectral_l1_mean,1.1135921787504754,True,True
primary,independent_stitch,1338,near,multimodal_balanced,transition_rate_mae,0.019584567578556075,True,True
primary,independent_stitch,1338,near,multimodal_balanced,coupling_corr_mae,0.10645181983054366,True,True
primary,independent_stitch,1338,near,multimodal_balanced,coupling_coactivation_mae,0.06044307707514765,True,True
primary,independent_stitch,1338,near,network_general,marginal_ks_mean,0.3546893147502903,True,True
primary,independent_stitch,1338,near,network_general,wasserstein_iqr_mean,163525.37685023432,True,True
primary,independent_stitch,1338,near,network_general,zero_rate_mae,0.06040214866434379,True,True
primary,independent_stitch,1338,near,network_general,acf_abs_error_mean,0.13654203397993248,True,True
primary,independent_stitch,1338,near,network_general,spectral_l1_mean,1.0295261036376118,True,True
primary,independent_stitch,1338,near,network_general,transition_rate_mae,0.029832433060347333,True,True
primary,independent_stitch,1338,near,network_general,coupling_corr_mae,0.2941233069059766,True,True
primary,independent_stitch,1338,near,network_general,coupling_coactivation_mae,0.0847598848659294,True,True
primary,independent_stitch,1338,near,network_iot_named,marginal_ks_mean,0.221564914406908,True,True
primary,independent_stitch,1338,near,network_iot_named,wasserstein_iqr_mean,5689.739638205461,True,True
primary,independent_stitch,1338,near,network_iot_named,zero_rate_mae,0.02466292985911225,True,True
primary,independent_stitch,1338,near,network_iot_named,acf_abs_error_mean,0.16455533092158275,True,True
primary,independent_stitch,1338,near,network_iot_named,spectral_l1_mean,1.1028686413005275,True,True
primary,independent_stitch,1338,near,network_iot_named,transition_rate_mae,0.01946256354311083,True,True
primary,independent_stitch,1338,near,network_iot_named,coupling_corr_mae,0.22976299614921328,True,True
primary,independent_stitch,1338,near,network_iot_named,coupling_coactivation_mae,0.03395491041302283,True,True
primary,independent_stitch,1338,future,iot_values,marginal_ks_mean,0.2565941311884872,True,True
primary,independent_stitch,1338,future,iot_values,wasserstein_iqr_mean,11739.53471192588,True,True
primary,independent_stitch,1338,future,iot_values,zero_rate_mae,0.05030246688553109,True,True
primary,independent_stitch,1338,future,iot_values,acf_abs_error_mean,0.14308324496486055,True,True
primary,independent_stitch,1338,future,iot_values,spectral_l1_mean,1.204111624201518,True,True
primary,independent_stitch,1338,future,iot_values,transition_rate_mae,0.06053524389368921,True,True
primary,independent_stitch,1338,future,iot_values,coupling_corr_mae,0.06329715865969938,True,True
primary,independent_stitch,1338,future,iot_values,coupling_coactivation_mae,0.09269061283049805,True,True
primary,independent_stitch,1338,future,multimodal_balanced,marginal_ks_mean,0.26215768834054454,True,True
primary,independent_stitch,1338,future,multimodal_balanced,wasserstein_iqr_mean,180999.63045582504,True,True
primary,independent_stitch,1338,future,multimodal_balanced,zero_rate_mae,0.026427665728774894,True,True
primary,independent_stitch,1338,future,multimodal_balanced,acf_abs_error_mean,0.20712572811379437,True,True
primary,independent_stitch,1338,future,multimodal_balanced,spectral_l1_mean,1.2315106186666132,True,True
primary,independent_stitch,1338,future,multimodal_balanced,transition_rate_mae,0.028133530812568974,True,True
primary,independent_stitch,1338,future,multimodal_balanced,coupling_corr_mae,0.12458257228256893,True,True
primary,independent_stitch,1338,future,multimodal_balanced,coupling_coactivation_mae,0.045165041885981166,True,True
primary,independent_stitch,1338,future,network_general,marginal_ks_mean,0.2900713592309611,True,True
primary,independent_stitch,1338,future,network_general,wasserstein_iqr_mean,356448.7400326663,True,True
primary,independent_stitch,1338,future,network_general,zero_rate_mae,0.02962426570417445,True,True
primary,independent_stitch,1338,future,network_general,acf_abs_error_mean,0.20738206098545653,True,True
primary,independent_stitch,1338,future,network_general,spectral_l1_mean,1.180287590714181,True,True
primary,independent_stitch,1338,future,network_general,transition_rate_mae,0.029469419759539994,True,True
primary,independent_stitch,1338,future,network_general,coupling_corr_mae,0.2778379311521447,True,True
primary,independent_stitch,1338,future,network_general,coupling_coactivation_mae,0.041913472706155634,True,True
primary,independent_stitch,1338,future,network_iot_named,marginal_ks_mean,0.2052926257445277,True,True
primary,independent_stitch,1338,future,network_iot_named,wasserstein_iqr_mean,5862.438753293717,True,True
primary,independent_stitch,1338,future,network_iot_named,zero_rate_mae,0.014267005355477456,True,True
primary,independent_stitch,1338,future,network_iot_named,acf_abs_error_mean,0.19521119495433725,True,True
primary,independent_stitch,1338,future,network_iot_named,spectral_l1_mean,1.171928871220329,True,True
primary,independent_stitch,1338,future,network_iot_named,transition_rate_mae,0.013068478829064294,True,True
primary,independent_stitch,1338,future,network_iot_named,coupling_corr_mae,0.23642096241100508,True,True
primary,independent_stitch,1338,future,network_iot_named,coupling_coactivation_mae,0.019738744818278225,True,True
primary,independent_stitch,1339,near,iot_values,marginal_ks_mean,0.20670219307235088,True,True
primary,independent_stitch,1339,near,iot_values,wasserstein_iqr_mean,0.795030231658361,True,True
primary,independent_stitch,1339,near,iot_values,zero_rate_mae,0.0016909202705472485,True,True
primary,independent_stitch,1339,near,iot_values,acf_abs_error_mean,0.13535871244104358,True,True
primary,independent_stitch,1339,near,iot_values,spectral_l1_mean,1.1788300136453587,True,True
primary,independent_stitch,1339,near,iot_values,transition_rate_mae,0.0022754527843547243,True,True
primary,independent_stitch,1339,near,iot_values,coupling_corr_mae,0.06492030603454635,True,True
primary,independent_stitch,1339,near,iot_values,coupling_coactivation_mae,0.005913096946095499,True,True
primary,independent_stitch,1339,near,multimodal_balanced,marginal_ks_mean,0.27185322299651565,True,True
primary,independent_stitch,1339,near,multimodal_balanced,wasserstein_iqr_mean,215931.5986558363,True,True
primary,independent_stitch,1339,near,multimodal_balanced,zero_rate_mae,0.03460002903600465,True,True
primary,independent_stitch,1339,near,multimodal_balanced,acf_abs_error_mean,0.19927775336096154,True,True
primary,independent_stitch,1339,near,multimodal_balanced,spectral_l1_mean,1.193809668532743,True,True
primary,independent_stitch,1339,near,multimodal_balanced,transition_rate_mae,0.01865525352848928,True,True
primary,independent_stitch,1339,near,multimodal_balanced,coupling_corr_mae,0.10708728328433162,True,True
primary,independent_stitch,1339,near,multimodal_balanced,coupling_coactivation_mae,0.05870894803172956,True,True
primary,independent_stitch,1339,near,network_general,marginal_ks_mean,0.3494483159117306,True,True
primary,independent_stitch,1339,near,network_general,wasserstein_iqr_mean,431716.5349403086,True,True
primary,independent_stitch,1339,near,network_general,zero_rate_mae,0.06208623693379791,True,True
primary,independent_stitch,1339,near,network_general,acf_abs_error_mean,0.1893613084353878,True,True
primary,independent_stitch,1339,near,network_general,spectral_l1_mean,1.1560580215150595,True,True
primary,independent_stitch,1339,near,network_general,transition_rate_mae,0.03225736190974037,True,True
primary,independent_stitch,1339,near,network_general,coupling_corr_mae,0.29487994087178426,True,True
primary,independent_stitch,1339,near,network_general,coupling_coactivation_mae,0.08701774983588345,True,True
primary,independent_stitch,1339,near,network_iot_named,marginal_ks_mean,0.2187926071807302,True,True
primary,independent_stitch,1339,near,network_iot_named,wasserstein_iqr_mean,5122.017658280704,True,True
primary,independent_stitch,1339,near,network_iot_named,zero_rate_mae,0.022655658233600964,True,True
primary,independent_stitch,1339,near,network_iot_named,acf_abs_error_mean,0.18883869719864224,True,True
primary,independent_stitch,1339,near,network_iot_named,spectral_l1_mean,1.1345580165185998,True,True
primary,independent_stitch,1339,near,network_iot_named,transition_rate_mae,0.017220088335340958,True,True
primary,independent_stitch,1339,near,network_iot_named,coupling_corr_mae,0.21988077392744507,True,True
primary,independent_stitch,1339,near,network_iot_named,coupling_coactivation_mae,0.03132996377959263,True,True
primary,independent_stitch,1339,future,iot_values,marginal_ks_mean,0.2535679164754128,True,True
primary,independent_stitch,1339,future,iot_values,wasserstein_iqr_mean,11506.396166062588,True,True
primary,independent_stitch,1339,future,iot_values,zero_rate_mae,0.04929779857359099,True,True
primary,independent_stitch,1339,future,iot_values,acf_abs_error_mean,0.14851774810588828,True,True
primary,independent_stitch,1339,future,iot_values,spectral_l1_mean,1.2017884827949463,True,True
primary,independent_stitch,1339,future,iot_values,transition_rate_mae,0.05934626856492728,True,True
primary,independent_stitch,1339,future,iot_values,coupling_corr_mae,0.06634581766329715,True,True
primary,independent_stitch,1339,future,iot_values,coupling_coactivation_mae,0.09109576757532281,True,True
primary,independent_stitch,1339,future,multimodal_balanced,marginal_ks_mean,0.25934287187075217,True,True
primary,independent_stitch,1339,future,multimodal_balanced,wasserstein_iqr_mean,17395.305888973122,True,True
primary,independent_stitch,1339,future,multimodal_balanced,zero_rate_mae,0.024336944424045232,True,True
primary,independent_stitch,1339,future,multimodal_balanced,acf_abs_error_mean,0.21896609646640725,True,True
primary,independent_stitch,1339,future,multimodal_balanced,spectral_l1_mean,1.2360452450284263,True,True
primary,independent_stitch,1339,future,multimodal_balanced,transition_rate_mae,0.026441888830806757,True,True
primary,independent_stitch,1339,future,multimodal_balanced,coupling_corr_mae,0.12324159321239049,True,True
primary,independent_stitch,1339,future,multimodal_balanced,coupling_coactivation_mae,0.04165971655917168,True,True
primary,independent_stitch,1339,future,network_general,marginal_ks_mean,0.284453090845015,True,True
primary,independent_stitch,1339,future,network_general,wasserstein_iqr_mean,31984.637910654495,True,True
primary,independent_stitch,1339,future,network_general,zero_rate_mae,0.02889836558803043,True,True
primary,independent_stitch,1339,future,network_general,acf_abs_error_mean,0.20680289569656515,True,True
primary,independent_stitch,1339,future,network_general,spectral_l1_mean,1.1723158634305542,True,True
primary,independent_stitch,1339,future,network_general,transition_rate_mae,0.02952750188766916,True,True
primary,independent_stitch,1339,future,network_general,coupling_corr_mae,0.27209023675719246,True,True
primary,independent_stitch,1339,future,network_general,coupling_coactivation_mae,0.04092940463566127,True,True
primary,independent_stitch,1339,future,network_iot_named,marginal_ks_mean,0.2039700772166896,True,True
primary,independent_stitch,1339,future,network_iot_named,wasserstein_iqr_mean,2793.331955615012,True,True
primary,independent_stitch,1339,future,network_iot_named,zero_rate_mae,0.0120930923119992,True,True
primary,independent_stitch,1339,future,network_iot_named,acf_abs_error_mean,0.22405027954288015,True,True
primary,independent_stitch,1339,future,network_iot_named,spectral_l1_mean,1.1919610053781318,True,True
primary,independent_stitch,1339,future,network_iot_named,transition_rate_mae,0.011250255687629263,True,True
primary,independent_stitch,1339,future,network_iot_named,coupling_corr_mae,0.2353075553189823,True,True
primary,independent_stitch,1339,future,network_iot_named,coupling_coactivation_mae,0.016839735026373426,True,True
primary,independent_stitch,1340,near,iot_values,marginal_ks_mean,0.20677392908382866,True,True
primary,independent_stitch,1340,near,iot_values,wasserstein_iqr_mean,0.8053848702840254,True,True
primary,independent_stitch,1340,near,iot_values,zero_rate_mae,0.0022750563640090205,True,True
primary,independent_stitch,1340,near,iot_values,acf_abs_error_mean,0.12623931865008342,True,True
primary,independent_stitch,1340,near,iot_values,spectral_l1_mean,1.1753383263970671,True,True
primary,independent_stitch,1340,near,iot_values,transition_rate_mae,0.0038129208818916994,True,True
primary,independent_stitch,1340,near,iot_values,coupling_corr_mae,0.06892700933679662,True,True
primary,independent_stitch,1340,near,iot_values,coupling_coactivation_mae,0.006542068046730876,True,True
primary,independent_stitch,1340,near,multimodal_balanced,marginal_ks_mean,0.27304369918699184,True,True
primary,independent_stitch,1340,near,multimodal_balanced,wasserstein_iqr_mean,197101.58826054516,True,True
primary,independent_stitch,1340,near,multimodal_balanced,zero_rate_mae,0.03658536585365854,True,True
primary,independent_stitch,1340,near,multimodal_balanced,acf_abs_error_mean,0.17482265271418243,True,True
primary,independent_stitch,1340,near,multimodal_balanced,spectral_l1_mean,1.1442498296789232,True,True
primary,independent_stitch,1340,near,multimodal_balanced,transition_rate_mae,0.020317854446186907,True,True
primary,independent_stitch,1340,near,multimodal_balanced,coupling_corr_mae,0.10759534619655894,True,True
primary,independent_stitch,1340,near,multimodal_balanced,coupling_coactivation_mae,0.06197148293671387,True,True
primary,independent_stitch,1340,near,network_general,marginal_ks_mean,0.36109175377468067,True,True
primary,independent_stitch,1340,near,network_general,wasserstein_iqr_mean,391037.08842414455,True,True
primary,independent_stitch,1340,near,network_general,zero_rate_mae,0.06332026713124275,True,True
primary,independent_stitch,1340,near,network_general,acf_abs_error_mean,0.1398561723877225,True,True
primary,independent_stitch,1340,near,network_general,spectral_l1_mean,1.0569435893035442,True,True
primary,independent_stitch,1340,near,network_general,transition_rate_mae,0.031981471801126794,True,True
primary,independent_stitch,1340,near,network_general,coupling_corr_mae,0.2957067126191619,True,True
primary,independent_stitch,1340,near,network_general,coupling_coactivation_mae,0.08891897692268848,True,True
primary,independent_stitch,1340,near,network_iot_named,marginal_ks_mean,0.21237691258900163,True,True
primary,independent_stitch,1340,near,network_iot_named,wasserstein_iqr_mean,6977.4781126367525,True,True
primary,independent_stitch,1340,near,network_iot_named,zero_rate_mae,0.024125132555673386,True,True
primary,independent_stitch,1340,near,network_iot_named,acf_abs_error_mean,0.18515123306945508,True,True
primary,independent_stitch,1340,near,network_iot_named,spectral_l1_mean,1.1220662773952756,True,True
primary,independent_stitch,1340,near,network_iot_named,transition_rate_mae,0.019038311476775985,True,True
primary,independent_stitch,1340,near,network_iot_named,coupling_corr_mae,0.2195424085895646,True,True
primary,independent_stitch,1340,near,network_iot_named,coupling_coactivation_mae,0.03335789343212462,True,True
primary,independent_stitch,1340,future,iot_values,marginal_ks_mean,0.25858209891711775,True,True
primary,independent_stitch,1340,future,iot_values,wasserstein_iqr_mean,11674.478612556995,True,True
primary,independent_stitch,1340,future,iot_values,zero_rate_mae,0.050619990711287005,True,True
primary,independent_stitch,1340,future,iot_values,acf_abs_error_mean,0.1404101378457208,True,True
primary,independent_stitch,1340,future,iot_values,spectral_l1_mean,1.2001201317062322,True,True
primary,independent_stitch,1340,future,iot_values,transition_rate_mae,0.06100673411026721,True,True
primary,independent_stitch,1340,future,iot_values,coupling_corr_mae,0.06692473238452726,True,True
primary,independent_stitch,1340,future,iot_values,coupling_coactivation_mae,0.09326962492313999,True,True
primary,independent_stitch,1340,future,multimodal_balanced,marginal_ks_mean,0.26040464398550595,True,True
primary,independent_stitch,1340,future,multimodal_balanced,wasserstein_iqr_mean,414440.0708831235,True,True
primary,independent_stitch,1340,future,multimodal_balanced,zero_rate_mae,0.026632039928780115,True,True
primary,independent_stitch,1340,future,multimodal_balanced,acf_abs_error_mean,0.2235900247386281,True,True
primary,independent_stitch,1340,future,multimodal_balanced,spectral_l1_mean,1.2521438566530536,True,True
primary,independent_stitch,1340,future,multimodal_balanced,transition_rate_mae,0.027981065226229885,True,True
primary,independent_stitch,1340,future,multimodal_balanced,coupling_corr_mae,0.12626917426586445,True,True
primary,independent_stitch,1340,future,multimodal_balanced,coupling_coactivation_mae,0.04563425136531001,True,True
primary,independent_stitch,1340,future,network_general,marginal_ks_mean,0.2965430742376949,True,True
primary,independent_stitch,1340,future,network_general,wasserstein_iqr_mean,821530.8010952757,True,True
primary,independent_stitch,1340,future,network_general,zero_rate_mae,0.031656786029377694,True,True
primary,independent_stitch,1340,future,network_general,acf_abs_error_mean,0.227013739986936,True,True
primary,independent_stitch,1340,future,network_general,spectral_l1_mean,1.2004371488538421,True,True
primary,independent_stitch,1340,future,network_general,transition_rate_mae,0.030137364233025498,True,True
primary,independent_stitch,1340,future,network_general,coupling_corr_mae,0.27679262361853657,True,True
primary,independent_stitch,1340,future,network_general,coupling_coactivation_mae,0.04486567691763876,True,True
primary,independent_stitch,1340,future,network_iot_named,marginal_ks_mean,0.1955250785293493,True,True
primary,independent_stitch,1340,future,network_iot_named,wasserstein_iqr_mean,8119.634443428934,True,True
primary,independent_stitch,1340,future,network_iot_named,zero_rate_mae,0.013784693619893285,True,True
primary,independent_stitch,1340,future,network_iot_named,acf_abs_error_mean,0.2072892985533475,True,True
primary,independent_stitch,1340,future,network_iot_named,spectral_l1_mean,1.17615763746182,True,True
primary,independent_stitch,1340,future,network_iot_named,transition_rate_mae,0.013068478829064293,True,True
primary,independent_stitch,1340,future,network_iot_named,coupling_corr_mae,0.23576435451066846,True,True
primary,independent_stitch,1340,future,network_iot_named,coupling_coactivation_mae,0.019275316412113868,True,True
primary,independent_stitch,1341,near,iot_values,marginal_ks_mean,0.2121541299446608,True,True
primary,independent_stitch,1341,near,iot_values,wasserstein_iqr_mean,0.8105761774893394,True,True
primary,independent_stitch,1341,near,iot_values,zero_rate_mae,0.002715720434515273,True,True
primary,independent_stitch,1341,near,iot_values,acf_abs_error_mean,0.1261785951224368,True,True
primary,independent_stitch,1341,near,iot_values,spectral_l1_mean,1.1837862319625891,True,True
primary,independent_stitch,1341,near,iot_values,transition_rate_mae,0.0026649447023974304,True,True
primary,independent_stitch,1341,near,iot_values,coupling_corr_mae,0.0698667472842661,True,True
primary,independent_stitch,1341,near,iot_values,coupling_coactivation_mae,0.007443892191022748,True,True
primary,independent_stitch,1341,near,multimodal_balanced,marginal_ks_mean,0.27366434378629506,True,True
primary,independent_stitch,1341,near,multimodal_balanced,wasserstein_iqr_mean,89251.00646345684,True,True
primary,independent_stitch,1341,near,multimodal_balanced,zero_rate_mae,0.03602642276422765,True,True
primary,independent_stitch,1341,near,multimodal_balanced,acf_abs_error_mean,0.179236941589397,True,True
primary,independent_stitch,1341,near,multimodal_balanced,spectral_l1_mean,1.1680234263616749,True,True
primary,independent_stitch,1341,near,multimodal_balanced,transition_rate_mae,0.019174362548643784,True,True
primary,independent_stitch,1341,near,multimodal_balanced,coupling_corr_mae,0.10644775698994037,True,True
primary,independent_stitch,1341,near,multimodal_balanced,coupling_coactivation_mae,0.061017464847900764,True,True
primary,independent_stitch,1341,near,network_general,marginal_ks_mean,0.35385452961672476,True,True
primary,independent_stitch,1341,near,network_general,wasserstein_iqr_mean,179662.26108402957,True,True
primary,independent_stitch,1341,near,network_general,zero_rate_mae,0.06448170731707316,True,True
primary,independent_stitch,1341,near,network_general,acf_abs_error_mean,0.1636570621865985,True,True
primary,independent_stitch,1341,near,network_general,spectral_l1_mean,1.115061490839986,True,True
primary,independent_stitch,1341,near,network_general,transition_rate_mae,0.03340448394029157,True,True
primary,independent_stitch,1341,near,network_general,coupling_corr_mae,0.29440743948095227,True,True
primary,independent_stitch,1341,near,network_general,coupling_coactivation_mae,0.09079053678735545,True,True
primary,independent_stitch,1341,near,network_iot_named,marginal_ks_mean,0.2168913800939252,True,True
primary,independent_stitch,1341,near,network_iot_named,wasserstein_iqr_mean,6318.510289884231,True,True
primary,independent_stitch,1341,near,network_iot_named,zero_rate_mae,0.022307226177851844,True,True
primary,independent_stitch,1341,near,network_iot_named,acf_abs_error_mean,0.17697872503603077,True,True
primary,independent_stitch,1341,near,network_iot_named,spectral_l1_mean,1.1424087496463324,True,True
primary,independent_stitch,1341,near,network_iot_named,transition_rate_mae,0.017242816124608887,True,True
primary,independent_stitch,1341,near,network_iot_named,coupling_corr_mae,0.2280367600773353,True,True
primary,independent_stitch,1341,near,network_iot_named,coupling_coactivation_mae,0.030932641059894513,True,True
primary,independent_stitch,1341,future,iot_values,marginal_ks_mean,0.25503753453323075,True,True
primary,independent_stitch,1341,future,iot_values,wasserstein_iqr_mean,11398.293397159296,True,True
primary,independent_stitch,1341,future,iot_values,zero_rate_mae,0.048990558450577835,True,True
primary,independent_stitch,1341,future,iot_values,acf_abs_error_mean,0.13985762339949762,True,True
primary,independent_stitch,1341,future,iot_values,spectral_l1_mean,1.1983313537306342,True,True
primary,independent_stitch,1341,future,iot_values,transition_rate_mae,0.05905927452005372,True,True
primary,independent_stitch,1341,future,iot_values,coupling_corr_mae,0.06429547003699297,True,True
primary,independent_stitch,1341,future,iot_values,coupling_coactivation_mae,0.09029514244722281,True,True
primary,independent_stitch,1341,future,multimodal_balanced,marginal_ks_mean,0.2609588335102502,True,True
primary,independent_stitch,1341,future,multimodal_balanced,wasserstein_iqr_mean,270538.1534578881,True,True
primary,independent_stitch,1341,future,multimodal_balanced,zero_rate_mae,0.02548756691532128,True,True
primary,independent_stitch,1341,future,multimodal_balanced,acf_abs_error_mean,0.2022854679898808,True,True
primary,independent_stitch,1341,future,multimodal_balanced,spectral_l1_mean,1.234129095165986,True,True
primary,independent_stitch,1341,future,multimodal_balanced,transition_rate_mae,0.026946477318928963,True,True
primary,independent_stitch,1341,future,multimodal_balanced,coupling_corr_mae,0.12304965882957752,True,True
primary,independent_stitch,1341,future,multimodal_balanced,coupling_coactivation_mae,0.0436333926409173,True,True
primary,independent_stitch,1341,future,network_general,marginal_ks_mean,0.29258086585456894,True,True
primary,independent_stitch,1341,future,network_general,wasserstein_iqr_mean,538772.4425093312,True,True
primary,independent_stitch,1341,future,network_general,zero_rate_mae,0.03296340623843693,True,True
primary,independent_stitch,1341,future,network_general,acf_abs_error_mean,0.19293435279251372,True,True
primary,independent_stitch,1341,future,network_general,spectral_l1_mean,1.1795443382224533,True,True
primary,independent_stitch,1341,future,network_general,transition_rate_mae,0.03225736190974037,True,True
primary,independent_stitch,1341,future,network_general,coupling_corr_mae,0.2752621839186896,True,True
primary,independent_stitch,1341,future,network_general,coupling_coactivation_mae,0.04679404635661265,True,True
primary,independent_stitch,1341,future,network_iot_named,marginal_ks_mean,0.20115657472049875,True,True
primary,independent_stitch,1341,future,network_iot_named,wasserstein_iqr_mean,6037.387690208756,True,True
primary,independent_stitch,1341,future,network_iot_named,zero_rate_mae,0.011926450894032225,True,True
primary,independent_stitch,1341,future,network_iot_named,acf_abs_error_mean,0.19983733056747324,True,True
primary,independent_stitch,1341,future,network_iot_named,spectral_l1_mean,1.1884600368325258,True,True
primary,independent_stitch,1341,future,network_iot_named,transition_rate_mae,0.010909338848610192,True,True
primary,independent_stitch,1341,future,network_iot_named,coupling_corr_mae,0.23506197465840037,True,True
primary,independent_stitch,1341,future,network_iot_named,coupling_coactivation_mae,0.016695817438129208,True,True
primary,shared_stitch,1337,near,iot_values,marginal_ks_mean,0.2066919450707112,True,True
primary,shared_stitch,1337,near,iot_values,wasserstein_iqr_mean,0.7959647581053034,True,True
primary,shared_stitch,1337,near,iot_values,zero_rate_mae,0.0029104324656691965,True,True
primary,shared_stitch,1337,near,iot_values,acf_abs_error_mean,0.12763943652036785,True,True
primary,shared_stitch,1337,near,iot_values,spectral_l1_mean,1.1874135492893951,True,True
primary,shared_stitch,1337,near,iot_values,transition_rate_mae,0.002439449381425333,True,True
primary,shared_stitch,1337,near,iot_values,coupling_corr_mae,0.04847493101243678,True,True
primary,shared_stitch,1337,near,iot_values,coupling_coactivation_mae,0.004512963722074202,True,True
primary,shared_stitch,1337,near,multimodal_balanced,marginal_ks_mean,0.26191565040650405,True,True
primary,shared_stitch,1337,near,multimodal_balanced,wasserstein_iqr_mean,102262.73206370453,True,True
primary,shared_stitch,1337,near,multimodal_balanced,zero_rate_mae,0.030956010452961674,True,True
primary,shared_stitch,1337,near,multimodal_balanced,acf_abs_error_mean,0.15122751202187604,True,True
primary,shared_stitch,1337,near,multimodal_balanced,spectral_l1_mean,1.0845763636473442,True,True
primary,shared_stitch,1337,near,multimodal_balanced,transition_rate_mae,0.015435325550328163,True,True
primary,shared_stitch,1337,near,multimodal_balanced,coupling_corr_mae,0.07206619629773928,True,True
primary,shared_stitch,1337,near,multimodal_balanced,coupling_coactivation_mae,0.05213090295796575,True,True
primary,shared_stitch,1337,near,network_general,marginal_ks_mean,0.3432418699186992,True,True
primary,shared_stitch,1337,near,network_general,wasserstein_iqr_mean,198586.34448136273,True,True
primary,shared_stitch,1337,near,network_general,zero_rate_mae,0.055887049941927995,True,True
primary,shared_stitch,1337,near,network_general,acf_abs_error_mean,0.11935734789122913,True,True
primary,shared_stitch,1337,near,network_general,spectral_l1_mean,0.9752867598301479,True,True
primary,shared_stitch,1337,near,network_general,transition_rate_mae,0.026274902712435388,True,True
primary,shared_stitch,1337,near,network_general,coupling_corr_mae,0.11580020897162344,True,True
primary,shared_stitch,1337,near,network_general,coupling_coactivation_mae,0.07841109932838458,True,True
primary,shared_stitch,1337,near,network_iot_named,marginal_ks_mean,0.2018860778669899,True,True
primary,shared_stitch,1337,near,network_iot_named,wasserstein_iqr_mean,10984.513186823631,True,True
primary,shared_stitch,1337,near,network_iot_named,zero_rate_mae,0.01875473413119225,True,True
primary,shared_stitch,1337,near,network_iot_named,acf_abs_error_mean,0.16611946152382748,True,True
primary,shared_stitch,1337,near,network_iot_named,spectral_l1_mean,1.0911688322848518,True,True
primary,shared_stitch,1337,near,network_iot_named,transition_rate_mae,0.013613945771494804,True,True
primary,shared_stitch,1337,near,network_iot_named,coupling_corr_mae,0.09927824874855451,True,True
primary,shared_stitch,1337,near,network_iot_named,coupling_coactivation_mae,0.025577391855228542,True,True
primary,shared_stitch,1337,future,iot_values,marginal_ks_mean,0.2504159428416771,True,True
primary,shared_stitch,1337,future,iot_values,wasserstein_iqr_mean,11288.118655296412,True,True
primary,shared_stitch,1337,future,iot_values,zero_rate_mae,0.048549565929923245,True,True
primary,shared_stitch,1337,future,iot_values,acf_abs_error_mean,0.1408526153156719,True,True
primary,shared_stitch,1337,future,iot_values,spectral_l1_mean,1.2114968650385265,True,True
primary,shared_stitch,1337,future,iot_values,transition_rate_mae,0.059715260908336155,True,True
primary,shared_stitch,1337,future,iot_values,coupling_corr_mae,0.049315961080205535,True,True
primary,shared_stitch,1337,future,iot_values,coupling_coactivation_mae,0.08989034638245544,True,True
primary,shared_stitch,1337,future,multimodal_balanced,marginal_ks_mean,0.2530426967595192,True,True
primary,shared_stitch,1337,future,multimodal_balanced,wasserstein_iqr_mean,166183.98718937227,True,True
primary,shared_stitch,1337,future,multimodal_balanced,zero_rate_mae,0.022691625618728384,True,True
primary,shared_stitch,1337,future,multimodal_balanced,acf_abs_error_mean,0.22242363567625817,True,True
primary,shared_stitch,1337,future,multimodal_balanced,spectral_l1_mean,1.2336608128901692,True,True
primary,shared_stitch,1337,future,multimodal_balanced,transition_rate_mae,0.02350511122727536,True,True
primary,shared_stitch,1337,future,multimodal_balanced,coupling_corr_mae,0.09977958265354393,True,True
primary,shared_stitch,1337,future,multimodal_balanced,coupling_coactivation_mae,0.03836922677737417,True,True
primary,shared_stitch,1337,future,network_general,marginal_ks_mean,0.2829346155301203,True,True
primary,shared_stitch,1337,future,network_general,wasserstein_iqr_mean,323086.58190544014,True,True
primary,shared_stitch,1337,future,network_general,zero_rate_mae,0.02823557743565094,True,True
primary,shared_stitch,1337,future,network_general,acf_abs_error_mean,0.24939602041381762,True,True
primary,shared_stitch,1337,future,network_general,spectral_l1_mean,1.2094356318121136,True,True
primary,shared_stitch,1337,future,network_general,transition_rate_mae,0.02538915025846547,True,True
primary,shared_stitch,1337,future,network_general,coupling_corr_mae,0.18681925773539176,True,True
primary,shared_stitch,1337,future,network_general,coupling_coactivation_mae,0.0398683280311064,True,True
primary,shared_stitch,1337,future,network_iot_named,marginal_ks_mean,0.19166329936708137,True,True
primary,shared_stitch,1337,future,network_iot_named,wasserstein_iqr_mean,11702.933178030451,True,True
primary,shared_stitch,1337,future,network_iot_named,zero_rate_mae,0.008480003386078891,True,True
primary,shared_stitch,1337,future,network_iot_named,acf_abs_error_mean,0.1929079282650218,True,True
primary,shared_stitch,1337,future,network_iot_named,spectral_l1_mean,1.1478178174447364,True,True
primary,shared_stitch,1337,future,network_iot_named,transition_rate_mae,0.007219861057448271,True,True
primary,shared_stitch,1337,future,network_iot_named,coupling_corr_mae,0.13696617078136852,True,True
primary,shared_stitch,1337,future,network_iot_named,coupling_coactivation_mae,0.011647684235170982,True,True
primary,shared_stitch,1338,near,iot_values,marginal_ks_mean,0.20849559335929496,True,True
primary,shared_stitch,1338,near,iot_values,wasserstein_iqr_mean,0.7681154938525376,True,True
primary,shared_stitch,1338,near,iot_values,zero_rate_mae,0.002018856323017017,True,True
primary,shared_stitch,1338,near,iot_values,acf_abs_error_mean,0.13292689753474984,True,True
primary,shared_stitch,1338,near,iot_values,spectral_l1_mean,1.177588930131283,True,True
primary,shared_stitch,1338,near,iot_values,transition_rate_mae,0.001967959164847329,True,True
primary,shared_stitch,1338,near,iot_values,coupling_corr_mae,0.050857018688227146,True,True
primary,shared_stitch,1338,near,iot_values,coupling_coactivation_mae,0.0026362984218077567,True,True
primary,shared_stitch,1338,near,multimodal_balanced,marginal_ks_mean,0.26602424506387923,True,True
primary,shared_stitch,1338,near,multimodal_balanced,wasserstein_iqr_mean,227770.77873303296,True,True
primary,shared_stitch,1338,near,multimodal_balanced,zero_rate_mae,0.03308289779326365,True,True
primary,shared_stitch,1338,near,multimodal_balanced,acf_abs_error_mean,0.17659953344277532,True,True
primary,shared_stitch,1338,near,multimodal_balanced,spectral_l1_mean,1.1663517155301781,True,True
primary,shared_stitch,1338,near,multimodal_balanced,transition_rate_mae,0.019511964918394614,True,True
primary,shared_stitch,1338,near,multimodal_balanced,coupling_corr_mae,0.08182433924799185,True,True
primary,shared_stitch,1338,near,multimodal_balanced,coupling_coactivation_mae,0.05568009118541034,True,True
primary,shared_stitch,1338,near,network_general,marginal_ks_mean,0.3412674216027874,True,True
primary,shared_stitch,1338,near,network_general,wasserstein_iqr_mean,453522.39287383435,True,True
primary,shared_stitch,1338,near,network_general,zero_rate_mae,0.057854239256678285,True,True
primary,shared_stitch,1338,near,network_general,acf_abs_error_mean,0.18602432321991325,True,True
primary,shared_stitch,1338,near,network_general,spectral_l1_mean,1.1436205798007208,True,True
primary,shared_stitch,1338,near,network_general,transition_rate_mae,0.03179270488470697,True,True
primary,shared_stitch,1338,near,network_general,coupling_corr_mae,0.1415413965997862,True,True
primary,shared_stitch,1338,near,network_general,coupling_coactivation_mae,0.08099214765439582,True,True
primary,shared_stitch,1338,near,network_iot_named,marginal_ks_mean,0.2080821087713983,True,True
primary,shared_stitch,1338,near,network_iot_named,wasserstein_iqr_mean,7212.2652096588145,True,True
primary,shared_stitch,1338,near,network_iot_named,zero_rate_mae,0.021769428874412973,True,True
primary,shared_stitch,1338,near,network_iot_named,acf_abs_error_mean,0.15245926621904118,True,True
primary,shared_stitch,1338,near,network_iot_named,spectral_l1_mean,1.0934145192347469,True,True
primary,shared_stitch,1338,near,network_iot_named,transition_rate_mae,0.018235262922642187,True,True
primary,shared_stitch,1338,near,network_iot_named,coupling_corr_mae,0.10346661329880472,True,True
primary,shared_stitch,1338,near,network_iot_named,coupling_coactivation_mae,0.029759265125118783,True,True
primary,shared_stitch,1338,future,iot_values,marginal_ks_mean,0.2551963937316146,True,True
primary,shared_stitch,1338,future,iot_values,wasserstein_iqr_mean,11675.47281772038,True,True
primary,shared_stitch,1338,future,iot_values,zero_rate_mae,0.050199822644060116,True,True
primary,shared_stitch,1338,future,iot_values,acf_abs_error_mean,0.14762012507326575,True,True
primary,shared_stitch,1338,future,iot_values,spectral_l1_mean,1.1994352634334828,True,True
primary,shared_stitch,1338,future,iot_values,transition_rate_mae,0.059038774945419877,True,True
primary,shared_stitch,1338,future,iot_values,coupling_corr_mae,0.054351765434074495,True,True
primary,shared_stitch,1338,future,iot_values,coupling_coactivation_mae,0.09295321787251487,True,True
primary,shared_stitch,1338,future,multimodal_balanced,marginal_ks_mean,0.2615858197783088,True,True
primary,shared_stitch,1338,future,multimodal_balanced,wasserstein_iqr_mean,11301.182530194419,True,True
primary,shared_stitch,1338,future,multimodal_balanced,zero_rate_mae,0.025384831375716902,True,True
primary,shared_stitch,1338,future,multimodal_balanced,acf_abs_error_mean,0.18620001590579002,True,True
primary,shared_stitch,1338,future,multimodal_balanced,spectral_l1_mean,1.2051412363903389,True,True
primary,shared_stitch,1338,future,multimodal_balanced,transition_rate_mae,0.027785038043793925,True,True
primary,shared_stitch,1338,future,multimodal_balanced,coupling_corr_mae,0.1086259671255311,True,True
primary,shared_stitch,1338,future,multimodal_balanced,coupling_coactivation_mae,0.04275675241554849,True,True
primary,shared_stitch,1338,future,network_general,marginal_ks_mean,0.2876925550895094,True,True
primary,shared_stitch,1338,future,network_general,wasserstein_iqr_mean,16464.611003152993,True,True
primary,shared_stitch,1338,future,network_general,zero_rate_mae,0.030522162801504594,True,True
primary,shared_stitch,1338,future,network_general,acf_abs_error_mean,0.16697701876409665,True,True
primary,shared_stitch,1338,future,network_general,spectral_l1_mean,1.1358970954993362,True,True
primary,shared_stitch,1338,future,network_general,transition_rate_mae,0.031110239879189167,True,True
primary,shared_stitch,1338,future,network_general,coupling_corr_mae,0.153681381242989,True,True
primary,shared_stitch,1338,future,network_general,coupling_coactivation_mae,0.0426892390041913,True,True
primary,shared_stitch,1338,future,network_iot_named,marginal_ks_mean,0.20068115283214286,True,True
primary,shared_stitch,1338,future,network_iot_named,wasserstein_iqr_mean,7900.794687720993,True,True
primary,shared_stitch,1338,future,network_iot_named,zero_rate_mae,0.011676488767081772,True,True
primary,shared_stitch,1338,future,network_iot_named,acf_abs_error_mean,0.1921343012945277,True,True
primary,shared_stitch,1338,future,network_iot_named,spectral_l1_mean,1.1564852706754791,True,True
primary,shared_stitch,1338,future,network_iot_named,transition_rate_mae,0.012144215398834823,True,True
primary,shared_stitch,1338,future,network_iot_named,coupling_corr_mae,0.15702575643143027,True,True
primary,shared_stitch,1338,future,network_iot_named,coupling_coactivation_mae,0.016036137775268213,True,True
primary,shared_stitch,1339,near,iot_values,marginal_ks_mean,0.20740930518548886,True,True
primary,shared_stitch,1339,near,iot_values,wasserstein_iqr_mean,0.7845298834121761,True,True
primary,shared_stitch,1339,near,iot_values,zero_rate_mae,0.001660176265628204,True,True
primary,shared_stitch,1339,near,iot_values,acf_abs_error_mean,0.12579404723674759,True,True
primary,shared_stitch,1339,near,iot_values,spectral_l1_mean,1.1804871886923056,True,True
primary,shared_stitch,1339,near,iot_values,transition_rate_mae,0.0017937127804598006,True,True
primary,shared_stitch,1339,near,iot_values,coupling_corr_mae,0.044661745520812916,True,True
primary,shared_stitch,1339,near,iot_values,coupling_coactivation_mae,0.0023890653822504376,True,True
primary,shared_stitch,1339,near,multimodal_balanced,marginal_ks_mean,0.26630008710801395,True,True
primary,shared_stitch,1339,near,multimodal_balanced,wasserstein_iqr_mean,136198.54161830703,True,True
primary,shared_stitch,1339,near,multimodal_balanced,zero_rate_mae,0.034458478513356566,True,True
primary,shared_stitch,1339,near,multimodal_balanced,acf_abs_error_mean,0.18341759899741159,True,True
primary,shared_stitch,1339,near,multimodal_balanced,spectral_l1_mean,1.1518479621521538,True,True
primary,shared_stitch,1339,near,multimodal_balanced,transition_rate_mae,0.018063541848173315,True,True
primary,shared_stitch,1339,near,multimodal_balanced,coupling_corr_mae,0.0810868302067114,True,True
primary,shared_stitch,1339,near,multimodal_balanced,coupling_coactivation_mae,0.05827510687720859,True,True
primary,shared_stitch,1339,near,network_general,marginal_ks_mean,0.34778600464576076,True,True
primary,shared_stitch,1339,near,network_general,wasserstein_iqr_mean,267053.3416123166,True,True
primary,shared_stitch,1339,near,network_general,zero_rate_mae,0.06125145180023229,True,True
primary,shared_stitch,1339,near,network_general,acf_abs_error_mean,0.14698879302373966,True,True
primary,shared_stitch,1339,near,network_general,spectral_l1_mean,1.042866236655546,True,True
primary,shared_stitch,1339,near,network_general,transition_rate_mae,0.03070366498228495,True,True
primary,shared_stitch,1339,near,network_general,coupling_corr_mae,0.16258557564461393,True,True
primary,shared_stitch,1339,near,network_general,coupling_coactivation_mae,0.08612015856183407,True,True
primary,shared_stitch,1339,near,network_iot_named,marginal_ks_mean,0.2064156945917285,True,True
primary,shared_stitch,1339,near,network_iot_named,wasserstein_iqr_mean,10423.860088896636,True,True
primary,shared_stitch,1339,near,network_iot_named,zero_rate_mae,0.02198909256173307,True,True
primary,shared_stitch,1339,near,network_iot_named,acf_abs_error_mean,0.20395781403611976,True,True
primary,shared_stitch,1339,near,network_iot_named,spectral_l1_mean,1.1632690354593966,True,True
primary,shared_stitch,1339,near,network_iot_named,transition_rate_mae,0.01704584195095343,True,True
primary,shared_stitch,1339,near,network_iot_named,coupling_corr_mae,0.11142405460095114,True,True
primary,shared_stitch,1339,near,network_iot_named,coupling_coactivation_mae,0.03000922725206924,True,True
primary,shared_stitch,1339,future,iot_values,marginal_ks_mean,0.25439403464556426,True,True
primary,shared_stitch,1339,future,iot_values,wasserstein_iqr_mean,11525.864066294494,True,True
primary,shared_stitch,1339,future,iot_values,zero_rate_mae,0.049041470008627894,True,True
primary,shared_stitch,1339,future,iot_values,acf_abs_error_mean,0.139707292285505,True,True
primary,shared_stitch,1339,future,iot_values,spectral_l1_mean,1.2032889553435304,True,True
primary,shared_stitch,1339,future,iot_values,transition_rate_mae,0.058618533665426444,True,True
primary,shared_stitch,1339,future,iot_values,coupling_corr_mae,0.046286141590173434,True,True
primary,shared_stitch,1339,future,iot_values,coupling_coactivation_mae,0.09138911662225867,True,True
primary,shared_stitch,1339,future,multimodal_balanced,marginal_ks_mean,0.2577186580328428,True,True
primary,shared_stitch,1339,future,multimodal_balanced,wasserstein_iqr_mean,117387.11341500405,True,True
primary,shared_stitch,1339,future,multimodal_balanced,zero_rate_mae,0.024732514468437296,True,True
primary,shared_stitch,1339,future,multimodal_balanced,acf_abs_error_mean,0.22682651079003266,True,True
primary,shared_stitch,1339,future,multimodal_balanced,spectral_l1_mean,1.2576236166338297,True,True
primary,shared_stitch,1339,future,multimodal_balanced,transition_rate_mae,0.025915519544636112,True,True
primary,shared_stitch,1339,future,multimodal_balanced,coupling_corr_mae,0.09401828517559391,True,True
primary,shared_stitch,1339,future,multimodal_balanced,coupling_coactivation_mae,0.04213649393332839,True,True
primary,shared_stitch,1339,future,network_general,marginal_ks_mean,0.28468695434210917,True,True
primary,shared_stitch,1339,future,network_general,wasserstein_iqr_mean,225191.39918825412,True,True
primary,shared_stitch,1339,future,network_general,zero_rate_mae,0.02974766872391893,True,True
primary,shared_stitch,1339,future,network_general,acf_abs_error_mean,0.22004124285377483,True,True
primary,shared_stitch,1339,future,network_general,spectral_l1_mean,1.186192510276172,True,True
primary,shared_stitch,1339,future,network_general,transition_rate_mae,0.02903380379857118,True,True
primary,shared_stitch,1339,future,network_general,coupling_corr_mae,0.17752294905076896,True,True
primary,shared_stitch,1339,future,network_general,coupling_coactivation_mae,0.04249482401656316,True,True
primary,shared_stitch,1339,future,network_iot_named,marginal_ks_mean,0.19870589617082035,True,True
primary,shared_stitch,1339,future,network_iot_named,wasserstein_iqr_mean,11808.51787473923,True,True
primary,shared_stitch,1339,future,network_iot_named,zero_rate_mae,0.012108241531814388,True,True
primary,shared_stitch,1339,future,network_iot_named,acf_abs_error_mean,0.22970583751397156,True,True
primary,shared_stitch,1339,future,network_iot_named,spectral_l1_mean,1.2181253114607502,True,True
primary,shared_stitch,1339,future,network_iot_named,transition_rate_mae,0.01146995765055266,True,True
primary,shared_stitch,1339,future,network_iot_named,coupling_corr_mae,0.12258116543841638,True,True
primary,shared_stitch,1339,future,network_iot_named,coupling_coactivation_mae,0.016586329894919493,True,True
primary,shared_stitch,1340,near,iot_values,marginal_ks_mean,0.21560770649723301,True,True
primary,shared_stitch,1340,near,iot_values,wasserstein_iqr_mean,0.8065230170630273,True,True
primary,shared_stitch,1340,near,iot_values,zero_rate_mae,0.004744824759171964,True,True
primary,shared_stitch,1340,near,iot_values,acf_abs_error_mean,0.1462121703706546,True,True
primary,shared_stitch,1340,near,iot_values,spectral_l1_mean,1.1924437019343823,True,True
primary,shared_stitch,1340,near,iot_values,transition_rate_mae,0.0036489242848210934,True,True
primary,shared_stitch,1340,near,iot_values,coupling_corr_mae,0.05037007560962647,True,True
primary,shared_stitch,1340,near,iot_values,coupling_coactivation_mae,0.006960955113752815,True,True
primary,shared_stitch,1340,near,multimodal_balanced,marginal_ks_mean,0.2784661730545877,True,True
primary,shared_stitch,1340,near,multimodal_balanced,wasserstein_iqr_mean,219749.7609406484,True,True
primary,shared_stitch,1340,near,multimodal_balanced,zero_rate_mae,0.036454703832752615,True,True
primary,shared_stitch,1340,near,multimodal_balanced,acf_abs_error_mean,0.1881425120685952,True,True
primary,shared_stitch,1340,near,multimodal_balanced,spectral_l1_mean,1.1551551022807922,True,True
primary,shared_stitch,1340,near,multimodal_balanced,transition_rate_mae,0.019442992391241216,True,True
primary,shared_stitch,1340,near,multimodal_balanced,coupling_corr_mae,0.08435351427576389,True,True
primary,shared_stitch,1340,near,multimodal_balanced,coupling_coactivation_mae,0.06099445226975068,True,True
primary,shared_stitch,1340,near,network_general,marginal_ks_mean,0.36287746806039484,True,True
primary,shared_stitch,1340,near,network_general,wasserstein_iqr_mean,433153.89222555445,True,True
primary,shared_stitch,1340,near,network_general,zero_rate_mae,0.06273954703832753,True,True
primary,shared_stitch,1340,near,network_general,acf_abs_error_mean,0.1614579362601635,True,True
primary,shared_stitch,1340,near,network_general,spectral_l1_mean,1.0978909671300219,True,True
primary,shared_stitch,1340,near,network_general,transition_rate_mae,0.030188186095138528,True,True
primary,shared_stitch,1340,near,network_general,coupling_corr_mae,0.14826699705329327,True,True
primary,shared_stitch,1340,near,network_general,coupling_coactivation_mae,0.08729990405494119,True,True
primary,shared_stitch,1340,near,network_iot_named,marginal_ks_mean,0.21727011058930468,True,True
primary,shared_stitch,1340,near,network_iot_named,wasserstein_iqr_mean,10196.812215331398,True,True
primary,shared_stitch,1340,near,network_iot_named,zero_rate_mae,0.02354188759278897,True,True
primary,shared_stitch,1340,near,network_iot_named,acf_abs_error_mean,0.17132281426621096,True,True
primary,shared_stitch,1340,near,network_iot_named,spectral_l1_mean,1.0897553907681212,True,True
primary,shared_stitch,1340,near,network_iot_named,transition_rate_mae,0.01872769835678083,True,True
primary,shared_stitch,1340,near,network_iot_named,coupling_corr_mae,0.10174637770777281,True,True
primary,shared_stitch,1340,near,network_iot_named,coupling_coactivation_mae,0.03210945999917369,True,True
primary,shared_stitch,1340,future,iot_values,marginal_ks_mean,0.2540278573565282,True,True
primary,shared_stitch,1340,future,iot_values,wasserstein_iqr_mean,11402.901834112876,True,True
primary,shared_stitch,1340,future,iot_values,zero_rate_mae,0.050158994862575565,True,True
primary,shared_stitch,1340,future,iot_values,acf_abs_error_mean,0.16250639030430744,True,True
primary,shared_stitch,1340,future,iot_values,spectral_l1_mean,1.2080508776522678,True,True
primary,shared_stitch,1340,future,iot_values,transition_rate_mae,0.06051474431905538,True,True
primary,shared_stitch,1340,future,iot_values,coupling_corr_mae,0.053436443387453465,True,True
primary,shared_stitch,1340,future,iot_values,coupling_coactivation_mae,0.09202833572453371,True,True
primary,shared_stitch,1340,future,multimodal_balanced,marginal_ks_mean,0.26216883351834247,True,True
primary,shared_stitch,1340,future,multimodal_balanced,wasserstein_iqr_mean,20675.483425938,True,True
primary,shared_stitch,1340,future,multimodal_balanced,zero_rate_mae,0.026801504288589056,True,True
primary,shared_stitch,1340,future,multimodal_balanced,acf_abs_error_mean,0.20283711646737032,True,True
primary,shared_stitch,1340,future,multimodal_balanced,spectral_l1_mean,1.2007261155766085,True,True
primary,shared_stitch,1340,future,multimodal_balanced,transition_rate_mae,0.028115380147528606,True,True
primary,shared_stitch,1340,future,multimodal_balanced,coupling_corr_mae,0.0981871456260726,True,True
primary,shared_stitch,1340,future,multimodal_balanced,coupling_coactivation_mae,0.04502233301208393,True,True
primary,shared_stitch,1340,future,network_general,marginal_ks_mean,0.2973281957155178,True,True
primary,shared_stitch,1340,future,network_general,wasserstein_iqr_mean,30316.11109189603,True,True
primary,shared_stitch,1340,future,network_general,zero_rate_mae,0.03217943411300139,True,True
primary,shared_stitch,1340,future,network_general,acf_abs_error_mean,0.17260122774421707,True,True
primary,shared_stitch,1340,future,network_general,spectral_l1_mean,1.1220203159101048,True,True
primary,shared_stitch,1340,future,network_general,transition_rate_mae,0.03020270662717082,True,True
primary,shared_stitch,1340,future,network_general,coupling_corr_mae,0.1523007654646652,True,True
primary,shared_stitch,1340,future,network_general,coupling_coactivation_mae,0.04485873352522345,True,True
primary,shared_stitch,1340,future,network_iot_named,marginal_ks_mean,0.2001557445875844,True,True
primary,shared_stitch,1340,future,network_iot_named,wasserstein_iqr_mean,12248.122216016605,True,True
primary,shared_stitch,1340,future,network_iot_named,zero_rate_mae,0.013676185782685455,True,True
primary,shared_stitch,1340,future,network_iot_named,acf_abs_error_mean,0.19490532820668272,True,True
primary,shared_stitch,1340,future,network_iot_named,spectral_l1_mean,1.1389292920744571,True,True
primary,shared_stitch,1340,future,network_iot_named,transition_rate_mae,0.01342454752759532,True,True
primary,shared_stitch,1340,future,network_iot_named,coupling_corr_mae,0.1379423244345257,True,True
primary,shared_stitch,1340,future,network_iot_named,coupling_coactivation_mae,0.018776080759113634,True,True
primary,shared_stitch,1341,near,iot_values,marginal_ks_mean,0.21274851403976222,True,True
primary,shared_stitch,1341,near,iot_values,wasserstein_iqr_mean,0.7495323015006284,True,True
primary,shared_stitch,1341,near,iot_values,zero_rate_mae,0.004755072760811643,True,True
primary,shared_stitch,1341,near,iot_values,acf_abs_error_mean,0.1364509887034905,True,True
primary,shared_stitch,1341,near,iot_values,spectral_l1_mean,1.1933708454361007,True,True
primary,shared_stitch,1341,near,iot_values,transition_rate_mae,0.003915418755060838,True,True
primary,shared_stitch,1341,near,iot_values,coupling_corr_mae,0.04812301370380359,True,True
primary,shared_stitch,1341,near,iot_values,coupling_coactivation_mae,0.006930211108833786,True,True
primary,shared_stitch,1341,near,multimodal_balanced,marginal_ks_mean,0.2631206445993031,True,True
primary,shared_stitch,1341,near,multimodal_balanced,wasserstein_iqr_mean,150513.29924069555,True,True
primary,shared_stitch,1341,near,multimodal_balanced,zero_rate_mae,0.034240708478513356,True,True
primary,shared_stitch,1341,near,multimodal_balanced,acf_abs_error_mean,0.18571990728282364,True,True
primary,shared_stitch,1341,near,multimodal_balanced,spectral_l1_mean,1.1727565816117542,True,True
primary,shared_stitch,1341,near,multimodal_balanced,transition_rate_mae,0.01857539060231167,True,True
primary,shared_stitch,1341,near,multimodal_balanced,coupling_corr_mae,0.08509833565914043,True,True
primary,shared_stitch,1341,near,multimodal_balanced,coupling_coactivation_mae,0.05747569006845085,True,True
primary,shared_stitch,1341,near,network_general,marginal_ks_mean,0.33257839721254356,True,True
primary,shared_stitch,1341,near,network_general,wasserstein_iqr_mean,297490.3870132492,True,True
primary,shared_stitch,1341,near,network_general,zero_rate_mae,0.05765098722415796,True,True
primary,shared_stitch,1341,near,network_general,acf_abs_error_mean,0.14484351777620483,True,True
primary,shared_stitch,1341,near,network_general,spectral_l1_mean,1.0813672162144847,True,True
primary,shared_stitch,1341,near,network_general,transition_rate_mae,0.02925161177905558,True,True
primary,shared_stitch,1341,near,network_general,coupling_corr_mae,0.16595046401729271,True,True
primary,shared_stitch,1341,near,network_general,coupling_coactivation_mae,0.08111775993536333,True,True
primary,shared_stitch,1341,near,network_iot_named,marginal_ks_mean,0.2042720799878806,True,True
primary,shared_stitch,1341,near,network_iot_named,wasserstein_iqr_mean,8105.993977339812,True,True
primary,shared_stitch,1341,near,network_iot_named,zero_rate_mae,0.02305711255870323,True,True
primary,shared_stitch,1341,near,network_iot_named,acf_abs_error_mean,0.2017977385348857,True,True
primary,shared_stitch,1341,near,network_iot_named,spectral_l1_mean,1.1708699690793059,True,True
primary,shared_stitch,1341,near,network_iot_named,transition_rate_mae,0.01762161261240786,True,True
primary,shared_stitch,1341,near,network_iot_named,coupling_corr_mae,0.12150119072411004,True,True
primary,shared_stitch,1341,near,network_iot_named,coupling_coactivation_mae,0.03141259588767543,True,True
primary,shared_stitch,1341,future,iot_values,marginal_ks_mean,0.24728002042388705,True,True
primary,shared_stitch,1341,future,iot_values,wasserstein_iqr_mean,11276.793304086666,True,True
primary,shared_stitch,1341,future,iot_values,zero_rate_mae,0.049328706803584206,True,True
primary,shared_stitch,1341,future,iot_values,acf_abs_error_mean,0.15372051301156578,True,True
primary,shared_stitch,1341,future,iot_values,spectral_l1_mean,1.211123952237964,True,True
primary,shared_stitch,1341,future,iot_values,transition_rate_mae,0.060986234535633385,True,True
primary,shared_stitch,1341,future,iot_values,coupling_corr_mae,0.05156016938482287,True,True
primary,shared_stitch,1341,future,iot_values,coupling_coactivation_mae,0.09087799754047961,True,True
primary,shared_stitch,1341,future,multimodal_balanced,marginal_ks_mean,0.24626551448704948,True,True
primary,shared_stitch,1341,future,multimodal_balanced,wasserstein_iqr_mean,230830.37682331246,True,True
primary,shared_stitch,1341,future,multimodal_balanced,zero_rate_mae,0.024655289114851486,True,True
primary,shared_stitch,1341,future,multimodal_balanced,acf_abs_error_mean,0.2350178511689782,True,True
primary,shared_stitch,1341,future,multimodal_balanced,spectral_l1_mean,1.27075108432361,True,True
primary,shared_stitch,1341,future,multimodal_balanced,transition_rate_mae,0.026659696811291166,True,True
primary,shared_stitch,1341,future,multimodal_balanced,coupling_corr_mae,0.09834137981301672,True,True
primary,shared_stitch,1341,future,multimodal_balanced,coupling_coactivation_mae,0.04168983369164999,True,True
primary,shared_stitch,1341,future,network_general,marginal_ks_mean,0.2646254459082651,True,True
primary,shared_stitch,1341,future,network_general,wasserstein_iqr_mean,454844.75936895545,True,True
primary,shared_stitch,1341,future,network_general,zero_rate_mae,0.028257354439135258,True,True
primary,shared_stitch,1341,future,network_general,acf_abs_error_mean,0.23313646827354514,True,True
primary,shared_stitch,1341,future,network_general,spectral_l1_mean,1.2282962854589545,True,True
primary,shared_stitch,1341,future,network_general,transition_rate_mae,0.028627228901666957,True,True
primary,shared_stitch,1341,future,network_general,coupling_corr_mae,0.1848030945911579,True,True
primary,shared_stitch,1341,future,network_general,coupling_coactivation_mae,0.04036951471999192,True,True
primary,shared_stitch,1341,future,network_iot_named,marginal_ks_mean,0.19010041497146127,True,True
primary,shared_stitch,1341,future,network_iot_named,wasserstein_iqr_mean,8733.137931951751,True,True
primary,shared_stitch,1341,future,network_iot_named,zero_rate_mae,0.012646038835253249,True,True
primary,shared_stitch,1341,future,network_iot_named,acf_abs_error_mean,0.223113223490484,True,True
primary,shared_stitch,1341,future,network_iot_named,spectral_l1_mean,1.2046958186051697,True,True
primary,shared_stitch,1341,future,network_iot_named,transition_rate_mae,0.011439653931528742,True,True
primary,shared_stitch,1341,future,network_iot_named,coupling_corr_mae,0.1299609516353846,True,True
primary,shared_stitch,1341,future,network_iot_named,coupling_coactivation_mae,0.01731762405145226,True,True
primary,learned_gmm_overlay,1337,near,iot_values,marginal_ks_mean,0.2906333265013323,True,False
primary,learned_gmm_overlay,1337,near,iot_values,wasserstein_iqr_mean,0.8583379157995362,True,False
primary,learned_gmm_overlay,1337,near,iot_values,zero_rate_mae,0.04426111908177905,True,False
primary,learned_gmm_overlay,1337,near,iot_values,acf_abs_error_mean,0.18519410038763584,True,False
primary,learned_gmm_overlay,1337,near,iot_values,spectral_l1_mean,1.115086372134299,True,False
primary,learned_gmm_overlay,1337,near,iot_values,transition_rate_mae,0.04895298422557732,True,False
primary,learned_gmm_overlay,1337,near,iot_values,coupling_corr_mae,0.06807403489818556,True,False
primary,learned_gmm_overlay,1337,near,iot_values,coupling_coactivation_mae,0.07717129534740726,True,False
primary,learned_gmm_overlay,1337,near,multimodal_balanced,marginal_ks_mean,0.3864873693379791,True,False
primary,learned_gmm_overlay,1337,near,multimodal_balanced,wasserstein_iqr_mean,100246.21538419776,True,False
primary,learned_gmm_overlay,1337,near,multimodal_balanced,zero_rate_mae,0.10962543554006969,True,False
primary,learned_gmm_overlay,1337,near,multimodal_balanced,acf_abs_error_mean,0.23638892687729862,True,False
primary,learned_gmm_overlay,1337,near,multimodal_balanced,spectral_l1_mean,1.1684756956581424,True,False
primary,learned_gmm_overlay,1337,near,multimodal_balanced,transition_rate_mae,0.08289771737236452,True,False
primary,learned_gmm_overlay,1337,near,multimodal_balanced,coupling_corr_mae,0.09279743965168398,True,False
primary,learned_gmm_overlay,1337,near,multimodal_balanced,coupling_coactivation_mae,0.191476388168137,True,False
primary,learned_gmm_overlay,1337,near,network_general,marginal_ks_mean,0.43658536585365854,True,False
primary,learned_gmm_overlay,1337,near,network_general,wasserstein_iqr_mean,188398.9510445945,True,False
primary,learned_gmm_overlay,1337,near,network_general,zero_rate_mae,0.1288109756097561,True,False
primary,learned_gmm_overlay,1337,near,network_general,acf_abs_error_mean,0.22203784722317588,True,False
primary,learned_gmm_overlay,1337,near,network_general,spectral_l1_mean,1.1555412609968776,True,False
primary,learned_gmm_overlay,1337,near,network_general,transition_rate_mae,0.08197566358831387,True,False
primary,learned_gmm_overlay,1337,near,network_general,coupling_corr_mae,0.2608175960210862,True,False
primary,learned_gmm_overlay,1337,near,network_general,coupling_coactivation_mae,0.19058349744988132,True,False
primary,learned_gmm_overlay,1337,near,network_iot_named,marginal_ks_mean,0.3029692470837752,True,False
primary,learned_gmm_overlay,1337,near,network_iot_named,wasserstein_iqr_mean,16671.678596497375,True,False
primary,learned_gmm_overlay,1337,near,network_iot_named,zero_rate_mae,0.07663990304499319,True,False
primary,learned_gmm_overlay,1337,near,network_iot_named,acf_abs_error_mean,0.2269648026328408,True,False
primary,learned_gmm_overlay,1337,near,network_iot_named,spectral_l1_mean,1.1871130107975871,True,False
primary,learned_gmm_overlay,1337,near,network_iot_named,transition_rate_mae,0.06316810230535543,True,False
primary,learned_gmm_overlay,1337,near,network_iot_named,coupling_corr_mae,0.183796262384791,True,False
primary,learned_gmm_overlay,1337,near,network_iot_named,coupling_coactivation_mae,0.1071869276005013,True,False
primary,learned_gmm_overlay,1337,future,iot_values,marginal_ks_mean,0.3315498412925313,True,False
primary,learned_gmm_overlay,1337,future,iot_values,wasserstein_iqr_mean,12795.65120244763,True,False
primary,learned_gmm_overlay,1337,future,iot_values,zero_rate_mae,0.09350751342209747,True,False
primary,learned_gmm_overlay,1337,future,iot_values,acf_abs_error_mean,0.20806810353996136,True,False
primary,learned_gmm_overlay,1337,future,iot_values,spectral_l1_mean,1.1345381258163407,True,False
primary,learned_gmm_overlay,1337,future,iot_values,transition_rate_mae,0.0901776288142021,True,False
primary,learned_gmm_overlay,1337,future,iot_values,coupling_corr_mae,0.05794020116667328,True,False
primary,learned_gmm_overlay,1337,future,iot_values,coupling_coactivation_mae,0.16783408485345358,True,False
primary,learned_gmm_overlay,1337,future,multimodal_balanced,marginal_ks_mean,0.3740458548106707,True,False
primary,learned_gmm_overlay,1337,future,multimodal_balanced,wasserstein_iqr_mean,235637.87158265314,True,False
primary,learned_gmm_overlay,1337,future,multimodal_balanced,zero_rate_mae,0.10106089903684017,True,False
primary,learned_gmm_overlay,1337,future,multimodal_balanced,acf_abs_error_mean,0.27155742526037635,True,False
primary,learned_gmm_overlay,1337,future,multimodal_balanced,spectral_l1_mean,1.2322000485876181,True,False
primary,learned_gmm_overlay,1337,future,multimodal_balanced,transition_rate_mae,0.0830102514956148,True,False
primary,learned_gmm_overlay,1337,future,multimodal_balanced,coupling_corr_mae,0.10473535712759477,True,False
primary,learned_gmm_overlay,1337,future,multimodal_balanced,coupling_coactivation_mae,0.1775247423826822,True,False
primary,learned_gmm_overlay,1337,future,network_general,marginal_ks_mean,0.37294783320901614,True,False
primary,learned_gmm_overlay,1337,future,network_general,wasserstein_iqr_mean,453124.75189987296,True,False
primary,learned_gmm_overlay,1337,future,network_general,zero_rate_mae,0.09893320879360534,True,False
primary,learned_gmm_overlay,1337,future,network_general,acf_abs_error_mean,0.23605984207222175,True,False
primary,learned_gmm_overlay,1337,future,network_general,spectral_l1_mean,1.194476105364156,True,False
primary,learned_gmm_overlay,1337,future,network_general,transition_rate_mae,0.0766321078004298,True,False
primary,learned_gmm_overlay,1337,future,network_general,coupling_corr_mae,0.23940267738333484,True,False
primary,learned_gmm_overlay,1337,future,network_general,coupling_coactivation_mae,0.14923180831187197,True,False
primary,learned_gmm_overlay,1337,future,network_iot_named,marginal_ks_mean,0.2917280958602309,True,False
primary,learned_gmm_overlay,1337,future,network_iot_named,wasserstein_iqr_mean,18450.59251876434,True,False
primary,learned_gmm_overlay,1337,future,network_iot_named,zero_rate_mae,0.06650151527821645,True,False
primary,learned_gmm_overlay,1337,future,network_iot_named,acf_abs_error_mean,0.2547584946146006,True,False
primary,learned_gmm_overlay,1337,future,network_iot_named,spectral_l1_mean,1.2014383020345027,True,False
primary,learned_gmm_overlay,1337,future,network_iot_named,transition_rate_mae,0.05731948453373942,True,False
primary,learned_gmm_overlay,1337,future,network_iot_named,coupling_corr_mae,0.20130296078537918,True,False
primary,learned_gmm_overlay,1337,future,network_iot_named,coupling_coactivation_mae,0.09363181887041909,True,False
primary,learned_gmm_overlay,1338,near,iot_values,marginal_ks_mean,0.2898647263783562,True,False
primary,learned_gmm_overlay,1338,near,iot_values,wasserstein_iqr_mean,0.8503416124660154,True,False
primary,learned_gmm_overlay,1338,near,iot_values,zero_rate_mae,0.04352326296372207,True,False
primary,learned_gmm_overlay,1338,near,iot_values,acf_abs_error_mean,0.183923685650359,True,False
primary,learned_gmm_overlay,1338,near,iot_values,spectral_l1_mean,1.129411787650218,True,False
primary,learned_gmm_overlay,1338,near,iot_values,transition_rate_mae,0.04622654079927842,True,False
primary,learned_gmm_overlay,1338,near,iot_values,coupling_corr_mae,0.0703578187825336,True,False
primary,learned_gmm_overlay,1338,near,iot_values,coupling_coactivation_mae,0.07570711211313794,True,False
primary,learned_gmm_overlay,1338,near,multimodal_balanced,marginal_ks_mean,0.3849738675958188,True,False
primary,learned_gmm_overlay,1338,near,multimodal_balanced,wasserstein_iqr_mean,128605.9586209432,True,False
primary,learned_gmm_overlay,1338,near,multimodal_balanced,zero_rate_mae,0.10918263646922184,True,False
primary,learned_gmm_overlay,1338,near,multimodal_balanced,acf_abs_error_mean,0.26067583660253607,True,False
primary,learned_gmm_overlay,1338,near,multimodal_balanced,spectral_l1_mean,1.1867095123603626,True,False
primary,learned_gmm_overlay,1338,near,multimodal_balanced,transition_rate_mae,0.08012066562118837,True,False
primary,learned_gmm_overlay,1338,near,multimodal_balanced,coupling_corr_mae,0.10123175501428232,True,False
primary,learned_gmm_overlay,1338,near,multimodal_balanced,coupling_coactivation_mae,0.1904587379840364,True,False
primary,learned_gmm_overlay,1338,near,network_general,marginal_ks_mean,0.4336454703832753,True,False
primary,learned_gmm_overlay,1338,near,network_general,wasserstein_iqr_mean,247796.19694559823,True,False
primary,learned_gmm_overlay,1338,near,network_general,zero_rate_mae,0.12887630662020905,True,False
primary,learned_gmm_overlay,1338,near,network_general,acf_abs_error_mean,0.24407564958897285,True,False
primary,learned_gmm_overlay,1338,near,network_general,spectral_l1_mean,1.171074060754129,True,False
primary,learned_gmm_overlay,1338,near,network_general,transition_rate_mae,0.08175785560782947,True,False
primary,learned_gmm_overlay,1338,near,network_general,coupling_corr_mae,0.2750339838155397,True,False
primary,learned_gmm_overlay,1338,near,network_general,coupling_coactivation_mae,0.19047619047619047,True,False
primary,learned_gmm_overlay,1338,near,network_iot_named,marginal_ks_mean,0.3040675655203757,True,False
primary,learned_gmm_overlay,1338,near,network_iot_named,wasserstein_iqr_mean,13839.637158339201,True,False
primary,learned_gmm_overlay,1338,near,network_iot_named,zero_rate_mae,0.07623844871989094,True,False
primary,learned_gmm_overlay,1338,near,network_iot_named,acf_abs_error_mean,0.2588805748541709,True,False
primary,learned_gmm_overlay,1338,near,network_iot_named,spectral_l1_mean,1.1934638964258948,True,False
primary,learned_gmm_overlay,1338,near,network_iot_named,transition_rate_mae,0.0598801487912604,True,False
primary,learned_gmm_overlay,1338,near,network_iot_named,coupling_corr_mae,0.19049945860153425,True,False
primary,learned_gmm_overlay,1338,near,network_iot_named,coupling_coactivation_mae,0.10668356034209693,True,False
primary,learned_gmm_overlay,1338,future,iot_values,marginal_ks_mean,0.33064440955177293,True,False
primary,learned_gmm_overlay,1338,future,iot_values,wasserstein_iqr_mean,12726.696970786306,True,False
primary,learned_gmm_overlay,1338,future,iot_values,zero_rate_mae,0.09244172125157073,True,False
primary,learned_gmm_overlay,1338,future,iot_values,acf_abs_error_mean,0.20664457147379636,True,False
primary,learned_gmm_overlay,1338,future,iot_values,spectral_l1_mean,1.1514355805423473,True,False
primary,learned_gmm_overlay,1338,future,iot_values,transition_rate_mae,0.09151010116540081,True,False
primary,learned_gmm_overlay,1338,future,iot_values,coupling_corr_mae,0.06235975917276079,True,False
primary,learned_gmm_overlay,1338,future,iot_values,coupling_coactivation_mae,0.16553981348637017,True,False
primary,learned_gmm_overlay,1338,future,multimodal_balanced,marginal_ks_mean,0.37294034661332254,True,False
primary,learned_gmm_overlay,1338,future,multimodal_balanced,wasserstein_iqr_mean,136856.05696718182,True,False
primary,learned_gmm_overlay,1338,future,multimodal_balanced,zero_rate_mae,0.1006326179683152,True,False
primary,learned_gmm_overlay,1338,future,multimodal_balanced,acf_abs_error_mean,0.27851729600222114,True,False
primary,learned_gmm_overlay,1338,future,multimodal_balanced,spectral_l1_mean,1.2309984027547243,True,False
primary,learned_gmm_overlay,1338,future,multimodal_balanced,transition_rate_mae,0.0816997734797003,True,False
primary,learned_gmm_overlay,1338,future,multimodal_balanced,coupling_corr_mae,0.10467563502773398,True,False
primary,learned_gmm_overlay,1338,future,multimodal_balanced,coupling_coactivation_mae,0.17651203449724467,True,False
primary,learned_gmm_overlay,1338,future,network_general,marginal_ks_mean,0.37077561409556664,True,False
primary,learned_gmm_overlay,1338,future,network_general,wasserstein_iqr_mean,258909.49185513877,True,False
primary,learned_gmm_overlay,1338,future,network_general,zero_rate_mae,0.0994485978760676,True,False
primary,learned_gmm_overlay,1338,future,network_general,acf_abs_error_mean,0.2440852958331893,True,False
primary,learned_gmm_overlay,1338,future,network_general,spectral_l1_mean,1.1911761804689869,True,False
primary,learned_gmm_overlay,1338,future,network_general,transition_rate_mae,0.07647238194807458,True,False
primary,learned_gmm_overlay,1338,future,network_general,coupling_corr_mae,0.24066748550929096,True,False
primary,learned_gmm_overlay,1338,future,network_general,coupling_coactivation_mae,0.1497077463010655,True,False
primary,learned_gmm_overlay,1338,future,network_iot_named,marginal_ks_mean,0.2940384204902526,True,False
primary,learned_gmm_overlay,1338,future,network_iot_named,wasserstein_iqr_mean,15443.934250166154,True,False
primary,learned_gmm_overlay,1338,future,network_iot_named,zero_rate_mae,0.06599401641440793,True,False
primary,learned_gmm_overlay,1338,future,network_iot_named,acf_abs_error_mean,0.26502971468268305,True,False
primary,learned_gmm_overlay,1338,future,network_iot_named,spectral_l1_mean,1.1835457943136336,True,False
primary,learned_gmm_overlay,1338,future,network_iot_named,transition_rate_mae,0.053758797548429126,True,False
primary,learned_gmm_overlay,1338,future,network_iot_named,coupling_corr_mae,0.2097068480948275,True,False
primary,learned_gmm_overlay,1338,future,network_iot_named,coupling_coactivation_mae,0.09296594179945189,True,False
primary,learned_gmm_overlay,1339,near,iot_values,marginal_ks_mean,0.2923139987702398,True,False
primary,learned_gmm_overlay,1339,near,iot_values,wasserstein_iqr_mean,0.850635632870956,True,False
primary,learned_gmm_overlay,1339,near,iot_values,zero_rate_mae,0.04335929493748719,True,False
primary,learned_gmm_overlay,1339,near,iot_values,acf_abs_error_mean,0.20188552411205857,True,False
primary,learned_gmm_overlay,1339,near,iot_values,spectral_l1_mean,1.118905287326653,True,False
primary,learned_gmm_overlay,1339,near,iot_values,transition_rate_mae,0.04740526634072344,True,False
primary,learned_gmm_overlay,1339,near,iot_values,coupling_corr_mae,0.0663533784878977,True,False
primary,learned_gmm_overlay,1339,near,iot_values,coupling_coactivation_mae,0.07541888706702193,True,False
primary,learned_gmm_overlay,1339,near,multimodal_balanced,marginal_ks_mean,0.38581954123112655,True,False
primary,learned_gmm_overlay,1339,near,multimodal_balanced,wasserstein_iqr_mean,187929.13361993362,True,False
primary,learned_gmm_overlay,1339,near,multimodal_balanced,zero_rate_mae,0.10961454703832751,True,False
primary,learned_gmm_overlay,1339,near,multimodal_balanced,acf_abs_error_mean,0.25557161276901647,True,False
primary,learned_gmm_overlay,1339,near,multimodal_balanced,spectral_l1_mean,1.166773036583771,True,False
primary,learned_gmm_overlay,1339,near,multimodal_balanced,transition_rate_mae,0.08031669280362431,True,False
primary,learned_gmm_overlay,1339,near,multimodal_balanced,coupling_corr_mae,0.09523739054168699,True,False
primary,learned_gmm_overlay,1339,near,multimodal_balanced,coupling_coactivation_mae,0.191663423283169,True,False
primary,learned_gmm_overlay,1339,near,network_general,marginal_ks_mean,0.43532955865272943,True,False
primary,learned_gmm_overlay,1339,near,network_general,wasserstein_iqr_mean,360388.77306885883,True,False
primary,learned_gmm_overlay,1339,near,network_general,zero_rate_mae,0.12962398373983738,True,False
primary,learned_gmm_overlay,1339,near,network_general,acf_abs_error_mean,0.22575990052556605,True,False
primary,learned_gmm_overlay,1339,near,network_general,spectral_l1_mean,1.1453538656013111,True,False
primary,learned_gmm_overlay,1339,near,network_general,transition_rate_mae,0.08140210257303827,True,False
primary,learned_gmm_overlay,1339,near,network_general,coupling_corr_mae,0.27044908202163714,True,False
primary,learned_gmm_overlay,1339,near,network_general,coupling_coactivation_mae,0.1920144675049235,True,False
primary,learned_gmm_overlay,1339,near,network_iot_named,marginal_ks_mean,0.30136342978336617,True,False
primary,learned_gmm_overlay,1339,near,network_iot_named,wasserstein_iqr_mean,20080.86432979994,True,False
primary,learned_gmm_overlay,1339,near,network_iot_named,zero_rate_mae,0.07644296318739585,True,False
primary,learned_gmm_overlay,1339,near,network_iot_named,acf_abs_error_mean,0.25035883122312513,True,False
primary,learned_gmm_overlay,1339,near,network_iot_named,spectral_l1_mean,1.188366740440652,True,False
primary,learned_gmm_overlay,1339,near,network_iot_named,transition_rate_mae,0.06000136366735608,True,False
primary,learned_gmm_overlay,1339,near,network_iot_named,coupling_corr_mae,0.1893355101641179,True,False
primary,learned_gmm_overlay,1339,near,network_iot_named,coupling_coactivation_mae,0.10721860324193305,True,False
primary,learned_gmm_overlay,1339,future,iot_values,marginal_ks_mean,0.33344669980609654,True,False
primary,learned_gmm_overlay,1339,future,iot_values,wasserstein_iqr_mean,12769.800354368215,True,False
primary,learned_gmm_overlay,1339,future,iot_values,zero_rate_mae,0.09283114531387857,True,False
primary,learned_gmm_overlay,1339,future,iot_values,acf_abs_error_mean,0.22742410568358964,True,False
primary,learned_gmm_overlay,1339,future,iot_values,spectral_l1_mean,1.1402489477048101,True,False
primary,learned_gmm_overlay,1339,future,iot_values,transition_rate_mae,0.09043387349712494,True,False
primary,learned_gmm_overlay,1339,future,iot_values,coupling_corr_mae,0.05884708208773494,True,False
primary,learned_gmm_overlay,1339,future,iot_values,coupling_coactivation_mae,0.16619184259069483,True,False
primary,learned_gmm_overlay,1339,future,multimodal_balanced,marginal_ks_mean,0.37478203714201147,True,False
primary,learned_gmm_overlay,1339,future,multimodal_balanced,wasserstein_iqr_mean,102093.94074259268,True,False
primary,learned_gmm_overlay,1339,future,multimodal_balanced,zero_rate_mae,0.1011008235432281,True,False
primary,learned_gmm_overlay,1339,future,multimodal_balanced,acf_abs_error_mean,0.27752161899291555,True,False
primary,learned_gmm_overlay,1339,future,multimodal_balanced,spectral_l1_mean,1.225488676481018,True,False
primary,learned_gmm_overlay,1339,future,multimodal_balanced,transition_rate_mae,0.08116977406052157,True,False
primary,learned_gmm_overlay,1339,future,multimodal_balanced,coupling_corr_mae,0.10295551828251005,True,False
primary,learned_gmm_overlay,1339,future,multimodal_balanced,coupling_coactivation_mae,0.1777300022240344,True,False
primary,learned_gmm_overlay,1339,future,network_general,marginal_ks_mean,0.3734394348696268,True,False
primary,learned_gmm_overlay,1339,future,network_general,wasserstein_iqr_mean,182816.4883327731,True,False
primary,learned_gmm_overlay,1339,future,network_general,zero_rate_mae,0.09983332493762392,True,False
primary,learned_gmm_overlay,1339,future,network_general,acf_abs_error_mean,0.22121473384768411,True,False
primary,learned_gmm_overlay,1339,future,network_general,spectral_l1_mean,1.1779090884530186,True,False
primary,learned_gmm_overlay,1339,future,network_general,transition_rate_mae,0.07614566997734797,True,False
primary,learned_gmm_overlay,1339,future,network_general,coupling_corr_mae,0.23807815223684178,True,False
primary,learned_gmm_overlay,1339,future,network_general,coupling_coactivation_mae,0.15075746099075896,True,False
primary,learned_gmm_overlay,1339,future,network_iot_named,marginal_ks_mean,0.2918872774550979,True,False
primary,learned_gmm_overlay,1339,future,network_iot_named,wasserstein_iqr_mean,21222.6580857705,True,False
primary,learned_gmm_overlay,1339,future,network_iot_named,zero_rate_mae,0.06618338166209767,True,False
primary,learned_gmm_overlay,1339,future,network_iot_named,acf_abs_error_mean,0.26961318396069844,True,False
primary,learned_gmm_overlay,1339,future,network_iot_named,spectral_l1_mean,1.1969079954968445,True,False
primary,learned_gmm_overlay,1339,future,network_iot_named,transition_rate_mae,0.053880012424524795,True,False
primary,learned_gmm_overlay,1339,future,network_iot_named,coupling_corr_mae,0.21237794211125396,True,False
primary,learned_gmm_overlay,1339,future,network_iot_named,coupling_coactivation_mae,0.09339769456418448,True,False
primary,learned_gmm_overlay,1340,near,iot_values,marginal_ks_mean,0.2896085263373642,True,False
primary,learned_gmm_overlay,1340,near,iot_values,wasserstein_iqr_mean,0.851371811628293,True,False
primary,learned_gmm_overlay,1340,near,iot_values,zero_rate_mae,0.043943431030948964,True,False
primary,learned_gmm_overlay,1340,near,iot_values,acf_abs_error_mean,0.1844590874287957,True,False
primary,learned_gmm_overlay,1340,near,iot_values,spectral_l1_mean,1.0670150633029074,True,False
primary,learned_gmm_overlay,1340,near,iot_values,transition_rate_mae,0.04795875485583675,True,False
primary,learned_gmm_overlay,1340,near,iot_values,coupling_corr_mae,0.06788377666852247,True,False
primary,learned_gmm_overlay,1340,near,iot_values,coupling_coactivation_mae,0.07639500922320147,True,False
primary,learned_gmm_overlay,1340,near,multimodal_balanced,marginal_ks_mean,0.38447662601626015,True,False
primary,learned_gmm_overlay,1340,near,multimodal_balanced,wasserstein_iqr_mean,108970.11739006445,True,False
primary,learned_gmm_overlay,1340,near,multimodal_balanced,zero_rate_mae,0.10979965156794425,True,False
primary,learned_gmm_overlay,1340,near,multimodal_balanced,acf_abs_error_mean,0.24767830561838444,True,False
primary,learned_gmm_overlay,1340,near,multimodal_balanced,spectral_l1_mean,1.1605167076744827,True,False
primary,learned_gmm_overlay,1340,near,multimodal_balanced,transition_rate_mae,0.08060347331126212,True,False
primary,learned_gmm_overlay,1340,near,multimodal_balanced,coupling_corr_mae,0.09877952560163895,True,False
primary,learned_gmm_overlay,1340,near,multimodal_balanced,coupling_coactivation_mae,0.19127190056095092,True,False
primary,learned_gmm_overlay,1340,near,network_general,marginal_ks_mean,0.43530778164924505,True,False
primary,learned_gmm_overlay,1340,near,network_general,wasserstein_iqr_mean,206806.0983209406,True,False
primary,learned_gmm_overlay,1340,near,network_general,zero_rate_mae,0.12966753774680603,True,False
primary,learned_gmm_overlay,1340,near,network_general,acf_abs_error_mean,0.22742462382139875,True,False
primary,learned_gmm_overlay,1340,near,network_general,spectral_l1_mean,1.1440695059686927,True,False
primary,learned_gmm_overlay,1340,near,network_general,transition_rate_mae,0.08181593773595865,True,False
primary,learned_gmm_overlay,1340,near,network_general,coupling_corr_mae,0.2723400457363216,True,False
primary,learned_gmm_overlay,1340,near,network_general,coupling_coactivation_mae,0.19138009392516286,True,False
primary,learned_gmm_overlay,1340,near,network_iot_named,marginal_ks_mean,0.30196182396606575,True,False
primary,learned_gmm_overlay,1340,near,network_iot_named,wasserstein_iqr_mean,15541.869342537777,True,False
primary,learned_gmm_overlay,1340,near,network_iot_named,zero_rate_mae,0.07616270262081502,True,False
primary,learned_gmm_overlay,1340,near,network_iot_named,acf_abs_error_mean,0.24577531817250678,True,False
primary,learned_gmm_overlay,1340,near,network_iot_named,spectral_l1_mean,1.2131731468462832,True,False
primary,learned_gmm_overlay,1340,near,network_iot_named,transition_rate_mae,0.059827117282968564,True,False
primary,learned_gmm_overlay,1340,near,network_iot_named,coupling_corr_mae,0.18831920195243396,True,False
primary,learned_gmm_overlay,1340,near,network_iot_named,coupling_coactivation_mae,0.10649626089710924,True,False
primary,learned_gmm_overlay,1340,future,iot_values,marginal_ks_mean,0.3310835884563911,True,False
primary,learned_gmm_overlay,1340,future,iot_values,wasserstein_iqr_mean,12815.558270109337,True,False
primary,learned_gmm_overlay,1340,future,iot_values,zero_rate_mae,0.09314883336470867,True,False
primary,learned_gmm_overlay,1340,future,iot_values,acf_abs_error_mean,0.20588075841539946,True,False
primary,learned_gmm_overlay,1340,future,iot_values,spectral_l1_mean,1.0709959678889995,True,False
primary,learned_gmm_overlay,1340,future,iot_values,transition_rate_mae,0.09190984287076043,True,False
primary,learned_gmm_overlay,1340,future,iot_values,coupling_corr_mae,0.057537546274068235,True,False
primary,learned_gmm_overlay,1340,future,iot_values,coupling_coactivation_mae,0.16685283869645423,True,False
primary,learned_gmm_overlay,1340,future,multimodal_balanced,marginal_ks_mean,0.3738250514464796,True,False
primary,learned_gmm_overlay,1340,future,multimodal_balanced,wasserstein_iqr_mean,165943.79392847818,True,False
primary,learned_gmm_overlay,1340,future,multimodal_balanced,zero_rate_mae,0.10122059706239185,True,False
primary,learned_gmm_overlay,1340,future,multimodal_balanced,acf_abs_error_mean,0.27053181609471866,True,False
primary,learned_gmm_overlay,1340,future,multimodal_balanced,spectral_l1_mean,1.2098428162988946,True,False
primary,learned_gmm_overlay,1340,future,multimodal_balanced,transition_rate_mae,0.08165258175059532,True,False
primary,learned_gmm_overlay,1340,future,multimodal_balanced,coupling_corr_mae,0.10614230834686786,True,False
primary,learned_gmm_overlay,1340,future,multimodal_balanced,coupling_coactivation_mae,0.17731778362616454,True,False
primary,learned_gmm_overlay,1340,future,network_general,marginal_ks_mean,0.3733814766576013,True,False
primary,learned_gmm_overlay,1340,future,network_general,wasserstein_iqr_mean,315419.8732570192,True,False
primary,learned_gmm_overlay,1340,future,network_general,zero_rate_mae,0.10026886500731035,True,False
primary,learned_gmm_overlay,1340,future,network_general,acf_abs_error_mean,0.23187599819228003,True,False
primary,learned_gmm_overlay,1340,future,network_general,spectral_l1_mean,1.1842281193237807,True,False
primary,learned_gmm_overlay,1340,future,network_general,transition_rate_mae,0.07644334088400999,True,False
primary,learned_gmm_overlay,1340,future,network_general,coupling_corr_mae,0.2418991004476737,True,False
primary,learned_gmm_overlay,1340,future,network_general,coupling_coactivation_mae,0.15068360854416002,True,False
primary,learned_gmm_overlay,1340,future,network_iot_named,marginal_ks_mean,0.29329545562195575,True,False
primary,learned_gmm_overlay,1340,future,network_iot_named,wasserstein_iqr_mean,17062.57823679987,True,False
primary,learned_gmm_overlay,1340,future,network_iot_named,zero_rate_mae,0.06591827031533203,True,False
primary,learned_gmm_overlay,1340,future,network_iot_named,acf_abs_error_mean,0.2590299111954778,True,False
primary,learned_gmm_overlay,1340,future,network_iot_named,spectral_l1_mean,1.2030389812756985,True,False
primary,learned_gmm_overlay,1340,future,network_iot_named,transition_rate_mae,0.0537663734781851,True,False
primary,learned_gmm_overlay,1340,future,network_iot_named,coupling_corr_mae,0.21042133635365326,True,False
primary,learned_gmm_overlay,1340,future,network_iot_named,coupling_coactivation_mae,0.09278415116166973,True,False
primary,learned_gmm_overlay,1341,near,iot_values,marginal_ks_mean,0.2895675343308055,True,False
primary,learned_gmm_overlay,1341,near,iot_values,wasserstein_iqr_mean,0.854929446248561,True,False
primary,learned_gmm_overlay,1341,near,iot_values,zero_rate_mae,0.04354375896700143,True,False
primary,learned_gmm_overlay,1341,near,iot_values,acf_abs_error_mean,0.1821824180663525,True,False
primary,learned_gmm_overlay,1341,near,iot_values,spectral_l1_mean,1.1315748515049533,True,False
primary,learned_gmm_overlay,1341,near,iot_values,transition_rate_mae,0.04721052038170208,True,False
primary,learned_gmm_overlay,1341,near,iot_values,coupling_corr_mae,0.06934171151203229,True,False
primary,learned_gmm_overlay,1341,near,iot_values,coupling_coactivation_mae,0.07597996515679442,True,False
primary,learned_gmm_overlay,1341,near,multimodal_balanced,marginal_ks_mean,0.38586309523809526,True,False
primary,learned_gmm_overlay,1341,near,multimodal_balanced,wasserstein_iqr_mean,140551.98188894894,True,False
primary,learned_gmm_overlay,1341,near,multimodal_balanced,zero_rate_mae,0.1097887630662021,True,False
primary,learned_gmm_overlay,1341,near,multimodal_balanced,acf_abs_error_mean,0.24789005799482303,True,False
primary,learned_gmm_overlay,1341,near,multimodal_balanced,spectral_l1_mean,1.1725947028515549,True,False
primary,learned_gmm_overlay,1341,near,multimodal_balanced,transition_rate_mae,0.08142751350409479,True,False
primary,learned_gmm_overlay,1341,near,multimodal_balanced,coupling_corr_mae,0.10104255997549742,True,False
primary,learned_gmm_overlay,1341,near,multimodal_balanced,coupling_coactivation_mae,0.19127298168878343,True,False
primary,learned_gmm_overlay,1341,near,network_general,marginal_ks_mean,0.43403019744483157,True,False
primary,learned_gmm_overlay,1341,near,network_general,wasserstein_iqr_mean,271491.2851845873,True,False
primary,learned_gmm_overlay,1341,near,network_general,zero_rate_mae,0.12959494773519165,True,False
primary,learned_gmm_overlay,1341,near,network_general,acf_abs_error_mean,0.22006114583338057,True,False
primary,learned_gmm_overlay,1341,near,network_general,spectral_l1_mean,1.1471139286559924,True,False
primary,learned_gmm_overlay,1341,near,network_general,transition_rate_mae,0.08200470465237847,True,False
primary,learned_gmm_overlay,1341,near,network_general,coupling_corr_mae,0.273588157570258,True,False
primary,learned_gmm_overlay,1341,near,network_general,coupling_coactivation_mae,0.1911976720698884,True,False
primary,learned_gmm_overlay,1341,near,network_iot_named,marginal_ks_mean,0.30576427813967577,True,False
primary,learned_gmm_overlay,1341,near,network_iot_named,wasserstein_iqr_mean,14075.452895973125,True,False
primary,learned_gmm_overlay,1341,near,network_iot_named,zero_rate_mae,0.0767080745341615,True,False
primary,learned_gmm_overlay,1341,near,network_iot_named,acf_abs_error_mean,0.2551368214814861,True,False
primary,learned_gmm_overlay,1341,near,network_iot_named,spectral_l1_mean,1.1882775152075962,True,False
primary,learned_gmm_overlay,1341,near,network_iot_named,transition_rate_mae,0.06169079600293947,True,False
primary,learned_gmm_overlay,1341,near,network_iot_named,coupling_corr_mae,0.1940169421311882,True,False
primary,learned_gmm_overlay,1341,near,network_iot_named,coupling_coactivation_mae,0.10711669030863091,True,False
primary,learned_gmm_overlay,1341,future,iot_values,marginal_ks_mean,0.3307417664598775,True,False
primary,learned_gmm_overlay,1341,future,iot_values,wasserstein_iqr_mean,12827.362200263751,True,False
primary,learned_gmm_overlay,1341,future,iot_values,zero_rate_mae,0.09320007337290707,True,False
primary,learned_gmm_overlay,1341,future,iot_values,acf_abs_error_mean,0.20325084629826543,True,False
primary,learned_gmm_overlay,1341,future,iot_values,spectral_l1_mean,1.1470277011731738,True,False
primary,learned_gmm_overlay,1341,future,iot_values,transition_rate_mae,0.08995213349323002,True,False
primary,learned_gmm_overlay,1341,future,iot_values,coupling_corr_mae,0.05901563882813655,True,False
primary,learned_gmm_overlay,1341,future,iot_values,coupling_coactivation_mae,0.16712953474072556,True,False
primary,learned_gmm_overlay,1341,future,multimodal_balanced,marginal_ks_mean,0.3749121036238916,True,False
primary,learned_gmm_overlay,1341,future,multimodal_balanced,wasserstein_iqr_mean,125637.38079659255,True,False
primary,learned_gmm_overlay,1341,future,multimodal_balanced,zero_rate_mae,0.10123148556413403,True,False
primary,learned_gmm_overlay,1341,future,multimodal_balanced,acf_abs_error_mean,0.2652699924224034,True,False
primary,learned_gmm_overlay,1341,future,multimodal_balanced,spectral_l1_mean,1.2315346632777753,True,False
primary,learned_gmm_overlay,1341,future,multimodal_balanced,transition_rate_mae,0.08209182784457221,True,False
primary,learned_gmm_overlay,1341,future,multimodal_balanced,coupling_corr_mae,0.10436638720370602,True,False
primary,learned_gmm_overlay,1341,future,multimodal_balanced,coupling_coactivation_mae,0.17732596930832528,True,False
primary,learned_gmm_overlay,1341,future,network_general,marginal_ks_mean,0.37199318794392316,True,False
primary,learned_gmm_overlay,1341,future,network_general,wasserstein_iqr_mean,235650.70769234197,True,False
primary,learned_gmm_overlay,1341,future,network_general,zero_rate_mae,0.09967362691207225,True,False
primary,learned_gmm_overlay,1341,future,network_general,acf_abs_error_mean,0.22242780867614417,True,False
primary,learned_gmm_overlay,1341,future,network_general,spectral_l1_mean,1.1777532369755248,True,False
primary,learned_gmm_overlay,1341,future,network_general,transition_rate_mae,0.07648690248010687,True,False
primary,learned_gmm_overlay,1341,future,network_general,coupling_corr_mae,0.24156649310640124,True,False
primary,learned_gmm_overlay,1341,future,network_general,coupling_coactivation_mae,0.1497916982275413,True,False
primary,learned_gmm_overlay,1341,future,network_iot_named,marginal_ks_mean,0.2970381467698953,True,False
primary,learned_gmm_overlay,1341,future,network_iot_named,wasserstein_iqr_mean,15774.01460489802,True,False
primary,learned_gmm_overlay,1341,future,network_iot_named,zero_rate_mae,0.06646364222867848,True,False
primary,learned_gmm_overlay,1341,future,network_iot_named,acf_abs_error_mean,0.25951948776803807,True,False
primary,learned_gmm_overlay,1341,future,network_iot_named,spectral_l1_mean,1.2012547403322615,True,False
primary,learned_gmm_overlay,1341,future,network_iot_named,transition_rate_mae,0.05559974847913209,True,False
primary,learned_gmm_overlay,1341,future,network_iot_named,coupling_corr_mae,0.21062348531099356,True,False
primary,learned_gmm_overlay,1341,future,network_iot_named,coupling_coactivation_mae,0.09338943135337621,True,False
primary,learned_latent_var_overlay,1337,near,iot_values,marginal_ks_mean,0.5842898134863701,True,False
primary,learned_latent_var_overlay,1337,near,iot_values,wasserstein_iqr_mean,0.8963084981300266,True,False
primary,learned_latent_var_overlay,1337,near,iot_values,zero_rate_mae,0.06599713055954089,True,False
primary,learned_latent_var_overlay,1337,near,iot_values,acf_abs_error_mean,0.08246088246975421,True,False
primary,learned_latent_var_overlay,1337,near,iot_values,spectral_l1_mean,0.9307541499363743,True,False
primary,learned_latent_var_overlay,1337,near,iot_values,transition_rate_mae,0.08181380236360095,True,False
primary,learned_latent_var_overlay,1337,near,iot_values,coupling_corr_mae,0.16820959734659896,True,False
primary,learned_latent_var_overlay,1337,near,iot_values,coupling_coactivation_mae,0.12058439229350278,True,False
primary,learned_latent_var_overlay,1337,near,multimodal_balanced,marginal_ks_mean,0.677072444831591,True,False
primary,learned_latent_var_overlay,1337,near,multimodal_balanced,wasserstein_iqr_mean,306708.4731384832,True,False
primary,learned_latent_var_overlay,1337,near,multimodal_balanced,zero_rate_mae,0.15564024390243902,True,False
primary,learned_latent_var_overlay,1337,near,multimodal_balanced,acf_abs_error_mean,0.30143334437660785,True,False
primary,learned_latent_var_overlay,1337,near,multimodal_balanced,spectral_l1_mean,1.1606131435907978,True,False
primary,learned_latent_var_overlay,1337,near,multimodal_balanced,transition_rate_mae,0.10675132136841492,True,False
primary,learned_latent_var_overlay,1337,near,multimodal_balanced,coupling_corr_mae,0.24654817527706582,True,False
primary,learned_latent_var_overlay,1337,near,multimodal_balanced,coupling_coactivation_mae,0.2830032804507377,True,False
primary,learned_latent_var_overlay,1337,near,network_general,marginal_ks_mean,0.6031867015098723,True,False
primary,learned_latent_var_overlay,1337,near,network_general,wasserstein_iqr_mean,588782.4791581918,True,False
primary,learned_latent_var_overlay,1337,near,network_general,zero_rate_mae,0.16498257839721253,True,False
primary,learned_latent_var_overlay,1337,near,network_general,acf_abs_error_mean,0.27961681520406434,True,False
primary,learned_latent_var_overlay,1337,near,network_general,spectral_l1_mean,1.1780769733170111,True,False
primary,learned_latent_var_overlay,1337,near,network_general,transition_rate_mae,0.08834291688447464,True,False
primary,learned_latent_var_overlay,1337,near,network_general,coupling_corr_mae,0.29545500230770794,True,False
primary,learned_latent_var_overlay,1337,near,network_general,coupling_coactivation_mae,0.2513306064737666,True,False
primary,learned_latent_var_overlay,1337,near,network_iot_named,marginal_ks_mean,0.5179594000908954,True,False
primary,learned_latent_var_overlay,1337,near,network_iot_named,wasserstein_iqr_mean,30492.627686906064,True,False
primary,learned_latent_var_overlay,1337,near,network_iot_named,zero_rate_mae,0.1184971973943342,True,False
primary,learned_latent_var_overlay,1337,near,network_iot_named,acf_abs_error_mean,0.3539234686319874,True,False
primary,learned_latent_var_overlay,1337,near,network_iot_named,spectral_l1_mean,1.2341692914940525,True,False
primary,learned_latent_var_overlay,1337,near,network_iot_named,transition_rate_mae,0.08075183526898339,True,False
primary,learned_latent_var_overlay,1337,near,network_iot_named,coupling_corr_mae,0.20885859930290268,True,False
primary,learned_latent_var_overlay,1337,near,network_iot_named,coupling_coactivation_mae,0.1718155651347592,True,False
primary,learned_latent_var_overlay,1337,future,iot_values,marginal_ks_mean,0.6345210352505908,True,False
primary,learned_latent_var_overlay,1337,future,iot_values,wasserstein_iqr_mean,11523.816198855158,True,False
primary,learned_latent_var_overlay,1337,future,iot_values,zero_rate_mae,0.11364483664406917,True,False
primary,learned_latent_var_overlay,1337,future,iot_values,acf_abs_error_mean,0.09049394689086175,True,False
primary,learned_latent_var_overlay,1337,future,iot_values,spectral_l1_mean,0.9241219695185965,True,False
primary,learned_latent_var_overlay,1337,future,iot_values,transition_rate_mae,0.08355626620747619,True,False
primary,learned_latent_var_overlay,1337,future,iot_values,coupling_corr_mae,0.16868140583581281,True,False
primary,learned_latent_var_overlay,1337,future,iot_values,coupling_coactivation_mae,0.2100097356015577,True,False
primary,learned_latent_var_overlay,1337,future,multimodal_balanced,marginal_ks_mean,0.6495080847647007,True,False
primary,learned_latent_var_overlay,1337,future,multimodal_balanced,wasserstein_iqr_mean,90046.29886712617,True,False
primary,learned_latent_var_overlay,1337,future,multimodal_balanced,zero_rate_mae,0.1470539303957252,True,False
primary,learned_latent_var_overlay,1337,future,multimodal_balanced,acf_abs_error_mean,0.3131286859860317,True,False
primary,learned_latent_var_overlay,1337,future,multimodal_balanced,spectral_l1_mean,1.178481209163906,True,False
primary,learned_latent_var_overlay,1337,future,multimodal_balanced,transition_rate_mae,0.09505866294941047,True,False
primary,learned_latent_var_overlay,1337,future,multimodal_balanced,coupling_corr_mae,0.26286096411186477,True,False
primary,learned_latent_var_overlay,1337,future,multimodal_balanced,coupling_coactivation_mae,0.2687995774334643,True,False
primary,learned_latent_var_overlay,1337,future,network_general,marginal_ks_mean,0.5344419994048151,True,False
primary,learned_latent_var_overlay,1337,future,network_general,wasserstein_iqr_mean,154799.3362925153,True,False
primary,learned_latent_var_overlay,1337,future,network_general,zero_rate_mae,0.13538065362519652,True,False
primary,learned_latent_var_overlay,1337,future,network_general,acf_abs_error_mean,0.3929841354776233,True,False
primary,learned_latent_var_overlay,1337,future,network_general,spectral_l1_mean,1.2845885575405518,True,False
primary,learned_latent_var_overlay,1337,future,network_general,transition_rate_mae,0.08793634198757043,True,False
primary,learned_latent_var_overlay,1337,future,network_general,coupling_corr_mae,0.31966541445275587,True,False
primary,learned_latent_var_overlay,1337,future,network_general,coupling_coactivation_mae,0.21045611775993536,True,False
primary,learned_latent_var_overlay,1337,future,network_iot_named,marginal_ks_mean,0.47272307503249456,True,False
primary,learned_latent_var_overlay,1337,future,network_iot_named,wasserstein_iqr_mean,28236.759134634052,True,False
primary,learned_latent_var_overlay,1337,future,network_iot_named,zero_rate_mae,0.10810127289069939,True,False
primary,learned_latent_var_overlay,1337,future,network_iot_named,acf_abs_error_mean,0.26438077505593877,True,False
primary,learned_latent_var_overlay,1337,future,network_iot_named,spectral_l1_mean,1.1438865374530118,True,False
primary,learned_latent_var_overlay,1337,future,network_iot_named,transition_rate_mae,0.07366076501738676,True,False
primary,learned_latent_var_overlay,1337,future,network_iot_named,coupling_corr_mae,0.2418555567266575,True,False
primary,learned_latent_var_overlay,1337,future,network_iot_named,coupling_coactivation_mae,0.15775640054537188,True,False
primary,learned_latent_var_overlay,1338,near,iot_values,marginal_ks_mean,0.5874974379995901,True,False
primary,learned_latent_var_overlay,1338,near,iot_values,wasserstein_iqr_mean,0.923364974382937,True,False
primary,learned_latent_var_overlay,1338,near,iot_values,zero_rate_mae,0.06536175445788071,True,False
primary,learned_latent_var_overlay,1338,near,iot_values,acf_abs_error_mean,0.07492458683494808,True,False
primary,learned_latent_var_overlay,1338,near,iot_values,spectral_l1_mean,0.9287545819351377,True,False
primary,learned_latent_var_overlay,1338,near,iot_values,transition_rate_mae,0.08168055512848107,True,False
primary,learned_latent_var_overlay,1338,near,iot_values,coupling_corr_mae,0.16624489425260974,True,False
primary,learned_latent_var_overlay,1338,near,iot_values,coupling_coactivation_mae,0.1196313281410125,True,False
primary,learned_latent_var_overlay,1338,near,multimodal_balanced,marginal_ks_mean,0.6779907084785134,True,False
primary,learned_latent_var_overlay,1338,near,multimodal_balanced,wasserstein_iqr_mean,314201.5258243266,True,False
primary,learned_latent_var_overlay,1338,near,multimodal_balanced,zero_rate_mae,0.1565730255516841,True,False
primary,learned_latent_var_overlay,1338,near,multimodal_balanced,acf_abs_error_mean,0.27756693467080545,True,False
primary,learned_latent_var_overlay,1338,near,multimodal_balanced,spectral_l1_mean,1.127322708044443,True,False
primary,learned_latent_var_overlay,1338,near,multimodal_balanced,transition_rate_mae,0.10683481442760062,True,False
primary,learned_latent_var_overlay,1338,near,multimodal_balanced,coupling_corr_mae,0.22973217147363542,True,False
primary,learned_latent_var_overlay,1338,near,multimodal_balanced,coupling_coactivation_mae,0.28486807151506166,True,False
primary,learned_latent_var_overlay,1338,near,network_general,marginal_ks_mean,0.606975900116144,True,False
primary,learned_latent_var_overlay,1338,near,network_general,wasserstein_iqr_mean,603594.3005195096,True,False
primary,learned_latent_var_overlay,1338,near,network_general,zero_rate_mae,0.16705865272938444,True,False
primary,learned_latent_var_overlay,1338,near,network_general,acf_abs_error_mean,0.2701578351459269,True,False
primary,learned_latent_var_overlay,1338,near,network_general,spectral_l1_mean,1.1513268848984979,True,False
primary,learned_latent_var_overlay,1338,near,network_general,transition_rate_mae,0.08987483301388162,True,False
primary,learned_latent_var_overlay,1338,near,network_general,coupling_corr_mae,0.2937020301545266,True,False
primary,learned_latent_var_overlay,1338,near,network_general,coupling_coactivation_mae,0.2547417058021512,True,False
primary,learned_latent_var_overlay,1338,near,network_iot_named,marginal_ks_mean,0.5104453870625663,True,False
primary,learned_latent_var_overlay,1338,near,network_iot_named,wasserstein_iqr_mean,30992.588585516067,True,False
primary,learned_latent_var_overlay,1338,near,network_iot_named,zero_rate_mae,0.11871686108165432,True,False
primary,learned_latent_var_overlay,1338,near,network_iot_named,acf_abs_error_mean,0.3257897323380299,True,False
primary,learned_latent_var_overlay,1338,near,network_iot_named,spectral_l1_mean,1.192134530038044,True,False
primary,learned_latent_var_overlay,1338,near,network_iot_named,transition_rate_mae,0.08094880944263885,True,False
primary,learned_latent_var_overlay,1338,near,network_iot_named,coupling_corr_mae,0.19809121333001947,True,False
primary,learned_latent_var_overlay,1338,near,network_iot_named,coupling_coactivation_mae,0.17217501480491934,True,False
primary,learned_latent_var_overlay,1338,future,iot_values,marginal_ks_mean,0.6354943347883079,True,False
primary,learned_latent_var_overlay,1338,future,iot_values,wasserstein_iqr_mean,11715.590806182954,True,False
primary,learned_latent_var_overlay,1338,future,iot_values,zero_rate_mae,0.11428021274572936,True,False
primary,learned_latent_var_overlay,1338,future,iot_values,acf_abs_error_mean,0.08192212109030535,True,False
primary,learned_latent_var_overlay,1338,future,iot_values,spectral_l1_mean,0.9107121886685158,True,False
primary,learned_latent_var_overlay,1338,future,iot_values,transition_rate_mae,0.08334102067382103,True,False
primary,learned_latent_var_overlay,1338,future,iot_values,coupling_corr_mae,0.16487727786025103,True,False
primary,learned_latent_var_overlay,1338,future,iot_values,coupling_coactivation_mae,0.21128048780487804,True,False
primary,learned_latent_var_overlay,1338,future,multimodal_balanced,marginal_ks_mean,0.6505643825987492,True,False
primary,learned_latent_var_overlay,1338,future,multimodal_balanced,wasserstein_iqr_mean,97652.67839189175,True,False
primary,learned_latent_var_overlay,1338,future,multimodal_balanced,zero_rate_mae,0.14798671204497024,True,False
primary,learned_latent_var_overlay,1338,future,multimodal_balanced,acf_abs_error_mean,0.2932056999011955,True,False
primary,learned_latent_var_overlay,1338,future,multimodal_balanced,spectral_l1_mean,1.1555873872596532,True,False
primary,learned_latent_var_overlay,1338,future,multimodal_balanced,transition_rate_mae,0.09514215600859616,True,False
primary,learned_latent_var_overlay,1338,future,multimodal_balanced,coupling_corr_mae,0.24665364864572295,True,False
primary,learned_latent_var_overlay,1338,future,multimodal_balanced,coupling_coactivation_mae,0.2706643684977883,True,False
primary,learned_latent_var_overlay,1338,future,network_general,marginal_ks_mean,0.5405728625181342,True,False
primary,learned_latent_var_overlay,1338,future,network_general,wasserstein_iqr_mean,169199.9853448912,True,False
primary,learned_latent_var_overlay,1338,future,network_general,zero_rate_mae,0.1377035339968574,True,False
primary,learned_latent_var_overlay,1338,future,network_general,acf_abs_error_mean,0.37202294633985167,True,False
primary,learned_latent_var_overlay,1338,future,network_general,spectral_l1_mean,1.2600707549692263,True,False
primary,learned_latent_var_overlay,1338,future,network_general,transition_rate_mae,0.08935209386071903,True,False
primary,learned_latent_var_overlay,1338,future,network_general,coupling_corr_mae,0.3133705881036246,True,False
primary,learned_latent_var_overlay,1338,future,network_general,coupling_coactivation_mae,0.21419166287936175,True,False
primary,learned_latent_var_overlay,1338,future,network_iot_named,marginal_ks_mean,0.467497615403028,True,False
primary,learned_latent_var_overlay,1338,future,network_iot_named,wasserstein_iqr_mean,28706.916920585787,True,False
primary,learned_latent_var_overlay,1338,future,network_iot_named,zero_rate_mae,0.10833608579783469,True,False
primary,learned_latent_var_overlay,1338,future,network_iot_named,acf_abs_error_mean,0.2418449806449977,True,False
primary,learned_latent_var_overlay,1338,future,network_iot_named,spectral_l1_mean,1.112014697268885,True,False
primary,learned_latent_var_overlay,1338,future,network_iot_named,transition_rate_mae,0.07397895406713788,True,False
primary,learned_latent_var_overlay,1338,future,network_iot_named,coupling_corr_mae,0.2303308327750401,True,False
primary,learned_latent_var_overlay,1338,future,network_iot_named,coupling_coactivation_mae,0.1581351310407514,True,False
primary,learned_latent_var_overlay,1339,near,iot_values,marginal_ks_mean,0.585417093666735,True,False
primary,learned_latent_var_overlay,1339,near,iot_values,wasserstein_iqr_mean,0.9279936286684873,True,False
primary,learned_latent_var_overlay,1339,near,iot_values,zero_rate_mae,0.0655667144906743,True,False
primary,learned_latent_var_overlay,1339,near,iot_values,acf_abs_error_mean,0.0834013440908538,True,False
primary,learned_latent_var_overlay,1339,near,iot_values,spectral_l1_mean,0.9010008792050757,True,False
primary,learned_latent_var_overlay,1339,near,iot_values,transition_rate_mae,0.08191630023677009,True,False
primary,learned_latent_var_overlay,1339,near,iot_values,coupling_corr_mae,0.16443600597954056,True,False
primary,learned_latent_var_overlay,1339,near,iot_values,coupling_coactivation_mae,0.11993876819020291,True,False
primary,learned_latent_var_overlay,1339,near,multimodal_balanced,marginal_ks_mean,0.6721617305458768,True,False
primary,learned_latent_var_overlay,1339,near,multimodal_balanced,wasserstein_iqr_mean,309577.3345957258,True,False
primary,learned_latent_var_overlay,1339,near,multimodal_balanced,zero_rate_mae,0.15577090592334494,True,False
primary,learned_latent_var_overlay,1339,near,multimodal_balanced,acf_abs_error_mean,0.3005322554447462,True,False
primary,learned_latent_var_overlay,1339,near,multimodal_balanced,spectral_l1_mean,1.1509839550324814,True,False
primary,learned_latent_var_overlay,1339,near,multimodal_balanced,transition_rate_mae,0.10665330777719696,True,False
primary,learned_latent_var_overlay,1339,near,multimodal_balanced,coupling_corr_mae,0.25283959621194646,True,False
primary,learned_latent_var_overlay,1339,near,multimodal_balanced,coupling_coactivation_mae,0.28326460449254953,True,False
primary,learned_latent_var_overlay,1339,near,network_general,marginal_ks_mean,0.6037964576074332,True,False
primary,learned_latent_var_overlay,1339,near,network_general,wasserstein_iqr_mean,595187.610327107,True,False
primary,learned_latent_var_overlay,1339,near,network_general,zero_rate_mae,0.1661875725900116,True,False
primary,learned_latent_var_overlay,1339,near,network_general,acf_abs_error_mean,0.28402584700520594,True,False
primary,learned_latent_var_overlay,1339,near,network_general,spectral_l1_mean,1.1834277353322404,True,False
primary,learned_latent_var_overlay,1339,near,network_general,transition_rate_mae,0.09019428471859209,True,False
primary,learned_latent_var_overlay,1339,near,network_general,coupling_corr_mae,0.3063576018813844,True,False
primary,learned_latent_var_overlay,1339,near,network_general,coupling_coactivation_mae,0.2533037923546938,True,False
primary,learned_latent_var_overlay,1339,near,network_iot_named,marginal_ks_mean,0.5068928950159066,True,False
primary,learned_latent_var_overlay,1339,near,network_iot_named,wasserstein_iqr_mean,29856.780735742814,True,False
primary,learned_latent_var_overlay,1339,near,network_iot_named,zero_rate_mae,0.11842902590516591,True,False
primary,learned_latent_var_overlay,1339,near,network_iot_named,acf_abs_error_mean,0.3367095604446879,True,False
primary,learned_latent_var_overlay,1339,near,network_iot_named,spectral_l1_mean,1.221369859428873,True,False
primary,learned_latent_var_overlay,1339,near,network_iot_named,transition_rate_mae,0.08063062039288772,True,False
primary,learned_latent_var_overlay,1339,near,network_iot_named,coupling_corr_mae,0.19431913979159823,True,False
primary,learned_latent_var_overlay,1339,near,network_iot_named,coupling_coactivation_mae,0.17171158639875497,True,False
primary,learned_latent_var_overlay,1339,future,iot_values,marginal_ks_mean,0.6350436940445455,True,False
primary,learned_latent_var_overlay,1339,future,iot_values,wasserstein_iqr_mean,11639.447048796226,True,False
primary,learned_latent_var_overlay,1339,future,iot_values,zero_rate_mae,0.11407525271293574,True,False
primary,learned_latent_var_overlay,1339,future,iot_values,acf_abs_error_mean,0.09023714592932121,True,False
primary,learned_latent_var_overlay,1339,future,iot_values,spectral_l1_mean,0.893794323432322,True,False
primary,learned_latent_var_overlay,1339,future,iot_values,transition_rate_mae,0.08365876408064532,True,False
primary,learned_latent_var_overlay,1339,future,iot_values,coupling_corr_mae,0.16599728685574106,True,False
primary,learned_latent_var_overlay,1339,future,iot_values,coupling_coactivation_mae,0.21087056773929083,True,False
primary,learned_latent_var_overlay,1339,future,multimodal_balanced,marginal_ks_mean,0.644082389170061,True,False
primary,learned_latent_var_overlay,1339,future,multimodal_balanced,wasserstein_iqr_mean,93263.99630237062,True,False
primary,learned_latent_var_overlay,1339,future,multimodal_balanced,zero_rate_mae,0.14718459241663112,True,False
primary,learned_latent_var_overlay,1339,future,multimodal_balanced,acf_abs_error_mean,0.3158613454977921,True,False
primary,learned_latent_var_overlay,1339,future,multimodal_balanced,spectral_l1_mean,1.1727892910266273,True,False
primary,learned_latent_var_overlay,1339,future,multimodal_balanced,transition_rate_mae,0.09496064935819248,True,False
primary,learned_latent_var_overlay,1339,future,multimodal_balanced,coupling_corr_mae,0.2696539274627575,True,False
primary,learned_latent_var_overlay,1339,future,multimodal_balanced,coupling_coactivation_mae,0.26906090147527617,True,False
primary,learned_latent_var_overlay,1339,future,network_general,marginal_ks_mean,0.5342749943303673,True,False
primary,learned_latent_var_overlay,1339,future,network_general,wasserstein_iqr_mean,161024.5002061863,True,False
primary,learned_latent_var_overlay,1339,future,network_general,zero_rate_mae,0.13639691378779814,True,False
primary,learned_latent_var_overlay,1339,future,network_general,acf_abs_error_mean,0.39470838748894405,True,False
primary,learned_latent_var_overlay,1339,future,network_general,spectral_l1_mean,1.2835933990363513,True,False
primary,learned_latent_var_overlay,1339,future,network_general,transition_rate_mae,0.08929401173258988,True,False
primary,learned_latent_var_overlay,1339,future,network_general,coupling_corr_mae,0.3255666367937453,True,False
primary,learned_latent_var_overlay,1339,future,network_general,coupling_coactivation_mae,0.2121452557693279,True,False
primary,learned_latent_var_overlay,1339,future,network_iot_named,marginal_ks_mean,0.46324076247888946,True,False
primary,learned_latent_var_overlay,1339,future,network_iot_named,wasserstein_iqr_mean,28337.432807812886,True,False
primary,learned_latent_var_overlay,1339,future,network_iot_named,zero_rate_mae,0.10830578735820433,True,False
primary,learned_latent_var_overlay,1339,future,network_iot_named,acf_abs_error_mean,0.2631002900304892,True,False
primary,learned_latent_var_overlay,1339,future,network_iot_named,spectral_l1_mean,1.1416518953191737,True,False
primary,learned_latent_var_overlay,1339,future,network_iot_named,transition_rate_mae,0.07417592824079335,True,False
primary,learned_latent_var_overlay,1339,future,network_iot_named,coupling_corr_mae,0.24029056828579518,True,False
primary,learned_latent_var_overlay,1339,future,network_iot_named,coupling_coactivation_mae,0.1580931263858093,True,False
primary,learned_latent_var_overlay,1340,near,iot_values,marginal_ks_mean,0.5838696454191432,True,False
primary,learned_latent_var_overlay,1340,near,iot_values,wasserstein_iqr_mean,0.9277910506543743,True,False
primary,learned_latent_var_overlay,1340,near,iot_values,zero_rate_mae,0.06606886657101864,True,False
primary,learned_latent_var_overlay,1340,near,iot_values,acf_abs_error_mean,0.08240373301538491,True,False
primary,learned_latent_var_overlay,1340,near,iot_values,spectral_l1_mean,0.9118824182299943,True,False
primary,learned_latent_var_overlay,1340,near,iot_values,transition_rate_mae,0.08175230363969949,True,False
primary,learned_latent_var_overlay,1340,near,iot_values,coupling_corr_mae,0.1629239224964116,True,False
primary,learned_latent_var_overlay,1340,near,iot_values,coupling_coactivation_mae,0.1206919963107194,True,False
primary,learned_latent_var_overlay,1340,near,multimodal_balanced,marginal_ks_mean,0.6648337688734031,True,False
primary,learned_latent_var_overlay,1340,near,multimodal_balanced,wasserstein_iqr_mean,314242.103101121,True,False
primary,learned_latent_var_overlay,1340,near,multimodal_balanced,zero_rate_mae,0.15639880952380952,True,False
primary,learned_latent_var_overlay,1340,near,multimodal_balanced,acf_abs_error_mean,0.31293414423655114,True,False
primary,learned_latent_var_overlay,1340,near,multimodal_balanced,spectral_l1_mean,1.1672416276482613,True,False
primary,learned_latent_var_overlay,1340,near,multimodal_balanced,transition_rate_mae,0.10670049950630191,True,False
primary,learned_latent_var_overlay,1340,near,multimodal_balanced,coupling_corr_mae,0.2636565879346104,True,False
primary,learned_latent_var_overlay,1340,near,multimodal_balanced,coupling_coactivation_mae,0.2845160871821485,True,False
primary,learned_latent_var_overlay,1340,near,network_general,marginal_ks_mean,0.6081228222996516,True,False
primary,learned_latent_var_overlay,1340,near,network_general,wasserstein_iqr_mean,603210.0505609978,True,False
primary,learned_latent_var_overlay,1340,near,network_general,zero_rate_mae,0.1682999419279907,True,False
primary,learned_latent_var_overlay,1340,near,network_general,acf_abs_error_mean,0.2965411048205891,True,False
primary,learned_latent_var_overlay,1340,near,network_general,spectral_l1_mean,1.1915886016639783,True,False
primary,learned_latent_var_overlay,1340,near,network_general,transition_rate_mae,0.09017250392054364,True,False
primary,learned_latent_var_overlay,1340,near,network_general,coupling_corr_mae,0.3187106126837835,True,False
primary,learned_latent_var_overlay,1340,near,network_general,coupling_coactivation_mae,0.25639865171943643,True,False
primary,learned_latent_var_overlay,1340,near,network_iot_named,marginal_ks_mean,0.49550068171489176,True,False
primary,learned_latent_var_overlay,1340,near,network_iot_named,wasserstein_iqr_mean,29948.227958613035,True,False
primary,learned_latent_var_overlay,1340,near,network_iot_named,zero_rate_mae,0.11838357824572034,True,False
primary,learned_latent_var_overlay,1340,near,network_iot_named,acf_abs_error_mean,0.3379639331206133,True,False
primary,learned_latent_var_overlay,1340,near,network_iot_named,spectral_l1_mean,1.2245793825854328,True,False
primary,learned_latent_var_overlay,1340,near,network_iot_named,transition_rate_mae,0.08050940551679205,True,False
primary,learned_latent_var_overlay,1340,near,network_iot_named,coupling_corr_mae,0.20609288089541528,True,False
primary,learned_latent_var_overlay,1340,near,network_iot_named,coupling_coactivation_mae,0.17167440195011774,True,False
primary,learned_latent_var_overlay,1340,future,iot_values,marginal_ks_mean,0.6326459240639679,True,False
primary,learned_latent_var_overlay,1340,future,iot_values,wasserstein_iqr_mean,11568.88615344847,True,False
primary,learned_latent_var_overlay,1340,future,iot_values,zero_rate_mae,0.11357310063259142,True,False
primary,learned_latent_var_overlay,1340,future,iot_values,acf_abs_error_mean,0.09194380857510431,True,False
primary,learned_latent_var_overlay,1340,future,iot_values,spectral_l1_mean,0.9038031366386238,True,False
primary,learned_latent_var_overlay,1340,future,iot_values,transition_rate_mae,0.08326927216260262,True,False
primary,learned_latent_var_overlay,1340,future,iot_values,coupling_corr_mae,0.16316705215492588,True,False
primary,learned_latent_var_overlay,1340,future,iot_values,coupling_coactivation_mae,0.20986626357860216,True,False
primary,learned_latent_var_overlay,1340,future,multimodal_balanced,marginal_ks_mean,0.6359283586023956,True,False
primary,learned_latent_var_overlay,1340,future,multimodal_balanced,wasserstein_iqr_mean,98226.28931375744,True,False
primary,learned_latent_var_overlay,1340,future,multimodal_balanced,zero_rate_mae,0.14781249601709567,True,False
primary,learned_latent_var_overlay,1340,future,multimodal_balanced,acf_abs_error_mean,0.3282381390517293,True,False
primary,learned_latent_var_overlay,1340,future,multimodal_balanced,spectral_l1_mean,1.1910140522630526,True,False
primary,learned_latent_var_overlay,1340,future,multimodal_balanced,transition_rate_mae,0.09500784108729744,True,False
primary,learned_latent_var_overlay,1340,future,multimodal_balanced,coupling_corr_mae,0.2811853948189951,True,False
primary,learned_latent_var_overlay,1340,future,multimodal_balanced,coupling_coactivation_mae,0.2703123841648751,True,False
primary,learned_latent_var_overlay,1340,future,network_general,marginal_ks_mean,0.5391751589773096,True,False
primary,learned_latent_var_overlay,1340,future,network_general,wasserstein_iqr_mean,169221.13250023793,True,False
primary,learned_latent_var_overlay,1340,future,network_general,zero_rate_mae,0.13840765710951708,True,False
primary,learned_latent_var_overlay,1340,future,network_general,acf_abs_error_mean,0.39824463864226595,True,False
primary,learned_latent_var_overlay,1340,future,network_general,spectral_l1_mean,1.2850872032964726,True,False
primary,learned_latent_var_overlay,1340,future,network_general,transition_rate_mae,0.0893593541267352,True,False
primary,learned_latent_var_overlay,1340,future,network_general,coupling_corr_mae,0.34211639233424385,True,False
primary,learned_latent_var_overlay,1340,future,network_general,coupling_coactivation_mae,0.2151378579003181,True,False
primary,learned_latent_var_overlay,1340,future,network_iot_named,marginal_ks_mean,0.44796543814084855,True,False
primary,learned_latent_var_overlay,1340,future,network_iot_named,wasserstein_iqr_mean,29026.228102382818,True,False
primary,learned_latent_var_overlay,1340,future,network_iot_named,zero_rate_mae,0.10850272721580165,True,False
primary,learned_latent_var_overlay,1340,future,network_iot_named,acf_abs_error_mean,0.2647619157453076,True,False
primary,learned_latent_var_overlay,1340,future,network_iot_named,spectral_l1_mean,1.147731284901489,True,False
primary,learned_latent_var_overlay,1340,future,network_iot_named,transition_rate_mae,0.07447896543103254,True,False
primary,learned_latent_var_overlay,1340,future,network_iot_named,coupling_corr_mae,0.25243076756490823,True,False
primary,learned_latent_var_overlay,1340,future,network_iot_named,coupling_coactivation_mae,0.15841263720372945,True,False
primary,learned_latent_var_overlay,1341,near,iot_values,marginal_ks_mean,0.5856527977044477,True,False
primary,learned_latent_var_overlay,1341,near,iot_values,wasserstein_iqr_mean,0.9199591232908081,True,False
primary,learned_latent_var_overlay,1341,near,iot_values,zero_rate_mae,0.06624308259889322,True,False
primary,learned_latent_var_overlay,1341,near,iot_values,acf_abs_error_mean,0.07699783061555555,True,False
primary,learned_latent_var_overlay,1341,near,iot_values,spectral_l1_mean,0.9144144354290634,True,False
primary,learned_latent_var_overlay,1341,near,iot_values,transition_rate_mae,0.08167030534116416,True,False
primary,learned_latent_var_overlay,1341,near,iot_values,coupling_corr_mae,0.16867604044178985,True,False
primary,learned_latent_var_overlay,1341,near,iot_values,coupling_coactivation_mae,0.12095332035253126,True,False
primary,learned_latent_var_overlay,1341,near,multimodal_balanced,marginal_ks_mean,0.6718568524970965,True,False
primary,learned_latent_var_overlay,1341,near,multimodal_balanced,wasserstein_iqr_mean,308570.77786109404,True,False
primary,learned_latent_var_overlay,1341,near,multimodal_balanced,zero_rate_mae,0.15607941347270615,True,False
primary,learned_latent_var_overlay,1341,near,multimodal_balanced,acf_abs_error_mean,0.29325977008768045,True,False
primary,learned_latent_var_overlay,1341,near,multimodal_balanced,spectral_l1_mean,1.1416058869327008,True,False
primary,learned_latent_var_overlay,1341,near,multimodal_balanced,transition_rate_mae,0.1068493349596329,True,False
primary,learned_latent_var_overlay,1341,near,multimodal_balanced,coupling_corr_mae,0.24471056913930012,True,False
primary,learned_latent_var_overlay,1341,near,multimodal_balanced,coupling_coactivation_mae,0.2838714261002793,True,False
primary,learned_latent_var_overlay,1341,near,network_general,marginal_ks_mean,0.5990490708478514,True,False
primary,learned_latent_var_overlay,1341,near,network_general,wasserstein_iqr_mean,592653.1270328765,True,False
primary,learned_latent_var_overlay,1341,near,network_general,zero_rate_mae,0.1663617886178862,True,False
primary,learned_latent_var_overlay,1341,near,network_general,acf_abs_error_mean,0.27825317191284454,True,False
primary,learned_latent_var_overlay,1341,near,network_general,spectral_l1_mean,1.169132502100834,True,False
primary,learned_latent_var_overlay,1341,near,network_general,transition_rate_mae,0.09033949003891502,True,False
primary,learned_latent_var_overlay,1341,near,network_general,coupling_corr_mae,0.29626822929830765,True,False
primary,learned_latent_var_overlay,1341,near,network_general,coupling_coactivation_mae,0.25379929808614854,True,False
primary,learned_latent_var_overlay,1341,near,network_iot_named,marginal_ks_mean,0.5036055143160126,True,False
primary,learned_latent_var_overlay,1341,near,network_iot_named,wasserstein_iqr_mean,29969.05119699639,True,False
primary,learned_latent_var_overlay,1341,near,network_iot_named,zero_rate_mae,0.11844417512498105,True,False
primary,learned_latent_var_overlay,1341,near,network_iot_named,acf_abs_error_mean,0.33096232126743663,True,False
primary,learned_latent_var_overlay,1341,near,network_iot_named,spectral_l1_mean,1.2204638283946398,True,False
primary,learned_latent_var_overlay,1341,near,network_iot_named,transition_rate_mae,0.08063062039288772,True,False
primary,learned_latent_var_overlay,1341,near,network_iot_named,coupling_corr_mae,0.19241423596844923,True,False
primary,learned_latent_var_overlay,1341,near,network_iot_named,coupling_coactivation_mae,0.1717260470176695,True,False
primary,learned_latent_var_overlay,1341,future,iot_values,marginal_ks_mean,0.6333527755590534,True,False
primary,learned_latent_var_overlay,1341,future,iot_values,wasserstein_iqr_mean,11512.038022468681,True,False
primary,learned_latent_var_overlay,1341,future,iot_values,zero_rate_mae,0.11339888460471685,True,False
primary,learned_latent_var_overlay,1341,future,iot_values,acf_abs_error_mean,0.08662231444242965,True,False
primary,learned_latent_var_overlay,1341,future,iot_values,spectral_l1_mean,0.9022169703276023,True,False
primary,learned_latent_var_overlay,1341,future,iot_values,transition_rate_mae,0.08341276918503941,True,False
primary,learned_latent_var_overlay,1341,future,iot_values,coupling_corr_mae,0.17002789549249492,True,False
primary,learned_latent_var_overlay,1341,future,iot_values,coupling_coactivation_mae,0.20951783152285305,True,False
primary,learned_latent_var_overlay,1341,future,multimodal_balanced,marginal_ks_mean,0.6441044797482339,True,False
primary,learned_latent_var_overlay,1341,future,multimodal_balanced,wasserstein_iqr_mean,92501.57952655487,True,False
primary,learned_latent_var_overlay,1341,future,multimodal_balanced,zero_rate_mae,0.14749309996599233,True,False
primary,learned_latent_var_overlay,1341,future,multimodal_balanced,acf_abs_error_mean,0.30754328478538684,True,False
primary,learned_latent_var_overlay,1341,future,multimodal_balanced,spectral_l1_mean,1.1654617784859087,True,False
primary,learned_latent_var_overlay,1341,future,multimodal_balanced,transition_rate_mae,0.09515667654062847,True,False
primary,learned_latent_var_overlay,1341,future,multimodal_balanced,coupling_corr_mae,0.26127216227864153,True,False
primary,learned_latent_var_overlay,1341,future,multimodal_balanced,coupling_coactivation_mae,0.2696677230830059,True,False
primary,learned_latent_var_overlay,1341,future,network_general,marginal_ks_mean,0.5291765189810805,True,False
primary,learned_latent_var_overlay,1341,future,network_general,wasserstein_iqr_mean,159568.95881809093,True,False
primary,learned_latent_var_overlay,1341,future,network_general,zero_rate_mae,0.137021187887682,True,False
primary,learned_latent_var_overlay,1341,future,network_general,acf_abs_error_mean,0.3853964338922283,True,False
primary,learned_latent_var_overlay,1341,future,network_general,spectral_l1_mean,1.2733283827426802,True,False
primary,learned_latent_var_overlay,1341,future,network_general,transition_rate_mae,0.08993291514201081,True,False
primary,learned_latent_var_overlay,1341,future,network_general,coupling_corr_mae,0.3141073339094799,True,False
primary,learned_latent_var_overlay,1341,future,network_general,coupling_coactivation_mae,0.2132517800333283,True,False
primary,learned_latent_var_overlay,1341,future,network_iot_named,marginal_ks_mean,0.45896162112326366,True,False
primary,learned_latent_var_overlay,1341,future,network_iot_named,wasserstein_iqr_mean,27986.95457386013,True,False
primary,learned_latent_var_overlay,1341,future,network_iot_named,zero_rate_mae,0.10815429516005252,True,False
primary,learned_latent_var_overlay,1341,future,network_iot_named,acf_abs_error_mean,0.2577009136568409,True,False
primary,learned_latent_var_overlay,1341,future,network_iot_named,spectral_l1_mean,1.14125204676308,True,False
primary,learned_latent_var_overlay,1341,future,network_iot_named,transition_rate_mae,0.07384258733153026,True,False
primary,learned_latent_var_overlay,1341,future,network_iot_named,coupling_corr_mae,0.23406508576129095,True,False
primary,learned_latent_var_overlay,1341,future,network_iot_named,coupling_coactivation_mae,0.1578445414606602,True,False
roll0,real_row_resample,1337,near,iot_values,marginal_ks_mean,0.1915720833788061,True,True
roll0,real_row_resample,1337,near,iot_values,wasserstein_iqr_mean,0.6144046390977111,True,True
roll0,real_row_resample,1337,near,iot_values,zero_rate_mae,0.003492306013314422,True,True
roll0,real_row_resample,1337,near,iot_values,acf_abs_error_mean,0.3138676936549445,True,True
roll0,real_row_resample,1337,near,iot_values,spectral_l1_mean,1.278459852435702,True,True
roll0,real_row_resample,1337,near,iot_values,transition_rate_mae,0.00903297992822738,True,True
roll0,real_row_resample,1337,near,iot_values,coupling_corr_mae,0.044218429011185764,True,True
roll0,real_row_resample,1337,near,iot_values,coupling_coactivation_mae,0.006074020517297783,True,True
roll0,real_row_resample,1337,near,multimodal_balanced,marginal_ks_mean,0.22760126777983922,True,True
roll0,real_row_resample,1337,near,multimodal_balanced,wasserstein_iqr_mean,197850.0129556415,True,True
roll0,real_row_resample,1337,near,multimodal_balanced,zero_rate_mae,0.013644094001236862,True,True
roll0,real_row_resample,1337,near,multimodal_balanced,acf_abs_error_mean,0.33034921208222606,True,True
roll0,real_row_resample,1337,near,multimodal_balanced,spectral_l1_mean,1.2732998995968865,True,True
roll0,real_row_resample,1337,near,multimodal_balanced,transition_rate_mae,0.028990760071135848,True,True
roll0,real_row_resample,1337,near,multimodal_balanced,coupling_corr_mae,0.1092322715832834,True,True
roll0,real_row_resample,1337,near,multimodal_balanced,coupling_coactivation_mae,0.022744953880972113,True,True
roll0,real_row_resample,1337,near,network_general,marginal_ks_mean,0.23879097093382806,True,True
roll0,real_row_resample,1337,near,network_general,wasserstein_iqr_mean,392587.2839919044,True,True
roll0,real_row_resample,1337,near,network_general,zero_rate_mae,0.020282544836116276,True,True
roll0,real_row_resample,1337,near,network_general,acf_abs_error_mean,0.3200581201904984,True,True
roll0,real_row_resample,1337,near,network_general,spectral_l1_mean,1.2261346391770147,True,True
roll0,real_row_resample,1337,near,network_general,transition_rate_mae,0.035964200108250216,True,True
roll0,real_row_resample,1337,near,network_general,coupling_corr_mae,0.19482078815744228,True,True
roll0,real_row_resample,1337,near,network_general,coupling_coactivation_mae,0.028015010351966886,True,True
roll0,real_row_resample,1337,near,network_iot_named,marginal_ks_mean,0.19602524804388158,True,True
roll0,real_row_resample,1337,near,network_iot_named,wasserstein_iqr_mean,5768.68350880594,True,True
roll0,real_row_resample,1337,near,network_iot_named,zero_rate_mae,0.007037993062837778,True,True
roll0,real_row_resample,1337,near,network_iot_named,acf_abs_error_mean,0.28727156542353305,True,True
roll0,real_row_resample,1337,near,network_iot_named,spectral_l1_mean,1.2187306222115872,True,True
roll0,real_row_resample,1337,near,network_iot_named,transition_rate_mae,0.0206146057103668,True,True
roll0,real_row_resample,1337,near,network_iot_named,coupling_corr_mae,0.10685300544229469,True,True
roll0,real_row_resample,1337,near,network_iot_named,coupling_coactivation_mae,0.009535848115746485,True,True
roll0,real_row_resample,1337,future,iot_values,marginal_ks_mean,0.21792808032303834,True,True
roll0,real_row_resample,1337,future,iot_values,wasserstein_iqr_mean,1.1063853758899242,True,True
roll0,real_row_resample,1337,future,iot_values,zero_rate_mae,0.004870129870129873,True,True
roll0,real_row_resample,1337,future,iot_values,acf_abs_error_mean,0.3283122874018432,True,True
roll0,real_row_resample,1337,future,iot_values,spectral_l1_mean,1.290480362409879,True,True
roll0,real_row_resample,1337,future,iot_values,transition_rate_mae,0.010452058345954947,True,True
roll0,real_row_resample,1337,future,iot_values,coupling_corr_mae,0.055407194097927964,True,True
roll0,real_row_resample,1337,future,iot_values,coupling_coactivation_mae,0.0077383226017679815,True,True
roll0,real_row_resample,1337,future,multimodal_balanced,marginal_ks_mean,0.30017006802721086,True,True
roll0,real_row_resample,1337,future,multimodal_balanced,wasserstein_iqr_mean,123219.51090610288,True,True
roll0,real_row_resample,1337,future,multimodal_balanced,zero_rate_mae,0.04048778602350032,True,True
roll0,real_row_resample,1337,future,multimodal_balanced,acf_abs_error_mean,0.28152275335966814,True,True
roll0,real_row_resample,1337,future,multimodal_balanced,spectral_l1_mean,1.256157364969277,True,True
roll0,real_row_resample,1337,future,multimodal_balanced,transition_rate_mae,0.032518557179308745,True,True
roll0,real_row_resample,1337,future,multimodal_balanced,coupling_corr_mae,0.07137226765141833,True,True
roll0,real_row_resample,1337,future,multimodal_balanced,coupling_coactivation_mae,0.06784896018368664,True,True
roll0,real_row_resample,1337,future,network_general,marginal_ks_mean,0.39679962894248605,True,True
roll0,real_row_resample,1337,future,network_general,wasserstein_iqr_mean,246311.96763624137,True,True
roll0,real_row_resample,1337,future,network_general,zero_rate_mae,0.07224992269635126,True,True
roll0,real_row_resample,1337,future,network_general,acf_abs_error_mean,0.24073564350830134,True,True
roll0,real_row_resample,1337,future,network_general,spectral_l1_mean,1.2523625360452526,True,True
roll0,real_row_resample,1337,future,network_general,transition_rate_mae,0.047253150854403465,True,True
roll0,real_row_resample,1337,future,network_general,coupling_corr_mae,0.12335428221760378,True,True
roll0,real_row_resample,1337,future,network_general,coupling_coactivation_mae,0.10074429969616307,True,True
roll0,real_row_resample,1337,future,network_iot_named,marginal_ks_mean,0.25017141243849317,True,True
roll0,real_row_resample,1337,future,network_iot_named,wasserstein_iqr_mean,4639.767944663224,True,True
roll0,real_row_resample,1337,future,network_iot_named,zero_rate_mae,0.024159070742921684,True,True
roll0,real_row_resample,1337,future,network_iot_named,acf_abs_error_mean,0.19709735305000733,True,True
roll0,real_row_resample,1337,future,network_iot_named,spectral_l1_mean,1.1218140918381305,True,True
roll0,real_row_resample,1337,future,network_iot_named,transition_rate_mae,0.023156132441781895,True,True
roll0,real_row_resample,1337,future,network_iot_named,coupling_corr_mae,0.11785270291997994,True,True
roll0,real_row_resample,1337,future,network_iot_named,coupling_coactivation_mae,0.032826856937528875,True,True
roll0,real_contiguous_block,1337,near,iot_values,marginal_ks_mean,0.23972770926552436,True,True
roll0,real_contiguous_block,1337,near,iot_values,wasserstein_iqr_mean,0.6869859726229278,True,True
roll0,real_contiguous_block,1337,near,iot_values,zero_rate_mae,0.0018007202881152452,True,True
roll0,real_contiguous_block,1337,near,iot_values,acf_abs_error_mean,0.01784191834976003,True,True
roll0,real_contiguous_block,1337,near,iot_values,spectral_l1_mean,0.804437683885768,True,True
roll0,real_contiguous_block,1337,near,iot_values,transition_rate_mae,0.005512573853480158,True,True
roll0,real_contiguous_block,1337,near,iot_values,coupling_corr_mae,0.03566423002189455,True,True
roll0,real_contiguous_block,1337,near,iot_values,coupling_coactivation_mae,0.003227995743752037,True,True
roll0,real_contiguous_block,1337,near,multimodal_balanced,marginal_ks_mean,0.25060393475572046,True,True
roll0,real_contiguous_block,1337,near,multimodal_balanced,wasserstein_iqr_mean,12509.572275202621,True,True
roll0,real_contiguous_block,1337,near,multimodal_balanced,zero_rate_mae,0.014479939703153989,True,True
roll0,real_contiguous_block,1337,near,multimodal_balanced,acf_abs_error_mean,0.09976710513688873,True,True
roll0,real_contiguous_block,1337,near,multimodal_balanced,spectral_l1_mean,0.930695016743447,True,True
roll0,real_contiguous_block,1337,near,multimodal_balanced,transition_rate_mae,0.01191235598855641,True,True
roll0,real_contiguous_block,1337,near,multimodal_balanced,coupling_corr_mae,0.12119613667466153,True,True
roll0,real_contiguous_block,1337,near,multimodal_balanced,coupling_coactivation_mae,0.024146699298674985,True,True
roll0,real_contiguous_block,1337,near,network_general,marginal_ks_mean,0.2374188311688312,True,True
roll0,real_contiguous_block,1337,near,network_general,wasserstein_iqr_mean,20756.49961205715,True,True
roll0,real_contiguous_block,1337,near,network_general,zero_rate_mae,0.020176252319109463,True,True
roll0,real_contiguous_block,1337,near,network_general,acf_abs_error_mean,0.16265680510755698,True,True
roll0,real_contiguous_block,1337,near,network_general,spectral_l1_mean,1.0142449296564866,True,True
roll0,real_contiguous_block,1337,near,network_general,transition_rate_mae,0.014014536457125186,True,True
roll0,real_contiguous_block,1337,near,network_general,coupling_corr_mae,0.17050945056789243,True,True
roll0,real_contiguous_block,1337,near,network_general,coupling_coactivation_mae,0.02793602618913178,True,True
roll0,real_contiguous_block,1337,near,network_iot_named,marginal_ks_mean,0.2070763087843833,True,True
roll0,real_contiguous_block,1337,near,network_iot_named,wasserstein_iqr_mean,6837.4216187543025,True,True
roll0,real_contiguous_block,1337,near,network_iot_named,zero_rate_mae,0.008792449786238611,True,True
roll0,real_contiguous_block,1337,near,network_iot_named,acf_abs_error_mean,0.12711112292903676,True,True
roll0,real_contiguous_block,1337,near,network_iot_named,spectral_l1_mean,1.0032576241566358,True,True
roll0,real_contiguous_block,1337,near,network_iot_named,transition_rate_mae,0.00993414218430103,True,True
roll0,real_contiguous_block,1337,near,network_iot_named,coupling_corr_mae,0.1318557258979852,True,True
roll0,real_contiguous_block,1337,near,network_iot_named,coupling_coactivation_mae,0.012059369202226345,True,True
roll0,real_contiguous_block,1337,future,iot_values,marginal_ks_mean,0.21189839572192515,True,True
roll0,real_contiguous_block,1337,future,iot_values,wasserstein_iqr_mean,1.1990686107787993,True,True
roll0,real_contiguous_block,1337,future,iot_values,zero_rate_mae,0.0017052275455636766,True,True
roll0,real_contiguous_block,1337,future,iot_values,acf_abs_error_mean,0.02535640478432839,True,True
roll0,real_contiguous_block,1337,future,iot_values,spectral_l1_mean,0.8381820401312096,True,True
roll0,real_contiguous_block,1337,future,iot_values,transition_rate_mae,0.0016373981743010339,True,True
roll0,real_contiguous_block,1337,future,iot_values,coupling_corr_mae,0.06611958643737627,True,True
roll0,real_contiguous_block,1337,future,iot_values,coupling_coactivation_mae,0.0027471215759030942,True,True
roll0,real_contiguous_block,1337,future,multimodal_balanced,marginal_ks_mean,0.30297715677179965,True,True
roll0,real_contiguous_block,1337,future,multimodal_balanced,wasserstein_iqr_mean,303515.51373028685,True,True
roll0,real_contiguous_block,1337,future,multimodal_balanced,zero_rate_mae,0.038849914965986394,True,True
roll0,real_contiguous_block,1337,future,multimodal_balanced,acf_abs_error_mean,0.11338442542551726,True,True
roll0,real_contiguous_block,1337,future,multimodal_balanced,spectral_l1_mean,0.9902348954389852,True,True
roll0,real_contiguous_block,1337,future,multimodal_balanced,transition_rate_mae,0.016039395345240855,True,True
roll0,real_contiguous_block,1337,future,multimodal_balanced,coupling_corr_mae,0.08779465989208411,True,True
roll0,real_contiguous_block,1337,future,multimodal_balanced,coupling_coactivation_mae,0.0654348659192884,True,True
roll0,real_contiguous_block,1337,future,network_general,marginal_ks_mean,0.39760165429808286,True,True
roll0,real_contiguous_block,1337,future,network_general,wasserstein_iqr_mean,608266.4873856407,True,True
roll0,real_contiguous_block,1337,future,network_general,zero_rate_mae,0.07158317872603587,True,True
roll0,real_contiguous_block,1337,future,network_general,acf_abs_error_mean,0.20475972151526314,True,True
roll0,real_contiguous_block,1337,future,network_general,spectral_l1_mean,1.1459941036478485,True,True
roll0,real_contiguous_block,1337,future,network_general,transition_rate_mae,0.02911157504059383,True,True
roll0,real_contiguous_block,1337,future,network_general,coupling_corr_mae,0.11970342872950432,True,True
roll0,real_contiguous_block,1337,future,network_general,coupling_coactivation_mae,0.09990572315882874,True,True
roll0,real_contiguous_block,1337,future,network_iot_named,marginal_ks_mean,0.2632088408485925,True,True
roll0,real_contiguous_block,1337,future,network_iot_named,wasserstein_iqr_mean,5083.208862602336,True,True
roll0,real_contiguous_block,1337,future,network_iot_named,zero_rate_mae,0.021960958296362024,True,True
roll0,real_contiguous_block,1337,future,network_iot_named,acf_abs_error_mean,0.11627423660649398,True,True
roll0,real_contiguous_block,1337,future,network_iot_named,spectral_l1_mean,0.9899956976598563,True,True
roll0,real_contiguous_block,1337,future,network_iot_named,transition_rate_mae,0.01433138684659062,True,True
roll0,real_contiguous_block,1337,future,network_iot_named,coupling_corr_mae,0.1098965670559358,True,True
roll0,real_contiguous_block,1337,future,network_iot_named,coupling_coactivation_mae,0.029885346161461348,True,True
roll0,independent_marginals,1337,near,iot_values,marginal_ks_mean,0.1944914329368111,True,True
roll0,independent_marginals,1337,near,iot_values,wasserstein_iqr_mean,0.6121802262752208,True,True
roll0,independent_marginals,1337,near,iot_values,zero_rate_mae,0.0027556477136309104,True,True
roll0,independent_marginals,1337,near,iot_values,acf_abs_error_mean,0.31480123995859816,True,True
roll0,independent_marginals,1337,near,iot_values,spectral_l1_mean,1.2814532429740342,True,True
roll0,independent_marginals,1337,near,iot_values,transition_rate_mae,0.009469619441374325,True,True
roll0,independent_marginals,1337,near,iot_values,coupling_corr_mae,0.07339145239296577,True,True
roll0,independent_marginals,1337,near,iot_values,coupling_coactivation_mae,0.00820214449416128,True,True
roll0,independent_marginals,1337,near,multimodal_balanced,marginal_ks_mean,0.2283646413110699,True,True
roll0,independent_marginals,1337,near,multimodal_balanced,wasserstein_iqr_mean,108515.97674275657,True,True
roll0,independent_marginals,1337,near,multimodal_balanced,zero_rate_mae,0.014277017625231911,True,True
roll0,independent_marginals,1337,near,multimodal_balanced,acf_abs_error_mean,0.33103789592563504,True,True
roll0,independent_marginals,1337,near,multimodal_balanced,spectral_l1_mean,1.2748729207811518,True,True
roll0,independent_marginals,1337,near,multimodal_balanced,transition_rate_mae,0.030111922987705864,True,True
roll0,independent_marginals,1337,near,multimodal_balanced,coupling_corr_mae,0.14915276368359906,True,True
roll0,independent_marginals,1337,near,multimodal_balanced,coupling_coactivation_mae,0.025027467466677184,True,True
roll0,independent_marginals,1337,near,network_general,marginal_ks_mean,0.23904220779220778,True,True
roll0,independent_marginals,1337,near,network_general,wasserstein_iqr_mean,218731.32605235942,True,True
roll0,independent_marginals,1337,near,network_general,zero_rate_mae,0.020823670377241813,True,True
roll0,independent_marginals,1337,near,network_general,acf_abs_error_mean,0.3216908061244319,True,True
roll0,independent_marginals,1337,near,network_general,spectral_l1_mean,1.225622720360576,True,True
roll0,independent_marginals,1337,near,network_general,transition_rate_mae,0.0373076625686229,True,True
roll0,independent_marginals,1337,near,network_general,coupling_corr_mae,0.30613694986390594,True,True
roll0,independent_marginals,1337,near,network_general,coupling_coactivation_mae,0.030207240999166468,True,True
roll0,independent_marginals,1337,near,network_iot_named,marginal_ks_mean,0.19428087440509798,True,True
roll0,independent_marginals,1337,near,network_iot_named,wasserstein_iqr_mean,2915.213275318177,True,True
roll0,independent_marginals,1337,near,network_iot_named,zero_rate_mae,0.007612728886020811,True,True
roll0,independent_marginals,1337,near,network_iot_named,acf_abs_error_mean,0.2858108105132138,True,True
roll0,independent_marginals,1337,near,network_iot_named,spectral_l1_mean,1.233117318351426,True,True
roll0,independent_marginals,1337,near,network_iot_named,transition_rate_mae,0.021290329087370018,True,True
roll0,independent_marginals,1337,near,network_iot_named,coupling_corr_mae,0.23567055724061198,True,True
roll0,independent_marginals,1337,near,network_iot_named,coupling_coactivation_mae,0.011071226909736226,True,True
roll0,independent_marginals,1337,future,iot_values,marginal_ks_mean,0.21938775510204084,True,True
roll0,independent_marginals,1337,future,iot_values,wasserstein_iqr_mean,1.1012723906399455,True,True
roll0,independent_marginals,1337,future,iot_values,zero_rate_mae,0.0041880388519044,True,True
roll0,independent_marginals,1337,future,iot_values,acf_abs_error_mean,0.328233495906762,True,True
roll0,independent_marginals,1337,future,iot_values,spectral_l1_mean,1.2928001245167193,True,True
roll0,independent_marginals,1337,future,iot_values,transition_rate_mae,0.011843846794110826,True,True
roll0,independent_marginals,1337,future,iot_values,coupling_corr_mae,0.08524617929680381,True,True
roll0,independent_marginals,1337,future,iot_values,coupling_coactivation_mae,0.009934655680454008,True,True
roll0,independent_marginals,1337,future,multimodal_balanced,marginal_ks_mean,0.2992907390228819,True,True
roll0,independent_marginals,1337,future,multimodal_balanced,wasserstein_iqr_mean,199721.09567988326,True,True
roll0,independent_marginals,1337,future,multimodal_balanced,zero_rate_mae,0.040038458565244274,True,True
roll0,independent_marginals,1337,future,multimodal_balanced,acf_abs_error_mean,0.2807358693500234,True,True
roll0,independent_marginals,1337,future,multimodal_balanced,spectral_l1_mean,1.261338796446332,True,True
roll0,independent_marginals,1337,future,multimodal_balanced,transition_rate_mae,0.032644204747545036,True,True
roll0,independent_marginals,1337,future,multimodal_balanced,coupling_corr_mae,0.11008253304425768,True,True
roll0,independent_marginals,1337,future,multimodal_balanced,coupling_coactivation_mae,0.06760676949696706,True,True
roll0,independent_marginals,1337,future,network_general,marginal_ks_mean,0.39562074829931976,True,True
roll0,independent_marginals,1337,future,network_general,wasserstein_iqr_mean,398967.2357834995,True,True
roll0,independent_marginals,1337,future,network_general,zero_rate_mae,0.07205666357452072,True,True
roll0,independent_marginals,1337,future,network_general,acf_abs_error_mean,0.242164827371996,True,True
roll0,independent_marginals,1337,future,network_general,spectral_l1_mean,1.25958359126692,True,True
roll0,independent_marginals,1337,future,network_general,transition_rate_mae,0.04755277197865924,True,True
roll0,independent_marginals,1337,future,network_general,coupling_corr_mae,0.30097614862379796,True,True
roll0,independent_marginals,1337,future,network_general,coupling_coactivation_mae,0.10081572154553521,True,True
roll0,independent_marginals,1337,future,network_iot_named,marginal_ks_mean,0.24741873033798506,True,True
roll0,independent_marginals,1337,future,network_iot_named,wasserstein_iqr_mean,6948.83878719865,True,True
roll0,independent_marginals,1337,future,network_iot_named,zero_rate_mae,0.02301968218117287,True,True
roll0,independent_marginals,1337,future,network_iot_named,acf_abs_error_mean,0.19446669622629156,True,True
roll0,independent_marginals,1337,future,network_iot_named,spectral_l1_mean,1.1342250973099686,True,True
roll0,independent_marginals,1337,future,network_iot_named,transition_rate_mae,0.02286365515919841,True,True
roll0,independent_marginals,1337,future,network_iot_named,coupling_corr_mae,0.2253541961677114,True,True
roll0,independent_marginals,1337,future,network_iot_named,coupling_coactivation_mae,0.03196062830450182,True,True
roll0,column_shuffle,1337,near,iot_values,marginal_ks_mean,0.23972770926552436,True,True
roll0,column_shuffle,1337,near,iot_values,wasserstein_iqr_mean,0.6869859726229278,True,True
roll0,column_shuffle,1337,near,iot_values,zero_rate_mae,0.0018007202881152452,True,True
roll0,column_shuffle,1337,near,iot_values,acf_abs_error_mean,0.3150893568690885,True,True
roll0,column_shuffle,1337,near,iot_values,spectral_l1_mean,1.282213552910539,True,True
roll0,column_shuffle,1337,near,iot_values,transition_rate_mae,0.009060269897799064,True,True
roll0,column_shuffle,1337,near,iot_values,coupling_corr_mae,0.07146143202895826,True,True
roll0,column_shuffle,1337,near,iot_values,coupling_coactivation_mae,0.0064048346611371805,True,True
roll0,column_shuffle,1337,near,multimodal_balanced,marginal_ks_mean,0.25060393475572046,True,True
roll0,column_shuffle,1337,near,multimodal_balanced,wasserstein_iqr_mean,12509.572275202621,True,True
roll0,column_shuffle,1337,near,multimodal_balanced,zero_rate_mae,0.014479939703153989,True,True
roll0,column_shuffle,1337,near,multimodal_balanced,acf_abs_error_mean,0.3315561392194481,True,True
roll0,column_shuffle,1337,near,multimodal_balanced,spectral_l1_mean,1.2729869792803314,True,True
roll0,column_shuffle,1337,near,multimodal_balanced,transition_rate_mae,0.02964799350498724,True,True
roll0,column_shuffle,1337,near,multimodal_balanced,coupling_corr_mae,0.14809566699917937,True,True
roll0,column_shuffle,1337,near,multimodal_balanced,coupling_coactivation_mae,0.02541521927920104,True,True
roll0,column_shuffle,1337,near,network_general,marginal_ks_mean,0.2374188311688312,True,True
roll0,column_shuffle,1337,near,network_general,wasserstein_iqr_mean,20756.49961205715,True,True
roll0,column_shuffle,1337,near,network_general,zero_rate_mae,0.020176252319109463,True,True
roll0,column_shuffle,1337,near,network_general,acf_abs_error_mean,0.32024936700761597,True,True
roll0,column_shuffle,1337,near,network_general,spectral_l1_mean,1.2174728463716793,True,True
roll0,column_shuffle,1337,near,network_general,transition_rate_mae,0.03680507229567772,True,True
roll0,column_shuffle,1337,near,network_general,coupling_corr_mae,0.30360204962575055,True,True
roll0,column_shuffle,1337,near,network_general,coupling_coactivation_mae,0.02946277325159313,True,True
roll0,column_shuffle,1337,near,network_iot_named,marginal_ks_mean,0.2070763087843833,True,True
roll0,column_shuffle,1337,near,network_iot_named,wasserstein_iqr_mean,6837.4216187543025,True,True
roll0,column_shuffle,1337,near,network_iot_named,zero_rate_mae,0.008792449786238611,True,True
roll0,column_shuffle,1337,near,network_iot_named,acf_abs_error_mean,0.287161090557255,True,True
roll0,column_shuffle,1337,near,network_iot_named,spectral_l1_mean,1.23349042637231,True,True
roll0,column_shuffle,1337,near,network_iot_named,transition_rate_mae,0.021804685687775455,True,True
roll0,column_shuffle,1337,near,network_iot_named,coupling_corr_mae,0.23581175083678171,True,True
roll0,column_shuffle,1337,near,network_iot_named,coupling_coactivation_mae,0.012717519634515683,True,True
roll0,column_shuffle,1337,future,iot_values,marginal_ks_mean,0.21189839572192515,True,True
roll0,column_shuffle,1337,future,iot_values,wasserstein_iqr_mean,1.1990686107787993,True,True
roll0,column_shuffle,1337,future,iot_values,zero_rate_mae,0.0017052275455636766,True,True
roll0,column_shuffle,1337,future,iot_values,acf_abs_error_mean,0.3303275193527706,True,True
roll0,column_shuffle,1337,future,iot_values,spectral_l1_mean,1.2934720810735347,True,True
roll0,column_shuffle,1337,future,iot_values,transition_rate_mae,0.009933548924092947,True,True
roll0,column_shuffle,1337,future,iot_values,coupling_corr_mae,0.08374506423283001,True,True
roll0,column_shuffle,1337,future,iot_values,coupling_coactivation_mae,0.005848930481283434,True,True
roll0,column_shuffle,1337,future,multimodal_balanced,marginal_ks_mean,0.30297715677179965,True,True
roll0,column_shuffle,1337,future,multimodal_balanced,wasserstein_iqr_mean,303515.51373028685,True,True
roll0,column_shuffle,1337,future,multimodal_balanced,zero_rate_mae,0.038849914965986394,True,True
roll0,column_shuffle,1337,future,multimodal_balanced,acf_abs_error_mean,0.28308359777072317,True,True
roll0,column_shuffle,1337,future,multimodal_balanced,spectral_l1_mean,1.2593160816978204,True,True
roll0,column_shuffle,1337,future,multimodal_balanced,transition_rate_mae,0.031416724657852,True,True
roll0,column_shuffle,1337,future,multimodal_balanced,coupling_corr_mae,0.1106723765520154,True,True
roll0,column_shuffle,1337,future,multimodal_balanced,coupling_coactivation_mae,0.06591143468993013,True,True
roll0,column_shuffle,1337,future,network_general,marginal_ks_mean,0.39760165429808286,True,True
roll0,column_shuffle,1337,future,network_general,wasserstein_iqr_mean,608266.4873856407,True,True
roll0,column_shuffle,1337,future,network_general,zero_rate_mae,0.07158317872603587,True,True
roll0,column_shuffle,1337,future,network_general,acf_abs_error_mean,0.2411651198080096,True,True
roll0,column_shuffle,1337,future,network_general,spectral_l1_mean,1.2502225876532347,True,True
roll0,column_shuffle,1337,future,network_general,transition_rate_mae,0.046025670764710425,True,True
roll0,column_shuffle,1337,future,network_general,coupling_corr_mae,0.29888049723082244,True,True
roll0,column_shuffle,1337,future,network_general,coupling_coactivation_mae,0.10013679384797396,True,True
roll0,column_shuffle,1337,future,network_iot_named,marginal_ks_mean,0.2632088408485925,True,True
roll0,column_shuffle,1337,future,network_iot_named,wasserstein_iqr_mean,5083.208862602336,True,True
roll0,column_shuffle,1337,future,network_iot_named,zero_rate_mae,0.021960958296362024,True,True
roll0,column_shuffle,1337,future,network_iot_named,acf_abs_error_mean,0.20478847730200547,True,True
roll0,column_shuffle,1337,future,network_iot_named,spectral_l1_mean,1.1407216764622272,True,True
roll0,column_shuffle,1337,future,network_iot_named,transition_rate_mae,0.020876826722338208,True,True
roll0,column_shuffle,1337,future,network_iot_named,coupling_corr_mae,0.2364044497976974,True,True
roll0,column_shuffle,1337,future,network_iot_named,coupling_coactivation_mae,0.030536163441301778,True,True
roll0,hurdle_iid,1337,near,iot_values,marginal_ks_mean,0.1964558550693005,True,True
roll0,hurdle_iid,1337,near,iot_values,wasserstein_iqr_mean,0.613849489645503,True,True
roll0,hurdle_iid,1337,near,iot_values,zero_rate_mae,0.003846993342791664,True,True
roll0,hurdle_iid,1337,near,iot_values,acf_abs_error_mean,0.3158420686096791,True,True
roll0,hurdle_iid,1337,near,iot_values,spectral_l1_mean,1.2783281761656502,True,True
roll0,hurdle_iid,1337,near,iot_values,transition_rate_mae,0.008541760475937068,True,True
roll0,hurdle_iid,1337,near,iot_values,coupling_corr_mae,0.0705894816270512,True,True
roll0,hurdle_iid,1337,near,iot_values,coupling_coactivation_mae,0.00976583815344318,True,True
roll0,hurdle_iid,1337,near,multimodal_balanced,marginal_ks_mean,0.2296932977736549,True,True
roll0,hurdle_iid,1337,near,multimodal_balanced,wasserstein_iqr_mean,75217.3901153679,True,True
roll0,hurdle_iid,1337,near,multimodal_balanced,zero_rate_mae,0.014818143166357456,True,True
roll0,hurdle_iid,1337,near,multimodal_balanced,acf_abs_error_mean,0.3308397927144158,True,True
roll0,hurdle_iid,1337,near,multimodal_balanced,spectral_l1_mean,1.2769880047660427,True,True
roll0,hurdle_iid,1337,near,multimodal_balanced,transition_rate_mae,0.030126420784040823,True,True
roll0,hurdle_iid,1337,near,multimodal_balanced,coupling_corr_mae,0.14798466350073256,True,True
roll0,hurdle_iid,1337,near,multimodal_balanced,coupling_coactivation_mae,0.025864855129672754,True,True
roll0,hurdle_iid,1337,near,network_general,marginal_ks_mean,0.23886827458256032,True,True
roll0,hurdle_iid,1337,near,network_general,wasserstein_iqr_mean,147119.1696532529,True,True
roll0,hurdle_iid,1337,near,network_general,zero_rate_mae,0.02019557823129251,True,True
roll0,hurdle_iid,1337,near,network_general,acf_abs_error_mean,0.3176112403926104,True,True
roll0,hurdle_iid,1337,near,network_general,spectral_l1_mean,1.222340251681598,True,True
roll0,hurdle_iid,1337,near,network_general,transition_rate_mae,0.03780058764401144,True,True
roll0,hurdle_iid,1337,near,network_general,coupling_corr_mae,0.30355528070849497,True,True
roll0,hurdle_iid,1337,near,network_general,coupling_coactivation_mae,0.029332533408620364,True,True
roll0,hurdle_iid,1337,near,network_iot_named,marginal_ks_mean,0.19504718883600872,True,True
roll0,hurdle_iid,1337,near,network_iot_named,wasserstein_iqr_mean,6807.186117600843,True,True
roll0,hurdle_iid,1337,near,network_iot_named,zero_rate_mae,0.008116883116883128,True,True
roll0,hurdle_iid,1337,near,network_iot_named,acf_abs_error_mean,0.28841463862244954,True,True
roll0,hurdle_iid,1337,near,network_iot_named,spectral_l1_mean,1.2407428462770718,True,True
roll0,hurdle_iid,1337,near,network_iot_named,transition_rate_mae,0.022087077546821578,True,True
roll0,hurdle_iid,1337,near,network_iot_named,coupling_corr_mae,0.2324526215088614,True,True
roll0,hurdle_iid,1337,near,network_iot_named,coupling_coactivation_mae,0.01179720900217795,True,True
roll0,hurdle_iid,1337,future,iot_values,marginal_ks_mean,0.21566353814252978,True,True
roll0,hurdle_iid,1337,future,iot_values,wasserstein_iqr_mean,1.0973568453899025,True,True
roll0,hurdle_iid,1337,future,iot_values,zero_rate_mae,0.003396813270762861,True,True
roll0,hurdle_iid,1337,future,iot_values,acf_abs_error_mean,0.3276005082888136,True,True
roll0,hurdle_iid,1337,future,iot_values,spectral_l1_mean,1.2940384101950562,True,True
roll0,hurdle_iid,1337,future,iot_values,transition_rate_mae,0.010779537980815148,True,True
roll0,hurdle_iid,1337,future,iot_values,coupling_corr_mae,0.08635508691858274,True,True
roll0,hurdle_iid,1337,future,iot_values,coupling_coactivation_mae,0.008868888464476692,True,True
roll0,hurdle_iid,1337,future,multimodal_balanced,marginal_ks_mean,0.2983486008039579,True,True
roll0,hurdle_iid,1337,future,multimodal_balanced,wasserstein_iqr_mean,229328.4040754505,True,True
roll0,hurdle_iid,1337,future,multimodal_balanced,zero_rate_mae,0.04034767316017316,True,True
roll0,hurdle_iid,1337,future,multimodal_balanced,acf_abs_error_mean,0.28138393711790805,True,True
roll0,hurdle_iid,1337,future,multimodal_balanced,spectral_l1_mean,1.2662620642586242,True,True
roll0,hurdle_iid,1337,future,multimodal_balanced,transition_rate_mae,0.03239774220985076,True,True
roll0,hurdle_iid,1337,future,multimodal_balanced,coupling_corr_mae,0.10917495916519329,True,True
roll0,hurdle_iid,1337,future,multimodal_balanced,coupling_coactivation_mae,0.06800952973065434,True,True
roll0,hurdle_iid,1337,future,network_general,marginal_ks_mean,0.39512793753865183,True,True
roll0,hurdle_iid,1337,future,network_general,wasserstein_iqr_mean,458752.07502899016,True,True
roll0,hurdle_iid,1337,future,network_general,zero_rate_mae,0.07239486703772419,True,True
roll0,hurdle_iid,1337,future,network_general,acf_abs_error_mean,0.2398293386246554,True,True
roll0,hurdle_iid,1337,future,network_general,spectral_l1_mean,1.2592774672069453,True,True
roll0,hurdle_iid,1337,future,network_general,transition_rate_mae,0.04721449006417691,True,True
roll0,hurdle_iid,1337,future,network_general,coupling_corr_mae,0.2969323017251654,True,True
roll0,hurdle_iid,1337,future,network_general,coupling_coactivation_mae,0.10119635798983627,True,True
roll0,hurdle_iid,1337,future,network_iot_named,marginal_ks_mean,0.2476708074534161,True,True
roll0,hurdle_iid,1337,future,network_iot_named,wasserstein_iqr_mean,4367.455480550939,True,True
roll0,hurdle_iid,1337,future,network_iot_named,zero_rate_mae,0.023322174719690246,True,True
roll0,hurdle_iid,1337,future,network_iot_named,acf_abs_error_mean,0.1975552522950766,True,True
roll0,hurdle_iid,1337,future,network_iot_named,spectral_l1_mean,1.148295608731213,True,True
roll0,hurdle_iid,1337,future,network_iot_named,transition_rate_mae,0.023156132441781888,True,True
roll0,hurdle_iid,1337,future,network_iot_named,coupling_corr_mae,0.22217902321293048,True,True
roll0,hurdle_iid,1337,future,network_iot_named,coupling_coactivation_mae,0.03227778714791702,True,True
roll0,independent_stitch,1337,near,iot_values,marginal_ks_mean,0.19024882680344865,True,True
roll0,independent_stitch,1337,near,iot_values,wasserstein_iqr_mean,0.6078843406893839,True,True
roll0,independent_stitch,1337,near,iot_values,zero_rate_mae,0.0035332314744079413,True,True
roll0,independent_stitch,1337,near,iot_values,acf_abs_error_mean,0.12449669614836223,True,True
roll0,independent_stitch,1337,near,iot_values,spectral_l1_mean,1.1428586169315784,True,True
roll0,independent_stitch,1337,near,iot_values,transition_rate_mae,0.005253319142549158,True,True
roll0,independent_stitch,1337,near,iot_values,coupling_corr_mae,0.07163162962843114,True,True
roll0,independent_stitch,1337,near,iot_values,coupling_coactivation_mae,0.00960895721925132,True,True
roll0,independent_stitch,1337,near,multimodal_balanced,marginal_ks_mean,0.2321960034013605,True,True
roll0,independent_stitch,1337,near,multimodal_balanced,wasserstein_iqr_mean,323753.46158912685,True,True
roll0,independent_stitch,1337,near,multimodal_balanced,zero_rate_mae,0.01594870902906617,True,True
roll0,independent_stitch,1337,near,multimodal_balanced,acf_abs_error_mean,0.18996551573515053,True,True
roll0,independent_stitch,1337,near,multimodal_balanced,spectral_l1_mean,1.193798223148743,True,True
roll0,independent_stitch,1337,near,multimodal_balanced,transition_rate_mae,0.011955849377561278,True,True
roll0,independent_stitch,1337,near,multimodal_balanced,coupling_corr_mae,0.14831945902033422,True,True
roll0,independent_stitch,1337,near,multimodal_balanced,coupling_coactivation_mae,0.027949792102527658,True,True
roll0,independent_stitch,1337,near,network_general,marginal_ks_mean,0.24573863636363635,True,True
roll0,independent_stitch,1337,near,network_general,wasserstein_iqr_mean,642046.057120408,True,True
roll0,independent_stitch,1337,near,network_general,zero_rate_mae,0.02478548237476808,True,True
roll0,independent_stitch,1337,near,network_general,acf_abs_error_mean,0.21409218578734046,True,True
roll0,independent_stitch,1337,near,network_general,spectral_l1_mean,1.1925800294073678,True,True
roll0,independent_stitch,1337,near,network_general,transition_rate_mae,0.013840562901105692,True,True
roll0,independent_stitch,1337,near,network_general,coupling_corr_mae,0.304143664676759,True,True
roll0,independent_stitch,1337,near,network_general,coupling_coactivation_mae,0.03564286386491355,True,True
roll0,independent_stitch,1337,near,network_iot_named,marginal_ks_mean,0.19767887392110997,True,True
roll0,independent_stitch,1337,near,network_iot_named,wasserstein_iqr_mean,9096.111908386209,True,True
roll0,independent_stitch,1337,near,network_iot_named,zero_rate_mae,0.008005969186093411,True,True
roll0,independent_stitch,1337,near,network_iot_named,acf_abs_error_mean,0.17177444999064057,True,True
roll0,independent_stitch,1337,near,network_iot_named,spectral_l1_mean,1.1610713172842688,True,True
roll0,independent_stitch,1337,near,network_iot_named,transition_rate_mae,0.009157564571924199,True,True
roll0,independent_stitch,1337,near,network_iot_named,coupling_corr_mae,0.23913422931254022,True,True
roll0,independent_stitch,1337,near,network_iot_named,coupling_coactivation_mae,0.011795375714065713,True,True
roll0,independent_stitch,1337,future,iot_values,marginal_ks_mean,0.2209702062643239,True,True
roll0,independent_stitch,1337,future,iot_values,wasserstein_iqr_mean,1.097809726557678,True,True
roll0,independent_stitch,1337,future,iot_values,zero_rate_mae,0.0036287242169595157,True,True
roll0,independent_stitch,1337,future,iot_values,acf_abs_error_mean,0.13816947267987392,True,True
roll0,independent_stitch,1337,future,iot_values,spectral_l1_mean,1.1735565764524516,True,True
roll0,independent_stitch,1337,future,iot_values,transition_rate_mae,0.003588630998676438,True,True
roll0,independent_stitch,1337,future,iot_values,coupling_corr_mae,0.08600271689492994,True,True
roll0,independent_stitch,1337,future,iot_values,coupling_coactivation_mae,0.009363404452690176,True,True
roll0,independent_stitch,1337,future,multimodal_balanced,marginal_ks_mean,0.3013054653679654,True,True
roll0,independent_stitch,1337,future,multimodal_balanced,wasserstein_iqr_mean,133302.73104159473,True,True
roll0,independent_stitch,1337,future,multimodal_balanced,zero_rate_mae,0.03840541898577613,True,True
roll0,independent_stitch,1337,future,multimodal_balanced,acf_abs_error_mean,0.1833742763341409,True,True
roll0,independent_stitch,1337,future,multimodal_balanced,spectral_l1_mean,1.1376116142491233,True,True
roll0,independent_stitch,1337,future,multimodal_balanced,transition_rate_mae,0.017310368823938757,True,True
roll0,independent_stitch,1337,future,multimodal_balanced,coupling_corr_mae,0.11196372099485669,True,True
roll0,independent_stitch,1337,future,multimodal_balanced,coupling_coactivation_mae,0.0649611754759931,True,True
roll0,independent_stitch,1337,future,network_general,marginal_ks_mean,0.394982993197279,True,True
roll0,independent_stitch,1337,future,network_general,wasserstein_iqr_mean,266816.5815587857,True,True
roll0,independent_stitch,1337,future,network_general,zero_rate_mae,0.07027867965367966,True,True
roll0,independent_stitch,1337,future,network_general,acf_abs_error_mean,0.15479721421789372,True,True
roll0,independent_stitch,1337,future,network_general,spectral_l1_mean,1.0761268305643295,True,True
roll0,independent_stitch,1337,future,network_general,transition_rate_mae,0.03069666743988247,True,True
roll0,independent_stitch,1337,future,network_general,coupling_corr_mae,0.3003761429748284,True,True
roll0,independent_stitch,1337,future,network_general,coupling_coactivation_mae,0.09825713882390899,True,True
roll0,independent_stitch,1337,future,network_iot_named,marginal_ks_mean,0.25352907961603616,True,True
roll0,independent_stitch,1337,future,network_iot_named,wasserstein_iqr_mean,5688.425723917325,True,True
roll0,independent_stitch,1337,future,network_iot_named,zero_rate_mae,0.023453254819714452,True,True
roll0,independent_stitch,1337,future,network_iot_named,acf_abs_error_mean,0.18526295278863736,True,True
roll0,independent_stitch,1337,future,network_iot_named,spectral_l1_mean,1.0837240317861456,True,True
roll0,independent_stitch,1337,future,network_iot_named,transition_rate_mae,0.015753431565358578,True,True
roll0,independent_stitch,1337,future,network_iot_named,coupling_corr_mae,0.22876184605830704,True,True
roll0,independent_stitch,1337,future,network_iot_named,coupling_coactivation_mae,0.03253261419551651,True,True
roll0,shared_stitch,1337,near,iot_values,marginal_ks_mean,0.1931954600021827,True,True
roll0,shared_stitch,1337,near,iot_values,wasserstein_iqr_mean,0.619400836022614,True,True
roll0,shared_stitch,1337,near,iot_values,zero_rate_mae,0.00391520244461422,True,True
roll0,shared_stitch,1337,near,iot_values,acf_abs_error_mean,0.13495764094546683,True,True
roll0,shared_stitch,1337,near,iot_values,spectral_l1_mean,1.156858330599486,True,True
roll0,shared_stitch,1337,near,iot_values,transition_rate_mae,0.00665875257549088,True,True
roll0,shared_stitch,1337,near,iot_values,coupling_corr_mae,0.044388917341227685,True,True
roll0,shared_stitch,1337,near,iot_values,coupling_coactivation_mae,0.005918844810651493,True,True
roll0,shared_stitch,1337,near,multimodal_balanced,marginal_ks_mean,0.2266687925170068,True,True
roll0,shared_stitch,1337,near,multimodal_balanced,wasserstein_iqr_mean,8775.069884919221,True,True
roll0,shared_stitch,1337,near,multimodal_balanced,zero_rate_mae,0.01612747371675943,True,True
roll0,shared_stitch,1337,near,multimodal_balanced,acf_abs_error_mean,0.18464584764498404,True,True
roll0,shared_stitch,1337,near,multimodal_balanced,spectral_l1_mean,1.1790461516237718,True,True
roll0,shared_stitch,1337,near,multimodal_balanced,transition_rate_mae,0.012221642310368824,True,True
roll0,shared_stitch,1337,near,multimodal_balanced,coupling_corr_mae,0.11306322877432652,True,True
roll0,shared_stitch,1337,near,multimodal_balanced,coupling_coactivation_mae,0.026726091790681444,True,True
roll0,shared_stitch,1337,near,network_general,marginal_ks_mean,0.2364525355596784,True,True
roll0,shared_stitch,1337,near,network_general,wasserstein_iqr_mean,16620.944696703926,True,True
roll0,shared_stitch,1337,near,network_general,zero_rate_mae,0.022118506493506482,True,True
roll0,shared_stitch,1337,near,network_general,acf_abs_error_mean,0.18982538541643354,True,True
roll0,shared_stitch,1337,near,network_general,spectral_l1_mean,1.170082723730979,True,True
roll0,shared_stitch,1337,near,network_general,transition_rate_mae,0.014072527642465011,True,True
roll0,shared_stitch,1337,near,network_general,coupling_corr_mae,0.17765182447329952,True,True
roll0,shared_stitch,1337,near,network_general,coupling_coactivation_mae,0.030757609367857815,True,True
roll0,shared_stitch,1337,near,network_iot_named,marginal_ks_mean,0.19326248285875616,True,True
roll0,shared_stitch,1337,near,network_iot_named,wasserstein_iqr_mean,4135.543778801405,True,True
roll0,shared_stitch,1337,near,network_iot_named,zero_rate_mae,0.009367185609421628,True,True
roll0,shared_stitch,1337,near,network_iot_named,acf_abs_error_mean,0.15770130574665842,True,True
roll0,shared_stitch,1337,near,network_iot_named,spectral_l1_mean,1.1415525790131789,True,True
roll0,shared_stitch,1337,near,network_iot_named,transition_rate_mae,0.010327473702258129,True,True
roll0,shared_stitch,1337,near,network_iot_named,coupling_corr_mae,0.11691178357614121,True,True
roll0,shared_stitch,1337,near,network_iot_named,coupling_coactivation_mae,0.012759685261096889,True,True
roll0,shared_stitch,1337,future,iot_values,marginal_ks_mean,0.22255265742660704,True,True
roll0,shared_stitch,1337,future,iot_values,wasserstein_iqr_mean,1.1084660778886022,True,True
roll0,shared_stitch,1337,future,iot_values,zero_rate_mae,0.004501800720288125,True,True
roll0,shared_stitch,1337,future,iot_values,acf_abs_error_mean,0.14654283239944005,True,True
roll0,shared_stitch,1337,future,iot_values,spectral_l1_mean,1.178718575613024,True,True
roll0,shared_stitch,1337,future,iot_values,transition_rate_mae,0.0039843355574658585,True,True
roll0,shared_stitch,1337,future,iot_values,coupling_corr_mae,0.06370127519848857,True,True
roll0,shared_stitch,1337,future,iot_values,coupling_coactivation_mae,0.006481569900687543,True,True
roll0,shared_stitch,1337,future,multimodal_balanced,marginal_ks_mean,0.3000347866419295,True,True
roll0,shared_stitch,1337,future,multimodal_balanced,wasserstein_iqr_mean,302061.6439401195,True,True
roll0,shared_stitch,1337,future,multimodal_balanced,zero_rate_mae,0.038139687693259115,True,True
roll0,shared_stitch,1337,future,multimodal_balanced,acf_abs_error_mean,0.17778046916105597,True,True
roll0,shared_stitch,1337,future,multimodal_balanced,spectral_l1_mean,1.1464980073443136,True,True
roll0,shared_stitch,1337,future,multimodal_balanced,transition_rate_mae,0.01670629397664888,True,True
roll0,shared_stitch,1337,future,multimodal_balanced,coupling_corr_mae,0.08686626616893887,True,True
roll0,shared_stitch,1337,future,multimodal_balanced,coupling_coactivation_mae,0.0639348461821866,True,True
roll0,shared_stitch,1337,future,network_general,marginal_ks_mean,0.39602659245516386,True,True
roll0,shared_stitch,1337,future,network_general,wasserstein_iqr_mean,601232.2847897938,True,True
roll0,shared_stitch,1337,future,network_general,zero_rate_mae,0.06906114718614718,True,True
roll0,shared_stitch,1337,future,network_general,acf_abs_error_mean,0.17291106559352998,True,True
roll0,shared_stitch,1337,future,network_general,spectral_l1_mean,1.1214702172265198,True,True
roll0,shared_stitch,1337,future,network_general,transition_rate_mae,0.02750715224619191,True,True
roll0,shared_stitch,1337,future,network_general,coupling_corr_mae,0.14095974435651137,True,True
roll0,shared_stitch,1337,future,network_general,coupling_coactivation_mae,0.09658166626334327,True,True
roll0,shared_stitch,1337,future,network_iot_named,marginal_ks_mean,0.2453315318222151,True,True
roll0,shared_stitch,1337,future,network_iot_named,wasserstein_iqr_mean,7745.767478508241,True,True
roll0,shared_stitch,1337,future,network_iot_named,zero_rate_mae,0.021890376704041294,True,True
roll0,shared_stitch,1337,future,network_iot_named,acf_abs_error_mean,0.1484929866778406,True,True
roll0,shared_stitch,1337,future,network_iot_named,spectral_l1_mean,1.048634645272439,True,True
roll0,shared_stitch,1337,future,network_iot_named,transition_rate_mae,0.015269331235565233,True,True
roll0,shared_stitch,1337,future,network_iot_named,coupling_corr_mae,0.11231525294173937,True,True
roll0,shared_stitch,1337,future,network_iot_named,coupling_coactivation_mae,0.029878013009012445,True,True
roll0,learned_gmm_overlay,1337,near,iot_values,marginal_ks_mean,0.2630961475499291,True,False
roll0,learned_gmm_overlay,1337,near,iot_values,wasserstein_iqr_mean,0.6755326688925942,True,False
roll0,learned_gmm_overlay,1337,near,iot_values,zero_rate_mae,0.04051620648259303,True,False
roll0,learned_gmm_overlay,1337,near,iot_values,acf_abs_error_mean,0.15058571683866576,True,False
roll0,learned_gmm_overlay,1337,near,iot_values,spectral_l1_mean,1.0215300023374978,True,False
roll0,learned_gmm_overlay,1337,near,iot_values,transition_rate_mae,0.04459181028013154,True,False
roll0,learned_gmm_overlay,1337,near,iot_values,coupling_corr_mae,0.07109938497948315,True,False
roll0,learned_gmm_overlay,1337,near,iot_values,coupling_coactivation_mae,0.07048558059587473,True,False
roll0,learned_gmm_overlay,1337,near,multimodal_balanced,marginal_ks_mean,0.3285018552875696,True,False
roll0,learned_gmm_overlay,1337,near,multimodal_balanced,wasserstein_iqr_mean,228080.35501001077,True,False
roll0,learned_gmm_overlay,1337,near,multimodal_balanced,zero_rate_mae,0.07308093692022262,True,False
roll0,learned_gmm_overlay,1337,near,multimodal_balanced,acf_abs_error_mean,0.22819569941910497,True,False
roll0,learned_gmm_overlay,1337,near,multimodal_balanced,spectral_l1_mean,1.1604619335090043,True,False
roll0,learned_gmm_overlay,1337,near,multimodal_balanced,transition_rate_mae,0.0647858192221449,True,False
roll0,learned_gmm_overlay,1337,near,multimodal_balanced,coupling_corr_mae,0.12182675263324154,True,False
roll0,learned_gmm_overlay,1337,near,multimodal_balanced,coupling_coactivation_mae,0.12958867057461282,True,False
roll0,learned_gmm_overlay,1337,near,network_general,marginal_ks_mean,0.31199752628324057,True,False
roll0,learned_gmm_overlay,1337,near,network_general,wasserstein_iqr_mean,444819.2969285695,True,False
roll0,learned_gmm_overlay,1337,near,network_general,zero_rate_mae,0.07206632653061223,True,False
roll0,learned_gmm_overlay,1337,near,network_general,acf_abs_error_mean,0.3039056418604946,True,False
roll0,learned_gmm_overlay,1337,near,network_general,spectral_l1_mean,1.2245742513884974,True,False
roll0,learned_gmm_overlay,1337,near,network_general,transition_rate_mae,0.06283344931570402,True,False
roll0,learned_gmm_overlay,1337,near,network_general,coupling_corr_mae,0.2506633050856588,True,False
roll0,learned_gmm_overlay,1337,near,network_general,coupling_coactivation_mae,0.1110248447204969,True,False
roll0,learned_gmm_overlay,1337,near,network_iot_named,marginal_ks_mean,0.2756916996047431,True,False
roll0,learned_gmm_overlay,1337,near,network_iot_named,wasserstein_iqr_mean,15181.890975044715,True,False
roll0,learned_gmm_overlay,1337,near,network_iot_named,zero_rate_mae,0.048479470839719284,True,False
roll0,learned_gmm_overlay,1337,near,network_iot_named,acf_abs_error_mean,0.207113541654408,True,False
roll0,learned_gmm_overlay,1337,near,network_iot_named,spectral_l1_mean,1.1825020072668513,True,False
roll0,learned_gmm_overlay,1337,near,network_iot_named,transition_rate_mae,0.041652799209302795,True,False
roll0,learned_gmm_overlay,1337,near,network_iot_named,coupling_corr_mae,0.19863386041091732,True,False
roll0,learned_gmm_overlay,1337,near,network_iot_named,coupling_coactivation_mae,0.06907187956030418,True,False
roll0,learned_gmm_overlay,1337,future,iot_values,marginal_ks_mean,0.29582287460438716,True,False
roll0,learned_gmm_overlay,1337,future,iot_values,wasserstein_iqr_mean,1.1611861290739944,True,False
roll0,learned_gmm_overlay,1337,future,iot_values,zero_rate_mae,0.04153934300993124,True,False
roll0,learned_gmm_overlay,1337,future,iot_values,acf_abs_error_mean,0.16445425390345753,True,False
roll0,learned_gmm_overlay,1337,future,iot_values,spectral_l1_mean,1.0224856040465962,True,False
roll0,learned_gmm_overlay,1337,future,iot_values,transition_rate_mae,0.04549237927599711,True,False
roll0,learned_gmm_overlay,1337,future,iot_values,coupling_corr_mae,0.07581745654861832,True,False
roll0,learned_gmm_overlay,1337,future,iot_values,coupling_coactivation_mae,0.07223514405762305,True,False
roll0,learned_gmm_overlay,1337,future,multimodal_balanced,marginal_ks_mean,0.4114728277674706,True,False
roll0,learned_gmm_overlay,1337,future,multimodal_balanced,wasserstein_iqr_mean,149155.41361264847,True,False
roll0,learned_gmm_overlay,1337,future,multimodal_balanced,zero_rate_mae,0.11379097093382806,True,False
roll0,learned_gmm_overlay,1337,future,multimodal_balanced,acf_abs_error_mean,0.2125297779486507,True,False
roll0,learned_gmm_overlay,1337,future,multimodal_balanced,spectral_l1_mean,1.1007720680331585,True,False
roll0,learned_gmm_overlay,1337,future,multimodal_balanced,transition_rate_mae,0.08016314853475605,True,False
roll0,learned_gmm_overlay,1337,future,multimodal_balanced,coupling_corr_mae,0.09715029808562681,True,False
roll0,learned_gmm_overlay,1337,future,multimodal_balanced,coupling_coactivation_mae,0.1984577922077922,True,False
roll0,learned_gmm_overlay,1337,future,network_general,marginal_ks_mean,0.48019094001236856,True,False
roll0,learned_gmm_overlay,1337,future,network_general,wasserstein_iqr_mean,286720.8850318553,True,False
roll0,learned_gmm_overlay,1337,future,network_general,zero_rate_mae,0.13986162646876935,True,False
roll0,learned_gmm_overlay,1337,future,network_general,acf_abs_error_mean,0.18824624612047977,True,False
roll0,learned_gmm_overlay,1337,future,network_general,spectral_l1_mean,1.0918082732494503,True,False
roll0,learned_gmm_overlay,1337,future,network_general,transition_rate_mae,0.0825891131214722,True,False
roll0,learned_gmm_overlay,1337,future,network_general,coupling_corr_mae,0.25904266955749006,True,False
roll0,learned_gmm_overlay,1337,future,network_general,coupling_coactivation_mae,0.2063486461778387,True,False
roll0,learned_gmm_overlay,1337,future,network_iot_named,marginal_ks_mean,0.3357465515850609,True,False
roll0,learned_gmm_overlay,1337,future,network_iot_named,wasserstein_iqr_mean,16560.669942242897,True,False
roll0,learned_gmm_overlay,1337,future,network_iot_named,zero_rate_mae,0.07800274259901588,True,False
roll0,learned_gmm_overlay,1337,future,network_iot_named,acf_abs_error_mean,0.22827181336146427,True,False
roll0,learned_gmm_overlay,1337,future,network_iot_named,spectral_l1_mean,1.1783885887608365,True,False
roll0,learned_gmm_overlay,1337,future,network_iot_named,transition_rate_mae,0.06027049105927201,True,False
roll0,learned_gmm_overlay,1337,future,network_iot_named,coupling_corr_mae,0.1994253539096032,True,False
roll0,learned_gmm_overlay,1337,future,network_iot_named,coupling_coactivation_mae,0.1090091444411038,True,False
roll0,learned_latent_var_overlay,1337,near,iot_values,marginal_ks_mean,0.6056286150823966,True,False
roll0,learned_latent_var_overlay,1337,near,iot_values,wasserstein_iqr_mean,0.8471941091293366,True,False
roll0,learned_latent_var_overlay,1337,near,iot_values,zero_rate_mae,0.06538524500709375,True,False
roll0,learned_latent_var_overlay,1337,near,iot_values,acf_abs_error_mean,0.04119351359185858,True,False
roll0,learned_latent_var_overlay,1337,near,iot_values,spectral_l1_mean,0.8974104136867842,True,False
roll0,learned_latent_var_overlay,1337,near,iot_values,transition_rate_mae,0.08363011175242539,True,False
roll0,learned_latent_var_overlay,1337,near,iot_values,coupling_corr_mae,0.11851470527391053,True,False
roll0,learned_latent_var_overlay,1337,near,iot_values,coupling_coactivation_mae,0.11929601386008949,True,False
roll0,learned_latent_var_overlay,1337,near,multimodal_balanced,marginal_ks_mean,0.6131966991341992,True,False
roll0,learned_latent_var_overlay,1337,near,multimodal_balanced,wasserstein_iqr_mean,104188.24710560084,True,False
roll0,learned_latent_var_overlay,1337,near,multimodal_balanced,zero_rate_mae,0.11906694495980209,True,False
roll0,learned_latent_var_overlay,1337,near,multimodal_balanced,acf_abs_error_mean,0.19583049391848592,True,False
roll0,learned_latent_var_overlay,1337,near,multimodal_balanced,spectral_l1_mean,1.0414369204827467,True,False
roll0,learned_latent_var_overlay,1337,near,multimodal_balanced,transition_rate_mae,0.08830124487744528,True,False
roll0,learned_latent_var_overlay,1337,near,multimodal_balanced,coupling_corr_mae,0.2123657228810056,True,False
roll0,learned_latent_var_overlay,1337,near,multimodal_balanced,coupling_coactivation_mae,0.22055039375518098,True,False
roll0,learned_latent_var_overlay,1337,near,network_general,marginal_ks_mean,0.4662956091527521,True,False
roll0,learned_latent_var_overlay,1337,near,network_general,wasserstein_iqr_mean,182889.65558106545,True,False
roll0,learned_latent_var_overlay,1337,near,network_general,zero_rate_mae,0.10643746134817562,True,False
roll0,learned_latent_var_overlay,1337,near,network_general,acf_abs_error_mean,0.27323535567365376,True,False
roll0,learned_latent_var_overlay,1337,near,network_general,spectral_l1_mean,1.1961711509471884,True,False
roll0,learned_latent_var_overlay,1337,near,network_general,transition_rate_mae,0.06513376633418387,True,False
roll0,learned_latent_var_overlay,1337,near,network_general,coupling_corr_mae,0.30254415248502703,True,False
roll0,learned_latent_var_overlay,1337,near,network_general,coupling_coactivation_mae,0.16821442015541396,True,False
roll0,learned_latent_var_overlay,1337,near,network_iot_named,marginal_ks_mean,0.4552512704686617,True,False
roll0,learned_latent_var_overlay,1337,near,network_iot_named,wasserstein_iqr_mean,29760.742599775265,True,False
roll0,learned_latent_var_overlay,1337,near,network_iot_named,zero_rate_mae,0.0907780108090667,True,False
roll0,learned_latent_var_overlay,1337,near,network_iot_named,acf_abs_error_mean,0.16356557392693769,True,False
roll0,learned_latent_var_overlay,1337,near,network_iot_named,spectral_l1_mean,1.0133366353567113,True,False
roll0,learned_latent_var_overlay,1337,near,network_iot_named,transition_rate_mae,0.058929129728802966,True,False
roll0,learned_latent_var_overlay,1337,near,network_iot_named,coupling_corr_mae,0.18394448335448624,True,False
roll0,learned_latent_var_overlay,1337,near,network_iot_named,coupling_coactivation_mae,0.13404636018978197,True,False
roll0,learned_latent_var_overlay,1337,future,iot_values,marginal_ks_mean,0.6007994106733603,True,False
roll0,learned_latent_var_overlay,1337,future,iot_values,wasserstein_iqr_mean,1.2942482895559466,True,False
roll0,learned_latent_var_overlay,1337,future,iot_values,zero_rate_mae,0.06629924697151589,True,False
roll0,learned_latent_var_overlay,1337,future,iot_values,acf_abs_error_mean,0.04328250447151535,True,False
roll0,learned_latent_var_overlay,1337,future,iot_values,spectral_l1_mean,0.8388599261607158,True,False
roll0,learned_latent_var_overlay,1337,future,iot_values,transition_rate_mae,0.08248393303041468,True,False
roll0,learned_latent_var_overlay,1337,future,iot_values,coupling_corr_mae,0.14968839653611365,True,False
roll0,learned_latent_var_overlay,1337,future,iot_values,coupling_coactivation_mae,0.12103534595656441,True,False
roll0,learned_latent_var_overlay,1337,future,multimodal_balanced,marginal_ks_mean,0.6401370207173779,True,False
roll0,learned_latent_var_overlay,1337,future,multimodal_balanced,wasserstein_iqr_mean,385366.6944218296,True,False
roll0,learned_latent_var_overlay,1337,future,multimodal_balanced,zero_rate_mae,0.15972866419294993,True,False
roll0,learned_latent_var_overlay,1337,future,multimodal_balanced,acf_abs_error_mean,0.20732578532688714,True,False
roll0,learned_latent_var_overlay,1337,future,multimodal_balanced,spectral_l1_mean,1.0219439477986099,True,False
roll0,learned_latent_var_overlay,1337,future,multimodal_balanced,transition_rate_mae,0.1040748472898786,True,False
roll0,learned_latent_var_overlay,1337,future,multimodal_balanced,coupling_corr_mae,0.1806660023590365,True,False
roll0,learned_latent_var_overlay,1337,future,multimodal_balanced,coupling_coactivation_mae,0.2895597310490928,True,False
roll0,learned_latent_var_overlay,1337,future,network_general,marginal_ks_mean,0.5948419140383426,True,False
roll0,learned_latent_var_overlay,1337,future,network_general,wasserstein_iqr_mean,749959.1765805868,True,False
roll0,learned_latent_var_overlay,1337,future,network_general,zero_rate_mae,0.17427141311069883,True,False
roll0,learned_latent_var_overlay,1337,future,network_general,acf_abs_error_mean,0.21861916830258574,True,False
roll0,learned_latent_var_overlay,1337,future,network_general,spectral_l1_mean,1.0940828041724269,True,False
roll0,learned_latent_var_overlay,1337,future,network_general,transition_rate_mae,0.08425152710121396,True,False
roll0,learned_latent_var_overlay,1337,future,network_general,coupling_corr_mae,0.2578793698865749,True,False
roll0,learned_latent_var_overlay,1337,future,network_general,coupling_coactivation_mae,0.2635903175499449,True,False
roll0,learned_latent_var_overlay,1337,future,network_iot_named,marginal_ks_mean,0.46807695410179895,True,False
roll0,learned_latent_var_overlay,1337,future,network_iot_named,wasserstein_iqr_mean,26406.370167440964,True,False
roll0,learned_latent_var_overlay,1337,future,network_iot_named,zero_rate_mae,0.12018028555295636,True,False
roll0,learned_latent_var_overlay,1337,future,network_iot_named,acf_abs_error_mean,0.2387802164916353,True,False
roll0,learned_latent_var_overlay,1337,future,network_iot_named,spectral_l1_mean,1.0684737798721655,True,False
roll0,learned_latent_var_overlay,1337,future,network_iot_named,transition_rate_mae,0.08037074016923342,True,False
roll0,learned_latent_var_overlay,1337,future,network_iot_named,coupling_corr_mae,0.18531239917059578,True,False
roll0,learned_latent_var_overlay,1337,future,network_iot_named,coupling_coactivation_mae,0.1739689587656838,True,False
roll1,real_row_resample,1337,near,iot_values,marginal_ks_mean,0.19751991705773217,True,True
roll1,real_row_resample,1337,near,iot_values,wasserstein_iqr_mean,0.735966623211106,True,True
roll1,real_row_resample,1337,near,iot_values,zero_rate_mae,0.002196333078686019,True,True
roll1,real_row_resample,1337,near,iot_values,acf_abs_error_mean,0.32815301518488643,True,True
roll1,real_row_resample,1337,near,iot_values,spectral_l1_mean,1.297202816999641,True,True
roll1,real_row_resample,1337,near,iot_values,transition_rate_mae,0.010452058345954944,True,True
roll1,real_row_resample,1337,near,iot_values,coupling_corr_mae,0.047537988458927066,True,True
roll1,real_row_resample,1337,near,iot_values,coupling_coactivation_mae,0.0028630770490014196,True,True
roll1,real_row_resample,1337,near,multimodal_balanced,marginal_ks_mean,0.2574549706246135,True,True
roll1,real_row_resample,1337,near,multimodal_balanced,wasserstein_iqr_mean,254871.45883008302,True,True
roll1,real_row_resample,1337,near,multimodal_balanced,zero_rate_mae,0.023688736858379716,True,True
roll1,real_row_resample,1337,near,multimodal_balanced,acf_abs_error_mean,0.32046177689786637,True,True
roll1,real_row_resample,1337,near,multimodal_balanced,spectral_l1_mean,1.3131956620846397,True,True
roll1,real_row_resample,1337,near,multimodal_balanced,transition_rate_mae,0.026584125879532978,True,True
roll1,real_row_resample,1337,near,multimodal_balanced,coupling_corr_mae,0.10939152120567594,True,True
roll1,real_row_resample,1337,near,multimodal_balanced,coupling_coactivation_mae,0.039565076514164674,True,True
roll1,real_row_resample,1337,near,network_general,marginal_ks_mean,0.3202883426097712,True,True
roll1,real_row_resample,1337,near,network_general,wasserstein_iqr_mean,506146.816994562,True,True
roll1,real_row_resample,1337,near,network_general,zero_rate_mae,0.04269094001236858,True,True
roll1,real_row_resample,1337,near,network_general,acf_abs_error_mean,0.28643296768773374,True,True
roll1,real_row_resample,1337,near,network_general,spectral_l1_mean,1.2955349952199273,True,True
roll1,real_row_resample,1337,near,network_general,transition_rate_mae,0.03838049949740973,True,True
roll1,real_row_resample,1337,near,network_general,coupling_corr_mae,0.12182462903873141,True,True
roll1,real_row_resample,1337,near,network_general,coupling_coactivation_mae,0.05945406818854026,True,True
roll1,real_row_resample,1337,near,network_iot_named,marginal_ks_mean,0.21650399290150843,True,True
roll1,real_row_resample,1337,near,network_iot_named,wasserstein_iqr_mean,8340.183344773659,True,True
roll1,real_row_resample,1337,near,network_iot_named,zero_rate_mae,0.01313825925627168,True,True
roll1,real_row_resample,1337,near,network_iot_named,acf_abs_error_mean,0.24253783115221567,True,True
roll1,real_row_resample,1337,near,network_iot_named,spectral_l1_mean,1.2098968227802838,True,True
roll1,real_row_resample,1337,near,network_iot_named,transition_rate_mae,0.015350014623864127,True,True
roll1,real_row_resample,1337,near,network_iot_named,coupling_corr_mae,0.12139313086700293,True,True
roll1,real_row_resample,1337,near,network_iot_named,coupling_coactivation_mae,0.017973556652269244,True,True
roll1,real_row_resample,1337,future,iot_values,marginal_ks_mean,0.23761322710902544,True,True
roll1,real_row_resample,1337,future,iot_values,wasserstein_iqr_mean,1.1386494850879978,True,True
roll1,real_row_resample,1337,future,iot_values,zero_rate_mae,0.0020326312343119063,True,True
roll1,real_row_resample,1337,future,iot_values,acf_abs_error_mean,0.3249868414630924,True,True
roll1,real_row_resample,1337,future,iot_values,spectral_l1_mean,1.295664166893283,True,True
roll1,real_row_resample,1337,future,iot_values,transition_rate_mae,0.011093372630889511,True,True
roll1,real_row_resample,1337,future,iot_values,coupling_corr_mae,0.04536176175001134,True,True
roll1,real_row_resample,1337,future,iot_values,coupling_coactivation_mae,0.002665270653716028,True,True
roll1,real_row_resample,1337,future,multimodal_balanced,marginal_ks_mean,0.3023587275819419,True,True
roll1,real_row_resample,1337,future,multimodal_balanced,wasserstein_iqr_mean,60675.79052865087,True,True
roll1,real_row_resample,1337,future,multimodal_balanced,zero_rate_mae,0.03245786951144094,True,True
roll1,real_row_resample,1337,future,multimodal_balanced,acf_abs_error_mean,0.24365250595597887,True,True
roll1,real_row_resample,1337,future,multimodal_balanced,spectral_l1_mean,1.19115685099541,True,True
roll1,real_row_resample,1337,future,multimodal_balanced,transition_rate_mae,0.033108134230263674,True,True
roll1,real_row_resample,1337,future,multimodal_balanced,coupling_corr_mae,0.07749722245090761,True,True
roll1,real_row_resample,1337,future,multimodal_balanced,coupling_coactivation_mae,0.05466724891116989,True,True
roll1,real_row_resample,1337,future,network_general,marginal_ks_mean,0.38044990723562155,True,True
roll1,real_row_resample,1337,future,network_general,wasserstein_iqr_mean,119716.66140184311,True,True
roll1,real_row_resample,1337,future,network_general,zero_rate_mae,0.05614177489177489,True,True
roll1,real_row_resample,1337,future,network_general,acf_abs_error_mean,0.13727180839740785,True,True
roll1,real_row_resample,1337,future,network_general,spectral_l1_mean,1.0840245270960014,True,True
roll1,real_row_resample,1337,future,network_general,transition_rate_mae,0.04808435784427434,True,True
roll1,real_row_resample,1337,future,network_general,coupling_corr_mae,0.17429485502564002,True,True
roll1,real_row_resample,1337,future,network_general,coupling_coactivation_mae,0.07894467075367698,True,True
roll1,real_row_resample,1337,future,network_iot_named,marginal_ks_mean,0.24344599499879,True,True
roll1,real_row_resample,1337,future,network_iot_named,wasserstein_iqr_mean,4972.794359170387,True,True
roll1,real_row_resample,1337,future,network_iot_named,zero_rate_mae,0.021638299588610146,True,True
roll1,real_row_resample,1337,future,network_iot_named,acf_abs_error_mean,0.20008516602662318,True,True
roll1,real_row_resample,1337,future,network_iot_named,spectral_l1_mean,1.1286171596471022,True,True
roll1,real_row_resample,1337,future,network_iot_named,transition_rate_mae,0.022107248393896304,True,True
roll1,real_row_resample,1337,future,network_iot_named,coupling_corr_mae,0.09719943770022793,True,True
roll1,real_row_resample,1337,future,network_iot_named,coupling_coactivation_mae,0.029557187589372792,True,True
roll1,real_contiguous_block,1337,near,iot_values,marginal_ks_mean,0.24538906471679583,True,True
roll1,real_contiguous_block,1337,near,iot_values,wasserstein_iqr_mean,0.8306765216554611,True,True
roll1,real_contiguous_block,1337,near,iot_values,zero_rate_mae,0.0017597948270217162,True,True
roll1,real_contiguous_block,1337,near,iot_values,acf_abs_error_mean,0.028896627342527407,True,True
roll1,real_contiguous_block,1337,near,iot_values,spectral_l1_mean,0.8361061908014896,True,True
roll1,real_contiguous_block,1337,near,iot_values,transition_rate_mae,0.0027289969571683897,True,True
roll1,real_contiguous_block,1337,near,iot_values,coupling_corr_mae,0.042532453231946495,True,True
roll1,real_contiguous_block,1337,near,iot_values,coupling_coactivation_mae,0.0029108234202772022,True,True
roll1,real_contiguous_block,1337,near,multimodal_balanced,marginal_ks_mean,0.2919855442176871,True,True
roll1,real_contiguous_block,1337,near,multimodal_balanced,wasserstein_iqr_mean,309553.93234513653,True,True
roll1,real_contiguous_block,1337,near,multimodal_balanced,zero_rate_mae,0.028496057513914652,True,True
roll1,real_contiguous_block,1337,near,multimodal_balanced,acf_abs_error_mean,0.09832057503116244,True,True
roll1,real_contiguous_block,1337,near,multimodal_balanced,spectral_l1_mean,0.9904737822038987,True,True
roll1,real_contiguous_block,1337,near,multimodal_balanced,transition_rate_mae,0.016662800587644012,True,True
roll1,real_contiguous_block,1337,near,multimodal_balanced,coupling_corr_mae,0.11252911601082043,True,True
roll1,real_contiguous_block,1337,near,multimodal_balanced,coupling_coactivation_mae,0.04797164271898316,True,True
roll1,real_contiguous_block,1337,near,network_general,marginal_ks_mean,0.35180890538033394,True,True
roll1,real_contiguous_block,1337,near,network_general,wasserstein_iqr_mean,614739.0537820378,True,True
roll1,real_contiguous_block,1337,near,network_general,zero_rate_mae,0.049493661100803964,True,True
roll1,real_contiguous_block,1337,near,network_general,acf_abs_error_mean,0.16156606592855238,True,True
roll1,real_contiguous_block,1337,near,network_general,spectral_l1_mean,1.1158767651350623,True,True
roll1,real_contiguous_block,1337,near,network_general,transition_rate_mae,0.027603804221758288,True,True
roll1,real_contiguous_block,1337,near,network_general,coupling_corr_mae,0.10766732663382343,True,True
roll1,real_contiguous_block,1337,near,network_general,coupling_coactivation_mae,0.069294318517921,True,True
roll1,real_contiguous_block,1337,near,network_iot_named,marginal_ks_mean,0.21865168992498182,True,True
roll1,real_contiguous_block,1337,near,network_iot_named,wasserstein_iqr_mean,10336.169660545314,True,True
roll1,real_contiguous_block,1337,near,network_iot_named,zero_rate_mae,0.017403404049366775,True,True
roll1,real_contiguous_block,1337,near,network_iot_named,acf_abs_error_mean,0.10803423910464902,True,True
roll1,real_contiguous_block,1337,near,network_iot_named,spectral_l1_mean,1.0139414124681687,True,True
roll1,real_contiguous_block,1337,near,network_iot_named,transition_rate_mae,0.014482668199651048,True,True
roll1,real_contiguous_block,1337,near,network_iot_named,coupling_corr_mae,0.14934645684217496,True,True
roll1,real_contiguous_block,1337,near,network_iot_named,coupling_coactivation_mae,0.023693415562416137,True,True
roll1,real_contiguous_block,1337,future,iot_values,marginal_ks_mean,0.22847320746480412,True,True
roll1,real_contiguous_block,1337,future,iot_values,wasserstein_iqr_mean,1.1082505336671566,True,True
roll1,real_contiguous_block,1337,future,iot_values,zero_rate_mae,0.0009412856051511523,True,True
roll1,real_contiguous_block,1337,future,iot_values,acf_abs_error_mean,0.032750705133901555,True,True
roll1,real_contiguous_block,1337,future,iot_values,spectral_l1_mean,0.8535085878611423,True,True
roll1,real_contiguous_block,1337,future,iot_values,transition_rate_mae,0.002360582367950658,True,True
roll1,real_contiguous_block,1337,future,iot_values,coupling_corr_mae,0.05213515199357298,True,True
roll1,real_contiguous_block,1337,future,iot_values,coupling_coactivation_mae,0.0015977982101931742,True,True
roll1,real_contiguous_block,1337,future,multimodal_balanced,marginal_ks_mean,0.3110022418058132,True,True
roll1,real_contiguous_block,1337,future,multimodal_balanced,wasserstein_iqr_mean,4330.715266732227,True,True
roll1,real_contiguous_block,1337,future,multimodal_balanced,zero_rate_mae,0.036279568645640074,True,True
roll1,real_contiguous_block,1337,future,multimodal_balanced,acf_abs_error_mean,0.08267446068390509,True,True
roll1,real_contiguous_block,1337,future,multimodal_balanced,spectral_l1_mean,0.945728572473366,True,True
roll1,real_contiguous_block,1337,future,multimodal_balanced,transition_rate_mae,0.0236700688162066,True,True
roll1,real_contiguous_block,1337,future,multimodal_balanced,coupling_corr_mae,0.06811219003564208,True,True
roll1,real_contiguous_block,1337,future,multimodal_balanced,coupling_coactivation_mae,0.06147182035289938,True,True
roll1,real_contiguous_block,1337,future,network_general,marginal_ks_mean,0.39966952690166974,True,True
roll1,real_contiguous_block,1337,future,network_general,wasserstein_iqr_mean,9191.42267340373,True,True
roll1,real_contiguous_block,1337,future,network_general,zero_rate_mae,0.061784941249226955,True,True
roll1,real_contiguous_block,1337,future,network_general,acf_abs_error_mean,0.1082320101108374,True,True
roll1,real_contiguous_block,1337,future,network_general,spectral_l1_mean,1.0058036256952942,True,True
roll1,real_contiguous_block,1337,future,network_general,transition_rate_mae,0.03926003247506379,True,True
roll1,real_contiguous_block,1337,future,network_general,coupling_corr_mae,0.1342658373945801,True,True
roll1,real_contiguous_block,1337,future,network_general,coupling_coactivation_mae,0.08727245839047083,True,True
roll1,real_contiguous_block,1337,future,network_iot_named,marginal_ks_mean,0.2488001129305478,True,True
roll1,real_contiguous_block,1337,future,network_iot_named,wasserstein_iqr_mean,4306.817267001883,True,True
roll1,real_contiguous_block,1337,future,network_iot_named,zero_rate_mae,0.02517746228926353,True,True
roll1,real_contiguous_block,1337,future,network_iot_named,acf_abs_error_mean,0.12162827399477498,True,True
roll1,real_contiguous_block,1337,future,network_iot_named,spectral_l1_mean,0.9861946907098557,True,True
roll1,real_contiguous_block,1337,future,network_iot_named,transition_rate_mae,0.019969138603975672,True,True
roll1,real_contiguous_block,1337,future,network_iot_named,coupling_corr_mae,0.09739470140491134,True,True
roll1,real_contiguous_block,1337,future,network_iot_named,coupling_coactivation_mae,0.03430723708815183,True,True
roll1,independent_marginals,1337,near,iot_values,marginal_ks_mean,0.19601931681763615,True,True
roll1,independent_marginals,1337,near,iot_values,wasserstein_iqr_mean,0.7284280925544564,True,True
roll1,independent_marginals,1337,near,iot_values,zero_rate_mae,0.0026328713303503245,True,True
roll1,independent_marginals,1337,near,iot_values,acf_abs_error_mean,0.32769928468019455,True,True
roll1,independent_marginals,1337,near,iot_values,spectral_l1_mean,1.2999486052400566,True,True
roll1,independent_marginals,1337,near,iot_values,transition_rate_mae,0.00886924011079728,True,True
roll1,independent_marginals,1337,near,iot_values,coupling_corr_mae,0.07973666613143673,True,True
roll1,independent_marginals,1337,near,iot_values,coupling_coactivation_mae,0.007642829859216425,True,True
roll1,independent_marginals,1337,near,multimodal_balanced,marginal_ks_mean,0.25494260204081637,True,True
roll1,independent_marginals,1337,near,multimodal_balanced,wasserstein_iqr_mean,187931.27635154003,True,True
roll1,independent_marginals,1337,near,multimodal_balanced,zero_rate_mae,0.023171768707482998,True,True
roll1,independent_marginals,1337,near,multimodal_balanced,acf_abs_error_mean,0.31934612743401686,True,True
roll1,independent_marginals,1337,near,multimodal_balanced,spectral_l1_mean,1.308452893127151,True,True
roll1,independent_marginals,1337,near,multimodal_balanced,transition_rate_mae,0.026347328539395348,True,True
roll1,independent_marginals,1337,near,multimodal_balanced,coupling_corr_mae,0.12841202669603252,True,True
roll1,independent_marginals,1337,near,multimodal_balanced,coupling_coactivation_mae,0.039314045250595404,True,True
roll1,independent_marginals,1337,near,network_general,marginal_ks_mean,0.32009508348794063,True,True
roll1,independent_marginals,1337,near,network_general,wasserstein_iqr_mean,372189.2622120302,True,True
roll1,independent_marginals,1337,near,network_general,zero_rate_mae,0.042478354978354976,True,True
roll1,independent_marginals,1337,near,network_general,acf_abs_error_mean,0.28503124146488945,True,True
roll1,independent_marginals,1337,near,network_general,spectral_l1_mean,1.2878905815090478,True,True
roll1,independent_marginals,1337,near,network_general,transition_rate_mae,0.03856413825098585,True,True
roll1,independent_marginals,1337,near,network_general,coupling_corr_mae,0.287097396844707,True,True
roll1,independent_marginals,1337,near,network_general,coupling_coactivation_mae,0.059614557285364744,True,True
roll1,independent_marginals,1337,near,network_iot_named,marginal_ks_mean,0.21284383318544808,True,True
roll1,independent_marginals,1337,near,network_iot_named,wasserstein_iqr_mean,8128.323164394247,True,True
roll1,independent_marginals,1337,near,network_iot_named,zero_rate_mae,0.012281197063805767,True,True
roll1,independent_marginals,1337,near,network_iot_named,acf_abs_error_mean,0.241546734644776,True,True
roll1,independent_marginals,1337,near,network_iot_named,spectral_l1_mean,1.207550802822916,True,True
roll1,independent_marginals,1337,near,network_iot_named,transition_rate_mae,0.0157231752947465,True,True
roll1,independent_marginals,1337,near,network_iot_named,coupling_corr_mae,0.23054602421539988,True,True
roll1,independent_marginals,1337,near,network_iot_named,coupling_coactivation_mae,0.017241158051434738,True,True
roll1,independent_marginals,1337,future,iot_values,marginal_ks_mean,0.23942758921750523,True,True
roll1,independent_marginals,1337,future,iot_values,wasserstein_iqr_mean,1.133767564872724,True,True
roll1,independent_marginals,1337,future,iot_values,zero_rate_mae,0.0030694095820146252,True,True
roll1,independent_marginals,1337,future,iot_values,acf_abs_error_mean,0.3232641024785139,True,True
roll1,independent_marginals,1337,future,iot_values,spectral_l1_mean,1.2916003579813202,True,True
roll1,independent_marginals,1337,future,iot_values,transition_rate_mae,0.011475432204893088,True,True
roll1,independent_marginals,1337,future,iot_values,coupling_corr_mae,0.06340943341534108,True,True
roll1,independent_marginals,1337,future,iot_values,coupling_coactivation_mae,0.008263532685801597,True,True
roll1,independent_marginals,1337,future,multimodal_balanced,marginal_ks_mean,0.30095759894867036,True,True
roll1,independent_marginals,1337,future,multimodal_balanced,wasserstein_iqr_mean,126775.17455691252,True,True
roll1,independent_marginals,1337,future,multimodal_balanced,zero_rate_mae,0.031834608843537414,True,True
roll1,independent_marginals,1337,future,multimodal_balanced,acf_abs_error_mean,0.24158667686975388,True,True
roll1,independent_marginals,1337,future,multimodal_balanced,spectral_l1_mean,1.1858913633382324,True,True
roll1,independent_marginals,1337,future,multimodal_balanced,transition_rate_mae,0.03247506379030387,True,True
roll1,independent_marginals,1337,future,multimodal_balanced,coupling_corr_mae,0.13089029004254718,True,True
roll1,independent_marginals,1337,future,multimodal_balanced,coupling_coactivation_mae,0.05398858044184792,True,True
roll1,independent_marginals,1337,future,network_general,marginal_ks_mean,0.38093305504019787,True,True
roll1,independent_marginals,1337,future,network_general,wasserstein_iqr_mean,252012.180602425,True,True
roll1,independent_marginals,1337,future,network_general,zero_rate_mae,0.056257730364873214,True,True
roll1,independent_marginals,1337,future,network_general,acf_abs_error_mean,0.1345076089879166,True,True
roll1,independent_marginals,1337,future,network_general,spectral_l1_mean,1.0779006636848287,True,True
roll1,independent_marginals,1337,future,network_general,transition_rate_mae,0.04873192608056909,True,True
roll1,independent_marginals,1337,future,network_general,coupling_corr_mae,0.3129172415489937,True,True
roll1,independent_marginals,1337,future,network_general,coupling_coactivation_mae,0.0791622973299992,True,True
roll1,independent_marginals,1337,future,network_iot_named,marginal_ks_mean,0.23900943776720177,True,True
roll1,independent_marginals,1337,future,network_iot_named,wasserstein_iqr_mean,5910.391929769934,True,True
roll1,independent_marginals,1337,future,network_iot_named,zero_rate_mae,0.020579575703799317,True,True
roll1,independent_marginals,1337,future,network_iot_named,acf_abs_error_mean,0.1993694282503094,True,True
roll1,independent_marginals,1337,future,network_iot_named,spectral_l1_mean,1.1264523504106259,True,True
roll1,independent_marginals,1337,future,network_iot_named,transition_rate_mae,0.0212701582402953,True,True
roll1,independent_marginals,1337,future,network_iot_named,coupling_corr_mae,0.21568016967504028,True,True
roll1,independent_marginals,1337,future,network_iot_named,coupling_coactivation_mae,0.028441631773082933,True,True
roll1,column_shuffle,1337,near,iot_values,marginal_ks_mean,0.24538906471679583,True,True
roll1,column_shuffle,1337,near,iot_values,wasserstein_iqr_mean,0.8306765216554611,True,True
roll1,column_shuffle,1337,near,iot_values,zero_rate_mae,0.0017597948270217162,True,True
roll1,column_shuffle,1337,near,iot_values,acf_abs_error_mean,0.3271499812878765,True,True
roll1,column_shuffle,1337,near,iot_values,spectral_l1_mean,1.2985207939223007,True,True
roll1,column_shuffle,1337,near,iot_values,transition_rate_mae,0.007586611540928132,True,True
roll1,column_shuffle,1337,near,iot_values,coupling_corr_mae,0.08005653487190316,True,True
roll1,column_shuffle,1337,near,iot_values,coupling_coactivation_mae,0.006265006002400971,True,True
roll1,column_shuffle,1337,near,multimodal_balanced,marginal_ks_mean,0.2919855442176871,True,True
roll1,column_shuffle,1337,near,multimodal_balanced,wasserstein_iqr_mean,309553.93234513653,True,True
roll1,column_shuffle,1337,near,multimodal_balanced,zero_rate_mae,0.028496057513914652,True,True
roll1,column_shuffle,1337,near,multimodal_balanced,acf_abs_error_mean,0.3192850610791384,True,True
roll1,column_shuffle,1337,near,multimodal_balanced,spectral_l1_mean,1.3070930108721468,True,True
roll1,column_shuffle,1337,near,multimodal_balanced,transition_rate_mae,0.02754098043764015,True,True
roll1,column_shuffle,1337,near,multimodal_balanced,coupling_corr_mae,0.12827440117016173,True,True
roll1,column_shuffle,1337,near,multimodal_balanced,coupling_coactivation_mae,0.0483707022460822,True,True
roll1,column_shuffle,1337,near,network_general,marginal_ks_mean,0.35180890538033394,True,True
roll1,column_shuffle,1337,near,network_general,wasserstein_iqr_mean,614739.0537820378,True,True
roll1,column_shuffle,1337,near,network_general,zero_rate_mae,0.049493661100803964,True,True
roll1,column_shuffle,1337,near,network_general,acf_abs_error_mean,0.2857155587917768,True,True
roll1,column_shuffle,1337,near,network_general,spectral_l1_mean,1.2881782863480675,True,True
roll1,column_shuffle,1337,near,network_general,transition_rate_mae,0.040081574267378024,True,True
roll1,column_shuffle,1337,near,network_general,coupling_corr_mae,0.28599123149305433,True,True
roll1,column_shuffle,1337,near,network_general,coupling_coactivation_mae,0.069488417896803,True,True
roll1,column_shuffle,1337,near,network_iot_named,marginal_ks_mean,0.21865168992498182,True,True
roll1,column_shuffle,1337,near,network_iot_named,wasserstein_iqr_mean,10336.169660545314,True,True
roll1,column_shuffle,1337,near,network_iot_named,zero_rate_mae,0.017403404049366775,True,True
roll1,column_shuffle,1337,near,network_iot_named,acf_abs_error_mean,0.25098997851396326,True,True
roll1,column_shuffle,1337,near,network_iot_named,spectral_l1_mean,1.2023473532930053,True,True
roll1,column_shuffle,1337,near,network_iot_named,transition_rate_mae,0.01814367694371325,True,True
roll1,column_shuffle,1337,near,network_iot_named,coupling_corr_mae,0.24694263050903892,True,True
roll1,column_shuffle,1337,near,network_iot_named,coupling_coactivation_mae,0.024173737047819496,True,True
roll1,column_shuffle,1337,future,iot_values,marginal_ks_mean,0.22847320746480412,True,True
roll1,column_shuffle,1337,future,iot_values,wasserstein_iqr_mean,1.1082505336671566,True,True
roll1,column_shuffle,1337,future,iot_values,zero_rate_mae,0.0009412856051511523,True,True
roll1,column_shuffle,1337,future,iot_values,acf_abs_error_mean,0.32014958241298624,True,True
roll1,column_shuffle,1337,future,iot_values,spectral_l1_mean,1.28805606864245,True,True
roll1,column_shuffle,1337,future,iot_values,transition_rate_mae,0.010356543452454046,True,True
roll1,column_shuffle,1337,future,iot_values,coupling_corr_mae,0.0647669898494367,True,True
roll1,column_shuffle,1337,future,iot_values,coupling_coactivation_mae,0.0045461366364727826,True,True
roll1,column_shuffle,1337,future,multimodal_balanced,marginal_ks_mean,0.3110022418058132,True,True
roll1,column_shuffle,1337,future,multimodal_balanced,wasserstein_iqr_mean,4330.715266732227,True,True
roll1,column_shuffle,1337,future,multimodal_balanced,zero_rate_mae,0.036279568645640074,True,True
roll1,column_shuffle,1337,future,multimodal_balanced,acf_abs_error_mean,0.24021778853872575,True,True
roll1,column_shuffle,1337,future,multimodal_balanced,spectral_l1_mean,1.1815250388295653,True,True
roll1,column_shuffle,1337,future,multimodal_balanced,transition_rate_mae,0.03373637207144514,True,True
roll1,column_shuffle,1337,future,multimodal_balanced,coupling_corr_mae,0.13131841433232483,True,True
roll1,column_shuffle,1337,future,multimodal_balanced,coupling_coactivation_mae,0.06179193147278253,True,True
roll1,column_shuffle,1337,future,network_general,marginal_ks_mean,0.39966952690166974,True,True
roll1,column_shuffle,1337,future,network_general,wasserstein_iqr_mean,9191.42267340373,True,True
roll1,column_shuffle,1337,future,network_general,zero_rate_mae,0.061784941249226955,True,True
roll1,column_shuffle,1337,future,network_general,acf_abs_error_mean,0.13493791568080954,True,True
roll1,column_shuffle,1337,future,network_general,spectral_l1_mean,1.072428808261021,True,True
roll1,column_shuffle,1337,future,network_general,transition_rate_mae,0.04897355601948503,True,True
roll1,column_shuffle,1337,future,network_general,coupling_corr_mae,0.3129770942924774,True,True
roll1,column_shuffle,1337,future,network_general,coupling_coactivation_mae,0.0872447299077734,True,True
roll1,column_shuffle,1337,future,network_iot_named,marginal_ks_mean,0.2488001129305478,True,True
roll1,column_shuffle,1337,future,network_iot_named,wasserstein_iqr_mean,4306.817267001883,True,True
roll1,column_shuffle,1337,future,network_iot_named,zero_rate_mae,0.02517746228926353,True,True
roll1,column_shuffle,1337,future,network_iot_named,acf_abs_error_mean,0.20510897795783292,True,True
roll1,column_shuffle,1337,future,network_iot_named,spectral_l1_mean,1.1196603844934077,True,True
roll1,column_shuffle,1337,future,network_iot_named,transition_rate_mae,0.024618518854699296,True,True
roll1,column_shuffle,1337,future,network_iot_named,coupling_corr_mae,0.2246859090582392,True,True
roll1,column_shuffle,1337,future,network_iot_named,coupling_coactivation_mae,0.03472706006585171,True,True
roll1,hurdle_iid,1337,near,iot_values,marginal_ks_mean,0.19802466441121902,True,True
roll1,hurdle_iid,1337,near,iot_values,wasserstein_iqr_mean,0.7278493598294205,True,True
roll1,hurdle_iid,1337,near,iot_values,zero_rate_mae,0.003505947833678925,True,True
roll1,hurdle_iid,1337,near,iot_values,acf_abs_error_mean,0.3279547074547039,True,True
roll1,hurdle_iid,1337,near,iot_values,spectral_l1_mean,1.2980865480785697,True,True
roll1,hurdle_iid,1337,near,iot_values,transition_rate_mae,0.007886801206216654,True,True
roll1,hurdle_iid,1337,near,iot_values,coupling_corr_mae,0.07778411147030949,True,True
roll1,hurdle_iid,1337,near,iot_values,coupling_coactivation_mae,0.00905816872203427,True,True
roll1,hurdle_iid,1337,near,multimodal_balanced,marginal_ks_mean,0.2573245207173779,True,True
roll1,hurdle_iid,1337,near,multimodal_balanced,wasserstein_iqr_mean,196627.9980206095,True,True
roll1,hurdle_iid,1337,near,multimodal_balanced,zero_rate_mae,0.024287840136054423,True,True
roll1,hurdle_iid,1337,near,multimodal_balanced,acf_abs_error_mean,0.32141546267417914,True,True
roll1,hurdle_iid,1337,near,multimodal_balanced,spectral_l1_mean,1.3118932525373836,True,True
roll1,hurdle_iid,1337,near,multimodal_balanced,transition_rate_mae,0.025733588494548834,True,True
roll1,hurdle_iid,1337,near,multimodal_balanced,coupling_corr_mae,0.12733594784021732,True,True
roll1,hurdle_iid,1337,near,multimodal_balanced,coupling_coactivation_mae,0.04093207640890012,True,True
roll1,hurdle_iid,1337,near,network_general,marginal_ks_mean,0.3227427334570192,True,True
roll1,hurdle_iid,1337,near,network_general,wasserstein_iqr_mean,389234.7342956331,True,True
roll1,hurdle_iid,1337,near,network_general,zero_rate_mae,0.04271992888064317,True,True
roll1,hurdle_iid,1337,near,network_general,acf_abs_error_mean,0.2871768596226154,True,True
roll1,hurdle_iid,1337,near,network_general,spectral_l1_mean,1.2827619491200426,True,True
roll1,hurdle_iid,1337,near,network_general,transition_rate_mae,0.03760728369287868,True,True
roll1,hurdle_iid,1337,near,network_general,coupling_corr_mae,0.28600609328167903,True,True
roll1,hurdle_iid,1337,near,network_general,coupling_coactivation_mae,0.05972379070205158,True,True
roll1,hurdle_iid,1337,near,network_iot_named,marginal_ks_mean,0.21187585706219245,True,True
roll1,hurdle_iid,1337,near,network_iot_named,wasserstein_iqr_mean,8219.17232757782,True,True
roll1,hurdle_iid,1337,near,network_iot_named,zero_rate_mae,0.013057594579333715,True,True
roll1,hurdle_iid,1337,near,network_iot_named,acf_abs_error_mean,0.24466751719941512,True,True
roll1,hurdle_iid,1337,near,network_iot_named,spectral_l1_mean,1.2107280557283908,True,True
roll1,hurdle_iid,1337,near,network_iot_named,transition_rate_mae,0.0161165068127036,True,True
roll1,hurdle_iid,1337,near,network_iot_named,coupling_corr_mae,0.23052206975746853,True,True
roll1,hurdle_iid,1337,near,network_iot_named,coupling_coactivation_mae,0.018256799665608253,True,True
roll1,hurdle_iid,1337,future,iot_values,marginal_ks_mean,0.23768143621084792,True,True
roll1,hurdle_iid,1337,future,iot_values,wasserstein_iqr_mean,1.1284540058856776,True,True
roll1,hurdle_iid,1337,future,iot_values,zero_rate_mae,0.002987558659827566,True,True
roll1,hurdle_iid,1337,future,iot_values,acf_abs_error_mean,0.32479062895729527,True,True
roll1,hurdle_iid,1337,future,iot_values,spectral_l1_mean,1.2894219960712483,True,True
roll1,hurdle_iid,1337,future,iot_values,transition_rate_mae,0.011502722174464767,True,True
roll1,hurdle_iid,1337,future,iot_values,coupling_corr_mae,0.06362087848907866,True,True
roll1,hurdle_iid,1337,future,iot_values,coupling_coactivation_mae,0.007605314853214016,True,True
roll1,hurdle_iid,1337,future,multimodal_balanced,marginal_ks_mean,0.3016968150896722,True,True
roll1,hurdle_iid,1337,future,multimodal_balanced,wasserstein_iqr_mean,117411.83115940337,True,True
roll1,hurdle_iid,1337,future,multimodal_balanced,zero_rate_mae,0.03220663265306122,True,True
roll1,hurdle_iid,1337,future,multimodal_balanced,acf_abs_error_mean,0.24336674441431125,True,True
roll1,hurdle_iid,1337,future,multimodal_balanced,spectral_l1_mean,1.190687573334385,True,True
roll1,hurdle_iid,1337,future,multimodal_balanced,transition_rate_mae,0.03296315626691409,True,True
roll1,hurdle_iid,1337,future,multimodal_balanced,coupling_corr_mae,0.1314574542417218,True,True
roll1,hurdle_iid,1337,future,multimodal_balanced,coupling_coactivation_mae,0.05447008348794063,True,True
roll1,hurdle_iid,1337,future,network_general,marginal_ks_mean,0.38167710265924554,True,True
roll1,hurdle_iid,1337,future,network_general,wasserstein_iqr_mean,234077.7532308233,True,True
roll1,hurdle_iid,1337,future,network_general,zero_rate_mae,0.055745593692022276,True,True
roll1,hurdle_iid,1337,future,network_general,acf_abs_error_mean,0.13723150636831094,True,True
roll1,hurdle_iid,1337,future,network_general,spectral_l1_mean,1.0710865059622614,True,True
roll1,hurdle_iid,1337,future,network_general,transition_rate_mae,0.04777507152246193,True,True
roll1,hurdle_iid,1337,future,network_general,coupling_corr_mae,0.3122895917147036,True,True
roll1,hurdle_iid,1337,future,network_general,coupling_coactivation_mae,0.07839262187088274,True,True
roll1,hurdle_iid,1337,future,network_iot_named,marginal_ks_mean,0.2410058885214165,True,True
roll1,hurdle_iid,1337,future,network_iot_named,wasserstein_iqr_mean,6182.741663600348,True,True
roll1,hurdle_iid,1337,future,network_iot_named,zero_rate_mae,0.021678631927079133,True,True
roll1,hurdle_iid,1337,future,network_iot_named,acf_abs_error_mean,0.19966501596445013,True,True
roll1,hurdle_iid,1337,future,network_iot_named,spectral_l1_mean,1.1343454509111166,True,True
roll1,hurdle_iid,1337,future,network_iot_named,transition_rate_mae,0.023398182606678572,True,True
roll1,hurdle_iid,1337,future,network_iot_named,coupling_corr_mae,0.21630128470108514,True,True
roll1,hurdle_iid,1337,future,network_iot_named,coupling_coactivation_mae,0.029988926939802155,True,True
roll1,independent_stitch,1337,near,iot_values,marginal_ks_mean,0.1953917930808687,True,True
roll1,independent_stitch,1337,near,iot_values,wasserstein_iqr_mean,0.7314749353033625,True,True
roll1,independent_stitch,1337,near,iot_values,zero_rate_mae,0.0021008403361344554,True,True
roll1,independent_stitch,1337,near,iot_values,acf_abs_error_mean,0.13618965324783983,True,True
roll1,independent_stitch,1337,near,iot_values,spectral_l1_mean,1.157268165957064,True,True
roll1,independent_stitch,1337,near,iot_values,transition_rate_mae,0.0038751756791791194,True,True
roll1,independent_stitch,1337,near,iot_values,coupling_corr_mae,0.08020498080110416,True,True
roll1,independent_stitch,1337,near,iot_values,coupling_coactivation_mae,0.00674758539779549,True,True
roll1,independent_stitch,1337,near,multimodal_balanced,marginal_ks_mean,0.25444012832405694,True,True
roll1,independent_stitch,1337,near,multimodal_balanced,wasserstein_iqr_mean,152313.80290492048,True,True
roll1,independent_stitch,1337,near,multimodal_balanced,zero_rate_mae,0.021355132962275824,True,True
roll1,independent_stitch,1337,near,multimodal_balanced,acf_abs_error_mean,0.16608325901010165,True,True
roll1,independent_stitch,1337,near,multimodal_balanced,spectral_l1_mean,1.1348944267521575,True,True
roll1,independent_stitch,1337,near,multimodal_balanced,transition_rate_mae,0.01266140879919586,True,True
roll1,independent_stitch,1337,near,multimodal_balanced,coupling_corr_mae,0.12864255225148524,True,True
roll1,independent_stitch,1337,near,multimodal_balanced,coupling_coactivation_mae,0.03645401584231372,True,True
roll1,independent_stitch,1337,near,network_general,marginal_ks_mean,0.3189935064935065,True,True
roll1,independent_stitch,1337,near,network_general,wasserstein_iqr_mean,300712.5523302085,True,True
roll1,independent_stitch,1337,near,network_general,zero_rate_mae,0.04030418985776129,True,True
roll1,independent_stitch,1337,near,network_general,acf_abs_error_mean,0.13105952266473028,True,True
roll1,independent_stitch,1337,near,network_general,spectral_l1_mean,1.0447814474091073,True,True
roll1,independent_stitch,1337,near,network_general,transition_rate_mae,0.02178535529266219,True,True
roll1,independent_stitch,1337,near,network_general,coupling_corr_mae,0.28943715487611277,True,True
roll1,independent_stitch,1337,near,network_general,coupling_coactivation_mae,0.05646191282837246,True,True
roll1,independent_stitch,1337,near,network_iot_named,marginal_ks_mean,0.20876018391546342,True,True
roll1,independent_stitch,1337,near,network_iot_named,wasserstein_iqr_mean,9338.459152361276,True,True
roll1,independent_stitch,1337,near,network_iot_named,zero_rate_mae,0.011716544325239971,True,True
roll1,independent_stitch,1337,near,network_iot_named,acf_abs_error_mean,0.1703624460630973,True,True
roll1,independent_stitch,1337,near,network_iot_named,spectral_l1_mean,1.123902647818889,True,True
roll1,independent_stitch,1337,near,network_iot_named,transition_rate_mae,0.01018627777273507,True,True
roll1,independent_stitch,1337,near,network_iot_named,coupling_corr_mae,0.22908734651924487,True,True
roll1,independent_stitch,1337,near,network_iot_named,coupling_coactivation_mae,0.016546341856900865,True,True
roll1,independent_stitch,1337,future,iot_values,marginal_ks_mean,0.24096911491869477,True,True
roll1,independent_stitch,1337,future,iot_values,wasserstein_iqr_mean,1.1464524453940967,True,True
roll1,independent_stitch,1337,future,iot_values,zero_rate_mae,0.0025919458692567946,True,True
roll1,independent_stitch,1337,future,iot_values,acf_abs_error_mean,0.1352130010378936,True,True
roll1,independent_stitch,1337,future,iot_values,spectral_l1_mean,1.1694620505405813,True,True
roll1,independent_stitch,1337,future,iot_values,transition_rate_mae,0.003643210937819801,True,True
roll1,independent_stitch,1337,future,iot_values,coupling_corr_mae,0.06813628116827619,True,True
roll1,independent_stitch,1337,future,iot_values,coupling_coactivation_mae,0.00691128724216959,True,True
roll1,independent_stitch,1337,future,multimodal_balanced,marginal_ks_mean,0.30303996598639454,True,True
roll1,independent_stitch,1337,future,multimodal_balanced,wasserstein_iqr_mean,192657.39742419554,True,True
roll1,independent_stitch,1337,future,multimodal_balanced,zero_rate_mae,0.03029819882498454,True,True
roll1,independent_stitch,1337,future,multimodal_balanced,acf_abs_error_mean,0.20137725006520454,True,True
roll1,independent_stitch,1337,future,multimodal_balanced,spectral_l1_mean,1.181195985383705,True,True
roll1,independent_stitch,1337,future,multimodal_balanced,transition_rate_mae,0.01899211319879378,True,True
roll1,independent_stitch,1337,future,multimodal_balanced,coupling_corr_mae,0.13534561431952072,True,True
roll1,independent_stitch,1337,future,multimodal_balanced,coupling_coactivation_mae,0.05131317517335754,True,True
roll1,independent_stitch,1337,future,network_general,marginal_ks_mean,0.38160946196660483,True,True
roll1,independent_stitch,1337,future,network_general,wasserstein_iqr_mean,384075.94488671696,True,True
roll1,independent_stitch,1337,future,network_general,zero_rate_mae,0.05414154298082869,True,True
roll1,independent_stitch,1337,future,network_general,acf_abs_error_mean,0.20082263947690157,True,True
roll1,independent_stitch,1337,future,network_general,spectral_l1_mean,1.157895069081506,True,True
roll1,independent_stitch,1337,future,network_general,transition_rate_mae,0.03259104616098354,True,True
roll1,independent_stitch,1337,future,network_general,coupling_corr_mae,0.3162282688419363,True,True
roll1,independent_stitch,1337,future,network_general,coupling_coactivation_mae,0.07606679035250463,True,True
roll1,independent_stitch,1337,future,network_iot_named,marginal_ks_mean,0.24034040493667821,True,True
roll1,independent_stitch,1337,future,network_iot_named,wasserstein_iqr_mean,5003.111033356673,True,True
roll1,independent_stitch,1337,future,network_iot_named,zero_rate_mae,0.01953093490360571,True,True
roll1,independent_stitch,1337,future,network_iot_named,acf_abs_error_mean,0.18321985814125588,True,True
roll1,independent_stitch,1337,future,network_iot_named,spectral_l1_mean,1.1058145247636562,True,True
roll1,independent_stitch,1337,future,network_iot_named,transition_rate_mae,0.015813944106582756,True,True
roll1,independent_stitch,1337,future,network_iot_named,coupling_corr_mae,0.21612170176450185,True,True
roll1,independent_stitch,1337,future,network_iot_named,coupling_coactivation_mae,0.02703366650289292,True,True
roll1,shared_stitch,1337,near,iot_values,marginal_ks_mean,0.1938229837389501,True,True
roll1,shared_stitch,1337,near,iot_values,wasserstein_iqr_mean,0.7377147688903399,True,True
roll1,shared_stitch,1337,near,iot_values,zero_rate_mae,0.0012141220124413413,True,True
roll1,shared_stitch,1337,near,iot_values,acf_abs_error_mean,0.12466256834050787,True,True
roll1,shared_stitch,1337,near,iot_values,spectral_l1_mean,1.1395192106386123,True,True
roll1,shared_stitch,1337,near,iot_values,transition_rate_mae,0.0024560972614515483,True,True
roll1,shared_stitch,1337,near,iot_values,coupling_corr_mae,0.045893766027392056,True,True
roll1,shared_stitch,1337,near,iot_values,coupling_coactivation_mae,0.002145176252319124,True,True
roll1,shared_stitch,1337,near,multimodal_balanced,marginal_ks_mean,0.2565080009276438,True,True
roll1,shared_stitch,1337,near,multimodal_balanced,wasserstein_iqr_mean,278516.8334435255,True,True
roll1,shared_stitch,1337,near,multimodal_balanced,zero_rate_mae,0.023007498453927033,True,True
roll1,shared_stitch,1337,near,multimodal_balanced,acf_abs_error_mean,0.14051998222973647,True,True
roll1,shared_stitch,1337,near,multimodal_balanced,spectral_l1_mean,1.0866472348901912,True,True
roll1,shared_stitch,1337,near,multimodal_balanced,transition_rate_mae,0.01205250135312766,True,True
roll1,shared_stitch,1337,near,multimodal_balanced,coupling_corr_mae,0.09582413419906523,True,True
roll1,shared_stitch,1337,near,multimodal_balanced,coupling_coactivation_mae,0.038877773062803475,True,True
roll1,shared_stitch,1337,near,network_general,marginal_ks_mean,0.32511982065553496,True,True
roll1,shared_stitch,1337,near,network_general,wasserstein_iqr_mean,558829.5506575973,True,True
roll1,shared_stitch,1337,near,network_general,zero_rate_mae,0.04305813234384664,True,True
roll1,shared_stitch,1337,near,network_general,acf_abs_error_mean,0.08288290799616194,True,True
roll1,shared_stitch,1337,near,network_general,spectral_l1_mean,0.9992281664177495,True,True
roll1,shared_stitch,1337,near,network_general,transition_rate_mae,0.022046315626691414,True,True
roll1,shared_stitch,1337,near,network_general,coupling_corr_mae,0.11448183996991299,True,True
roll1,shared_stitch,1337,near,network_general,coupling_coactivation_mae,0.06102366836062489,True,True
roll1,shared_stitch,1337,near,network_iot_named,marginal_ks_mean,0.21219851576994433,True,True
roll1,shared_stitch,1337,near,network_iot_named,wasserstein_iqr_mean,4286.769166735207,True,True
roll1,shared_stitch,1337,near,network_iot_named,zero_rate_mae,0.012634105025409379,True,True
roll1,shared_stitch,1337,near,network_iot_named,acf_abs_error_mean,0.17439686465042675,True,True
roll1,shared_stitch,1337,near,network_iot_named,spectral_l1_mean,1.1117578477365015,True,True
roll1,shared_stitch,1337,near,network_iot_named,transition_rate_mae,0.010065252690286729,True,True
roll1,shared_stitch,1337,near,network_iot_named,coupling_corr_mae,0.11516512281704173,True,True
roll1,shared_stitch,1337,near,network_iot_named,coupling_coactivation_mae,0.017327322592709384,True,True
roll1,shared_stitch,1337,future,iot_values,marginal_ks_mean,0.2389501255047474,True,True
roll1,shared_stitch,1337,future,iot_values,wasserstein_iqr_mean,1.1442026979631346,True,True
roll1,shared_stitch,1337,future,iot_values,zero_rate_mae,0.0016506602641056401,True,True
roll1,shared_stitch,1337,future,iot_values,acf_abs_error_mean,0.12250901792450936,True,True
roll1,shared_stitch,1337,future,iot_values,spectral_l1_mean,1.1554030014808274,True,True
roll1,shared_stitch,1337,future,iot_values,transition_rate_mae,0.004680229781543791,True,True
roll1,shared_stitch,1337,future,iot_values,coupling_corr_mae,0.04407676515443789,True,True
roll1,shared_stitch,1337,future,iot_values,coupling_coactivation_mae,0.0024350649350649506,True,True
roll1,shared_stitch,1337,future,multimodal_balanced,marginal_ks_mean,0.30631570810142233,True,True
roll1,shared_stitch,1337,future,multimodal_balanced,wasserstein_iqr_mean,578330.349037042,True,True
roll1,shared_stitch,1337,future,multimodal_balanced,zero_rate_mae,0.032723600803957954,True,True
roll1,shared_stitch,1337,future,multimodal_balanced,acf_abs_error_mean,0.20800058155255643,True,True
roll1,shared_stitch,1337,future,multimodal_balanced,spectral_l1_mean,1.1808703015359547,True,True
roll1,shared_stitch,1337,future,multimodal_balanced,transition_rate_mae,0.021302095414830278,True,True
roll1,shared_stitch,1337,future,multimodal_balanced,coupling_corr_mae,0.10307804765330503,True,True
roll1,shared_stitch,1337,future,multimodal_balanced,coupling_coactivation_mae,0.055491067316675226,True,True
roll1,shared_stitch,1337,future,network_general,marginal_ks_mean,0.3908375850340136,True,True
roll1,shared_stitch,1337,future,network_general,wasserstein_iqr_mean,1155315.739657605,True,True
roll1,shared_stitch,1337,future,network_general,zero_rate_mae,0.058750773036487326,True,True
roll1,shared_stitch,1337,future,network_general,acf_abs_error_mean,0.22838289418160582,True,True
roll1,shared_stitch,1337,future,network_general,spectral_l1_mean,1.2118087543487925,True,True
roll1,shared_stitch,1337,future,network_general,transition_rate_mae,0.03677607670300781,True,True
roll1,shared_stitch,1337,future,network_general,coupling_corr_mae,0.19330333939573746,True,True
roll1,shared_stitch,1337,future,network_general,coupling_coactivation_mae,0.08366187384044528,True,True
roll1,shared_stitch,1337,future,network_iot_named,marginal_ks_mean,0.24328466564491413,True,True
roll1,shared_stitch,1337,future,network_iot_named,wasserstein_iqr_mean,13926.571054448455,True,True
roll1,shared_stitch,1337,future,network_iot_named,zero_rate_mae,0.02210212148100348,True,True
roll1,shared_stitch,1337,future,network_iot_named,acf_abs_error_mean,0.1844565252145215,True,True
roll1,shared_stitch,1337,future,network_iot_named,spectral_l1_mean,1.1009892528155525,True,True
roll1,shared_stitch,1337,future,network_iot_named,transition_rate_mae,0.018073078978951718,True,True
roll1,shared_stitch,1337,future,network_iot_named,coupling_corr_mae,0.10890559853343787,True,True
roll1,shared_stitch,1337,future,network_iot_named,coupling_coactivation_mae,0.03029141947831953,True,True
roll1,learned_gmm_overlay,1337,near,iot_values,marginal_ks_mean,0.2713221652297283,True,False
roll1,learned_gmm_overlay,1337,near,iot_values,wasserstein_iqr_mean,0.7910372946977686,True,False
roll1,learned_gmm_overlay,1337,near,iot_values,zero_rate_mae,0.04394030339408491,True,False
roll1,learned_gmm_overlay,1337,near,iot_values,acf_abs_error_mean,0.22341983389578723,True,False
roll1,learned_gmm_overlay,1337,near,iot_values,spectral_l1_mean,1.1486610120190668,True,False
roll1,learned_gmm_overlay,1337,near,iot_values,transition_rate_mae,0.04736174219165746,True,False
roll1,learned_gmm_overlay,1337,near,iot_values,coupling_corr_mae,0.07349929059939518,True,False
roll1,learned_gmm_overlay,1337,near,iot_values,coupling_coactivation_mae,0.07669090363418093,True,False
roll1,learned_gmm_overlay,1337,near,multimodal_balanced,marginal_ks_mean,0.36567524737167595,True,False
roll1,learned_gmm_overlay,1337,near,multimodal_balanced,wasserstein_iqr_mean,162056.30643411863,True,False
roll1,learned_gmm_overlay,1337,near,multimodal_balanced,zero_rate_mae,0.09541202844774273,True,False
roll1,learned_gmm_overlay,1337,near,multimodal_balanced,acf_abs_error_mean,0.25383387777488736,True,False
roll1,learned_gmm_overlay,1337,near,multimodal_balanced,spectral_l1_mean,1.1498191242403124,True,False
roll1,learned_gmm_overlay,1337,near,multimodal_balanced,transition_rate_mae,0.07868437330859042,True,False
roll1,learned_gmm_overlay,1337,near,multimodal_balanced,coupling_corr_mae,0.1178086445155332,True,False
roll1,learned_gmm_overlay,1337,near,multimodal_balanced,coupling_coactivation_mae,0.16785521026592454,True,False
roll1,learned_gmm_overlay,1337,near,network_general,marginal_ks_mean,0.40642393320964754,True,False
roll1,learned_gmm_overlay,1337,near,network_general,wasserstein_iqr_mean,310090.2381386535,True,False
roll1,learned_gmm_overlay,1337,near,network_general,zero_rate_mae,0.10723948670377241,True,False
roll1,learned_gmm_overlay,1337,near,network_general,acf_abs_error_mean,0.25100530577053487,True,False
roll1,learned_gmm_overlay,1337,near,network_general,spectral_l1_mean,1.127810286642527,True,False
roll1,learned_gmm_overlay,1337,near,network_general,transition_rate_mae,0.07850073455501431,True,False
roll1,learned_gmm_overlay,1337,near,network_general,coupling_corr_mae,0.2488696075485424,True,False
roll1,learned_gmm_overlay,1337,near,network_general,coupling_coactivation_mae,0.1604832150251405,True,False
roll1,learned_gmm_overlay,1337,near,network_iot_named,marginal_ks_mean,0.2965031862547391,True,False
roll1,learned_gmm_overlay,1337,near,network_iot_named,wasserstein_iqr_mean,18655.069606753994,True,False
roll1,learned_gmm_overlay,1337,near,network_iot_named,zero_rate_mae,0.06427966443494393,True,False
roll1,learned_gmm_overlay,1337,near,network_iot_named,acf_abs_error_mean,0.2186368244944372,True,False
roll1,learned_gmm_overlay,1337,near,network_iot_named,spectral_l1_mean,1.1446200493898047,True,False
roll1,learned_gmm_overlay,1337,near,network_iot_named,transition_rate_mae,0.05477393523141005,True,False
roll1,learned_gmm_overlay,1337,near,network_iot_named,coupling_corr_mae,0.18620576027686184,True,False
roll1,learned_gmm_overlay,1337,near,network_iot_named,coupling_coactivation_mae,0.09084767575733133,True,False
roll1,learned_gmm_overlay,1337,future,iot_values,marginal_ks_mean,0.31811360907999564,True,False
roll1,learned_gmm_overlay,1337,future,iot_values,wasserstein_iqr_mean,1.187972109803662,True,False
roll1,learned_gmm_overlay,1337,future,iot_values,zero_rate_mae,0.04623212921532249,True,False
roll1,learned_gmm_overlay,1337,future,iot_values,acf_abs_error_mean,0.21984721069400115,True,False
roll1,learned_gmm_overlay,1337,future,iot_values,spectral_l1_mean,1.1489531122452648,True,False
roll1,learned_gmm_overlay,1337,future,iot_values,transition_rate_mae,0.0490673652898877,True,False
roll1,learned_gmm_overlay,1337,future,iot_values,coupling_corr_mae,0.06511466350268955,True,False
roll1,learned_gmm_overlay,1337,future,iot_values,coupling_coactivation_mae,0.08042194150387427,True,False
roll1,learned_gmm_overlay,1337,future,multimodal_balanced,marginal_ks_mean,0.41065147649969075,True,False
roll1,learned_gmm_overlay,1337,future,multimodal_balanced,wasserstein_iqr_mean,191029.71786082408,True,False
roll1,learned_gmm_overlay,1337,future,multimodal_balanced,zero_rate_mae,0.10583352659245517,True,False
roll1,learned_gmm_overlay,1337,future,multimodal_balanced,acf_abs_error_mean,0.25692333006695134,True,False
roll1,learned_gmm_overlay,1337,future,multimodal_balanced,spectral_l1_mean,1.1716036467530662,True,False
roll1,learned_gmm_overlay,1337,future,multimodal_balanced,transition_rate_mae,0.08519871646176447,True,False
roll1,learned_gmm_overlay,1337,future,multimodal_balanced,coupling_corr_mae,0.09695016145555464,True,False
roll1,learned_gmm_overlay,1337,future,multimodal_balanced,coupling_coactivation_mae,0.18564738516296267,True,False
roll1,learned_gmm_overlay,1337,future,network_general,marginal_ks_mean,0.4635609925788497,True,False
roll1,learned_gmm_overlay,1337,future,network_general,wasserstein_iqr_mean,367276.044325669,True,False
roll1,learned_gmm_overlay,1337,future,network_general,zero_rate_mae,0.1222943722943723,True,False
roll1,learned_gmm_overlay,1337,future,network_general,acf_abs_error_mean,0.21112679540053025,True,False
roll1,learned_gmm_overlay,1337,future,network_general,spectral_l1_mean,1.1184252280285183,True,False
roll1,learned_gmm_overlay,1337,future,network_general,transition_rate_mae,0.08777932420938683,True,False
roll1,learned_gmm_overlay,1337,future,network_general,coupling_corr_mae,0.268142911044636,True,False
roll1,learned_gmm_overlay,1337,future,network_general,coupling_coactivation_mae,0.18210807050092764,True,False
roll1,learned_gmm_overlay,1337,future,network_iot_named,marginal_ks_mean,0.3234956037751069,True,False
roll1,learned_gmm_overlay,1337,future,network_iot_named,wasserstein_iqr_mean,20830.50529769298,True,False
roll1,learned_gmm_overlay,1337,future,network_iot_named,zero_rate_mae,0.07392917641364846,True,False
roll1,learned_gmm_overlay,1337,future,network_iot_named,acf_abs_error_mean,0.22841576748747028,True,False
roll1,learned_gmm_overlay,1337,future,network_iot_named,spectral_l1_mean,1.1489460256740842,True,False
roll1,learned_gmm_overlay,1337,future,network_iot_named,transition_rate_mae,0.06290278660252337,True,False
roll1,learned_gmm_overlay,1337,future,network_iot_named,coupling_corr_mae,0.17284136961307767,True,False
roll1,learned_gmm_overlay,1337,future,network_iot_named,coupling_coactivation_mae,0.1040482668094187,True,False
roll1,learned_latent_var_overlay,1337,near,iot_values,marginal_ks_mean,0.5810733384262796,True,False
roll1,learned_latent_var_overlay,1337,near,iot_values,wasserstein_iqr_mean,0.8801937171400342,True,False
roll1,learned_latent_var_overlay,1337,near,iot_values,zero_rate_mae,0.0644576012223071,True,False
roll1,learned_latent_var_overlay,1337,near,iot_values,acf_abs_error_mean,0.04482220889256759,True,False
roll1,learned_latent_var_overlay,1337,near,iot_values,spectral_l1_mean,0.874452264472268,True,False
roll1,learned_latent_var_overlay,1337,near,iot_values,transition_rate_mae,0.08163794397369246,True,False
roll1,learned_latent_var_overlay,1337,near,iot_values,coupling_corr_mae,0.13040254636346826,True,False
roll1,learned_latent_var_overlay,1337,near,iot_values,coupling_coactivation_mae,0.11816203754228966,True,False
roll1,learned_latent_var_overlay,1337,near,multimodal_balanced,marginal_ks_mean,0.6108099489795918,True,False
roll1,learned_latent_var_overlay,1337,near,multimodal_balanced,wasserstein_iqr_mean,375884.26510160137,True,False
roll1,learned_latent_var_overlay,1337,near,multimodal_balanced,zero_rate_mae,0.1379580241187384,True,False
roll1,learned_latent_var_overlay,1337,near,multimodal_balanced,acf_abs_error_mean,0.254218562906871,True,False
roll1,learned_latent_var_overlay,1337,near,multimodal_balanced,spectral_l1_mean,1.086811485374432,True,False
roll1,learned_latent_var_overlay,1337,near,multimodal_balanced,transition_rate_mae,0.09839654372535377,True,False
roll1,learned_latent_var_overlay,1337,near,multimodal_balanced,coupling_corr_mae,0.24141978795878155,True,False
roll1,learned_latent_var_overlay,1337,near,multimodal_balanced,coupling_coactivation_mae,0.2518240371583837,True,False
roll1,learned_latent_var_overlay,1337,near,network_general,marginal_ks_mean,0.5359172077922078,True,False
roll1,learned_latent_var_overlay,1337,near,network_general,wasserstein_iqr_mean,727991.8224407728,True,False
roll1,learned_latent_var_overlay,1337,near,network_general,zero_rate_mae,0.1390789270253556,True,False
roll1,learned_latent_var_overlay,1337,near,network_general,acf_abs_error_mean,0.28119250908714327,True,False
roll1,learned_latent_var_overlay,1337,near,network_general,spectral_l1_mean,1.180600247588036,True,False
roll1,learned_latent_var_overlay,1337,near,network_general,transition_rate_mae,0.08008582695430295,True,False
roll1,learned_latent_var_overlay,1337,near,network_general,coupling_corr_mae,0.2869783623800271,True,False
roll1,learned_latent_var_overlay,1337,near,network_general,coupling_coactivation_mae,0.21365132021187921,True,False
roll1,learned_latent_var_overlay,1337,near,network_iot_named,marginal_ks_mean,0.44542026296684684,True,False
roll1,learned_latent_var_overlay,1337,near,network_iot_named,wasserstein_iqr_mean,30971.10719496612,True,False
roll1,learned_latent_var_overlay,1337,near,network_iot_named,zero_rate_mae,0.10559006211180125,True,False
roll1,learned_latent_var_overlay,1337,near,network_iot_named,acf_abs_error_mean,0.26376154103885663,True,False
roll1,learned_latent_var_overlay,1337,near,network_iot_named,spectral_l1_mean,1.1187618546923503,True,False
roll1,learned_latent_var_overlay,1337,near,network_iot_named,transition_rate_mae,0.07117283390315976,True,False
roll1,learned_latent_var_overlay,1337,near,network_iot_named,coupling_corr_mae,0.23524699754539155,True,False
roll1,learned_latent_var_overlay,1337,near,network_iot_named,coupling_coactivation_mae,0.1538935372927468,True,False
roll1,learned_latent_var_overlay,1337,future,iot_values,marginal_ks_mean,0.6101713412637783,True,False
roll1,learned_latent_var_overlay,1337,future,iot_values,wasserstein_iqr_mean,1.237480918900598,True,False
roll1,learned_latent_var_overlay,1337,future,iot_values,zero_rate_mae,0.06655844155844157,True,False
roll1,learned_latent_var_overlay,1337,future,iot_values,acf_abs_error_mean,0.043723346088608415,True,False
roll1,learned_latent_var_overlay,1337,future,iot_values,spectral_l1_mean,0.9295875011203669,True,False
roll1,learned_latent_var_overlay,1337,future,iot_values,transition_rate_mae,0.08334356707192271,True,False
roll1,learned_latent_var_overlay,1337,future,iot_values,coupling_corr_mae,0.11701275693202424,True,False
roll1,learned_latent_var_overlay,1337,future,iot_values,coupling_coactivation_mae,0.12212157590308852,True,False
roll1,learned_latent_var_overlay,1337,future,multimodal_balanced,marginal_ks_mean,0.6545686456400742,True,False
roll1,learned_latent_var_overlay,1337,future,multimodal_balanced,wasserstein_iqr_mean,70097.26771883009,True,False
roll1,learned_latent_var_overlay,1337,future,multimodal_balanced,zero_rate_mae,0.14837952226345086,True,False
roll1,learned_latent_var_overlay,1337,future,multimodal_balanced,acf_abs_error_mean,0.36167680645363093,True,False
roll1,learned_latent_var_overlay,1337,future,multimodal_balanced,spectral_l1_mean,1.2373766818518106,True,False
roll1,learned_latent_var_overlay,1337,future,multimodal_balanced,transition_rate_mae,0.10516218201500038,True,False
roll1,learned_latent_var_overlay,1337,future,multimodal_balanced,coupling_corr_mae,0.24824858988354664,True,False
roll1,learned_latent_var_overlay,1337,future,multimodal_balanced,coupling_coactivation_mae,0.26959277424702954,True,False
roll1,learned_latent_var_overlay,1337,future,network_general,marginal_ks_mean,0.5796324211502784,True,False
roll1,learned_latent_var_overlay,1337,future,network_general,wasserstein_iqr_mean,130557.27466245845,True,False
roll1,learned_latent_var_overlay,1337,future,network_general,zero_rate_mae,0.1547715677179963,True,False
roll1,learned_latent_var_overlay,1337,future,network_general,acf_abs_error_mean,0.44589345584989964,True,False
roll1,learned_latent_var_overlay,1337,future,network_general,spectral_l1_mean,1.3598511089761338,True,False
roll1,learned_latent_var_overlay,1337,future,network_general,transition_rate_mae,0.09218665429521379,True,False
roll1,learned_latent_var_overlay,1337,future,network_general,coupling_corr_mae,0.3400698745464165,True,False
roll1,learned_latent_var_overlay,1337,future,network_general,coupling_coactivation_mae,0.23628952569169961,True,False
roll1,learned_latent_var_overlay,1337,future,network_iot_named,marginal_ks_mean,0.49868919899975805,True,False
roll1,learned_latent_var_overlay,1337,future,network_iot_named,wasserstein_iqr_mean,22579.339353561183,True,False
roll1,learned_latent_var_overlay,1337,future,network_iot_named,zero_rate_mae,0.11530007259820922,True,False
roll1,learned_latent_var_overlay,1337,future,network_iot_named,acf_abs_error_mean,0.3364374702763842,True,False
roll1,learned_latent_var_overlay,1337,future,network_iot_named,spectral_l1_mean,1.2313437419561055,True,False
roll1,learned_latent_var_overlay,1337,future,network_iot_named,transition_rate_mae,0.07712323379020301,True,False
roll1,learned_latent_var_overlay,1337,future,network_iot_named,coupling_corr_mae,0.22767032137686305,True,False
roll1,learned_latent_var_overlay,1337,future,network_iot_named,coupling_coactivation_mae,0.1672151253602411,True,False
roll2,real_row_resample,1337,near,iot_values,marginal_ks_mean,0.20273109243697476,True,True
roll2,real_row_resample,1337,near,iot_values,wasserstein_iqr_mean,0.8467570385721261,True,True
roll2,real_row_resample,1337,near,iot_values,zero_rate_mae,0.0020735566954054336,True,True
roll2,real_row_resample,1337,near,iot_values,acf_abs_error_mean,0.33084264612756753,True,True
roll2,real_row_resample,1337,near,iot_values,spectral_l1_mean,1.295170340276319,True,True
roll2,real_row_resample,1337,near,iot_values,transition_rate_mae,0.009687939197947791,True,True
roll2,real_row_resample,1337,near,iot_values,coupling_corr_mae,0.03981971728366769,True,True
roll2,real_row_resample,1337,near,iot_values,coupling_coactivation_mae,0.00299267434246427,True,True
roll2,real_row_resample,1337,near,multimodal_balanced,marginal_ks_mean,0.27499806740878174,True,True
roll2,real_row_resample,1337,near,multimodal_balanced,wasserstein_iqr_mean,158396.70039431105,True,True
roll2,real_row_resample,1337,near,multimodal_balanced,zero_rate_mae,0.03154955163883735,True,True
roll2,real_row_resample,1337,near,multimodal_balanced,acf_abs_error_mean,0.2872431127654554,True,True
roll2,real_row_resample,1337,near,multimodal_balanced,spectral_l1_mean,1.264520284493183,True,True
roll2,real_row_resample,1337,near,multimodal_balanced,transition_rate_mae,0.030991455965359932,True,True
roll2,real_row_resample,1337,near,multimodal_balanced,coupling_corr_mae,0.07021524953753105,True,True
roll2,real_row_resample,1337,near,multimodal_balanced,coupling_coactivation_mae,0.05311624166107448,True,True
roll2,real_row_resample,1337,near,network_general,marginal_ks_mean,0.36206130179344465,True,True
roll2,real_row_resample,1337,near,network_general,wasserstein_iqr_mean,316164.1116919887,True,True
roll2,real_row_resample,1337,near,network_general,zero_rate_mae,0.05511750154607298,True,True
roll2,real_row_resample,1337,near,network_general,acf_abs_error_mean,0.23918916757472344,True,True
roll2,real_row_resample,1337,near,network_general,spectral_l1_mean,1.2455876505848968,True,True
roll2,real_row_resample,1337,near,network_general,transition_rate_mae,0.044102296450939445,True,True
roll2,real_row_resample,1337,near,network_general,coupling_corr_mae,0.12227619608757548,True,True
roll2,real_row_resample,1337,near,network_general,coupling_coactivation_mae,0.07731961361619748,True,True
roll2,real_row_resample,1337,near,network_iot_named,marginal_ks_mean,0.220829636202307,True,True
roll2,real_row_resample,1337,near,network_iot_named,wasserstein_iqr_mean,3590.812873370366,True,True
roll2,real_row_resample,1337,near,network_iot_named,zero_rate_mae,0.019046946841977906,True,True
roll2,real_row_resample,1337,near,network_iot_named,acf_abs_error_mean,0.21062348112270196,True,True
roll2,real_row_resample,1337,near,network_iot_named,spectral_l1_mean,1.147472553828264,True,True
roll2,real_row_resample,1337,near,network_iot_named,transition_rate_mae,0.021834941958387553,True,True
roll2,real_row_resample,1337,near,network_iot_named,coupling_corr_mae,0.09980011405963038,True,True
roll2,real_row_resample,1337,near,network_iot_named,coupling_coactivation_mae,0.02586586197540462,True,True
roll2,real_row_resample,1337,future,iot_values,marginal_ks_mean,0.24548455745934739,True,True
roll2,real_row_resample,1337,future,iot_values,wasserstein_iqr_mean,1.0376762943027438,True,True
roll2,real_row_resample,1337,future,iot_values,zero_rate_mae,0.01821183018662011,True,True
roll2,real_row_resample,1337,future,iot_values,acf_abs_error_mean,0.3484654111857492,True,True
roll2,real_row_resample,1337,future,iot_values,spectral_l1_mean,1.3116559179438787,True,True
roll2,real_row_resample,1337,future,iot_values,transition_rate_mae,0.029527747076562014,True,True
roll2,real_row_resample,1337,future,iot_values,coupling_corr_mae,0.06831906655622053,True,True
roll2,real_row_resample,1337,future,iot_values,coupling_coactivation_mae,0.033390060569682425,True,True
roll2,real_row_resample,1337,future,multimodal_balanced,marginal_ks_mean,0.2879657544836116,True,True
roll2,real_row_resample,1337,future,multimodal_balanced,wasserstein_iqr_mean,151019.072346577,True,True
roll2,real_row_resample,1337,future,multimodal_balanced,zero_rate_mae,0.034603045763760054,True,True
roll2,real_row_resample,1337,future,multimodal_balanced,acf_abs_error_mean,0.3024492660901472,True,True
roll2,real_row_resample,1337,future,multimodal_balanced,spectral_l1_mean,1.3070728306352957,True,True
roll2,real_row_resample,1337,future,multimodal_balanced,transition_rate_mae,0.03693555246269234,True,True
roll2,real_row_resample,1337,future,multimodal_balanced,coupling_corr_mae,0.11391515198172023,True,True
roll2,real_row_resample,1337,future,multimodal_balanced,coupling_coactivation_mae,0.05851536697851286,True,True
roll2,real_row_resample,1337,future,network_general,marginal_ks_mean,0.3545531849103278,True,True
roll2,real_row_resample,1337,future,network_general,wasserstein_iqr_mean,304220.50970492035,True,True
roll2,real_row_resample,1337,future,network_general,zero_rate_mae,0.05534941249226963,True,True
roll2,real_row_resample,1337,future,network_general,acf_abs_error_mean,0.17784044258040999,True,True
roll2,real_row_resample,1337,future,network_general,spectral_l1_mean,1.1848346053246763,True,True
roll2,real_row_resample,1337,future,network_general,transition_rate_mae,0.04935049872419393,True,True
roll2,real_row_resample,1337,future,network_general,coupling_corr_mae,0.21339903950150882,True,True
roll2,real_row_resample,1337,future,network_general,coupling_coactivation_mae,0.078375816729854,True,True
roll2,real_row_resample,1337,future,network_iot_named,marginal_ks_mean,0.2297229168347181,True,True
roll2,real_row_resample,1337,future,network_iot_named,wasserstein_iqr_mean,4024.5604872022896,True,True
roll2,real_row_resample,1337,future,network_iot_named,zero_rate_mae,0.02394732596595951,True,True
roll2,real_row_resample,1337,future,network_iot_named,acf_abs_error_mean,0.2609012736717984,True,True
roll2,real_row_resample,1337,future,network_iot_named,spectral_l1_mean,1.2509975187222293,True,True
roll2,real_row_resample,1337,future,network_iot_named,transition_rate_mae,0.025495950702449758,True,True
roll2,real_row_resample,1337,future,network_iot_named,coupling_corr_mae,0.14385273306728616,True,True
roll2,real_row_resample,1337,future,network_iot_named,coupling_coactivation_mae,0.032529864263348175,True,True
roll2,real_contiguous_block,1337,near,iot_values,marginal_ks_mean,0.22990559860307758,True,True
roll2,real_contiguous_block,1337,near,iot_values,wasserstein_iqr_mean,0.8789698616804655,True,True
roll2,real_contiguous_block,1337,near,iot_values,zero_rate_mae,0.0016915857251991748,True,True
roll2,real_contiguous_block,1337,near,iot_values,acf_abs_error_mean,0.029565071115740433,True,True
roll2,real_contiguous_block,1337,near,iot_values,spectral_l1_mean,0.8835688212705997,True,True
roll2,real_contiguous_block,1337,near,iot_values,transition_rate_mae,0.001773848022159449,True,True
roll2,real_contiguous_block,1337,near,iot_values,coupling_corr_mae,0.04526763657647076,True,True
roll2,real_contiguous_block,1337,near,iot_values,coupling_coactivation_mae,0.0027010804321728693,True,True
roll2,real_contiguous_block,1337,near,multimodal_balanced,marginal_ks_mean,0.3271925247371676,True,True
roll2,real_contiguous_block,1337,near,multimodal_balanced,wasserstein_iqr_mean,302519.59513053676,True,True
roll2,real_contiguous_block,1337,near,multimodal_balanced,zero_rate_mae,0.04124149659863946,True,True
roll2,real_contiguous_block,1337,near,multimodal_balanced,acf_abs_error_mean,0.10740290792671021,True,True
roll2,real_contiguous_block,1337,near,multimodal_balanced,spectral_l1_mean,0.9785717990389472,True,True
roll2,real_contiguous_block,1337,near,multimodal_balanced,transition_rate_mae,0.025385641382509854,True,True
roll2,real_contiguous_block,1337,near,multimodal_balanced,coupling_corr_mae,0.08214918846655106,True,True
roll2,real_contiguous_block,1337,near,multimodal_balanced,coupling_coactivation_mae,0.06991045934814932,True,True
roll2,real_contiguous_block,1337,near,network_general,marginal_ks_mean,0.4159999226963513,True,True
roll2,real_contiguous_block,1337,near,network_general,wasserstein_iqr_mean,607550.6501863806,True,True
roll2,real_contiguous_block,1337,near,network_general,zero_rate_mae,0.0688582251082251,True,True
roll2,real_contiguous_block,1337,near,network_general,acf_abs_error_mean,0.1849249308095666,True,True
roll2,real_contiguous_block,1337,near,network_general,spectral_l1_mean,1.1200070339811194,True,True
roll2,real_contiguous_block,1337,near,network_general,transition_rate_mae,0.04071947730611613,True,True
roll2,real_contiguous_block,1337,near,network_general,coupling_corr_mae,0.12034254070160422,True,True
roll2,real_contiguous_block,1337,near,network_general,coupling_coactivation_mae,0.09720261622435535,True,True
roll2,real_contiguous_block,1337,near,network_iot_named,marginal_ks_mean,0.27035774784221994,True,True
roll2,real_contiguous_block,1337,near,network_iot_named,wasserstein_iqr_mean,3156.9131489049887,True,True
roll2,real_contiguous_block,1337,near,network_iot_named,zero_rate_mae,0.02780914737436476,True,True
roll2,real_contiguous_block,1337,near,network_iot_named,acf_abs_error_mean,0.1057184983225992,True,True
roll2,real_contiguous_block,1337,near,network_iot_named,spectral_l1_mean,0.928073770431417,True,True
roll2,real_contiguous_block,1337,near,network_iot_named,transition_rate_mae,0.023287242947767593,True,True
roll2,real_contiguous_block,1337,near,network_iot_named,coupling_corr_mae,0.10237547130528112,True,True
roll2,real_contiguous_block,1337,near,network_iot_named,coupling_coactivation_mae,0.03792339788951873,True,True
roll2,real_contiguous_block,1337,future,iot_values,marginal_ks_mean,0.24376568809341914,True,True
roll2,real_contiguous_block,1337,future,iot_values,wasserstein_iqr_mean,0.9785579185092181,True,True
roll2,real_contiguous_block,1337,future,iot_values,zero_rate_mae,0.017338753683291498,True,True
roll2,real_contiguous_block,1337,future,iot_values,acf_abs_error_mean,0.04530956305311863,True,True
roll2,real_contiguous_block,1337,future,iot_values,spectral_l1_mean,0.8687295988894347,True,True
roll2,real_contiguous_block,1337,future,iot_values,transition_rate_mae,0.021449916083343575,True,True
roll2,real_contiguous_block,1337,future,iot_values,coupling_corr_mae,0.04831522168201303,True,True
roll2,real_contiguous_block,1337,future,iot_values,coupling_coactivation_mae,0.03223221106624468,True,True
roll2,real_contiguous_block,1337,future,multimodal_balanced,marginal_ks_mean,0.3257913961038961,True,True
roll2,real_contiguous_block,1337,future,multimodal_balanced,wasserstein_iqr_mean,4006.5787011883635,True,True
roll2,real_contiguous_block,1337,future,multimodal_balanced,zero_rate_mae,0.04397611317254174,True,True
roll2,real_contiguous_block,1337,future,multimodal_balanced,acf_abs_error_mean,0.11485420271251097,True,True
roll2,real_contiguous_block,1337,future,multimodal_balanced,spectral_l1_mean,1.023061874418217,True,True
roll2,real_contiguous_block,1337,future,multimodal_balanced,transition_rate_mae,0.032566883167091935,True,True
roll2,real_contiguous_block,1337,future,multimodal_balanced,coupling_corr_mae,0.11884373175108359,True,True
roll2,real_contiguous_block,1337,future,multimodal_balanced,coupling_coactivation_mae,0.0747590017631811,True,True
roll2,real_contiguous_block,1337,future,network_general,marginal_ks_mean,0.40995091218305507,True,True
roll2,real_contiguous_block,1337,future,network_general,wasserstein_iqr_mean,9104.008398113063,True,True
roll2,real_contiguous_block,1337,future,network_general,zero_rate_mae,0.06754406307977735,True,True
roll2,real_contiguous_block,1337,future,network_general,acf_abs_error_mean,0.12349447028654592,True,True
roll2,real_contiguous_block,1337,future,network_general,spectral_l1_mean,1.1012086277044262,True,True
roll2,real_contiguous_block,1337,future,network_general,transition_rate_mae,0.047533441583545964,True,True
roll2,real_contiguous_block,1337,future,network_general,coupling_corr_mae,0.17057407123972662,True,True
roll2,real_contiguous_block,1337,future,network_general,coupling_coactivation_mae,0.09598340324272,True,True
roll2,real_contiguous_block,1337,future,network_iot_named,marginal_ks_mean,0.26393482294103415,True,True
roll2,real_contiguous_block,1337,future,network_iot_named,wasserstein_iqr_mean,3691.4028507733856,True,True
roll2,real_contiguous_block,1337,future,network_iot_named,zero_rate_mae,0.0326288618214084,True,True
roll2,real_contiguous_block,1337,future,network_iot_named,acf_abs_error_mean,0.16461227279564888,True,True
roll2,real_contiguous_block,1337,future,network_iot_named,spectral_l1_mean,1.0474442050773076,True,True
roll2,real_contiguous_block,1337,future,network_iot_named,transition_rate_mae,0.02648432220911117,True,True
roll2,real_contiguous_block,1337,future,network_iot_named,coupling_corr_mae,0.1752520204119938,True,True
roll2,real_contiguous_block,1337,future,network_iot_named,coupling_coactivation_mae,0.044471903026392014,True,True
roll2,independent_marginals,1337,near,iot_values,marginal_ks_mean,0.20063025210084034,True,True
roll2,independent_marginals,1337,near,iot_values,wasserstein_iqr_mean,0.8367644129880578,True,True
roll2,independent_marginals,1337,near,iot_values,zero_rate_mae,0.0030557677616501145,True,True
roll2,independent_marginals,1337,near,iot_values,acf_abs_error_mean,0.32900506470193736,True,True
roll2,independent_marginals,1337,near,iot_values,spectral_l1_mean,1.2949389035159873,True,True
roll2,independent_marginals,1337,near,iot_values,transition_rate_mae,0.011161597554818726,True,True
roll2,independent_marginals,1337,near,iot_values,coupling_corr_mae,0.07472811233206572,True,True
roll2,independent_marginals,1337,near,iot_values,coupling_coactivation_mae,0.008019685146785981,True,True
roll2,independent_marginals,1337,near,multimodal_balanced,marginal_ks_mean,0.2739448051948052,True,True
roll2,independent_marginals,1337,near,multimodal_balanced,wasserstein_iqr_mean,216673.98462982653,True,True
roll2,independent_marginals,1337,near,multimodal_balanced,zero_rate_mae,0.0321438234384663,True,True
roll2,independent_marginals,1337,near,multimodal_balanced,acf_abs_error_mean,0.2862717462395074,True,True
roll2,independent_marginals,1337,near,multimodal_balanced,spectral_l1_mean,1.266671225254117,True,True
roll2,independent_marginals,1337,near,multimodal_balanced,transition_rate_mae,0.031518209232196705,True,True
roll2,independent_marginals,1337,near,multimodal_balanced,coupling_corr_mae,0.10424270404894512,True,True
roll2,independent_marginals,1337,near,multimodal_balanced,coupling_coactivation_mae,0.05445610304082948,True,True
roll2,independent_marginals,1337,near,network_general,marginal_ks_mean,0.3624768089053803,True,True
roll2,independent_marginals,1337,near,network_general,wasserstein_iqr_mean,429703.8791901265,True,True
roll2,independent_marginals,1337,near,network_general,zero_rate_mae,0.05634469696969697,True,True
roll2,independent_marginals,1337,near,network_general,acf_abs_error_mean,0.23902156323417845,True,True
roll2,independent_marginals,1337,near,network_general,spectral_l1_mean,1.255188824754941,True,True
roll2,independent_marginals,1337,near,network_general,transition_rate_mae,0.04586136240624758,True,True
roll2,independent_marginals,1337,near,network_general,coupling_corr_mae,0.2934811264104234,True,True
roll2,independent_marginals,1337,near,network_general,coupling_coactivation_mae,0.0792169140383426,True,True
roll2,independent_marginals,1337,near,network_iot_named,marginal_ks_mean,0.21922642574816487,True,True
roll2,independent_marginals,1337,near,network_iot_named,wasserstein_iqr_mean,6807.2745055911955,True,True
roll2,independent_marginals,1337,near,network_iot_named,zero_rate_mae,0.019299023957409057,True,True
roll2,independent_marginals,1337,near,network_iot_named,acf_abs_error_mean,0.2113480170376653,True,True
roll2,independent_marginals,1337,near,network_iot_named,spectral_l1_mean,1.1562196823046098,True,True
roll2,independent_marginals,1337,near,network_iot_named,transition_rate_mae,0.021169304004921684,True,True
roll2,independent_marginals,1337,near,network_iot_named,coupling_corr_mae,0.21210068358465667,True,True
roll2,independent_marginals,1337,near,network_iot_named,coupling_coactivation_mae,0.026842087895165255,True,True
roll2,independent_marginals,1337,future,iot_values,marginal_ks_mean,0.2470942922623595,True,True
roll2,independent_marginals,1337,future,iot_values,wasserstein_iqr_mean,1.0329726993996937,True,True
roll2,independent_marginals,1337,future,iot_values,zero_rate_mae,0.018866637564116554,True,True
roll2,independent_marginals,1337,future,iot_values,acf_abs_error_mean,0.3466358681505912,True,True
roll2,independent_marginals,1337,future,iot_values,spectral_l1_mean,1.3113712097584465,True,True
roll2,independent_marginals,1337,future,iot_values,transition_rate_mae,0.030373736133284215,True,True
roll2,independent_marginals,1337,future,iot_values,coupling_corr_mae,0.10025208480485227,True,True
roll2,independent_marginals,1337,future,iot_values,coupling_coactivation_mae,0.03555569955254829,True,True
roll2,independent_marginals,1337,future,multimodal_balanced,marginal_ks_mean,0.2884392393320965,True,True
roll2,independent_marginals,1337,future,multimodal_balanced,wasserstein_iqr_mean,97138.39943070985,True,True
roll2,independent_marginals,1337,future,multimodal_balanced,zero_rate_mae,0.03553552102659246,True,True
roll2,independent_marginals,1337,future,multimodal_balanced,acf_abs_error_mean,0.30078699310759055,True,True
roll2,independent_marginals,1337,future,multimodal_balanced,spectral_l1_mean,1.3078347871265237,True,True
roll2,independent_marginals,1337,future,multimodal_balanced,transition_rate_mae,0.03739464934663265,True,True
roll2,independent_marginals,1337,future,multimodal_balanced,coupling_corr_mae,0.13382003698640454,True,True
roll2,independent_marginals,1337,future,multimodal_balanced,coupling_coactivation_mae,0.06035359017881814,True,True
roll2,independent_marginals,1337,future,network_general,marginal_ks_mean,0.35417632962275825,True,True
roll2,independent_marginals,1337,future,network_general,wasserstein_iqr_mean,189907.74725065008,True,True
roll2,independent_marginals,1337,future,network_general,zero_rate_mae,0.056615259740259744,True,True
roll2,independent_marginals,1337,future,network_general,acf_abs_error_mean,0.1759204342717872,True,True
roll2,independent_marginals,1337,future,network_general,spectral_l1_mean,1.1860903781702523,True,True
roll2,independent_marginals,1337,future,network_general,transition_rate_mae,0.05134152942086136,True,True
roll2,independent_marginals,1337,future,network_general,coupling_corr_mae,0.28200386783510856,True,True
roll2,independent_marginals,1337,future,network_general,coupling_coactivation_mae,0.07972695006856498,True,True
roll2,independent_marginals,1337,future,network_iot_named,marginal_ks_mean,0.22843228200371057,True,True
roll2,independent_marginals,1337,future,network_iot_named,wasserstein_iqr_mean,8834.117009796833,True,True
roll2,independent_marginals,1337,future,network_iot_named,zero_rate_mae,0.02458256029684601,True,True
roll2,independent_marginals,1337,future,network_iot_named,acf_abs_error_mean,0.26136100791283445,True,True
roll2,independent_marginals,1337,future,network_iot_named,spectral_l1_mean,1.255440429054832,True,True
roll2,independent_marginals,1337,future,network_iot_named,transition_rate_mae,0.02495133783143223,True,True
roll2,independent_marginals,1337,future,network_iot_named,coupling_corr_mae,0.2359804640323828,True,True
roll2,independent_marginals,1337,future,network_iot_named,coupling_coactivation_mae,0.03400107797340999,True,True
roll2,column_shuffle,1337,near,iot_values,marginal_ks_mean,0.22990559860307758,True,True
roll2,column_shuffle,1337,near,iot_values,wasserstein_iqr_mean,0.8789698616804655,True,True
roll2,column_shuffle,1337,near,iot_values,zero_rate_mae,0.0016915857251991748,True,True
roll2,column_shuffle,1337,near,iot_values,acf_abs_error_mean,0.32856867495661224,True,True
roll2,column_shuffle,1337,near,iot_values,spectral_l1_mean,1.2913063229460136,True,True
roll2,column_shuffle,1337,near,iot_values,transition_rate_mae,0.010847762904744358,True,True
roll2,column_shuffle,1337,near,iot_values,coupling_corr_mae,0.07338220872688456,True,True
roll2,column_shuffle,1337,near,iot_values,coupling_coactivation_mae,0.005818236385463287,True,True
roll2,column_shuffle,1337,near,multimodal_balanced,marginal_ks_mean,0.3271925247371676,True,True
roll2,column_shuffle,1337,near,multimodal_balanced,wasserstein_iqr_mean,302519.59513053676,True,True
roll2,column_shuffle,1337,near,multimodal_balanced,zero_rate_mae,0.04124149659863946,True,True
roll2,column_shuffle,1337,near,multimodal_balanced,acf_abs_error_mean,0.2863188788328846,True,True
roll2,column_shuffle,1337,near,multimodal_balanced,spectral_l1_mean,1.2624988826924135,True,True
roll2,column_shuffle,1337,near,multimodal_balanced,transition_rate_mae,0.03608018247892986,True,True
roll2,column_shuffle,1337,near,multimodal_balanced,coupling_corr_mae,0.10402090760514879,True,True
roll2,column_shuffle,1337,near,multimodal_balanced,coupling_coactivation_mae,0.07025174673350965,True,True
roll2,column_shuffle,1337,near,network_general,marginal_ks_mean,0.4159999226963513,True,True
roll2,column_shuffle,1337,near,network_general,wasserstein_iqr_mean,607550.6501863806,True,True
roll2,column_shuffle,1337,near,network_general,zero_rate_mae,0.0688582251082251,True,True
roll2,column_shuffle,1337,near,network_general,acf_abs_error_mean,0.23969154171229987,True,True
roll2,column_shuffle,1337,near,network_general,spectral_l1_mean,1.2539171143215926,True,True
roll2,column_shuffle,1337,near,network_general,transition_rate_mae,0.04925384674862754,True,True
roll2,column_shuffle,1337,near,network_general,coupling_corr_mae,0.29447575852215757,True,True
roll2,column_shuffle,1337,near,network_general,coupling_coactivation_mae,0.09740259740259741,True,True
roll2,column_shuffle,1337,near,network_iot_named,marginal_ks_mean,0.27035774784221994,True,True
roll2,column_shuffle,1337,near,network_iot_named,wasserstein_iqr_mean,3156.9131489049887,True,True
roll2,column_shuffle,1337,near,network_iot_named,zero_rate_mae,0.02780914737436476,True,True
roll2,column_shuffle,1337,near,network_iot_named,acf_abs_error_mean,0.21725758159190453,True,True
roll2,column_shuffle,1337,near,network_iot_named,spectral_l1_mean,1.1402508070591704,True,True
roll2,column_shuffle,1337,near,network_iot_named,transition_rate_mae,0.029126703175899875,True,True
roll2,column_shuffle,1337,near,network_iot_named,coupling_corr_mae,0.22700382377943076,True,True
roll2,column_shuffle,1337,near,network_iot_named,coupling_coactivation_mae,0.038257056325943964,True,True
roll2,column_shuffle,1337,future,iot_values,marginal_ks_mean,0.24376568809341914,True,True
roll2,column_shuffle,1337,future,iot_values,wasserstein_iqr_mean,0.9785579185092181,True,True
roll2,column_shuffle,1337,future,iot_values,zero_rate_mae,0.017338753683291498,True,True
roll2,column_shuffle,1337,future,iot_values,acf_abs_error_mean,0.3479580362199071,True,True
roll2,column_shuffle,1337,future,iot_values,spectral_l1_mean,1.310418804498232,True,True
roll2,column_shuffle,1337,future,iot_values,transition_rate_mae,0.029896161665779745,True,True
roll2,column_shuffle,1337,future,iot_values,coupling_corr_mae,0.09789882848462271,True,True
roll2,column_shuffle,1337,future,iot_values,coupling_coactivation_mae,0.0331939594019426,True,True
roll2,column_shuffle,1337,future,multimodal_balanced,marginal_ks_mean,0.3257913961038961,True,True
roll2,column_shuffle,1337,future,multimodal_balanced,wasserstein_iqr_mean,4006.5787011883635,True,True
roll2,column_shuffle,1337,future,multimodal_balanced,zero_rate_mae,0.04397611317254174,True,True
roll2,column_shuffle,1337,future,multimodal_balanced,acf_abs_error_mean,0.3015663748796796,True,True
roll2,column_shuffle,1337,future,multimodal_balanced,spectral_l1_mean,1.3067643898936827,True,True
roll2,column_shuffle,1337,future,multimodal_balanced,transition_rate_mae,0.04185030542024279,True,True
roll2,column_shuffle,1337,future,multimodal_balanced,coupling_corr_mae,0.13361117974840542,True,True
roll2,column_shuffle,1337,future,multimodal_balanced,coupling_coactivation_mae,0.07510275628626693,True,True
roll2,column_shuffle,1337,future,network_general,marginal_ks_mean,0.40995091218305507,True,True
roll2,column_shuffle,1337,future,network_general,wasserstein_iqr_mean,9104.008398113063,True,True
roll2,column_shuffle,1337,future,network_general,zero_rate_mae,0.06754406307977735,True,True
roll2,column_shuffle,1337,future,network_general,acf_abs_error_mean,0.1759236216058063,True,True
roll2,column_shuffle,1337,future,network_general,spectral_l1_mean,1.1897942504037848,True,True
roll2,column_shuffle,1337,future,network_general,transition_rate_mae,0.0543474058609758,True,True
roll2,column_shuffle,1337,future,network_general,coupling_corr_mae,0.28324575003982055,True,True
roll2,column_shuffle,1337,future,network_general,coupling_coactivation_mae,0.09596491758758839,True,True
roll2,column_shuffle,1337,future,network_iot_named,marginal_ks_mean,0.26393482294103415,True,True
roll2,column_shuffle,1337,future,network_iot_named,wasserstein_iqr_mean,3691.4028507733856,True,True
roll2,column_shuffle,1337,future,network_iot_named,zero_rate_mae,0.0326288618214084,True,True
roll2,column_shuffle,1337,future,network_iot_named,acf_abs_error_mean,0.2692014265848815,True,True
roll2,column_shuffle,1337,future,network_iot_named,spectral_l1_mean,1.2437517832947729,True,True
roll2,column_shuffle,1337,future,network_iot_named,transition_rate_mae,0.03274737022581264,True,True
roll2,column_shuffle,1337,future,network_iot_named,coupling_corr_mae,0.24884696123548405,True,True
roll2,column_shuffle,1337,future,network_iot_named,coupling_coactivation_mae,0.04480006159848057,True,True
roll2,hurdle_iid,1337,near,iot_values,marginal_ks_mean,0.20263559969442327,True,True
roll2,hurdle_iid,1337,near,iot_values,wasserstein_iqr_mean,0.8375972767003841,True,True
roll2,hurdle_iid,1337,near,iot_values,zero_rate_mae,0.003683291498417554,True,True
roll2,hurdle_iid,1337,near,iot_values,acf_abs_error_mean,0.32973236130322725,True,True
roll2,hurdle_iid,1337,near,iot_values,spectral_l1_mean,1.293946413127469,True,True
roll2,hurdle_iid,1337,near,iot_values,transition_rate_mae,0.009305879623944217,True,True
roll2,hurdle_iid,1337,near,iot_values,coupling_corr_mae,0.0734843757433663,True,True
roll2,hurdle_iid,1337,near,iot_values,coupling_coactivation_mae,0.009469128560515117,True,True
roll2,hurdle_iid,1337,near,multimodal_balanced,marginal_ks_mean,0.2760223407544836,True,True
roll2,hurdle_iid,1337,near,multimodal_balanced,wasserstein_iqr_mean,188931.63365927598,True,True
roll2,hurdle_iid,1337,near,multimodal_balanced,zero_rate_mae,0.03245786951144095,True,True
roll2,hurdle_iid,1337,near,multimodal_balanced,acf_abs_error_mean,0.28627404264894596,True,True
roll2,hurdle_iid,1337,near,multimodal_balanced,spectral_l1_mean,1.2680074398564782,True,True
roll2,hurdle_iid,1337,near,multimodal_balanced,transition_rate_mae,0.030580685069202817,True,True
roll2,hurdle_iid,1337,near,multimodal_balanced,coupling_corr_mae,0.10417683552937429,True,True
roll2,hurdle_iid,1337,near,multimodal_balanced,coupling_coactivation_mae,0.0548465275858893,True,True
roll2,hurdle_iid,1337,near,network_general,marginal_ks_mean,0.362689393939394,True,True
roll2,hurdle_iid,1337,near,network_general,wasserstein_iqr_mean,376944.1325701152,True,True
roll2,hurdle_iid,1337,near,network_general,zero_rate_mae,0.05535907544836117,True,True
roll2,hurdle_iid,1337,near,network_general,acf_abs_error_mean,0.24062242230344444,True,True
roll2,hurdle_iid,1337,near,network_general,spectral_l1_mean,1.2548264727041432,True,True
roll2,hurdle_iid,1337,near,network_general,transition_rate_mae,0.043155107090388924,True,True
roll2,hurdle_iid,1337,near,network_general,coupling_corr_mae,0.2959061608517344,True,True
roll2,hurdle_iid,1337,near,network_general,coupling_coactivation_mae,0.07784393401629426,True,True
roll2,hurdle_iid,1337,near,network_iot_named,marginal_ks_mean,0.22118254416391062,True,True
roll2,hurdle_iid,1337,near,network_iot_named,wasserstein_iqr_mean,4810.823026842304,True,True
roll2,hurdle_iid,1337,near,network_iot_named,zero_rate_mae,0.019843510526740347,True,True
roll2,hurdle_iid,1337,near,network_iot_named,acf_abs_error_mean,0.2095498567131792,True,True
roll2,hurdle_iid,1337,near,network_iot_named,spectral_l1_mean,1.1529771487292215,True,True
roll2,hurdle_iid,1337,near,network_iot_named,transition_rate_mae,0.022530836182465482,True,True
roll2,hurdle_iid,1337,near,network_iot_named,coupling_corr_mae,0.21078949943107284,True,True
roll2,hurdle_iid,1337,near,network_iot_named,coupling_coactivation_mae,0.02753140422536245,True,True
roll2,hurdle_iid,1337,future,iot_values,marginal_ks_mean,0.24418858452471895,True,True
roll2,hurdle_iid,1337,future,iot_values,wasserstein_iqr_mean,1.02479646368336,True,True
roll2,hurdle_iid,1337,future,iot_values,zero_rate_mae,0.0182118301866201,True,True
roll2,hurdle_iid,1337,future,iot_values,acf_abs_error_mean,0.350203093744576,True,True
roll2,hurdle_iid,1337,future,iot_values,spectral_l1_mean,1.3113567930184036,True,True
roll2,hurdle_iid,1337,future,iot_values,transition_rate_mae,0.029036527624271696,True,True
roll2,hurdle_iid,1337,future,iot_values,coupling_corr_mae,0.0999643110401428,True,True
roll2,hurdle_iid,1337,future,iot_values,coupling_coactivation_mae,0.03424949525264653,True,True
roll2,hurdle_iid,1337,future,multimodal_balanced,marginal_ks_mean,0.28848272263450836,True,True
roll2,hurdle_iid,1337,future,multimodal_balanced,wasserstein_iqr_mean,122445.65278433694,True,True
roll2,hurdle_iid,1337,future,multimodal_balanced,zero_rate_mae,0.03529877860235003,True,True
roll2,hurdle_iid,1337,future,multimodal_balanced,acf_abs_error_mean,0.3026292622877142,True,True
roll2,hurdle_iid,1337,future,multimodal_balanced,spectral_l1_mean,1.3074534603217296,True,True
roll2,hurdle_iid,1337,future,multimodal_balanced,transition_rate_mae,0.03664076393721488,True,True
roll2,hurdle_iid,1337,future,multimodal_balanced,coupling_corr_mae,0.13362962143288065,True,True
roll2,hurdle_iid,1337,future,multimodal_balanced,coupling_coactivation_mae,0.05980239049198014,True,True
roll2,hurdle_iid,1337,future,network_general,marginal_ks_mean,0.354446892393321,True,True
roll2,hurdle_iid,1337,future,network_general,wasserstein_iqr_mean,244078.22350692272,True,True
roll2,hurdle_iid,1337,future,network_general,zero_rate_mae,0.055842223252937535,True,True
roll2,hurdle_iid,1337,future,network_general,acf_abs_error_mean,0.17801573227265813,True,True
roll2,hurdle_iid,1337,future,network_general,spectral_l1_mean,1.1836536496260073,True,True
roll2,hurdle_iid,1337,future,network_general,transition_rate_mae,0.04863527410500271,True,True
roll2,hurdle_iid,1337,future,network_general,coupling_corr_mae,0.2839534407196433,True,True
roll2,hurdle_iid,1337,future,network_general,coupling_coactivation_mae,0.07864974052862252,True,True
roll2,hurdle_iid,1337,future,network_iot_named,marginal_ks_mean,0.23030773574251837,True,True
roll2,hurdle_iid,1337,future,network_iot_named,wasserstein_iqr_mean,6958.670788771874,True,True
roll2,hurdle_iid,1337,future,network_iot_named,zero_rate_mae,0.025167379204646286,True,True
roll2,hurdle_iid,1337,future,network_iot_named,acf_abs_error_mean,0.2589525173738191,True,True
roll2,hurdle_iid,1337,future,network_iot_named,spectral_l1_mean,1.2520895870796194,True,True
roll2,hurdle_iid,1337,future,network_iot_named,transition_rate_mae,0.026312870008976023,True,True
roll2,hurdle_iid,1337,future,network_iot_named,coupling_corr_mae,0.23531132393839685,True,True
roll2,hurdle_iid,1337,future,network_iot_named,coupling_coactivation_mae,0.034747226235086213,True,True
roll2,independent_stitch,1337,near,iot_values,marginal_ks_mean,0.20322219797009713,True,True
roll2,independent_stitch,1337,near,iot_values,wasserstein_iqr_mean,0.8434724210570412,True,True
roll2,independent_stitch,1337,near,iot_values,zero_rate_mae,0.003246753246753246,True,True
roll2,independent_stitch,1337,near,iot_values,acf_abs_error_mean,0.15024723287813882,True,True
roll2,independent_stitch,1337,near,iot_values,spectral_l1_mean,1.1828278842729685,True,True
roll2,independent_stitch,1337,near,iot_values,transition_rate_mae,0.003465826135603861,True,True
roll2,independent_stitch,1337,near,iot_values,coupling_corr_mae,0.07464393653513833,True,True
roll2,independent_stitch,1337,near,iot_values,coupling_coactivation_mae,0.008422118847539021,True,True
roll2,independent_stitch,1337,near,multimodal_balanced,marginal_ks_mean,0.2768388605442177,True,True
roll2,independent_stitch,1337,near,multimodal_balanced,wasserstein_iqr_mean,302524.53770889033,True,True
roll2,independent_stitch,1337,near,multimodal_balanced,zero_rate_mae,0.0333710188620903,True,True
roll2,independent_stitch,1337,near,multimodal_balanced,acf_abs_error_mean,0.17264445203506015,True,True
roll2,independent_stitch,1337,near,multimodal_balanced,spectral_l1_mean,1.1196444921172477,True,True
roll2,independent_stitch,1337,near,multimodal_balanced,transition_rate_mae,0.019277236526714606,True,True
roll2,independent_stitch,1337,near,multimodal_balanced,coupling_corr_mae,0.10780503877430263,True,True
roll2,independent_stitch,1337,near,multimodal_balanced,coupling_coactivation_mae,0.05658997157857341,True,True
roll2,independent_stitch,1337,near,network_general,marginal_ks_mean,0.37048739950525666,True,True
roll2,independent_stitch,1337,near,network_general,wasserstein_iqr_mean,606236.4416818504,True,True
roll2,independent_stitch,1337,near,network_general,zero_rate_mae,0.05870245825602968,True,True
roll2,independent_stitch,1337,near,network_general,acf_abs_error_mean,0.14815077057394746,True,True
roll2,independent_stitch,1337,near,network_general,spectral_l1_mean,1.0452961714972069,True,True
roll2,independent_stitch,1337,near,network_general,transition_rate_mae,0.03209812108559499,True,True
roll2,independent_stitch,1337,near,network_general,coupling_corr_mae,0.2996433285557618,True,True
roll2,independent_stitch,1337,near,network_general,coupling_coactivation_mae,0.08254601247613669,True,True
roll2,independent_stitch,1337,near,network_iot_named,marginal_ks_mean,0.21637291280148427,True,True
roll2,independent_stitch,1337,near,network_iot_named,wasserstein_iqr_mean,4951.983287075868,True,True
roll2,independent_stitch,1337,near,network_iot_named,zero_rate_mae,0.019107445349681375,True,True
roll2,independent_stitch,1337,near,network_iot_named,acf_abs_error_mean,0.1749874199522885,True,True
roll2,independent_stitch,1337,near,network_iot_named,spectral_l1_mean,1.1161107899887825,True,True
roll2,independent_stitch,1337,near,network_iot_named,transition_rate_mae,0.016308129859913468,True,True
roll2,independent_stitch,1337,near,network_iot_named,coupling_corr_mae,0.22645470670212173,True,True
roll2,independent_stitch,1337,near,network_iot_named,coupling_coactivation_mae,0.026653259219605926,True,True
roll2,independent_stitch,1337,future,iot_values,marginal_ks_mean,0.2462621412201244,True,True
roll2,independent_stitch,1337,future,iot_values,wasserstein_iqr_mean,1.0360708930325089,True,True
roll2,independent_stitch,1337,future,iot_values,zero_rate_mae,0.01812997926443305,True,True
roll2,independent_stitch,1337,future,iot_values,acf_abs_error_mean,0.17253488339338657,True,True
roll2,independent_stitch,1337,future,iot_values,spectral_l1_mean,1.1994508320817678,True,True
roll2,independent_stitch,1337,future,iot_values,transition_rate_mae,0.02472471243194565,True,True
roll2,independent_stitch,1337,future,iot_values,coupling_corr_mae,0.09840070835063103,True,True
roll2,independent_stitch,1337,future,iot_values,coupling_coactivation_mae,0.03410625613881918,True,True
roll2,independent_stitch,1337,future,multimodal_balanced,marginal_ks_mean,0.289410366419295,True,True
roll2,independent_stitch,1337,future,multimodal_balanced,wasserstein_iqr_mean,4253.253462708421,True,True
roll2,independent_stitch,1337,future,multimodal_balanced,zero_rate_mae,0.035970354050711195,True,True
roll2,independent_stitch,1337,future,multimodal_balanced,acf_abs_error_mean,0.22989845257522776,True,True
roll2,independent_stitch,1337,future,multimodal_balanced,spectral_l1_mean,1.2339446223137085,True,True
roll2,independent_stitch,1337,future,multimodal_balanced,transition_rate_mae,0.02714470733781799,True,True
roll2,independent_stitch,1337,future,multimodal_balanced,coupling_corr_mae,0.13752429195008262,True,True
roll2,independent_stitch,1337,future,multimodal_balanced,coupling_coactivation_mae,0.06122839609731707,True,True
roll2,independent_stitch,1337,future,network_general,marginal_ks_mean,0.360785791589363,True,True
roll2,independent_stitch,1337,future,network_general,wasserstein_iqr_mean,10031.791390630622,True,True
roll2,independent_stitch,1337,future,network_general,zero_rate_mae,0.05752357761286333,True,True
roll2,independent_stitch,1337,future,network_general,acf_abs_error_mean,0.21769622613782938,True,True
roll2,independent_stitch,1337,future,network_general,spectral_l1_mean,1.2092039282398643,True,True
roll2,independent_stitch,1337,future,network_general,transition_rate_mae,0.03947266682130982,True,True
roll2,independent_stitch,1337,future,network_general,coupling_corr_mae,0.28767848729426126,True,True
roll2,independent_stitch,1337,future,network_general,coupling_coactivation_mae,0.0812444543034605,True,True
roll2,independent_stitch,1337,future,network_iot_named,marginal_ks_mean,0.22182786157941434,True,True
roll2,independent_stitch,1337,future,network_iot_named,wasserstein_iqr_mean,4639.5724827729655,True,True
roll2,independent_stitch,1337,future,network_iot_named,zero_rate_mae,0.02424981850447689,True,True
roll2,independent_stitch,1337,future,network_iot_named,acf_abs_error_mean,0.2105263506129747,True,True
roll2,independent_stitch,1337,future,network_iot_named,spectral_l1_mean,1.1669890980907554,True,True
roll2,independent_stitch,1337,future,network_iot_named,transition_rate_mae,0.019888455215676788,True,True
roll2,independent_stitch,1337,future,network_iot_named,coupling_corr_mae,0.2492309226624133,True,True
roll2,independent_stitch,1337,future,network_iot_named,coupling_coactivation_mae,0.033603254453056834,True,True
roll2,shared_stitch,1337,near,iot_values,marginal_ks_mean,0.2070691913128888,True,True
roll2,shared_stitch,1337,near,iot_values,wasserstein_iqr_mean,0.8453844597629526,True,True
roll2,shared_stitch,1337,near,iot_values,zero_rate_mae,0.002319109461966607,True,True
roll2,shared_stitch,1337,near,iot_values,acf_abs_error_mean,0.1232177778703177,True,True
roll2,shared_stitch,1337,near,iot_values,spectral_l1_mean,1.1575022012603293,True,True
roll2,shared_stitch,1337,near,iot_values,transition_rate_mae,0.0019102978700178783,True,True
roll2,shared_stitch,1337,near,iot_values,coupling_corr_mae,0.04075287538787241,True,True
roll2,shared_stitch,1337,near,iot_values,coupling_coactivation_mae,0.003899855396704143,True,True
roll2,shared_stitch,1337,near,multimodal_balanced,marginal_ks_mean,0.2753072820037106,True,True
roll2,shared_stitch,1337,near,multimodal_balanced,wasserstein_iqr_mean,300480.9086642961,True,True
roll2,shared_stitch,1337,near,multimodal_balanced,zero_rate_mae,0.0308103354978355,True,True
roll2,shared_stitch,1337,near,multimodal_balanced,acf_abs_error_mean,0.17617645742576019,True,True
roll2,shared_stitch,1337,near,multimodal_balanced,spectral_l1_mean,1.157362930686869,True,True
roll2,shared_stitch,1337,near,multimodal_balanced,transition_rate_mae,0.016638637593752417,True,True
roll2,shared_stitch,1337,near,multimodal_balanced,coupling_corr_mae,0.08730267035892086,True,True
roll2,shared_stitch,1337,near,multimodal_balanced,coupling_coactivation_mae,0.05178234253082278,True,True
roll2,shared_stitch,1337,near,network_general,marginal_ks_mean,0.3615105132962276,True,True
roll2,shared_stitch,1337,near,network_general,wasserstein_iqr_mean,599597.9479320961,True,True
roll2,shared_stitch,1337,near,network_general,zero_rate_mae,0.05449907235621521,True,True
roll2,shared_stitch,1337,near,network_general,acf_abs_error_mean,0.18955431029519398,True,True
roll2,shared_stitch,1337,near,network_general,spectral_l1_mean,1.1434871554342065,True,True
roll2,shared_stitch,1337,near,network_general,transition_rate_mae,0.027893760148457434,True,True
roll2,shared_stitch,1337,near,network_general,coupling_corr_mae,0.14411603154720554,True,True
roll2,shared_stitch,1337,near,network_general,coupling_coactivation_mae,0.07629281949934123,True,True
roll2,shared_stitch,1337,near,network_iot_named,marginal_ks_mean,0.21710897797854314,True,True
roll2,shared_stitch,1337,near,network_iot_named,wasserstein_iqr_mean,5940.379747115176,True,True
roll2,shared_stitch,1337,near,network_iot_named,zero_rate_mae,0.01879486972654675,True,True
roll2,shared_stitch,1337,near,network_iot_named,acf_abs_error_mean,0.15879549200818743,True,True
roll2,shared_stitch,1337,near,network_iot_named,spectral_l1_mean,1.0863670024442982,True,True
roll2,shared_stitch,1337,near,network_iot_named,transition_rate_mae,0.014704547517472999,True,True
roll2,shared_stitch,1337,near,network_iot_named,coupling_corr_mae,0.09335323380604148,True,True
roll2,shared_stitch,1337,near,network_iot_named,coupling_coactivation_mae,0.025231544288574204,True,True
roll2,shared_stitch,1337,future,iot_values,marginal_ks_mean,0.23895012550474734,True,True
roll2,shared_stitch,1337,future,iot_values,wasserstein_iqr_mean,1.032186035885972,True,True
roll2,shared_stitch,1337,future,iot_values,zero_rate_mae,0.016765797227982097,True,True
roll2,shared_stitch,1337,future,iot_values,acf_abs_error_mean,0.14397896868821622,True,True
roll2,shared_stitch,1337,future,iot_values,spectral_l1_mean,1.1749642004642136,True,True
roll2,shared_stitch,1337,future,iot_values,transition_rate_mae,0.022787124592356083,True,True
roll2,shared_stitch,1337,future,iot_values,coupling_corr_mae,0.0667891434713798,True,True
roll2,shared_stitch,1337,future,iot_values,coupling_coactivation_mae,0.03117326476044965,True,True
roll2,shared_stitch,1337,future,multimodal_balanced,marginal_ks_mean,0.2842889996907854,True,True
roll2,shared_stitch,1337,future,multimodal_balanced,wasserstein_iqr_mean,10104.264889142883,True,True
roll2,shared_stitch,1337,future,multimodal_balanced,zero_rate_mae,0.03392180735930737,True,True
roll2,shared_stitch,1337,future,multimodal_balanced,acf_abs_error_mean,0.19474861513091798,True,True
roll2,shared_stitch,1337,future,multimodal_balanced,spectral_l1_mean,1.2142765846820252,True,True
roll2,shared_stitch,1337,future,multimodal_balanced,transition_rate_mae,0.025047359468027528,True,True
roll2,shared_stitch,1337,future,multimodal_balanced,coupling_corr_mae,0.11654093887284467,True,True
roll2,shared_stitch,1337,future,multimodal_balanced,coupling_coactivation_mae,0.057236156067843005,True,True
roll2,shared_stitch,1337,future,network_general,marginal_ks_mean,0.35332598948670374,True,True
roll2,shared_stitch,1337,future,network_general,wasserstein_iqr_mean,17868.420694232667,True,True
roll2,shared_stitch,1337,future,network_general,zero_rate_mae,0.054247835497835496,True,True
roll2,shared_stitch,1337,future,network_general,acf_abs_error_mean,0.1828291773834032,True,True
roll2,shared_stitch,1337,future,network_general,spectral_l1_mean,1.196384548964318,True,True
roll2,shared_stitch,1337,future,network_general,transition_rate_mae,0.03633147761540246,True,True
roll2,shared_stitch,1337,future,network_general,coupling_corr_mae,0.18178548435803282,True,True
roll2,shared_stitch,1337,future,network_general,coupling_coactivation_mae,0.0764818773359146,True,True
roll2,shared_stitch,1337,future,network_iot_named,marginal_ks_mean,0.2220396063563766,True,True
roll2,shared_stitch,1337,future,network_iot_named,wasserstein_iqr_mean,8229.425099359367,True,True
roll2,shared_stitch,1337,future,network_iot_named,zero_rate_mae,0.0240582398967492,True,True
roll2,shared_stitch,1337,future,network_iot_named,acf_abs_error_mean,0.19938432390431773,True,True
roll2,shared_stitch,1337,future,network_iot_named,spectral_l1_mean,1.1472281673620512,True,True
roll2,shared_stitch,1337,future,network_iot_named,transition_rate_mae,0.01836555626153521,True,True
roll2,shared_stitch,1337,future,network_iot_named,coupling_corr_mae,0.14399465238138173,True,True
roll2,shared_stitch,1337,future,network_iot_named,coupling_coactivation_mae,0.03238503450248226,True,True
roll2,learned_gmm_overlay,1337,near,iot_values,marginal_ks_mean,0.2808168722034269,True,False
roll2,learned_gmm_overlay,1337,near,iot_values,wasserstein_iqr_mean,0.9052389877513897,True,False
roll2,learned_gmm_overlay,1337,near,iot_values,zero_rate_mae,0.043571974244243146,True,False
roll2,learned_gmm_overlay,1337,near,iot_values,acf_abs_error_mean,0.209160078526813,True,False
roll2,learned_gmm_overlay,1337,near,iot_values,spectral_l1_mean,1.0918760077338776,True,False
roll2,learned_gmm_overlay,1337,near,iot_values,transition_rate_mae,0.04865801574631244,True,False
roll2,learned_gmm_overlay,1337,near,iot_values,coupling_corr_mae,0.061895506892074084,True,False
roll2,learned_gmm_overlay,1337,near,iot_values,coupling_coactivation_mae,0.07580589053803338,True,False
roll2,learned_gmm_overlay,1337,near,multimodal_balanced,marginal_ks_mean,0.3874217300556586,True,False
roll2,learned_gmm_overlay,1337,near,multimodal_balanced,wasserstein_iqr_mean,151662.81965778428,True,False
roll2,learned_gmm_overlay,1337,near,multimodal_balanced,zero_rate_mae,0.10471262368583796,True,False
roll2,learned_gmm_overlay,1337,near,multimodal_balanced,acf_abs_error_mean,0.2321834357904665,True,False
roll2,learned_gmm_overlay,1337,near,multimodal_balanced,spectral_l1_mean,1.1284723833939114,True,False
roll2,learned_gmm_overlay,1337,near,multimodal_balanced,transition_rate_mae,0.08409205134152942,True,False
roll2,learned_gmm_overlay,1337,near,multimodal_balanced,coupling_corr_mae,0.09159299959189807,True,False
roll2,learned_gmm_overlay,1337,near,multimodal_balanced,coupling_coactivation_mae,0.18363646232187267,True,False
roll2,learned_gmm_overlay,1337,near,network_general,marginal_ks_mean,0.4452013760049474,True,False
roll2,learned_gmm_overlay,1337,near,network_general,wasserstein_iqr_mean,283830.78053056024,True,False
roll2,learned_gmm_overlay,1337,near,network_general,zero_rate_mae,0.12100919913419912,True,False
roll2,learned_gmm_overlay,1337,near,network_general,acf_abs_error_mean,0.20388138578640394,True,False
roll2,learned_gmm_overlay,1337,near,network_general,spectral_l1_mean,1.0968521512913154,True,False
roll2,learned_gmm_overlay,1337,near,network_general,transition_rate_mae,0.08426119229877059,True,False
roll2,learned_gmm_overlay,1337,near,network_general,coupling_corr_mae,0.25817468661290766,True,False
roll2,learned_gmm_overlay,1337,near,network_general,coupling_coactivation_mae,0.18038218251727564,True,False
roll2,learned_gmm_overlay,1337,near,network_iot_named,marginal_ks_mean,0.3097826086956522,True,False
roll2,learned_gmm_overlay,1337,near,network_iot_named,wasserstein_iqr_mean,24194.137242869827,True,False
roll2,learned_gmm_overlay,1337,near,network_iot_named,zero_rate_mae,0.07264862466725822,True,False
roll2,learned_gmm_overlay,1337,near,network_iot_named,acf_abs_error_mean,0.22412222864365758,True,False
roll2,learned_gmm_overlay,1337,near,network_iot_named,spectral_l1_mean,1.1759727093986008,True,False
roll2,learned_gmm_overlay,1337,near,network_iot_named,transition_rate_mae,0.062227063225520164,True,False
roll2,learned_gmm_overlay,1337,near,network_iot_named,coupling_corr_mae,0.17223402714709024,True,False
roll2,learned_gmm_overlay,1337,near,network_iot_named,coupling_coactivation_mae,0.10216639656221814,True,False
roll2,learned_gmm_overlay,1337,future,iot_values,marginal_ks_mean,0.32689894139473974,True,False
roll2,learned_gmm_overlay,1337,future,iot_values,wasserstein_iqr_mean,1.0894138351928526,True,False
roll2,learned_gmm_overlay,1337,future,iot_values,zero_rate_mae,0.060637891520244465,True,False
roll2,learned_gmm_overlay,1337,future,iot_values,acf_abs_error_mean,0.22770527118577708,True,False
roll2,learned_gmm_overlay,1337,future,iot_values,spectral_l1_mean,1.093282868320551,True,False
roll2,learned_gmm_overlay,1337,future,iot_values,transition_rate_mae,0.05392497987364746,True,False
roll2,learned_gmm_overlay,1337,future,iot_values,coupling_corr_mae,0.0938389116739488,True,False
roll2,learned_gmm_overlay,1337,future,iot_values,coupling_coactivation_mae,0.10611801538797336,True,False
roll2,learned_gmm_overlay,1337,future,multimodal_balanced,marginal_ks_mean,0.40300807823129253,True,False
roll2,learned_gmm_overlay,1337,future,multimodal_balanced,wasserstein_iqr_mean,220077.7289935849,True,False
roll2,learned_gmm_overlay,1337,future,multimodal_balanced,zero_rate_mae,0.10959241651205938,True,False
roll2,learned_gmm_overlay,1337,future,multimodal_balanced,acf_abs_error_mean,0.2714926208696015,True,False
roll2,learned_gmm_overlay,1337,future,multimodal_balanced,spectral_l1_mean,1.2166477592047527,True,False
roll2,learned_gmm_overlay,1337,future,multimodal_balanced,transition_rate_mae,0.08462363720714451,True,False
roll2,learned_gmm_overlay,1337,future,multimodal_balanced,coupling_corr_mae,0.12116270404238347,True,False
roll2,learned_gmm_overlay,1337,future,multimodal_balanced,coupling_coactivation_mae,0.19205248588797222,True,False
roll2,learned_gmm_overlay,1337,future,network_general,marginal_ks_mean,0.44095933828076683,True,False
roll2,learned_gmm_overlay,1337,future,network_general,wasserstein_iqr_mean,421500.3250782161,True,False
roll2,learned_gmm_overlay,1337,future,network_general,zero_rate_mae,0.12365684910327768,True,False
roll2,learned_gmm_overlay,1337,future,network_general,acf_abs_error_mean,0.2190124102832052,True,False
roll2,learned_gmm_overlay,1337,future,network_general,spectral_l1_mean,1.1923728074037654,True,False
roll2,learned_gmm_overlay,1337,future,network_general,transition_rate_mae,0.08912278666975952,True,False
roll2,learned_gmm_overlay,1337,future,network_general,coupling_corr_mae,0.27464674599296385,True,False
roll2,learned_gmm_overlay,1337,future,network_general,coupling_coactivation_mae,0.18447675512892903,True,False
roll2,learned_gmm_overlay,1337,future,network_iot_named,marginal_ks_mean,0.3179095748971526,True,False
roll2,learned_gmm_overlay,1337,future,network_iot_named,wasserstein_iqr_mean,25576.415216491263,True,False
roll2,learned_gmm_overlay,1337,future,network_iot_named,zero_rate_mae,0.07809349036057112,True,False
roll2,learned_gmm_overlay,1337,future,network_iot_named,acf_abs_error_mean,0.24173442707716863,True,False
roll2,learned_gmm_overlay,1337,future,network_iot_named,spectral_l1_mean,1.214668860104942,True,False
roll2,learned_gmm_overlay,1337,future,network_iot_named,transition_rate_mae,0.06580738858128349,True,False
roll2,learned_gmm_overlay,1337,future,network_iot_named,coupling_corr_mae,0.20098976061612467,True,False
roll2,learned_gmm_overlay,1337,future,network_iot_named,coupling_coactivation_mae,0.10965721178877587,True,False
roll2,learned_latent_var_overlay,1337,near,iot_values,marginal_ks_mean,0.5835425079122558,True,False
roll2,learned_latent_var_overlay,1337,near,iot_values,wasserstein_iqr_mean,0.9733676443076182,True,False
roll2,learned_latent_var_overlay,1337,near,iot_values,zero_rate_mae,0.06552166321073884,True,False
roll2,learned_latent_var_overlay,1337,near,iot_values,acf_abs_error_mean,0.04693125883791989,True,False
roll2,learned_latent_var_overlay,1337,near,iot_values,spectral_l1_mean,0.8146288497471968,True,False
roll2,learned_latent_var_overlay,1337,near,iot_values,transition_rate_mae,0.08283870263484656,True,False
roll2,learned_latent_var_overlay,1337,near,iot_values,coupling_corr_mae,0.10284322663505548,True,False
roll2,learned_latent_var_overlay,1337,near,iot_values,coupling_coactivation_mae,0.11974278347702719,True,False
roll2,learned_latent_var_overlay,1337,near,multimodal_balanced,marginal_ks_mean,0.6440843382807668,True,False
roll2,learned_latent_var_overlay,1337,near,multimodal_balanced,wasserstein_iqr_mean,389246.60005343874,True,False
roll2,learned_latent_var_overlay,1337,near,multimodal_balanced,zero_rate_mae,0.15050054112554112,True,False
roll2,learned_latent_var_overlay,1337,near,multimodal_balanced,acf_abs_error_mean,0.3013708341872818,True,False
roll2,learned_latent_var_overlay,1337,near,multimodal_balanced,spectral_l1_mean,1.1176553798084303,True,False
roll2,learned_latent_var_overlay,1337,near,multimodal_balanced,transition_rate_mae,0.10607071058532436,True,False
roll2,learned_latent_var_overlay,1337,near,multimodal_balanced,coupling_corr_mae,0.24972522957581317,True,False
roll2,learned_latent_var_overlay,1337,near,multimodal_balanced,coupling_coactivation_mae,0.274384161304754,True,False
roll2,learned_latent_var_overlay,1337,near,network_general,marginal_ks_mean,0.5865317717996289,True,False
roll2,learned_latent_var_overlay,1337,near,network_general,wasserstein_iqr_mean,753019.958864783,True,False
roll2,learned_latent_var_overlay,1337,near,network_general,zero_rate_mae,0.15762213976499692,True,False
roll2,learned_latent_var_overlay,1337,near,network_general,acf_abs_error_mean,0.32507318139810065,True,False
roll2,learned_latent_var_overlay,1337,near,network_general,spectral_l1_mean,1.2130416012040648,True,False
roll2,learned_latent_var_overlay,1337,near,network_general,transition_rate_mae,0.08847521843346479,True,False
roll2,learned_latent_var_overlay,1337,near,network_general,coupling_corr_mae,0.3123987026085981,True,False
roll2,learned_latent_var_overlay,1337,near,network_general,coupling_coactivation_mae,0.24124536178107603,True,False
roll2,learned_latent_var_overlay,1337,near,network_iot_named,marginal_ks_mean,0.4736629829797532,True,False
roll2,learned_latent_var_overlay,1337,near,network_iot_named,wasserstein_iqr_mean,31097.890554951093,True,False
roll2,learned_latent_var_overlay,1337,near,network_iot_named,zero_rate_mae,0.11426151488263292,True,False
roll2,learned_latent_var_overlay,1337,near,network_iot_named,acf_abs_error_mean,0.33504540512271086,True,False
roll2,learned_latent_var_overlay,1337,near,network_iot_named,spectral_l1_mean,1.1843486474478457,True,False
roll2,learned_latent_var_overlay,1337,near,network_iot_named,transition_rate_mae,0.07831331376761166,True,False
roll2,learned_latent_var_overlay,1337,near,network_iot_named,coupling_corr_mae,0.22232577654443178,True,False
roll2,learned_latent_var_overlay,1337,near,network_iot_named,coupling_coactivation_mae,0.16600332191805936,True,False
roll2,learned_latent_var_overlay,1337,future,iot_values,marginal_ks_mean,0.6189839572192514,True,False
roll2,learned_latent_var_overlay,1337,future,iot_values,wasserstein_iqr_mean,1.1444329767043224,True,False
roll2,learned_latent_var_overlay,1337,future,iot_values,zero_rate_mae,0.08157808577976645,True,False
roll2,learned_latent_var_overlay,1337,future,iot_values,acf_abs_error_mean,0.05548239806560186,True,False
roll2,learned_latent_var_overlay,1337,future,iot_values,spectral_l1_mean,0.8829508233367657,True,False
roll2,learned_latent_var_overlay,1337,future,iot_values,transition_rate_mae,0.0815560740649774,True,False
roll2,learned_latent_var_overlay,1337,future,iot_values,coupling_corr_mae,0.15344659321003662,True,False
roll2,learned_latent_var_overlay,1337,future,iot_values,coupling_coactivation_mae,0.1502458938120703,True,False
roll2,learned_latent_var_overlay,1337,future,multimodal_balanced,marginal_ks_mean,0.6423111858379716,True,False
roll2,learned_latent_var_overlay,1337,future,multimodal_balanced,wasserstein_iqr_mean,93357.87646531562,True,False
roll2,learned_latent_var_overlay,1337,future,multimodal_balanced,zero_rate_mae,0.1553803339517625,True,False
roll2,learned_latent_var_overlay,1337,future,multimodal_balanced,acf_abs_error_mean,0.3375720990802363,True,False
roll2,learned_latent_var_overlay,1337,future,multimodal_balanced,spectral_l1_mean,1.2130782672510463,True,False
roll2,learned_latent_var_overlay,1337,future,multimodal_balanced,transition_rate_mae,0.10547146833681281,True,False
roll2,learned_latent_var_overlay,1337,future,multimodal_balanced,coupling_corr_mae,0.2681163053275927,True,False
roll2,learned_latent_var_overlay,1337,future,multimodal_balanced,coupling_coactivation_mae,0.28272082527401676,True,False
roll2,learned_latent_var_overlay,1337,future,network_general,marginal_ks_mean,0.5793618583797154,True,False
roll2,learned_latent_var_overlay,1337,future,network_general,wasserstein_iqr_mean,163076.06677293565,True,False
roll2,learned_latent_var_overlay,1337,future,network_general,zero_rate_mae,0.15957405689548546,True,False
roll2,learned_latent_var_overlay,1337,future,network_general,acf_abs_error_mean,0.4433788774405105,True,False
roll2,learned_latent_var_overlay,1337,future,network_general,spectral_l1_mean,1.3711547412264622,True,False
roll2,learned_latent_var_overlay,1337,future,network_general,transition_rate_mae,0.09507654836464857,True,False
roll2,learned_latent_var_overlay,1337,future,network_general,coupling_corr_mae,0.35173066203535264,True,False
roll2,learned_latent_var_overlay,1337,future,network_general,coupling_coactivation_mae,0.24462235487080208,True,False
roll2,learned_latent_var_overlay,1337,future,network_iot_named,marginal_ks_mean,0.45245825602968454,True,False
roll2,learned_latent_var_overlay,1337,future,network_iot_named,wasserstein_iqr_mean,30454.98777629092,True,False
roll2,learned_latent_var_overlay,1337,future,network_iot_named,zero_rate_mae,0.11972654674518028,True,False
roll2,learned_latent_var_overlay,1337,future,network_iot_named,acf_abs_error_mean,0.2909832860252372,True,False
roll2,learned_latent_var_overlay,1337,future,network_iot_named,spectral_l1_mean,1.178194409109363,True,False
roll2,learned_latent_var_overlay,1337,future,network_iot_named,transition_rate_mae,0.08147005133480581,True,False
roll2,learned_latent_var_overlay,1337,future,network_iot_named,coupling_corr_mae,0.24075531128464855,True,False
roll2,learned_latent_var_overlay,1337,future,network_iot_named,coupling_coactivation_mae,0.17344830494181143,True,False
