task_id,capability,family,axis,model_id,n_real_train,n_synthetic_train,real_available,synthetic_available,synthetic_target_observation_policy,period,n_test,warnings,real_loss,synthetic_loss,naive_loss,reference_skill,status,ratio,log_ratio,noninferior,real_target_IQR,real_loss_scale,real_IQR_floor_activated,real_naive_prediction,source,seed,regime,source_valid,source_state,permission,real_AUC,real_AP_gain,real_prevalence
C0034,network_volume_forecast,network_volume_forecast|router__general__packet_length_max,temporal,linear,5725,5725,17200,5725,propagated real-source observation mask,near,5727.0,[],1.8770281224555236,2.037105835912807,1.8383408930633216,-0.021044643862398953,ok,1.0852825333527076,0.08184035249779996,True,387.0,387.0,False,4036.0,real_row_resample,1337,primary,True,Anchor-Valid,Admissible,,,
C0034,network_volume_forecast,network_volume_forecast|router__general__packet_length_max,temporal,linear,5725,5725,17200,5725,propagated real-source observation mask,future,5728.0,[],30.307225011916277,39.716860009461726,44.987000429737854,0.3263114961565158,ok,1.310474977298177,0.27038964958772005,False,26.0,26.0,False,4036.0,real_row_resample,1337,primary,True,Anchor-Valid,Admissible,,,
C0035,network_volume_forecast,network_volume_forecast|router__general__packet_length_max,temporal,linear,5723,5723,17198,5723,propagated real-source observation mask,near,5725.0,[],1.9018070840728896,2.044162420895887,1.8353966803200072,-0.03618313385055456,ok,1.074852669345479,0.0721836004155264,True,387.0,387.0,False,4034.0,real_row_resample,1337,primary,True,Anchor-Valid,Admissible,,,
C0035,network_volume_forecast,network_volume_forecast|router__general__packet_length_max,temporal,linear,5723,5723,17198,5723,propagated real-source observation mask,future,5726.0,[],31.264733445687977,40.85603224774626,45.94517611445556,0.3195208705304915,ok,1.3067769254684343,0.2675637433103697,False,25.5,25.5,False,4034.0,real_row_resample,1337,primary,True,Anchor-Valid,Admissible,,,
C0044,network_volume_forecast,network_volume_forecast|router__general__packet_length_mean,temporal,linear,5714,5714,17189,5714,propagated real-source observation mask,near,5716.0,[],0.4209086605938847,0.6136797477097535,0.6202444212727016,0.3213825934456497,ok,1.4579879322128388,0.3770573566062856,False,108.93432600194046,108.93432600194046,False,511.9506676090856,real_row_resample,1337,primary,True,Anchor-Valid,Admissible,,,
C0044,network_volume_forecast,network_volume_forecast|router__general__packet_length_mean,temporal,linear,5714,5714,17189,5714,propagated real-source observation mask,future,5717.0,[],0.2823690436092926,0.5071464233898083,0.5123819629090601,0.44890908726346257,ok,1.7960411556003812,0.5855848847624383,False,107.56793568533652,107.56793568533652,False,511.9506676090856,real_row_resample,1337,primary,True,Anchor-Valid,Admissible,,,
C0065,network_volume_forecast,network_volume_forecast|router__general__packet_length_min,temporal,linear,5725,5725,17200,5725,propagated real-source observation mask,near,5727.0,[],0.5260185532957748,0.5249832524631737,0.6886677143356033,0.2361794485991626,ok,0.9980318168891297,-0.001970122528419677,True,18.0,18.0,False,44.0,real_row_resample,1337,primary,True,Anchor-Valid,Admissible,,,
C0065,network_volume_forecast,network_volume_forecast|router__general__packet_length_min,temporal,linear,5725,5725,17200,5725,propagated real-source observation mask,future,5728.0,[],0.5184510971928968,0.5178989409185635,0.6423805090006207,0.19292212336972406,ok,0.9989349887051586,-0.0010655788223550384,True,18.0,18.0,False,44.0,real_row_resample,1337,primary,True,Anchor-Valid,Admissible,,,
C0066,network_volume_forecast,network_volume_forecast|router__general__packet_length_min,temporal,linear,5723,5723,17198,5723,propagated real-source observation mask,near,5725.0,[],0.515232027825758,0.5224503813795579,0.6885589519650656,0.25172416050165786,ok,1.0140099084761107,0.013912676793941958,True,18.0,18.0,False,44.0,real_row_resample,1337,primary,True,Anchor-Valid,Admissible,,,
C0066,network_volume_forecast,network_volume_forecast|router__general__packet_length_min,temporal,linear,5723,5723,17198,5723,propagated real-source observation mask,future,5726.0,[],0.5140346989237824,0.516337727232164,0.6424302402297513,0.19985911818231186,ok,1.00448029736748,0.004470290712623227,True,18.0,18.0,False,44.0,real_row_resample,1337,primary,True,Anchor-Valid,Admissible,,,
C0067,network_volume_forecast,network_volume_forecast|router__general__packet_length_min,temporal,linear,5714,5714,17189,5714,propagated real-source observation mask,near,5716.0,[],0.46320594790491615,0.5290321642670922,0.6885934219734079,0.32731575248361255,ok,1.1421100412460343,0.13287746495069933,False,18.0,18.0,False,44.0,real_row_resample,1337,primary,True,Anchor-Valid,Admissible,,,
C0067,network_volume_forecast,network_volume_forecast|router__general__packet_length_min,temporal,linear,5714,5714,17189,5714,propagated real-source observation mask,future,5717.0,[],0.47143139617670926,0.520918244259495,0.6422171690669154,0.2659314965657843,ok,1.1049714730162694,0.09981951836160106,False,18.0,18.0,False,44.0,real_row_resample,1337,primary,True,Anchor-Valid,Admissible,,,
C0071,network_burst_prediction,network_burst_prediction|router__iot_named__mqtt_port_packets,temporal,linear,5726,5726,17204,5726,propagated real-source observation mask,near,5727.0,[],0.012973902074470044,0.022765412848777044,0.021254230920499304,0.38958496672975546,ok,1.7547082379768126,0.562302596930345,False,,,,0.11351728955640936,real_row_resample,1337,primary,True,Anchor-Valid,Not-Estimable,0.8510904535489565,0.19323530351392065,0.010825912345032303
C0071,network_burst_prediction,network_burst_prediction|router__iot_named__mqtt_port_packets,temporal,linear,5726,5726,17204,5726,propagated real-source observation mask,future,5728.0,[],0.06286302316870994,0.07099911922577352,0.07023783422464638,0.10499770013336532,ok,1.129425783981597,0.12170934780085281,False,,,,0.11351728955640936,real_row_resample,1337,primary,True,Anchor-Valid,Not-Estimable,0.8523938725028009,0.16241402509555858,0.07419692737430168
C0081,network_volume_forecast,network_volume_forecast|router__iot_named__udp_count,temporal,linear,5724,5724,17202,5724,propagated real-source observation mask,near,5725.0,[],0.1996356885209673,0.5107760813426391,0.435589519650655,0.5416884945232932,ok,2.5585409358757683,0.9394371490864551,False,4.0,4.0,False,1.0,real_row_resample,1337,primary,True,Anchor-Valid,Admissible,,,
C0081,network_volume_forecast,network_volume_forecast|router__iot_named__udp_count,temporal,linear,5724,5724,17202,5724,propagated real-source observation mask,future,5726.0,[],0.19492241987824366,0.49706844259990907,0.42678134823611596,0.5432733396530647,ok,2.5500834789061098,0.936126095460422,False,4.0,4.0,False,1.0,real_row_resample,1337,primary,True,Anchor-Valid,Admissible,,,
C0082,network_volume_forecast,network_volume_forecast|router__iot_named__udp_count,temporal,linear,5715,5715,17193,5715,propagated real-source observation mask,near,5716.0,[],0.18709254381114226,0.5035143137838505,0.43557557732680197,0.5704705370320357,ok,2.691258045494936,0.9900087591931046,False,4.0,4.0,False,1.0,real_row_resample,1337,primary,True,Anchor-Valid,Admissible,,,
C0082,network_volume_forecast,network_volume_forecast|router__iot_named__udp_count,temporal,linear,5715,5715,17193,5715,propagated real-source observation mask,future,5717.0,[],0.174887418447752,0.48990036040971274,0.4267972712961343,0.5902330445631974,ok,2.8012327287915886,1.030059580577746,False,4.0,4.0,False,1.0,real_row_resample,1337,primary,True,Anchor-Valid,Admissible,,,
C0085,network_volume_forecast,network_volume_forecast|router__iot_named__dns_port_packets,temporal,linear,5724,5724,17202,5724,propagated real-source observation mask,near,5725.0,[],0.10418729079222397,0.4631571523213741,0.34790393013100435,0.7005285604189871,ok,4.445428504759065,1.4918762658401397,False,4.0,4.0,False,0.0,real_row_resample,1337,primary,True,Anchor-Valid,Admissible,,,
C0085,network_volume_forecast,network_volume_forecast|router__iot_named__dns_port_packets,temporal,linear,5724,5724,17202,5724,propagated real-source observation mask,future,5726.0,[],0.0875461890143769,0.4582661347605565,0.3413377575969263,0.7435203487867372,ok,5.2345640617811435,1.655283567078761,False,4.0,4.0,False,0.0,real_row_resample,1337,primary,True,Anchor-Valid,Admissible,,,
C0086,network_volume_forecast,network_volume_forecast|router__iot_named__dns_port_packets,temporal,linear,5715,5715,17193,5715,propagated real-source observation mask,near,5716.0,[],0.10303444110472391,0.4571734301062133,0.3479268719384185,0.7038617898908349,ok,4.4370933175785705,1.4899995038588576,False,4.0,4.0,False,0.0,real_row_resample,1337,primary,True,Anchor-Valid,Admissible,,,
C0086,network_volume_forecast,network_volume_forecast|router__iot_named__dns_port_packets,temporal,linear,5715,5715,17193,5715,propagated real-source observation mask,future,5717.0,[],0.0818176724822488,0.45219216900861303,0.34135035857967466,0.7603117429766761,ok,5.526827582472733,1.7096139768647594,False,4.0,4.0,False,0.0,real_row_resample,1337,primary,True,Anchor-Valid,Admissible,,,
C0034,network_volume_forecast,network_volume_forecast|router__general__packet_length_max,temporal,linear,5723,5723,17200,5723,propagated real-source observation mask,near,5727.0,[],1.8483348542674185,2.1037019670305668,1.835925208529884,-0.006759341655029326,ok,1.1381606326221458,0.12941347918945414,False,387.0,387.0,False,4034.0,real_row_resample,1338,primary,True,Anchor-Valid,Admissible,,,
C0034,network_volume_forecast,network_volume_forecast|router__general__packet_length_max,temporal,linear,5723,5723,17200,5723,propagated real-source observation mask,future,5728.0,[],30.143059131984145,38.46246094242835,45.04995702621401,0.3308970502581329,ok,1.2759972627203147,0.24372803971678203,False,26.0,26.0,False,4034.0,real_row_resample,1338,primary,True,Anchor-Valid,Admissible,,,
C0035,network_volume_forecast,network_volume_forecast|router__general__packet_length_max,temporal,linear,5721,5721,17198,5721,propagated real-source observation mask,near,5725.0,[],1.961088905715478,2.0948006605173117,1.8353966803200072,-0.06848232142032414,ok,1.0681824033638347,0.06595851562162032,True,387.0,387.0,False,4034.0,real_row_resample,1338,primary,True,Anchor-Valid,Admissible,,,
C0035,network_volume_forecast,network_volume_forecast|router__general__packet_length_max,temporal,linear,5721,5721,17198,5721,propagated real-source observation mask,future,5726.0,[],32.29976227722253,38.76316369860074,45.94517611445556,0.29699339498102023,ok,1.2001067799169576,0.18241053609931013,False,25.5,25.5,False,4034.0,real_row_resample,1338,primary,True,Anchor-Valid,Admissible,,,
C0044,network_volume_forecast,network_volume_forecast|router__general__packet_length_mean,temporal,linear,5712,5712,17189,5712,propagated real-source observation mask,near,5716.0,[],0.43916931305935447,0.6114182453882213,0.6192682580530939,0.29082540991193256,ok,1.3922153192556674,0.3308962333233128,False,108.93432600194046,108.93432600194046,False,512.6428680614232,real_row_resample,1338,primary,True,Anchor-Valid,Admissible,,,
C0044,network_volume_forecast,network_volume_forecast|router__general__packet_length_mean,temporal,linear,5712,5712,17189,5712,propagated real-source observation mask,future,5717.0,[],0.30442538627422516,0.5046122433235543,0.511610050541722,0.4049659775997713,ok,1.6575892355738084,0.5053642790789585,False,107.56793568533652,107.56793568533652,False,512.6428680614232,real_row_resample,1338,primary,True,Anchor-Valid,Admissible,,,
C0065,network_volume_forecast,network_volume_forecast|router__general__packet_length_min,temporal,linear,5723,5723,17200,5723,propagated real-source observation mask,near,5727.0,[],0.5337940254010286,0.5272876794382365,0.6886677143356033,0.22488884800413517,ok,0.9878111300367141,-0.012263763438873691,True,18.0,18.0,False,44.0,real_row_resample,1338,primary,True,Anchor-Valid,Admissible,,,
C0065,network_volume_forecast,network_volume_forecast|router__general__packet_length_min,temporal,linear,5723,5723,17200,5723,propagated real-source observation mask,future,5728.0,[],0.524577949406535,0.519566356952256,0.6423805090006207,0.18338439280693036,ok,0.9904464294392306,-0.009599498668353728,True,18.0,18.0,False,44.0,real_row_resample,1338,primary,True,Anchor-Valid,Admissible,,,
C0066,network_volume_forecast,network_volume_forecast|router__general__packet_length_min,temporal,linear,5721,5721,17198,5721,propagated real-source observation mask,near,5725.0,[],0.5143736325702063,0.522986361995089,0.6885589519650656,0.25297081520435544,ok,1.0167441114386966,0.01660547423563164,True,18.0,18.0,False,44.0,real_row_resample,1338,primary,True,Anchor-Valid,Admissible,,,
C0066,network_volume_forecast,network_volume_forecast|router__general__packet_length_min,temporal,linear,5721,5721,17198,5721,propagated real-source observation mask,future,5726.0,[],0.5113095902037545,0.516948615792485,0.6424302402297513,0.2041009930963154,ok,1.0110285934329597,0.010968221965755637,True,18.0,18.0,False,44.0,real_row_resample,1338,primary,True,Anchor-Valid,Admissible,,,
C0067,network_volume_forecast,network_volume_forecast|router__general__packet_length_min,temporal,linear,5712,5712,17189,5712,propagated real-source observation mask,near,5716.0,[],0.46832340290892077,0.523777037477037,0.6885934219734079,0.31988400126336597,ok,1.1184088478681062,0.11190700365004455,False,18.0,18.0,False,44.0,real_row_resample,1338,primary,True,Anchor-Valid,Admissible,,,
C0067,network_volume_forecast,network_volume_forecast|router__general__packet_length_min,temporal,linear,5712,5712,17189,5712,propagated real-source observation mask,future,5717.0,[],0.47529275501140034,0.5169640186928612,0.6422171690669154,0.2599189528022763,ok,1.0876749397967604,0.0840423352243763,True,18.0,18.0,False,44.0,real_row_resample,1338,primary,True,Anchor-Valid,Admissible,,,
C0071,network_burst_prediction,network_burst_prediction|router__iot_named__mqtt_port_packets,temporal,linear,5726,5726,17204,5726,propagated real-source observation mask,near,5727.0,[],0.012973902074470044,0.024134395406215838,0.021254230920499304,0.38958496672975546,ok,1.8602264197528773,0.6206982113664209,False,,,,0.11351728955640936,real_row_resample,1338,primary,True,Anchor-Valid,Not-Estimable,0.8510904535489565,0.19323530351392065,0.010825912345032303
C0071,network_burst_prediction,network_burst_prediction|router__iot_named__mqtt_port_packets,temporal,linear,5726,5726,17204,5726,propagated real-source observation mask,future,5728.0,[],0.06286302316870994,0.0717753307034537,0.07023783422464638,0.10499770013336532,ok,1.1417734478156605,0.13258270960575913,False,,,,0.11351728955640936,real_row_resample,1338,primary,True,Anchor-Valid,Not-Estimable,0.8523938725028009,0.16241402509555858,0.07419692737430168
C0081,network_volume_forecast,network_volume_forecast|router__iot_named__udp_count,temporal,linear,5724,5724,17202,5724,propagated real-source observation mask,near,5725.0,[],0.1996356885209673,0.512933738309661,0.435589519650655,0.5416884945232932,ok,2.5693489080525236,0.9436525236401021,False,4.0,4.0,False,1.0,real_row_resample,1338,primary,True,Anchor-Valid,Admissible,,,
C0081,network_volume_forecast,network_volume_forecast|router__iot_named__udp_count,temporal,linear,5724,5724,17202,5724,propagated real-source observation mask,future,5726.0,[],0.19492241987824366,0.49906356223998244,0.42678134823611596,0.5432733396530647,ok,2.5603189338184777,0.9401318342544314,False,4.0,4.0,False,1.0,real_row_resample,1338,primary,True,Anchor-Valid,Admissible,,,
C0082,network_volume_forecast,network_volume_forecast|router__iot_named__udp_count,temporal,linear,5715,5715,17193,5715,propagated real-source observation mask,near,5716.0,[],0.18709254381114226,0.5096570116662575,0.43557557732680197,0.5704705370320357,ok,2.724090448953022,1.0021345921974718,False,4.0,4.0,False,1.0,real_row_resample,1338,primary,True,Anchor-Valid,Admissible,,,
C0082,network_volume_forecast,network_volume_forecast|router__iot_named__udp_count,temporal,linear,5715,5715,17193,5715,propagated real-source observation mask,future,5717.0,[],0.174887418447752,0.4957979158267444,0.4267972712961343,0.5902330445631974,ok,2.8349547396107577,1.0420259721883454,False,4.0,4.0,False,1.0,real_row_resample,1338,primary,True,Anchor-Valid,Admissible,,,
C0085,network_volume_forecast,network_volume_forecast|router__iot_named__dns_port_packets,temporal,linear,5724,5724,17202,5724,propagated real-source observation mask,near,5725.0,[],0.10418729079222397,0.46303554982296874,0.34790393013100435,0.7005285604189871,ok,4.44426135186085,1.4916136800978366,False,4.0,4.0,False,0.0,real_row_resample,1338,primary,True,Anchor-Valid,Admissible,,,
C0085,network_volume_forecast,network_volume_forecast|router__iot_named__dns_port_packets,temporal,linear,5724,5724,17202,5724,propagated real-source observation mask,future,5726.0,[],0.0875461890143769,0.4581428882871876,0.3413377575969263,0.7435203487867372,ok,5.233156273792238,1.6550145900804725,False,4.0,4.0,False,0.0,real_row_resample,1338,primary,True,Anchor-Valid,Admissible,,,
C0086,network_volume_forecast,network_volume_forecast|router__iot_named__dns_port_packets,temporal,linear,5715,5715,17193,5715,propagated real-source observation mask,near,5716.0,[],0.10303444110472391,0.463124116538295,0.3479268719384185,0.7038617898908349,ok,4.494847660381609,1.5029317764441814,False,4.0,4.0,False,0.0,real_row_resample,1338,primary,True,Anchor-Valid,Admissible,,,
C0086,network_volume_forecast,network_volume_forecast|router__iot_named__dns_port_packets,temporal,linear,5715,5715,17193,5715,propagated real-source observation mask,future,5717.0,[],0.0818176724822488,0.45825682454050004,0.34135035857967466,0.7603117429766761,ok,5.600951611522849,1.7229365139336097,False,4.0,4.0,False,0.0,real_row_resample,1338,primary,True,Anchor-Valid,Admissible,,,
C0034,network_volume_forecast,network_volume_forecast|router__general__packet_length_max,temporal,linear,5723,5723,17200,5723,propagated real-source observation mask,near,5727.0,[],1.8483348542674185,2.0288345172134035,1.835925208529884,-0.006759341655029326,ok,1.0976552828234825,0.09317634372501044,True,387.0,387.0,False,4034.0,real_row_resample,1339,primary,True,Anchor-Valid,Admissible,,,
C0034,network_volume_forecast,network_volume_forecast|router__general__packet_length_max,temporal,linear,5723,5723,17200,5723,propagated real-source observation mask,future,5728.0,[],30.143059131984145,40.775529268490494,45.04995702621401,0.3308970502581329,ok,1.3527336124031442,0.3021274431839391,False,26.0,26.0,False,4034.0,real_row_resample,1339,primary,True,Anchor-Valid,Admissible,,,
C0035,network_volume_forecast,network_volume_forecast|router__general__packet_length_max,temporal,linear,5721,5721,17198,5721,propagated real-source observation mask,near,5725.0,[],1.961088905715478,2.0238598420901375,1.8353966803200072,-0.06848232142032414,ok,1.0320082053351674,0.03150661793393262,True,387.0,387.0,False,4034.0,real_row_resample,1339,primary,True,Anchor-Valid,Admissible,,,
C0035,network_volume_forecast,network_volume_forecast|router__general__packet_length_max,temporal,linear,5721,5721,17198,5721,propagated real-source observation mask,future,5726.0,[],32.29976227722253,41.415913016185876,45.94517611445556,0.29699339498102023,ok,1.2822358462183472,0.24860530898755678,False,25.5,25.5,False,4034.0,real_row_resample,1339,primary,True,Anchor-Valid,Admissible,,,
C0044,network_volume_forecast,network_volume_forecast|router__general__packet_length_mean,temporal,linear,5712,5712,17189,5712,propagated real-source observation mask,near,5716.0,[],0.43916931305935447,0.6060988236701298,0.6192682580530939,0.29082540991193256,ok,1.3801028570231968,0.3221580304663675,False,108.93432600194046,108.93432600194046,False,512.6428680614232,real_row_resample,1339,primary,True,Anchor-Valid,Admissible,,,
C0044,network_volume_forecast,network_volume_forecast|router__general__packet_length_mean,temporal,linear,5712,5712,17189,5712,propagated real-source observation mask,future,5717.0,[],0.30442538627422516,0.5001307424028809,0.511610050541722,0.4049659775997713,ok,1.6428680555318904,0.4964435287895022,False,107.56793568533652,107.56793568533652,False,512.6428680614232,real_row_resample,1339,primary,True,Anchor-Valid,Admissible,,,
C0065,network_volume_forecast,network_volume_forecast|router__general__packet_length_min,temporal,linear,5723,5723,17200,5723,propagated real-source observation mask,near,5727.0,[],0.5337940254010286,0.5270442113683305,0.6886677143356033,0.22488884800413517,ok,0.9873550213912058,-0.012725606766115638,True,18.0,18.0,False,44.0,real_row_resample,1339,primary,True,Anchor-Valid,Admissible,,,
C0065,network_volume_forecast,network_volume_forecast|router__general__packet_length_min,temporal,linear,5723,5723,17200,5723,propagated real-source observation mask,future,5728.0,[],0.524577949406535,0.5195526595298505,0.6423805090006207,0.18338439280693036,ok,0.9904203181197957,-0.009625862197822382,True,18.0,18.0,False,44.0,real_row_resample,1339,primary,True,Anchor-Valid,Admissible,,,
C0066,network_volume_forecast,network_volume_forecast|router__general__packet_length_min,temporal,linear,5721,5721,17198,5721,propagated real-source observation mask,near,5725.0,[],0.5143736325702063,0.523646988621024,0.6885589519650656,0.25297081520435544,ok,1.0180284436519051,0.017867858456960182,True,18.0,18.0,False,44.0,real_row_resample,1339,primary,True,Anchor-Valid,Admissible,,,
C0066,network_volume_forecast,network_volume_forecast|router__general__packet_length_min,temporal,linear,5721,5721,17198,5721,propagated real-source observation mask,future,5726.0,[],0.5113095902037545,0.5173800771385781,0.6424302402297513,0.2041009930963154,ok,1.0118724292505534,0.011802504866476868,True,18.0,18.0,False,44.0,real_row_resample,1339,primary,True,Anchor-Valid,Admissible,,,
C0067,network_volume_forecast,network_volume_forecast|router__general__packet_length_min,temporal,linear,5712,5712,17189,5712,propagated real-source observation mask,near,5716.0,[],0.46832340290892077,0.5326058426255023,0.6885934219734079,0.31988400126336597,ok,1.1372607888422845,0.128622554204498,False,18.0,18.0,False,44.0,real_row_resample,1339,primary,True,Anchor-Valid,Admissible,,,
C0067,network_volume_forecast,network_volume_forecast|router__general__packet_length_min,temporal,linear,5712,5712,17189,5712,propagated real-source observation mask,future,5717.0,[],0.47529275501140034,0.5235982530657581,0.6422171690669154,0.2599189528022763,ok,1.1016331461926012,0.0967937571159873,False,18.0,18.0,False,44.0,real_row_resample,1339,primary,True,Anchor-Valid,Admissible,,,
C0071,network_burst_prediction,network_burst_prediction|router__iot_named__mqtt_port_packets,temporal,linear,5726,5726,17204,5726,propagated real-source observation mask,near,5727.0,[],0.012973902074470044,0.021462566983834166,0.021254230920499304,0.38958496672975546,ok,1.6542877278277026,0.5033705402558002,False,,,,0.11351728955640936,real_row_resample,1339,primary,True,Anchor-Valid,Not-Estimable,0.8510904535489565,0.19323530351392065,0.010825912345032303
C0071,network_burst_prediction,network_burst_prediction|router__iot_named__mqtt_port_packets,temporal,linear,5726,5726,17204,5726,propagated real-source observation mask,future,5728.0,[],0.06286302316870994,0.07011732556014948,0.07023783422464638,0.10499770013336532,ok,1.1153985606446362,0.10921179453374973,False,,,,0.11351728955640936,real_row_resample,1339,primary,True,Anchor-Valid,Not-Estimable,0.8523938725028009,0.16241402509555858,0.07419692737430168
C0081,network_volume_forecast,network_volume_forecast|router__iot_named__udp_count,temporal,linear,5724,5724,17202,5724,propagated real-source observation mask,near,5725.0,[],0.1996356885209673,0.4999531696149174,0.435589519650655,0.5416884945232932,ok,2.504327624579051,0.9180202851658237,False,4.0,4.0,False,1.0,real_row_resample,1339,primary,True,Anchor-Valid,Admissible,,,
C0081,network_volume_forecast,network_volume_forecast|router__iot_named__udp_count,temporal,linear,5724,5724,17202,5724,propagated real-source observation mask,future,5726.0,[],0.19492241987824366,0.4864703153889983,0.42678134823611596,0.5432733396530647,ok,2.495712477265915,0.9145742504688327,False,4.0,4.0,False,1.0,real_row_resample,1339,primary,True,Anchor-Valid,Admissible,,,
C0082,network_volume_forecast,network_volume_forecast|router__iot_named__udp_count,temporal,linear,5715,5715,17193,5715,propagated real-source observation mask,near,5716.0,[],0.18709254381114226,0.5051199296632923,0.43557557732680197,0.5704705370320357,ok,2.6998399795834622,0.993192504432996,False,4.0,4.0,False,1.0,real_row_resample,1339,primary,True,Anchor-Valid,Admissible,,,
C0082,network_volume_forecast,network_volume_forecast|router__iot_named__udp_count,temporal,linear,5715,5715,17193,5715,propagated real-source observation mask,future,5717.0,[],0.174887418447752,0.4914400743807493,0.4267972712961343,0.5902330445631974,ok,2.8100367581763357,1.0331975644616391,False,4.0,4.0,False,1.0,real_row_resample,1339,primary,True,Anchor-Valid,Admissible,,,
C0085,network_volume_forecast,network_volume_forecast|router__iot_named__dns_port_packets,temporal,linear,5724,5724,17202,5724,propagated real-source observation mask,near,5725.0,[],0.10418729079222397,0.4506475220260023,0.34790393013100435,0.7005285604189871,ok,4.3253598265138535,1.4644953338049898,False,4.0,4.0,False,0.0,real_row_resample,1339,primary,True,Anchor-Valid,Admissible,,,
C0085,network_volume_forecast,network_volume_forecast|router__iot_named__dns_port_packets,temporal,linear,5724,5724,17202,5724,propagated real-source observation mask,future,5726.0,[],0.0875461890143769,0.4455751573587304,0.3413377575969263,0.7435203487867372,ok,5.0896008424256785,1.6271994075317635,False,4.0,4.0,False,0.0,real_row_resample,1339,primary,True,Anchor-Valid,Admissible,,,
C0086,network_volume_forecast,network_volume_forecast|router__iot_named__dns_port_packets,temporal,linear,5715,5715,17193,5715,propagated real-source observation mask,near,5716.0,[],0.10303444110472391,0.45506331721138804,0.3479268719384185,0.7038617898908349,ok,4.416613632609148,1.485373255980892,False,4.0,4.0,False,0.0,real_row_resample,1339,primary,True,Anchor-Valid,Admissible,,,
C0086,network_volume_forecast,network_volume_forecast|router__iot_named__dns_port_packets,temporal,linear,5715,5715,17193,5715,propagated real-source observation mask,future,5717.0,[],0.0818176724822488,0.4500231183057951,0.34135035857967466,0.7603117429766761,ok,5.500316797736239,1.7048056901680397,False,4.0,4.0,False,0.0,real_row_resample,1339,primary,True,Anchor-Valid,Admissible,,,
C0034,network_volume_forecast,network_volume_forecast|router__general__packet_length_max,temporal,linear,5725,5725,17200,5725,propagated real-source observation mask,near,5727.0,[],1.8770281224555236,2.0643896414512097,1.8383408930633216,-0.021044643862398953,ok,1.0998181736087045,0.09514486942195693,True,387.0,387.0,False,4036.0,real_row_resample,1340,primary,True,Anchor-Valid,Admissible,,,
C0034,network_volume_forecast,network_volume_forecast|router__general__packet_length_max,temporal,linear,5725,5725,17200,5725,propagated real-source observation mask,future,5728.0,[],30.307225011916277,39.28148970098067,44.987000429737854,0.3263114961565158,ok,1.2961097456311448,0.25936727461585624,False,26.0,26.0,False,4036.0,real_row_resample,1340,primary,True,Anchor-Valid,Admissible,,,
C0035,network_volume_forecast,network_volume_forecast|router__general__packet_length_max,temporal,linear,5723,5723,17198,5723,propagated real-source observation mask,near,5725.0,[],1.9018070840728896,2.0686467983599353,1.8353966803200072,-0.03618313385055456,ok,1.087726939122418,0.0840901418629302,True,387.0,387.0,False,4034.0,real_row_resample,1340,primary,True,Anchor-Valid,Admissible,,,
C0035,network_volume_forecast,network_volume_forecast|router__general__packet_length_max,temporal,linear,5723,5723,17198,5723,propagated real-source observation mask,future,5726.0,[],31.264733445687977,40.24036681859883,45.94517611445556,0.3195208705304915,ok,1.2870849159326119,0.2523799061830411,False,25.5,25.5,False,4034.0,real_row_resample,1340,primary,True,Anchor-Valid,Admissible,,,
C0044,network_volume_forecast,network_volume_forecast|router__general__packet_length_mean,temporal,linear,5714,5714,17189,5714,propagated real-source observation mask,near,5716.0,[],0.4209086605938847,0.6177172171466323,0.6202444212727016,0.3213825934456497,ok,1.4675802020206923,0.3836149233703127,False,108.93432600194046,108.93432600194046,False,511.9506676090856,real_row_resample,1340,primary,True,Anchor-Valid,Admissible,,,
C0044,network_volume_forecast,network_volume_forecast|router__general__packet_length_mean,temporal,linear,5714,5714,17189,5714,propagated real-source observation mask,future,5717.0,[],0.2823690436092926,0.5109593058325786,0.5123819629090601,0.44890908726346257,ok,1.8095443441724477,0.5930750700338737,False,107.56793568533652,107.56793568533652,False,511.9506676090856,real_row_resample,1340,primary,True,Anchor-Valid,Admissible,,,
C0065,network_volume_forecast,network_volume_forecast|router__general__packet_length_min,temporal,linear,5725,5725,17200,5725,propagated real-source observation mask,near,5727.0,[],0.5260185532957748,0.5240325779686565,0.6886677143356033,0.2361794485991626,ok,0.9962245146779041,-0.0037826304567082003,True,18.0,18.0,False,44.0,real_row_resample,1340,primary,True,Anchor-Valid,Admissible,,,
C0065,network_volume_forecast,network_volume_forecast|router__general__packet_length_min,temporal,linear,5725,5725,17200,5725,propagated real-source observation mask,future,5728.0,[],0.5184510971928968,0.5171709601887485,0.6423805090006207,0.19292212336972406,ok,0.9975308432924928,-0.0024722101021725455,True,18.0,18.0,False,44.0,real_row_resample,1340,primary,True,Anchor-Valid,Admissible,,,
C0066,network_volume_forecast,network_volume_forecast|router__general__packet_length_min,temporal,linear,5723,5723,17198,5723,propagated real-source observation mask,near,5725.0,[],0.515232027825758,0.5202507702379736,0.6885589519650656,0.25172416050165786,ok,1.0097407423086533,0.009693607118938439,True,18.0,18.0,False,44.0,real_row_resample,1340,primary,True,Anchor-Valid,Admissible,,,
C0066,network_volume_forecast,network_volume_forecast|router__general__packet_length_min,temporal,linear,5723,5723,17198,5723,propagated real-source observation mask,future,5726.0,[],0.5140346989237824,0.5148454627111486,0.6424302402297513,0.19985911818231186,ok,1.0015772549772683,0.0015760124170213269,True,18.0,18.0,False,44.0,real_row_resample,1340,primary,True,Anchor-Valid,Admissible,,,
C0067,network_volume_forecast,network_volume_forecast|router__general__packet_length_min,temporal,linear,5714,5714,17189,5714,propagated real-source observation mask,near,5716.0,[],0.46320594790491615,0.5216897610267055,0.6885934219734079,0.32731575248361255,ok,1.126258769746615,0.11890131658855417,False,18.0,18.0,False,44.0,real_row_resample,1340,primary,True,Anchor-Valid,Admissible,,,
C0067,network_volume_forecast,network_volume_forecast|router__general__packet_length_min,temporal,linear,5714,5714,17189,5714,propagated real-source observation mask,future,5717.0,[],0.47143139617670926,0.5154028111419133,0.6422171690669154,0.2659314965657843,ok,1.0932721395346399,0.08917516222373786,True,18.0,18.0,False,44.0,real_row_resample,1340,primary,True,Anchor-Valid,Admissible,,,
C0071,network_burst_prediction,network_burst_prediction|router__iot_named__mqtt_port_packets,temporal,linear,5725,5725,17204,5725,propagated real-source observation mask,near,5727.0,[],0.01390839682771378,0.021141142292699196,0.023839335949319175,0.41657784187940067,ok,1.5200272579635847,0.41872826756817244,False,,,,0.12541484716157206,real_row_resample,1340,primary,True,Anchor-Valid,Not-Estimable,0.8510904535489565,0.19323530351392065,0.010825912345032303
C0071,network_burst_prediction,network_burst_prediction|router__iot_named__mqtt_port_packets,temporal,linear,5725,5725,17204,5725,propagated real-source observation mask,future,5728.0,[],0.0638027531295005,0.07021106463476501,0.07131501864984954,0.10533917907577936,ok,1.100439419788948,0.09570957257182154,False,,,,0.12541484716157206,real_row_resample,1340,primary,True,Anchor-Valid,Not-Estimable,0.8523938725028009,0.16241402509555858,0.07419692737430168
C0081,network_volume_forecast,network_volume_forecast|router__iot_named__udp_count,temporal,linear,5723,5723,17202,5723,propagated real-source observation mask,near,5725.0,[],0.1892877513790911,0.5017316641094205,0.435589519650655,0.5654446609943673,ok,2.6506293220451993,0.9747970918212715,False,4.0,4.0,False,1.0,real_row_resample,1340,primary,True,Anchor-Valid,Admissible,,,
C0081,network_volume_forecast,network_volume_forecast|router__iot_named__udp_count,temporal,linear,5723,5723,17202,5723,propagated real-source observation mask,future,5726.0,[],0.18350756892793352,0.48824691798578296,0.42678134823611596,0.5700197075472747,ok,2.6606364022920803,0.9785653431601191,False,4.0,4.0,False,1.0,real_row_resample,1340,primary,True,Anchor-Valid,Admissible,,,
C0082,network_volume_forecast,network_volume_forecast|router__iot_named__udp_count,temporal,linear,5714,5714,17193,5714,propagated real-source observation mask,near,5716.0,[],0.18317383690033512,0.5037890963872103,0.43557557732680197,0.5794671546451188,ok,2.750333262175001,1.011722090581475,False,4.0,4.0,False,1.0,real_row_resample,1340,primary,True,Anchor-Valid,Admissible,,,
C0082,network_volume_forecast,network_volume_forecast|router__iot_named__udp_count,temporal,linear,5714,5714,17193,5714,propagated real-source observation mask,future,5717.0,[],0.17080096801887124,0.49017691125486773,0.4267972712961343,0.5998077319000463,ok,2.8698719740318435,1.0542674204252735,False,4.0,4.0,False,1.0,real_row_resample,1340,primary,True,Anchor-Valid,Admissible,,,
C0085,network_volume_forecast,network_volume_forecast|router__iot_named__dns_port_packets,temporal,linear,5723,5723,17202,5723,propagated real-source observation mask,near,5725.0,[],0.10010851727250188,0.46142580084927703,0.34790393013100435,0.7122524105007791,ok,4.609256169415096,1.5280664924531422,False,4.0,4.0,False,0.0,real_row_resample,1340,primary,True,Anchor-Valid,Admissible,,,
C0085,network_volume_forecast,network_volume_forecast|router__iot_named__dns_port_packets,temporal,linear,5723,5723,17202,5723,propagated real-source observation mask,future,5726.0,[],0.08295234619292878,0.456509656588949,0.3413377575969263,0.7569786982344793,ok,5.503276007735919,1.7053435526868252,False,4.0,4.0,False,0.0,real_row_resample,1340,primary,True,Anchor-Valid,Admissible,,,
C0086,network_volume_forecast,network_volume_forecast|router__iot_named__dns_port_packets,temporal,linear,5714,5714,17193,5714,propagated real-source observation mask,near,5716.0,[],0.10015883643509796,0.4530576841516435,0.3479268719384185,0.712126758484968,ok,4.523392046843724,1.5092621652367386,False,4.0,4.0,False,0.0,real_row_resample,1340,primary,True,Anchor-Valid,Admissible,,,
C0086,network_volume_forecast,network_volume_forecast|router__iot_named__dns_port_packets,temporal,linear,5714,5714,17193,5714,propagated real-source observation mask,future,5717.0,[],0.07864139858351195,0.44798261057700767,0.34135035857967466,0.7696167687922431,ok,5.696523951074953,1.7398561556718943,False,4.0,4.0,False,0.0,real_row_resample,1340,primary,True,Anchor-Valid,Admissible,,,
C0034,network_volume_forecast,network_volume_forecast|router__general__packet_length_max,temporal,linear,5724,5724,17200,5724,propagated real-source observation mask,near,5727.0,[],1.8599232743886058,2.129505553453282,1.835925208529884,-0.013071374447730476,ok,1.144942688108085,0.13535458169938283,False,387.0,387.0,False,4034.0,real_row_resample,1341,primary,True,Anchor-Valid,Admissible,,,
C0034,network_volume_forecast,network_volume_forecast|router__general__packet_length_max,temporal,linear,5724,5724,17200,5724,propagated real-source observation mask,future,5728.0,[],30.62339622277703,38.02344180387524,45.04995702621401,0.32023472952576504,ok,1.2416467960400228,0.21643855984611737,False,26.0,26.0,False,4034.0,real_row_resample,1341,primary,True,Anchor-Valid,Admissible,,,
C0035,network_volume_forecast,network_volume_forecast|router__general__packet_length_max,temporal,linear,5722,5722,17198,5722,propagated real-source observation mask,near,5725.0,[],1.8979262939316133,2.129016339072729,1.8353966803200072,-0.03406871892167953,ok,1.1217592305243875,0.11489819452241586,False,387.0,387.0,False,4034.0,real_row_resample,1341,primary,True,Anchor-Valid,Admissible,,,
C0035,network_volume_forecast,network_volume_forecast|router__general__packet_length_max,temporal,linear,5722,5722,17198,5722,propagated real-source observation mask,future,5726.0,[],30.259140968205674,38.78584413116666,45.94517611445556,0.34140766175700105,ok,1.2817893334090447,0.24825701848139167,False,25.5,25.5,False,4034.0,real_row_resample,1341,primary,True,Anchor-Valid,Admissible,,,
C0044,network_volume_forecast,network_volume_forecast|router__general__packet_length_mean,temporal,linear,5713,5713,17189,5713,propagated real-source observation mask,near,5716.0,[],0.44254488937476905,0.6142520916609009,0.6197412574213556,0.28591991564975405,ok,1.3879995146452175,0.32786351240531353,False,108.93432600194046,108.93432600194046,False,512.3045454545454,real_row_resample,1341,primary,True,Anchor-Valid,Admissible,,,
C0044,network_volume_forecast,network_volume_forecast|router__general__packet_length_mean,temporal,linear,5713,5713,17189,5713,propagated real-source observation mask,future,5717.0,[],0.30860552288545967,0.5077576763546189,0.5119826660795896,0.3972344312971608,ok,1.6453291943938262,0.4979404823689034,False,107.56793568533652,107.56793568533652,False,512.3045454545454,real_row_resample,1341,primary,True,Anchor-Valid,Admissible,,,
C0065,network_volume_forecast,network_volume_forecast|router__general__packet_length_min,temporal,linear,5724,5724,17200,5724,propagated real-source observation mask,near,5727.0,[],0.5346569603984063,0.527181023183896,0.6886677143356033,0.2236357981233081,ok,0.9860173199485901,-0.014081358662998703,True,18.0,18.0,False,44.0,real_row_resample,1341,primary,True,Anchor-Valid,Admissible,,,
C0065,network_volume_forecast,network_volume_forecast|router__general__packet_length_min,temporal,linear,5724,5724,17200,5724,propagated real-source observation mask,future,5728.0,[],0.5244020967747923,0.5197346628188657,0.6423805090006207,0.18365814431289726,ok,0.9910995131700797,-0.008940332771209572,True,18.0,18.0,False,44.0,real_row_resample,1341,primary,True,Anchor-Valid,Admissible,,,
C0066,network_volume_forecast,network_volume_forecast|router__general__packet_length_min,temporal,linear,5722,5722,17198,5722,propagated real-source observation mask,near,5725.0,[],0.5100002821618108,0.527589401801031,0.6885589519650656,0.25932226905723826,ok,1.034488450799797,0.033907054100346654,True,18.0,18.0,False,44.0,real_row_resample,1341,primary,True,Anchor-Valid,Admissible,,,
C0066,network_volume_forecast,network_volume_forecast|router__general__packet_length_min,temporal,linear,5722,5722,17198,5722,propagated real-source observation mask,future,5726.0,[],0.5088654652479456,0.519890911073358,0.6424302402297513,0.20790549170605524,ok,1.021666720534946,0.021435333445948692,True,18.0,18.0,False,44.0,real_row_resample,1341,primary,True,Anchor-Valid,Admissible,,,
C0067,network_volume_forecast,network_volume_forecast|router__general__packet_length_min,temporal,linear,5713,5713,17189,5713,propagated real-source observation mask,near,5716.0,[],0.46625902179932244,0.5289392913593034,0.6885934219734079,0.3228819693585042,ok,1.1344322932735842,0.12613234366274134,False,18.0,18.0,False,44.0,real_row_resample,1341,primary,True,Anchor-Valid,Admissible,,,
C0067,network_volume_forecast,network_volume_forecast|router__general__packet_length_min,temporal,linear,5713,5713,17189,5713,propagated real-source observation mask,future,5717.0,[],0.4737339816472647,0.5208422664594,0.6422171690669154,0.2623461276571628,ok,1.099440375056758,0.0948013003987587,True,18.0,18.0,False,44.0,real_row_resample,1341,primary,True,Anchor-Valid,Admissible,,,
C0071,network_burst_prediction,network_burst_prediction|router__iot_named__mqtt_port_packets,temporal,linear,5726,5726,17204,5726,propagated real-source observation mask,near,5727.0,[],0.012973902074470044,0.02454347390040433,0.021254230920499304,0.38958496672975546,ok,1.8917572954940682,0.6375061830640154,False,,,,0.11351728955640936,real_row_resample,1341,primary,True,Anchor-Valid,Not-Estimable,0.8510904535489565,0.19323530351392065,0.010825912345032303
C0071,network_burst_prediction,network_burst_prediction|router__iot_named__mqtt_port_packets,temporal,linear,5726,5726,17204,5726,propagated real-source observation mask,future,5728.0,[],0.06286302316870994,0.07168466333296446,0.07023783422464638,0.10499770013336532,ok,1.140331147303865,0.1313187003163405,False,,,,0.11351728955640936,real_row_resample,1341,primary,True,Anchor-Valid,Not-Estimable,0.8523938725028009,0.16241402509555858,0.07419692737430168
C0081,network_volume_forecast,network_volume_forecast|router__iot_named__udp_count,temporal,linear,5724,5724,17202,5724,propagated real-source observation mask,near,5725.0,[],0.1996356885209673,0.5167407231820812,0.435589519650655,0.5416884945232932,ok,2.5884185688963575,0.9510470980650414,False,4.0,4.0,False,1.0,real_row_resample,1341,primary,True,Anchor-Valid,Admissible,,,
C0081,network_volume_forecast,network_volume_forecast|router__iot_named__udp_count,temporal,linear,5724,5724,17202,5724,propagated real-source observation mask,future,5726.0,[],0.19492241987824366,0.5028216324118275,0.42678134823611596,0.5432733396530647,ok,2.5795987589622067,0.9476338670569804,False,4.0,4.0,False,1.0,real_row_resample,1341,primary,True,Anchor-Valid,Admissible,,,
C0082,network_volume_forecast,network_volume_forecast|router__iot_named__udp_count,temporal,linear,5715,5715,17193,5715,propagated real-source observation mask,near,5716.0,[],0.18709254381114226,0.5019331602452806,0.43557557732680197,0.5704705370320357,ok,2.6828068613570695,0.9868635827759841,False,4.0,4.0,False,1.0,real_row_resample,1341,primary,True,Anchor-Valid,Admissible,,,
C0082,network_volume_forecast,network_volume_forecast|router__iot_named__udp_count,temporal,linear,5715,5715,17193,5715,propagated real-source observation mask,future,5717.0,[],0.174887418447752,0.4882624966041654,0.4267972712961343,0.5902330445631974,ok,2.7918674821655904,1.0267107203659631,False,4.0,4.0,False,1.0,real_row_resample,1341,primary,True,Anchor-Valid,Admissible,,,
C0085,network_volume_forecast,network_volume_forecast|router__iot_named__dns_port_packets,temporal,linear,5724,5724,17202,5724,propagated real-source observation mask,near,5725.0,[],0.10418729079222397,0.4678167151275421,0.34790393013100435,0.7005285604189871,ok,4.4901514529299735,1.5018864323500847,False,4.0,4.0,False,0.0,real_row_resample,1341,primary,True,Anchor-Valid,Admissible,,,
C0085,network_volume_forecast,network_volume_forecast|router__iot_named__dns_port_packets,temporal,linear,5724,5724,17202,5724,propagated real-source observation mask,future,5726.0,[],0.0875461890143769,0.46299329234757786,0.3413377575969263,0.7435203487867372,ok,5.288560216727935,1.6655460380741642,False,4.0,4.0,False,0.0,real_row_resample,1341,primary,True,Anchor-Valid,Admissible,,,
C0086,network_volume_forecast,network_volume_forecast|router__iot_named__dns_port_packets,temporal,linear,5715,5715,17193,5715,propagated real-source observation mask,near,5716.0,[],0.10303444110472391,0.4549500602843433,0.3479268719384185,0.7038617898908349,ok,4.415514418348068,1.4851243433155834,False,4.0,4.0,False,0.0,real_row_resample,1341,primary,True,Anchor-Valid,Admissible,,,
C0086,network_volume_forecast,network_volume_forecast|router__iot_named__dns_port_packets,temporal,linear,5715,5715,17193,5715,propagated real-source observation mask,future,5717.0,[],0.0818176724822488,0.44990501109750497,0.34135035857967466,0.7603117429766761,ok,5.498873256204111,1.7045432087428918,False,4.0,4.0,False,0.0,real_row_resample,1341,primary,True,Anchor-Valid,Admissible,,,
C0034,network_volume_forecast,network_volume_forecast|router__general__packet_length_max,temporal,linear,5719,5719,17200,5719,propagated real-source observation mask,near,5727.0,[],1.8661973576301643,1.7903582660114836,1.835925208529884,-0.016488770326608566,ok,0.9593616981030416,-0.04148711347216545,True,387.0,387.0,False,4034.0,real_contiguous_block,1337,primary,True,Anchor-Valid,Admissible,,,
C0034,network_volume_forecast,network_volume_forecast|router__general__packet_length_max,temporal,linear,5719,5719,17200,5719,propagated real-source observation mask,future,5728.0,[],29.815865787194102,48.04844645623423,45.04995702621401,0.33815995052238074,ok,1.6115059948006276,0.4771691422792365,False,26.0,26.0,False,4034.0,real_contiguous_block,1337,primary,True,Anchor-Valid,Admissible,,,
C0035,network_volume_forecast,network_volume_forecast|router__general__packet_length_max,temporal,linear,5717,5717,17198,5717,propagated real-source observation mask,near,5725.0,[],1.8757297078449948,1.8108948737178532,1.7909274116200085,-0.047351051569576044,ok,0.9654348737688706,-0.03517663276112891,True,387.0,387.0,False,3997.0,real_contiguous_block,1337,primary,True,Anchor-Valid,Admissible,,,
C0035,network_volume_forecast,network_volume_forecast|router__general__packet_length_max,temporal,linear,5717,5717,17198,5717,propagated real-source observation mask,future,5726.0,[],29.835701093902127,49.79494952479749,47.13500167793279,0.3670160171465462,ok,1.6689719932532328,0.51220786398362,False,25.5,25.5,False,3997.0,real_contiguous_block,1337,primary,True,Anchor-Valid,Admissible,,,
C0044,network_volume_forecast,network_volume_forecast|router__general__packet_length_mean,temporal,linear,5708,5708,17189,5708,propagated real-source observation mask,near,5716.0,[],0.42737694857356445,0.33223390336302855,0.6193767071882605,0.30998866503440764,ok,0.777379089985807,-0.25182715829415353,True,108.93432600194046,108.93432600194046,False,512.5645446787603,real_contiguous_block,1337,primary,True,Anchor-Valid,Admissible,,,
C0044,network_volume_forecast,network_volume_forecast|router__general__packet_length_mean,temporal,linear,5708,5708,17189,5708,propagated real-source observation mask,future,5717.0,[],0.29038848001165407,0.17514273796360927,0.5116956100119499,0.43249761317109503,ok,0.603132527697312,-0.5056183258106107,True,107.56793568533652,107.56793568533652,False,512.5645446787603,real_contiguous_block,1337,primary,True,Anchor-Valid,Admissible,,,
C0065,network_volume_forecast,network_volume_forecast|router__general__packet_length_min,temporal,linear,5719,5719,17200,5719,propagated real-source observation mask,near,5727.0,[],0.5224820738047391,0.5545387314597291,0.6886677143356033,0.24131469658221577,ok,1.0613545598254728,0.05954597894959136,True,18.0,18.0,False,44.0,real_contiguous_block,1337,primary,True,Anchor-Valid,Admissible,,,
C0065,network_volume_forecast,network_volume_forecast|router__general__packet_length_min,temporal,linear,5719,5719,17200,5719,propagated real-source observation mask,future,5728.0,[],0.5160621745250785,0.5397034094614422,0.6423805090006207,0.19664098257286966,ok,1.0458108268797655,0.044792495443266286,True,18.0,18.0,False,44.0,real_contiguous_block,1337,primary,True,Anchor-Valid,Admissible,,,
C0066,network_volume_forecast,network_volume_forecast|router__general__packet_length_min,temporal,linear,5717,5717,17198,5717,propagated real-source observation mask,near,5725.0,[],0.5059966751694387,0.5499737961102953,0.6885589519650656,0.26513674141424753,ok,1.0869118772887794,0.08334053520121365,True,18.0,18.0,False,44.0,real_contiguous_block,1337,primary,True,Anchor-Valid,Admissible,,,
C0066,network_volume_forecast,network_volume_forecast|router__general__packet_length_min,temporal,linear,5717,5717,17198,5717,propagated real-source observation mask,future,5726.0,[],0.5071876635561999,0.5370010414979959,0.6424302402297513,0.21051713976786765,ok,1.058781749013287,0.05711895379618231,True,18.0,18.0,False,44.0,real_contiguous_block,1337,primary,True,Anchor-Valid,Admissible,,,
C0067,network_volume_forecast,network_volume_forecast|router__general__packet_length_min,temporal,linear,5708,5708,17189,5708,propagated real-source observation mask,near,5716.0,[],0.4536518103760145,0.5027480278111088,0.6885934219734079,0.34119061277710894,ok,1.1082244494834053,0.10275913954613373,False,18.0,18.0,False,44.0,real_contiguous_block,1337,primary,True,Anchor-Valid,Admissible,,,
C0067,network_volume_forecast,network_volume_forecast|router__general__packet_length_min,temporal,linear,5708,5708,17189,5708,propagated real-source observation mask,future,5717.0,[],0.4642737082824694,0.5011116101409712,0.6422171690669154,0.2770767730220948,ok,1.0793452250285283,0.07635458415653035,True,18.0,18.0,False,44.0,real_contiguous_block,1337,primary,True,Anchor-Valid,Admissible,,,
C0071,network_burst_prediction,network_burst_prediction|router__iot_named__mqtt_port_packets,temporal,linear,5723,5723,17204,5723,propagated real-source observation mask,near,5727.0,[],0.013478510280229611,0.012121050400397728,0.021738420448985354,0.37996827727845683,ok,0.899287098380374,-0.1061529424557205,True,,,,0.11584833129477547,real_contiguous_block,1337,primary,True,Anchor-Valid,Not-Estimable,0.8510904535489565,0.19323530351392065,0.010825912345032303
C0071,network_burst_prediction,network_burst_prediction|router__iot_named__mqtt_port_packets,temporal,linear,5723,5723,17204,5723,propagated real-source observation mask,future,5728.0,[],0.06301612909234536,0.06511038898236492,0.07042658279106073,0.10522239479800496,ok,1.033233712069978,0.032693410501257444,True,,,,0.11584833129477547,real_contiguous_block,1337,primary,True,Anchor-Valid,Not-Estimable,0.8523938725028009,0.16241402509555858,0.07419692737430168
C0081,network_volume_forecast,network_volume_forecast|router__iot_named__udp_count,temporal,linear,5721,5721,17202,5721,propagated real-source observation mask,near,5725.0,[],0.20065893454842304,0.2187390413351822,0.435589519650655,0.5393393883549987,ok,1.0901036718222785,0.0862728034817736,True,4.0,4.0,False,1.0,real_contiguous_block,1337,primary,True,Anchor-Valid,Admissible,,,
C0081,network_volume_forecast,network_volume_forecast|router__iot_named__udp_count,temporal,linear,5721,5721,17202,5721,propagated real-source observation mask,future,5726.0,[],0.1936918677161035,0.20958501272657246,0.42678134823611596,0.5461566712869939,ok,1.082053754749083,0.07886086010435875,True,4.0,4.0,False,1.0,real_contiguous_block,1337,primary,True,Anchor-Valid,Admissible,,,
C0082,network_volume_forecast,network_volume_forecast|router__iot_named__udp_count,temporal,linear,5712,5712,17193,5712,propagated real-source observation mask,near,5716.0,[],0.19185095501955268,0.21413185725002665,0.43557557732680197,0.5595461155169141,ok,1.1161365197697515,0.10987318602025889,False,4.0,4.0,False,1.0,real_contiguous_block,1337,primary,True,Anchor-Valid,Admissible,,,
C0082,network_volume_forecast,network_volume_forecast|router__iot_named__udp_count,temporal,linear,5712,5712,17193,5712,propagated real-source observation mask,future,5717.0,[],0.17903581407515298,0.2002125266628429,0.4267972712961343,0.5805132175952256,ok,1.1182819912154596,0.11179357120728937,False,4.0,4.0,False,1.0,real_contiguous_block,1337,primary,True,Anchor-Valid,Admissible,,,
C0085,network_volume_forecast,network_volume_forecast|router__iot_named__dns_port_packets,temporal,linear,5721,5721,17202,5721,propagated real-source observation mask,near,5725.0,[],0.11207652391977439,0.09828812786515884,0.34790393013100435,0.6778520901515208,ok,0.8769733787917491,-0.13127864192614622,True,4.0,4.0,False,0.0,real_contiguous_block,1337,primary,True,Anchor-Valid,Admissible,,,
C0085,network_volume_forecast,network_volume_forecast|router__iot_named__dns_port_packets,temporal,linear,5721,5721,17202,5721,propagated real-source observation mask,future,5726.0,[],0.09540465523264302,0.08105016404963487,0.3413377575969263,0.7204977969495452,ok,0.8495409773453412,-0.16305910201722448,True,4.0,4.0,False,0.0,real_contiguous_block,1337,primary,True,Anchor-Valid,Admissible,,,
C0086,network_volume_forecast,network_volume_forecast|router__iot_named__dns_port_packets,temporal,linear,5712,5712,17193,5712,propagated real-source observation mask,near,5716.0,[],0.1141203002536985,0.1074222001668508,0.3479268719384185,0.6719991772469437,ok,0.9413066731163756,-0.06048629119840688,True,4.0,4.0,False,0.0,real_contiguous_block,1337,primary,True,Anchor-Valid,Admissible,,,
C0086,network_volume_forecast,network_volume_forecast|router__iot_named__dns_port_packets,temporal,linear,5712,5712,17193,5712,propagated real-source observation mask,future,5717.0,[],0.09325975666697921,0.08632303975018871,0.34135035857967466,0.7267916839020649,ok,0.9256193972115884,-0.07729214695709581,True,4.0,4.0,False,0.0,real_contiguous_block,1337,primary,True,Anchor-Valid,Admissible,,,
C0034,network_volume_forecast,network_volume_forecast|router__general__packet_length_max,temporal,linear,5727,5727,17200,5727,propagated real-source observation mask,near,5727.0,[],1.8950680916634337,1.6661676880109646,1.835925208529884,-0.03221421159139063,ok,0.8792125704298323,-0.1287285784177826,True,387.0,387.0,False,4034.0,real_contiguous_block,1338,primary,True,Anchor-Valid,Admissible,,,
C0034,network_volume_forecast,network_volume_forecast|router__general__packet_length_max,temporal,linear,5727,5727,17200,5727,propagated real-source observation mask,future,5728.0,[],31.679058490019813,37.50360640689801,45.04995702621401,0.29680158248350463,ok,1.183861143433703,0.16878125207895114,False,26.0,26.0,False,4034.0,real_contiguous_block,1338,primary,True,Anchor-Valid,Admissible,,,
C0035,network_volume_forecast,network_volume_forecast|router__general__packet_length_max,temporal,linear,5725,5725,17198,5725,propagated real-source observation mask,near,5725.0,[],1.9360165155859774,1.691506055041796,1.8353966803200072,-0.05482184660398688,ok,0.8737043519124241,-0.13501323067592985,True,387.0,387.0,False,4034.0,real_contiguous_block,1338,primary,True,Anchor-Valid,Admissible,,,
C0035,network_volume_forecast,network_volume_forecast|router__general__packet_length_max,temporal,linear,5725,5725,17198,5725,propagated real-source observation mask,future,5726.0,[],32.08185904041827,38.702046631549656,45.94517611445556,0.30173607430520927,ok,1.206352991663948,0.18760175171656912,False,25.5,25.5,False,4034.0,real_contiguous_block,1338,primary,True,Anchor-Valid,Admissible,,,
C0044,network_volume_forecast,network_volume_forecast|router__general__packet_length_mean,temporal,linear,5716,5716,17189,5716,propagated real-source observation mask,near,5716.0,[],0.4282161439126719,0.2920709111866561,0.6192813788664557,0.30852733744959887,ok,0.6820642223293186,-0.3826314579338716,True,108.93432600194046,108.93432600194046,False,512.6333681560927,real_contiguous_block,1338,primary,True,Anchor-Valid,Admissible,,,
C0044,network_volume_forecast,network_volume_forecast|router__general__packet_length_mean,temporal,linear,5716,5716,17189,5716,propagated real-source observation mask,future,5717.0,[],0.29127227997175636,0.12670149995732655,0.511620385158303,0.4306867192525326,ok,0.43499333328119083,-0.83242457380126,True,107.56793568533652,107.56793568533652,False,512.6333681560927,real_contiguous_block,1338,primary,True,Anchor-Valid,Admissible,,,
C0065,network_volume_forecast,network_volume_forecast|router__general__packet_length_min,temporal,linear,5727,5727,17200,5727,propagated real-source observation mask,near,5727.0,[],0.518778322976835,0.5505899268227586,0.6886677143356033,0.24669283577881992,ok,1.0613202256859604,0.05951362906749947,True,18.0,18.0,False,44.0,real_contiguous_block,1338,primary,True,Anchor-Valid,Admissible,,,
C0065,network_volume_forecast,network_volume_forecast|router__general__packet_length_min,temporal,linear,5727,5727,17200,5727,propagated real-source observation mask,future,5728.0,[],0.5134338979310422,0.5365514741404982,0.6423805090006207,0.20073244636607412,ok,1.0450254186617045,0.044041209199134866,True,18.0,18.0,False,44.0,real_contiguous_block,1338,primary,True,Anchor-Valid,Admissible,,,
C0066,network_volume_forecast,network_volume_forecast|router__general__packet_length_min,temporal,linear,5725,5725,17198,5725,propagated real-source observation mask,near,5725.0,[],0.5183832463512495,0.5375812818889343,0.6885589519650656,0.2471476191372645,ok,1.0370344444439787,0.03636514416730077,True,18.0,18.0,False,44.0,real_contiguous_block,1338,primary,True,Anchor-Valid,Admissible,,,
C0066,network_volume_forecast,network_volume_forecast|router__general__packet_length_min,temporal,linear,5725,5725,17198,5725,propagated real-source observation mask,future,5726.0,[],0.5141545489404717,0.5286059992789784,0.6424302402297513,0.19967256093580604,ok,1.0281072108926919,0.027719452346716782,True,18.0,18.0,False,44.0,real_contiguous_block,1338,primary,True,Anchor-Valid,Admissible,,,
C0067,network_volume_forecast,network_volume_forecast|router__general__packet_length_min,temporal,linear,5716,5716,17189,5716,propagated real-source observation mask,near,5716.0,[],0.46325414441464485,0.4958425882460538,0.6885934219734079,0.32724575978808174,ok,1.0703467939236395,0.0679827024333496,True,18.0,18.0,False,44.0,real_contiguous_block,1338,primary,True,Anchor-Valid,Admissible,,,
C0067,network_volume_forecast,network_volume_forecast|router__general__packet_length_min,temporal,linear,5716,5716,17189,5716,propagated real-source observation mask,future,5717.0,[],0.47146587767091247,0.4959308702641941,0.6422171690669154,0.26587780523539944,ok,1.051891332442002,0.05058981282230987,True,18.0,18.0,False,44.0,real_contiguous_block,1338,primary,True,Anchor-Valid,Admissible,,,
C0071,network_burst_prediction,network_burst_prediction|router__iot_named__mqtt_port_packets,temporal,linear,5727,5727,17204,5727,propagated real-source observation mask,near,5727.0,[],0.013593143390262831,0.010334132005854072,0.02212824849553467,0.3857108305248002,ok,0.7602459349657648,-0.2741132994093432,True,,,,0.1176881438798673,real_contiguous_block,1338,primary,True,Anchor-Valid,Not-Estimable,0.8510904535489565,0.19323530351392065,0.010825912345032303
C0071,network_burst_prediction,network_burst_prediction|router__iot_named__mqtt_port_packets,temporal,linear,5727,5727,17204,5727,propagated real-source observation mask,future,5728.0,[],0.06357909205919211,0.0640640830035516,0.07058322925564826,0.09923231439422503,ok,1.0076281514669627,0.00759920423560579,True,,,,0.1176881438798673,real_contiguous_block,1338,primary,True,Anchor-Valid,Not-Estimable,0.8523938725028009,0.16241402509555858,0.07419692737430168
C0081,network_volume_forecast,network_volume_forecast|router__iot_named__udp_count,temporal,linear,5725,5725,17202,5725,propagated real-source observation mask,near,5725.0,[],0.18293645284687168,0.17912097803006527,0.435589519650655,0.5800255869480339,ok,0.9791431682563552,-0.021077407862286325,True,4.0,4.0,False,1.0,real_contiguous_block,1338,primary,True,Anchor-Valid,Admissible,,,
C0081,network_volume_forecast,network_volume_forecast|router__iot_named__udp_count,temporal,linear,5725,5725,17202,5725,propagated real-source observation mask,future,5726.0,[],0.177899279199873,0.17438318759817817,0.42678134823611596,0.5831606045223641,ok,0.9802354927040237,-0.019962437507047116,True,4.0,4.0,False,1.0,real_contiguous_block,1338,primary,True,Anchor-Valid,Admissible,,,
C0082,network_volume_forecast,network_volume_forecast|router__iot_named__udp_count,temporal,linear,5716,5716,17193,5716,propagated real-source observation mask,near,5716.0,[],0.19014978301614147,0.1840168444379153,0.43557557732680197,0.5634516880328287,ok,0.9677468021212228,-0.03278479397703867,True,4.0,4.0,False,1.0,real_contiguous_block,1338,primary,True,Anchor-Valid,Admissible,,,
C0082,network_volume_forecast,network_volume_forecast|router__iot_named__udp_count,temporal,linear,5716,5716,17193,5716,propagated real-source observation mask,future,5717.0,[],0.17731858796666228,0.17161236000542868,0.4267972712961343,0.5845367346699146,ok,0.9678193469355484,-0.032709834188766974,True,4.0,4.0,False,1.0,real_contiguous_block,1338,primary,True,Anchor-Valid,Admissible,,,
C0085,network_volume_forecast,network_volume_forecast|router__iot_named__dns_port_packets,temporal,linear,5725,5725,17202,5725,propagated real-source observation mask,near,5725.0,[],0.09438529328220864,0.08414899634616195,0.34790393013100435,0.7287029978457917,ok,0.8915477551630789,-0.11479627590881374,True,4.0,4.0,False,0.0,real_contiguous_block,1338,primary,True,Anchor-Valid,Admissible,,,
C0085,network_volume_forecast,network_volume_forecast|router__iot_named__dns_port_packets,temporal,linear,5725,5725,17202,5725,propagated real-source observation mask,future,5726.0,[],0.07701889161686007,0.06627081036633017,0.3413377575969263,0.7743616406251519,ok,0.8604487675050227,-0.15030120315643405,True,4.0,4.0,False,0.0,real_contiguous_block,1338,primary,True,Anchor-Valid,Admissible,,,
C0086,network_volume_forecast,network_volume_forecast|router__iot_named__dns_port_packets,temporal,linear,5716,5716,17193,5716,propagated real-source observation mask,near,5716.0,[],0.1033470496319522,0.09620547211300512,0.3479268719384185,0.7029633007184218,ok,0.9308971320963663,-0.07160649965038082,True,4.0,4.0,False,0.0,real_contiguous_block,1338,primary,True,Anchor-Valid,Admissible,,,
C0086,network_volume_forecast,network_volume_forecast|router__iot_named__dns_port_packets,temporal,linear,5716,5716,17193,5716,propagated real-source observation mask,future,5717.0,[],0.08184232297743387,0.07446162151957741,0.34135035857967466,0.7602395283310328,ok,0.9098180355915422,-0.09451066035450047,True,4.0,4.0,False,0.0,real_contiguous_block,1338,primary,True,Anchor-Valid,Admissible,,,
C0034,network_volume_forecast,network_volume_forecast|router__general__packet_length_max,temporal,linear,5719,5719,17200,5719,propagated real-source observation mask,near,5727.0,[],1.8661973576301643,1.7174924837042425,1.835925208529884,-0.016488770326608566,ok,0.9203166410466049,-0.08303749310303986,True,387.0,387.0,False,4034.0,real_contiguous_block,1339,primary,True,Anchor-Valid,Admissible,,,
C0034,network_volume_forecast,network_volume_forecast|router__general__packet_length_max,temporal,linear,5719,5719,17200,5719,propagated real-source observation mask,future,5728.0,[],29.815865787194102,35.7236936656356,45.04995702621401,0.33815995052238074,ok,1.1981437641491834,0.18077349595684322,False,26.0,26.0,False,4034.0,real_contiguous_block,1339,primary,True,Anchor-Valid,Admissible,,,
C0035,network_volume_forecast,network_volume_forecast|router__general__packet_length_max,temporal,linear,5717,5717,17198,5717,propagated real-source observation mask,near,5725.0,[],1.8757297078449948,1.7471807455825075,1.7909274116200085,-0.047351051569576044,ok,0.9314672248752855,-0.07099427487858256,True,387.0,387.0,False,3997.0,real_contiguous_block,1339,primary,True,Anchor-Valid,Admissible,,,
C0035,network_volume_forecast,network_volume_forecast|router__general__packet_length_max,temporal,linear,5717,5717,17198,5717,propagated real-source observation mask,future,5726.0,[],29.835701093902127,36.58323056504238,47.13500167793279,0.3670160171465462,ok,1.2261562230397636,0.20388425438779556,False,25.5,25.5,False,3997.0,real_contiguous_block,1339,primary,True,Anchor-Valid,Admissible,,,
C0044,network_volume_forecast,network_volume_forecast|router__general__packet_length_mean,temporal,linear,5708,5708,17189,5708,propagated real-source observation mask,near,5716.0,[],0.42737694857356445,0.30179002010050454,0.6193767071882605,0.30998866503440764,ok,0.7061448239259853,-0.34793492948616084,True,108.93432600194046,108.93432600194046,False,512.5645446787603,real_contiguous_block,1339,primary,True,Anchor-Valid,Admissible,,,
C0044,network_volume_forecast,network_volume_forecast|router__general__packet_length_mean,temporal,linear,5708,5708,17189,5708,propagated real-source observation mask,future,5717.0,[],0.29038848001165407,0.1381761093048931,0.5116956100119499,0.43249761317109503,ok,0.47583192452864426,-0.7426905868348442,True,107.56793568533652,107.56793568533652,False,512.5645446787603,real_contiguous_block,1339,primary,True,Anchor-Valid,Admissible,,,
C0065,network_volume_forecast,network_volume_forecast|router__general__packet_length_min,temporal,linear,5719,5719,17200,5719,propagated real-source observation mask,near,5727.0,[],0.5224820738047391,0.5325523425987145,0.6886677143356033,0.24131469658221577,ok,1.0192739029698057,0.019090513970136686,True,18.0,18.0,False,44.0,real_contiguous_block,1339,primary,True,Anchor-Valid,Admissible,,,
C0065,network_volume_forecast,network_volume_forecast|router__general__packet_length_min,temporal,linear,5719,5719,17200,5719,propagated real-source observation mask,future,5728.0,[],0.5160621745250785,0.5237978485797895,0.6423805090006207,0.19664098257286966,ok,1.0149898102139145,0.01487857324524382,True,18.0,18.0,False,44.0,real_contiguous_block,1339,primary,True,Anchor-Valid,Admissible,,,
C0066,network_volume_forecast,network_volume_forecast|router__general__packet_length_min,temporal,linear,5717,5717,17198,5717,propagated real-source observation mask,near,5725.0,[],0.5059966751694387,0.5170339528974313,0.6885589519650656,0.26513674141424753,ok,1.0218129451627258,0.021578446813293663,True,18.0,18.0,False,44.0,real_contiguous_block,1339,primary,True,Anchor-Valid,Admissible,,,
C0066,network_volume_forecast,network_volume_forecast|router__general__packet_length_min,temporal,linear,5717,5717,17198,5717,propagated real-source observation mask,future,5726.0,[],0.5071876635561999,0.5139390681810924,0.6424302402297513,0.21051713976786765,ok,1.01331145276199,0.01322363384780676,True,18.0,18.0,False,44.0,real_contiguous_block,1339,primary,True,Anchor-Valid,Admissible,,,
C0067,network_volume_forecast,network_volume_forecast|router__general__packet_length_min,temporal,linear,5708,5708,17189,5708,propagated real-source observation mask,near,5716.0,[],0.4536518103760145,0.47366428423374807,0.6885934219734079,0.34119061277710894,ok,1.0441141717061506,0.04316884335288391,True,18.0,18.0,False,44.0,real_contiguous_block,1339,primary,True,Anchor-Valid,Admissible,,,
C0067,network_volume_forecast,network_volume_forecast|router__general__packet_length_min,temporal,linear,5708,5708,17189,5708,propagated real-source observation mask,future,5717.0,[],0.4642737082824694,0.4792935455900319,0.6422171690669154,0.2770767730220948,ok,1.0323512553901162,0.031838972898882455,True,18.0,18.0,False,44.0,real_contiguous_block,1339,primary,True,Anchor-Valid,Admissible,,,
C0071,network_burst_prediction,network_burst_prediction|router__iot_named__mqtt_port_packets,temporal,linear,5723,5723,17204,5723,propagated real-source observation mask,near,5727.0,[],0.013478510280229611,0.03965283321931547,0.021738420448985354,0.37996827727845683,ok,2.9419299607226304,1.079065815207429,False,,,,0.11584833129477547,real_contiguous_block,1339,primary,True,Anchor-Valid,Not-Estimable,0.8510904535489565,0.19323530351392065,0.010825912345032303
C0071,network_burst_prediction,network_burst_prediction|router__iot_named__mqtt_port_packets,temporal,linear,5723,5723,17204,5723,propagated real-source observation mask,future,5728.0,[],0.06301612909234536,0.08149443119091324,0.07042658279106073,0.10522239479800496,ok,1.2932313102172512,0.25714397800293687,False,,,,0.11584833129477547,real_contiguous_block,1339,primary,True,Anchor-Valid,Not-Estimable,0.8523938725028009,0.16241402509555858,0.07419692737430168
C0081,network_volume_forecast,network_volume_forecast|router__iot_named__udp_count,temporal,linear,5721,5721,17202,5721,propagated real-source observation mask,near,5725.0,[],0.20065893454842304,0.22217706735177128,0.435589519650655,0.5393393883549987,ok,1.1072373520360514,0.10186804089392999,False,4.0,4.0,False,1.0,real_contiguous_block,1339,primary,True,Anchor-Valid,Admissible,,,
C0081,network_volume_forecast,network_volume_forecast|router__iot_named__udp_count,temporal,linear,5721,5721,17202,5721,propagated real-source observation mask,future,5726.0,[],0.1936918677161035,0.21196359686393915,0.42678134823611596,0.5461566712869939,ok,1.0943340025747326,0.09014596140284875,True,4.0,4.0,False,1.0,real_contiguous_block,1339,primary,True,Anchor-Valid,Admissible,,,
C0082,network_volume_forecast,network_volume_forecast|router__iot_named__udp_count,temporal,linear,5712,5712,17193,5712,propagated real-source observation mask,near,5716.0,[],0.19185095501955268,0.20869404919662313,0.43557557732680197,0.5595461155169141,ok,1.0877926001220783,0.08415050537472203,True,4.0,4.0,False,1.0,real_contiguous_block,1339,primary,True,Anchor-Valid,Admissible,,,
C0082,network_volume_forecast,network_volume_forecast|router__iot_named__udp_count,temporal,linear,5712,5712,17193,5712,propagated real-source observation mask,future,5717.0,[],0.17903581407515298,0.1947312165044602,0.4267972712961343,0.5805132175952256,ok,1.0876662723063826,0.08403436636842884,True,4.0,4.0,False,1.0,real_contiguous_block,1339,primary,True,Anchor-Valid,Admissible,,,
C0085,network_volume_forecast,network_volume_forecast|router__iot_named__dns_port_packets,temporal,linear,5721,5721,17202,5721,propagated real-source observation mask,near,5725.0,[],0.11207652391977439,0.08665356622108818,0.34790393013100435,0.6778520901515208,ok,0.7731642915970142,-0.2572637153359657,True,4.0,4.0,False,0.0,real_contiguous_block,1339,primary,True,Anchor-Valid,Admissible,,,
C0085,network_volume_forecast,network_volume_forecast|router__iot_named__dns_port_packets,temporal,linear,5721,5721,17202,5721,propagated real-source observation mask,future,5726.0,[],0.09540465523264302,0.06888914896234363,0.3413377575969263,0.7204977969495452,ok,0.7220732446897725,-0.3256286982959604,True,4.0,4.0,False,0.0,real_contiguous_block,1339,primary,True,Anchor-Valid,Admissible,,,
C0086,network_volume_forecast,network_volume_forecast|router__iot_named__dns_port_packets,temporal,linear,5712,5712,17193,5712,propagated real-source observation mask,near,5716.0,[],0.1141203002536985,0.09605931449126014,0.3479268719384185,0.6719991772469437,ok,0.8417373094682773,-0.1722872974213657,True,4.0,4.0,False,0.0,real_contiguous_block,1339,primary,True,Anchor-Valid,Admissible,,,
C0086,network_volume_forecast,network_volume_forecast|router__iot_named__dns_port_packets,temporal,linear,5712,5712,17193,5712,propagated real-source observation mask,future,5717.0,[],0.09325975666697921,0.0743065759099982,0.34135035857967466,0.7267916839020649,ok,0.7967699956084936,-0.2271892295345962,True,4.0,4.0,False,0.0,real_contiguous_block,1339,primary,True,Anchor-Valid,Admissible,,,
C0034,network_volume_forecast,network_volume_forecast|router__general__packet_length_max,temporal,linear,5727,5727,17200,5727,propagated real-source observation mask,near,5727.0,[],1.8950680916634337,2.1169026022005393,1.835925208529884,-0.03221421159139063,ok,1.1170588600552005,0.11069921346615633,False,387.0,387.0,False,4034.0,real_contiguous_block,1340,primary,True,Anchor-Valid,Admissible,,,
C0034,network_volume_forecast,network_volume_forecast|router__general__packet_length_max,temporal,linear,5727,5727,17200,5727,propagated real-source observation mask,future,5728.0,[],31.679058490019813,24.928266147472183,45.04995702621401,0.29680158248350463,ok,0.7869004741831452,-0.23965350084493253,True,26.0,26.0,False,4034.0,real_contiguous_block,1340,primary,True,Anchor-Valid,Admissible,,,
C0035,network_volume_forecast,network_volume_forecast|router__general__packet_length_max,temporal,linear,5725,5725,17198,5725,propagated real-source observation mask,near,5725.0,[],1.9360165155859774,2.2142557220781858,1.8353966803200072,-0.05482184660398688,ok,1.1437173723737544,0.13428381031435968,False,387.0,387.0,False,4034.0,real_contiguous_block,1340,primary,True,Anchor-Valid,Admissible,,,
C0035,network_volume_forecast,network_volume_forecast|router__general__packet_length_max,temporal,linear,5725,5725,17198,5725,propagated real-source observation mask,future,5726.0,[],32.08185904041827,25.9770765586498,45.94517611445556,0.30173607430520927,ok,0.8097123214063944,-0.2110762531569989,True,25.5,25.5,False,4034.0,real_contiguous_block,1340,primary,True,Anchor-Valid,Admissible,,,
C0044,network_volume_forecast,network_volume_forecast|router__general__packet_length_mean,temporal,linear,5716,5716,17189,5716,propagated real-source observation mask,near,5716.0,[],0.4282161439126719,0.5012458098176727,0.6192813788664557,0.30852733744959887,ok,1.1705439342798205,0.15746854187049672,False,108.93432600194046,108.93432600194046,False,512.6333681560927,real_contiguous_block,1340,primary,True,Anchor-Valid,Admissible,,,
C0044,network_volume_forecast,network_volume_forecast|router__general__packet_length_mean,temporal,linear,5716,5716,17189,5716,propagated real-source observation mask,future,5717.0,[],0.29127227997175636,0.3809045197346155,0.511620385158303,0.4306867192525326,ok,1.307726639045605,0.2682902396378808,False,107.56793568533652,107.56793568533652,False,512.6333681560927,real_contiguous_block,1340,primary,True,Anchor-Valid,Admissible,,,
C0065,network_volume_forecast,network_volume_forecast|router__general__packet_length_min,temporal,linear,5727,5727,17200,5727,propagated real-source observation mask,near,5727.0,[],0.518778322976835,0.5445394131440758,0.6886677143356033,0.24669283577881992,ok,1.0496572216422217,0.04846365529237311,True,18.0,18.0,False,44.0,real_contiguous_block,1340,primary,True,Anchor-Valid,Admissible,,,
C0065,network_volume_forecast,network_volume_forecast|router__general__packet_length_min,temporal,linear,5727,5727,17200,5727,propagated real-source observation mask,future,5728.0,[],0.5134338979310422,0.5319232144512047,0.6423805090006207,0.20073244636607412,ok,1.0360110943096432,0.035377852573044516,True,18.0,18.0,False,44.0,real_contiguous_block,1340,primary,True,Anchor-Valid,Admissible,,,
C0066,network_volume_forecast,network_volume_forecast|router__general__packet_length_min,temporal,linear,5725,5725,17198,5725,propagated real-source observation mask,near,5725.0,[],0.5183832463512495,0.5232907951441885,0.6885589519650656,0.2471476191372645,ok,1.0094670281639728,0.009422496686065132,True,18.0,18.0,False,44.0,real_contiguous_block,1340,primary,True,Anchor-Valid,Admissible,,,
C0066,network_volume_forecast,network_volume_forecast|router__general__packet_length_min,temporal,linear,5725,5725,17198,5725,propagated real-source observation mask,future,5726.0,[],0.5141545489404717,0.5188790285680037,0.6424302402297513,0.19967256093580604,ok,1.0091888317185325,0.009146871253587747,True,18.0,18.0,False,44.0,real_contiguous_block,1340,primary,True,Anchor-Valid,Admissible,,,
C0067,network_volume_forecast,network_volume_forecast|router__general__packet_length_min,temporal,linear,5716,5716,17189,5716,propagated real-source observation mask,near,5716.0,[],0.46325414441464485,0.48327357042457586,0.6885934219734079,0.32724575978808174,ok,1.0432147801618203,0.04230708018978935,True,18.0,18.0,False,44.0,real_contiguous_block,1340,primary,True,Anchor-Valid,Admissible,,,
C0067,network_volume_forecast,network_volume_forecast|router__general__packet_length_min,temporal,linear,5716,5716,17189,5716,propagated real-source observation mask,future,5717.0,[],0.47146587767091247,0.48649799445519676,0.6422171690669154,0.26587780523539944,ok,1.0318837852243823,0.03138604950156804,True,18.0,18.0,False,44.0,real_contiguous_block,1340,primary,True,Anchor-Valid,Admissible,,,
C0071,network_burst_prediction,network_burst_prediction|router__iot_named__mqtt_port_packets,temporal,linear,5727,5727,17204,5727,propagated real-source observation mask,near,5727.0,[],0.013593143390262831,0.010371662070791775,0.02212824849553467,0.3857108305248002,ok,0.7630068905343338,-0.2704882168939837,True,,,,0.1176881438798673,real_contiguous_block,1340,primary,True,Anchor-Valid,Not-Estimable,0.8510904535489565,0.19323530351392065,0.010825912345032303
C0071,network_burst_prediction,network_burst_prediction|router__iot_named__mqtt_port_packets,temporal,linear,5727,5727,17204,5727,propagated real-source observation mask,future,5728.0,[],0.06357909205919211,0.06406493287469958,0.07058322925564826,0.09923231439422503,ok,1.0076415186151944,0.007612470101142571,True,,,,0.1176881438798673,real_contiguous_block,1340,primary,True,Anchor-Valid,Not-Estimable,0.8523938725028009,0.16241402509555858,0.07419692737430168
C0081,network_volume_forecast,network_volume_forecast|router__iot_named__udp_count,temporal,linear,5725,5725,17202,5725,propagated real-source observation mask,near,5725.0,[],0.18293645284687168,0.1716928253296796,0.435589519650655,0.5800255869480339,ok,0.9385380696836643,-0.06343185938439791,True,4.0,4.0,False,1.0,real_contiguous_block,1340,primary,True,Anchor-Valid,Admissible,,,
C0081,network_volume_forecast,network_volume_forecast|router__iot_named__udp_count,temporal,linear,5725,5725,17202,5725,propagated real-source observation mask,future,5726.0,[],0.177899279199873,0.1685774065535096,0.42678134823611596,0.5831606045223641,ok,0.94760027871788,-0.05382251256724177,True,4.0,4.0,False,1.0,real_contiguous_block,1340,primary,True,Anchor-Valid,Admissible,,,
C0082,network_volume_forecast,network_volume_forecast|router__iot_named__udp_count,temporal,linear,5716,5716,17193,5716,propagated real-source observation mask,near,5716.0,[],0.19014978301614147,0.17910084424681647,0.43557557732680197,0.5634516880328287,ok,0.9418934978832604,-0.05986307036939959,True,4.0,4.0,False,1.0,real_contiguous_block,1340,primary,True,Anchor-Valid,Admissible,,,
C0082,network_volume_forecast,network_volume_forecast|router__iot_named__udp_count,temporal,linear,5716,5716,17193,5716,propagated real-source observation mask,future,5717.0,[],0.17731858796666228,0.1673549207423323,0.4267972712961343,0.5845367346699146,ok,0.9438092343358653,-0.05783121552933896,True,4.0,4.0,False,1.0,real_contiguous_block,1340,primary,True,Anchor-Valid,Admissible,,,
C0085,network_volume_forecast,network_volume_forecast|router__iot_named__dns_port_packets,temporal,linear,5725,5725,17202,5725,propagated real-source observation mask,near,5725.0,[],0.09438529328220864,0.10388536368391867,0.34790393013100435,0.7287029978457917,ok,1.1006520197305014,0.09590274940981877,False,4.0,4.0,False,0.0,real_contiguous_block,1340,primary,True,Anchor-Valid,Admissible,,,
C0085,network_volume_forecast,network_volume_forecast|router__iot_named__dns_port_packets,temporal,linear,5725,5725,17202,5725,propagated real-source observation mask,future,5726.0,[],0.07701889161686007,0.08689621881215435,0.3413377575969263,0.7743616406251519,ok,1.1282455120807278,0.12066378194682309,False,4.0,4.0,False,0.0,real_contiguous_block,1340,primary,True,Anchor-Valid,Admissible,,,
C0086,network_volume_forecast,network_volume_forecast|router__iot_named__dns_port_packets,temporal,linear,5716,5716,17193,5716,propagated real-source observation mask,near,5716.0,[],0.1033470496319522,0.11496249450710447,0.3479268719384185,0.7029633007184218,ok,1.112392612237293,0.10651320207307069,False,4.0,4.0,False,0.0,real_contiguous_block,1340,primary,True,Anchor-Valid,Admissible,,,
C0086,network_volume_forecast,network_volume_forecast|router__iot_named__dns_port_packets,temporal,linear,5716,5716,17193,5716,propagated real-source observation mask,future,5717.0,[],0.08184232297743387,0.09429176496535213,0.34135035857967466,0.7602395283310328,ok,1.1521149636887862,0.14159935216326086,False,4.0,4.0,False,0.0,real_contiguous_block,1340,primary,True,Anchor-Valid,Admissible,,,
C0034,network_volume_forecast,network_volume_forecast|router__general__packet_length_max,temporal,linear,5727,5727,17200,5727,propagated real-source observation mask,near,5727.0,[],1.8950680916634337,1.7170410407869892,1.835925208529884,-0.03221421159139063,ok,0.9060577022748677,-0.098652285922111,True,387.0,387.0,False,4034.0,real_contiguous_block,1341,primary,True,Anchor-Valid,Admissible,,,
C0034,network_volume_forecast,network_volume_forecast|router__general__packet_length_max,temporal,linear,5727,5727,17200,5727,propagated real-source observation mask,future,5728.0,[],31.679058490019813,35.859075559334855,45.04995702621401,0.29680158248350463,ok,1.1319489046883107,0.12394084156113809,False,26.0,26.0,False,4034.0,real_contiguous_block,1341,primary,True,Anchor-Valid,Admissible,,,
C0035,network_volume_forecast,network_volume_forecast|router__general__packet_length_max,temporal,linear,5725,5725,17198,5725,propagated real-source observation mask,near,5725.0,[],1.9360165155859774,1.7464303983826819,1.8353966803200072,-0.05482184660398688,ok,0.9020741219524601,-0.103058587182111,True,387.0,387.0,False,4034.0,real_contiguous_block,1341,primary,True,Anchor-Valid,Admissible,,,
C0035,network_volume_forecast,network_volume_forecast|router__general__packet_length_max,temporal,linear,5725,5725,17198,5725,propagated real-source observation mask,future,5726.0,[],32.08185904041827,36.908817004591725,45.94517611445556,0.30173607430520927,ok,1.1504575516678202,0.14015973426097025,False,25.5,25.5,False,4034.0,real_contiguous_block,1341,primary,True,Anchor-Valid,Admissible,,,
C0044,network_volume_forecast,network_volume_forecast|router__general__packet_length_mean,temporal,linear,5716,5716,17189,5716,propagated real-source observation mask,near,5716.0,[],0.4282161439126719,0.291826745444927,0.6192813788664557,0.30852733744959887,ok,0.6814940295768965,-0.38346778859280756,True,108.93432600194046,108.93432600194046,False,512.6333681560927,real_contiguous_block,1341,primary,True,Anchor-Valid,Admissible,,,
C0044,network_volume_forecast,network_volume_forecast|router__general__packet_length_mean,temporal,linear,5716,5716,17189,5716,propagated real-source observation mask,future,5717.0,[],0.29127227997175636,0.12644920954795477,0.511620385158303,0.4306867192525326,ok,0.4341271663757914,-0.8344177777183341,True,107.56793568533652,107.56793568533652,False,512.6333681560927,real_contiguous_block,1341,primary,True,Anchor-Valid,Admissible,,,
C0065,network_volume_forecast,network_volume_forecast|router__general__packet_length_min,temporal,linear,5727,5727,17200,5727,propagated real-source observation mask,near,5727.0,[],0.518778322976835,0.5506359450939827,0.6886677143356033,0.24669283577881992,ok,1.0614089307632275,0.05959720551157783,True,18.0,18.0,False,44.0,real_contiguous_block,1341,primary,True,Anchor-Valid,Admissible,,,
C0065,network_volume_forecast,network_volume_forecast|router__general__packet_length_min,temporal,linear,5727,5727,17200,5727,propagated real-source observation mask,future,5728.0,[],0.5134338979310422,0.5366359319300782,0.6423805090006207,0.20073244636607412,ok,1.0451899145976375,0.04419860536177437,True,18.0,18.0,False,44.0,real_contiguous_block,1341,primary,True,Anchor-Valid,Admissible,,,
C0066,network_volume_forecast,network_volume_forecast|router__general__packet_length_min,temporal,linear,5725,5725,17198,5725,propagated real-source observation mask,near,5725.0,[],0.5183832463512495,0.5387453781339724,0.6885589519650656,0.2471476191372645,ok,1.0392800730464304,0.038528235990949504,True,18.0,18.0,False,44.0,real_contiguous_block,1341,primary,True,Anchor-Valid,Admissible,,,
C0066,network_volume_forecast,network_volume_forecast|router__general__packet_length_min,temporal,linear,5725,5725,17198,5725,propagated real-source observation mask,future,5726.0,[],0.5141545489404717,0.5293680587123902,0.6424302402297513,0.19967256093580604,ok,1.0295893711399993,0.02916005395589532,True,18.0,18.0,False,44.0,real_contiguous_block,1341,primary,True,Anchor-Valid,Admissible,,,
C0067,network_volume_forecast,network_volume_forecast|router__general__packet_length_min,temporal,linear,5716,5716,17189,5716,propagated real-source observation mask,near,5716.0,[],0.46325414441464485,0.49540505106708654,0.6885934219734079,0.32724575978808174,ok,1.069402307653538,0.06709990142575027,True,18.0,18.0,False,44.0,real_contiguous_block,1341,primary,True,Anchor-Valid,Admissible,,,
C0067,network_volume_forecast,network_volume_forecast|router__general__packet_length_min,temporal,linear,5716,5716,17189,5716,propagated real-source observation mask,future,5717.0,[],0.47146587767091247,0.4956017072342898,0.6422171690669154,0.26587780523539944,ok,1.051193163082365,0.04992586480997796,True,18.0,18.0,False,44.0,real_contiguous_block,1341,primary,True,Anchor-Valid,Admissible,,,
C0071,network_burst_prediction,network_burst_prediction|router__iot_named__mqtt_port_packets,temporal,linear,5727,5727,17204,5727,propagated real-source observation mask,near,5727.0,[],0.013593143390262831,0.010336964570323867,0.02212824849553467,0.3857108305248002,ok,0.7604543168233286,-0.27383923901036183,True,,,,0.1176881438798673,real_contiguous_block,1341,primary,True,Anchor-Valid,Not-Estimable,0.8510904535489565,0.19323530351392065,0.010825912345032303
C0071,network_burst_prediction,network_burst_prediction|router__iot_named__mqtt_port_packets,temporal,linear,5727,5727,17204,5727,propagated real-source observation mask,future,5728.0,[],0.06357909205919211,0.06414326361287,0.07058322925564826,0.09923231439422503,ok,1.008873539011105,0.008834400524668844,True,,,,0.1176881438798673,real_contiguous_block,1341,primary,True,Anchor-Valid,Not-Estimable,0.8523938725028009,0.16241402509555858,0.07419692737430168
C0081,network_volume_forecast,network_volume_forecast|router__iot_named__udp_count,temporal,linear,5725,5725,17202,5725,propagated real-source observation mask,near,5725.0,[],0.18293645284687168,0.17745022078885164,0.435589519650655,0.5800255869480339,ok,0.9700101758143723,-0.03044871700945303,True,4.0,4.0,False,1.0,real_contiguous_block,1341,primary,True,Anchor-Valid,Admissible,,,
C0081,network_volume_forecast,network_volume_forecast|router__iot_named__udp_count,temporal,linear,5725,5725,17202,5725,propagated real-source observation mask,future,5726.0,[],0.177899279199873,0.1729758748572106,0.42678134823611596,0.5831606045223641,ok,0.9723247650872668,-0.028065409867357623,True,4.0,4.0,False,1.0,real_contiguous_block,1341,primary,True,Anchor-Valid,Admissible,,,
C0082,network_volume_forecast,network_volume_forecast|router__iot_named__udp_count,temporal,linear,5716,5716,17193,5716,propagated real-source observation mask,near,5716.0,[],0.19014978301614147,0.18440971223928684,0.43557557732680197,0.5634516880328287,ok,0.9698128986223068,-0.030652114108235283,True,4.0,4.0,False,1.0,real_contiguous_block,1341,primary,True,Anchor-Valid,Admissible,,,
C0082,network_volume_forecast,network_volume_forecast|router__iot_named__udp_count,temporal,linear,5716,5716,17193,5716,propagated real-source observation mask,future,5717.0,[],0.17731858796666228,0.1720203058726056,0.4267972712961343,0.5845367346699146,ok,0.9701199848543075,-0.030335519408303847,True,4.0,4.0,False,1.0,real_contiguous_block,1341,primary,True,Anchor-Valid,Admissible,,,
C0085,network_volume_forecast,network_volume_forecast|router__iot_named__dns_port_packets,temporal,linear,5725,5725,17202,5725,propagated real-source observation mask,near,5725.0,[],0.09438529328220864,0.08764854675550997,0.34790393013100435,0.7287029978457917,ok,0.9286250400625864,-0.07405023836833283,True,4.0,4.0,False,0.0,real_contiguous_block,1341,primary,True,Anchor-Valid,Admissible,,,
C0085,network_volume_forecast,network_volume_forecast|router__iot_named__dns_port_packets,temporal,linear,5725,5725,17202,5725,propagated real-source observation mask,future,5726.0,[],0.07701889161686007,0.06992879447580722,0.3413377575969263,0.7743616406251519,ok,0.9079434020379907,-0.09657323488087727,True,4.0,4.0,False,0.0,real_contiguous_block,1341,primary,True,Anchor-Valid,Admissible,,,
C0086,network_volume_forecast,network_volume_forecast|router__iot_named__dns_port_packets,temporal,linear,5716,5716,17193,5716,propagated real-source observation mask,near,5716.0,[],0.1033470496319522,0.10046529387438276,0.3479268719384185,0.7029633007184218,ok,0.9721157423667905,-0.028280405101698953,True,4.0,4.0,False,0.0,real_contiguous_block,1341,primary,True,Anchor-Valid,Admissible,,,
C0086,network_volume_forecast,network_volume_forecast|router__iot_named__dns_port_packets,temporal,linear,5716,5716,17193,5716,propagated real-source observation mask,future,5717.0,[],0.08184232297743387,0.07896689203675533,0.34135035857967466,0.7602395283310328,ok,0.9648662105855503,-0.03576582913508373,True,4.0,4.0,False,0.0,real_contiguous_block,1341,primary,True,Anchor-Valid,Admissible,,,
C0034,network_volume_forecast,network_volume_forecast|router__general__packet_length_max,temporal,linear,5727,5727,17200,5727,complete generated value view; no generated-mask claim,near,5727.0,[],1.8950680916634337,2.0811796014826203,1.835925208529884,-0.03221421159139063,ok,1.0982083496830046,0.09368007889602001,True,387.0,387.0,False,4034.0,independent_marginals,1337,primary,True,Mechanism-Valid,Admissible,,,
C0034,network_volume_forecast,network_volume_forecast|router__general__packet_length_max,temporal,linear,5727,5727,17200,5727,complete generated value view; no generated-mask claim,future,5728.0,[],31.679058490019813,39.25090267763008,45.04995702621401,0.29680158248350463,ok,1.2390173366419872,0.21431859499623648,False,26.0,26.0,False,4034.0,independent_marginals,1337,primary,True,Mechanism-Valid,Admissible,,,
C0035,network_volume_forecast,network_volume_forecast|router__general__packet_length_max,temporal,linear,5725,5725,17198,5725,complete generated value view; no generated-mask claim,near,5725.0,[],1.9360165155859774,2.073366552364781,1.8353966803200072,-0.05482184660398688,ok,1.0709446617180494,0.06854112039963883,True,387.0,387.0,False,4034.0,independent_marginals,1337,primary,True,Mechanism-Valid,Admissible,,,
C0035,network_volume_forecast,network_volume_forecast|router__general__packet_length_max,temporal,linear,5725,5725,17198,5725,complete generated value view; no generated-mask claim,future,5726.0,[],32.08185904041827,39.66715209040756,45.94517611445556,0.30173607430520927,ok,1.236435583126058,0.21223271048484507,False,25.5,25.5,False,4034.0,independent_marginals,1337,primary,True,Mechanism-Valid,Admissible,,,
C0044,network_volume_forecast,network_volume_forecast|router__general__packet_length_mean,temporal,linear,5716,5716,17189,5716,complete generated value view; no generated-mask claim,near,5716.0,[],0.4282161439126719,0.6120225140748162,0.6192813788664557,0.30852733744959887,ok,1.4292373670984924,0.357140992290271,False,108.93432600194046,108.93432600194046,False,512.6333681560927,independent_marginals,1337,primary,True,Mechanism-Valid,Admissible,,,
C0044,network_volume_forecast,network_volume_forecast|router__general__packet_length_mean,temporal,linear,5716,5716,17189,5716,complete generated value view; no generated-mask claim,future,5717.0,[],0.29127227997175636,0.5056454678981652,0.511620385158303,0.4306867192525326,ok,1.735988978927881,0.551577267674159,False,107.56793568533652,107.56793568533652,False,512.6333681560927,independent_marginals,1337,primary,True,Mechanism-Valid,Admissible,,,
C0065,network_volume_forecast,network_volume_forecast|router__general__packet_length_min,temporal,linear,5727,5727,17200,5727,complete generated value view; no generated-mask claim,near,5727.0,[],0.518778322976835,0.521371627780207,0.6886677143356033,0.24669283577881992,ok,1.0049988688588434,0.0049864159968170015,True,18.0,18.0,False,44.0,independent_marginals,1337,primary,True,Mechanism-Valid,Admissible,,,
C0065,network_volume_forecast,network_volume_forecast|router__general__packet_length_min,temporal,linear,5727,5727,17200,5727,complete generated value view; no generated-mask claim,future,5728.0,[],0.5134338979310422,0.5154077800903571,0.6423805090006207,0.20073244636607412,ok,1.0038444718341912,0.00383710073828958,True,18.0,18.0,False,44.0,independent_marginals,1337,primary,True,Mechanism-Valid,Admissible,,,
C0066,network_volume_forecast,network_volume_forecast|router__general__packet_length_min,temporal,linear,5725,5725,17198,5725,complete generated value view; no generated-mask claim,near,5725.0,[],0.5183832463512495,0.5213214296242468,0.6885589519650656,0.2471476191372645,ok,1.0056679749850679,0.005651972454339894,True,18.0,18.0,False,44.0,independent_marginals,1337,primary,True,Mechanism-Valid,Admissible,,,
C0066,network_volume_forecast,network_volume_forecast|router__general__packet_length_min,temporal,linear,5725,5725,17198,5725,complete generated value view; no generated-mask claim,future,5726.0,[],0.5141545489404717,0.5152279808231843,0.6424302402297513,0.19967256093580604,ok,1.0020877611312098,0.002085584786538079,True,18.0,18.0,False,44.0,independent_marginals,1337,primary,True,Mechanism-Valid,Admissible,,,
C0067,network_volume_forecast,network_volume_forecast|router__general__packet_length_min,temporal,linear,5716,5716,17189,5716,complete generated value view; no generated-mask claim,near,5716.0,[],0.46325414441464485,0.5191788687804952,0.6885934219734079,0.32724575978808174,ok,1.1207214766238418,0.11397265347199047,False,18.0,18.0,False,44.0,independent_marginals,1337,primary,True,Mechanism-Valid,Admissible,,,
C0067,network_volume_forecast,network_volume_forecast|router__general__packet_length_min,temporal,linear,5716,5716,17189,5716,complete generated value view; no generated-mask claim,future,5717.0,[],0.47146587767091247,0.5135208811329682,0.6422171690669154,0.26587780523539944,ok,1.089200524266595,0.08544396314915018,True,18.0,18.0,False,44.0,independent_marginals,1337,primary,True,Mechanism-Valid,Admissible,,,
C0071,network_burst_prediction,network_burst_prediction|router__iot_named__mqtt_port_packets,temporal,linear,5727,5727,17204,5727,complete generated value view; no generated-mask claim,near,5727.0,[],0.013593143390262831,0.022035659128833148,0.02212824849553467,0.3857108305248002,ok,1.6210863445035046,0.48309650753081523,False,,,,0.1176881438798673,independent_marginals,1337,primary,True,Mechanism-Valid,Not-Estimable,0.8510904535489565,0.19323530351392065,0.010825912345032303
C0071,network_burst_prediction,network_burst_prediction|router__iot_named__mqtt_port_packets,temporal,linear,5727,5727,17204,5727,complete generated value view; no generated-mask claim,future,5728.0,[],0.06357909205919211,0.07007705972036847,0.07058322925564826,0.09923231439422503,ok,1.1022029011538377,0.09731081461181695,False,,,,0.1176881438798673,independent_marginals,1337,primary,True,Mechanism-Valid,Not-Estimable,0.8523938725028009,0.16241402509555858,0.07419692737430168
C0081,network_volume_forecast,network_volume_forecast|router__iot_named__udp_count,temporal,linear,5725,5725,17202,5725,complete generated value view; no generated-mask claim,near,5725.0,[],0.18293645284687168,0.5051436430928317,0.435589519650655,0.5800255869480339,ok,2.761306646279328,1.0157039902649267,False,4.0,4.0,False,1.0,independent_marginals,1337,primary,True,Mechanism-Valid,Admissible,,,
C0081,network_volume_forecast,network_volume_forecast|router__iot_named__udp_count,temporal,linear,5725,5725,17202,5725,complete generated value view; no generated-mask claim,future,5726.0,[],0.177899279199873,0.4915791775924613,0.42678134823611596,0.5831606045223641,ok,2.7632443470451804,1.0164054774437592,False,4.0,4.0,False,1.0,independent_marginals,1337,primary,True,Mechanism-Valid,Admissible,,,
C0082,network_volume_forecast,network_volume_forecast|router__iot_named__udp_count,temporal,linear,5716,5716,17193,5716,complete generated value view; no generated-mask claim,near,5716.0,[],0.19014978301614147,0.5052803075137733,0.43557557732680197,0.5634516880328287,ok,2.657275225346331,0.9773012464136218,False,4.0,4.0,False,1.0,independent_marginals,1337,primary,True,Mechanism-Valid,Admissible,,,
C0082,network_volume_forecast,network_volume_forecast|router__iot_named__udp_count,temporal,linear,5716,5716,17193,5716,complete generated value view; no generated-mask claim,future,5717.0,[],0.17731858796666228,0.49164864835797606,0.4267972712961343,0.5845367346699146,ok,2.772685334322711,1.019816285374371,False,4.0,4.0,False,1.0,independent_marginals,1337,primary,True,Mechanism-Valid,Admissible,,,
C0085,network_volume_forecast,network_volume_forecast|router__iot_named__dns_port_packets,temporal,linear,5725,5725,17202,5725,complete generated value view; no generated-mask claim,near,5725.0,[],0.09438529328220864,0.46407124219100426,0.34790393013100435,0.7287029978457917,ok,4.916774913263742,1.5926528101323971,False,4.0,4.0,False,0.0,independent_marginals,1337,primary,True,Mechanism-Valid,Admissible,,,
C0085,network_volume_forecast,network_volume_forecast|router__iot_named__dns_port_packets,temporal,linear,5725,5725,17202,5725,complete generated value view; no generated-mask claim,future,5726.0,[],0.07701889161686007,0.45919359888720124,0.3413377575969263,0.7743616406251519,ok,5.96209045920209,1.7854211677677625,False,4.0,4.0,False,0.0,independent_marginals,1337,primary,True,Mechanism-Valid,Admissible,,,
C0086,network_volume_forecast,network_volume_forecast|router__iot_named__dns_port_packets,temporal,linear,5716,5716,17193,5716,complete generated value view; no generated-mask claim,near,5716.0,[],0.1033470496319522,0.4638167022585923,0.3479268719384185,0.7029633007184218,ok,4.487953007951107,1.5013966975664488,False,4.0,4.0,False,0.0,independent_marginals,1337,primary,True,Mechanism-Valid,Admissible,,,
C0086,network_volume_forecast,network_volume_forecast|router__iot_named__dns_port_packets,temporal,linear,5716,5716,17193,5716,complete generated value view; no generated-mask claim,future,5717.0,[],0.08184232297743387,0.4589670282567217,0.34135035857967466,0.7602395283310328,ok,5.607942340337423,1.7241838679992294,False,4.0,4.0,False,0.0,independent_marginals,1337,primary,True,Mechanism-Valid,Admissible,,,
C0034,network_volume_forecast,network_volume_forecast|router__general__packet_length_max,temporal,linear,5727,5727,17200,5727,complete generated value view; no generated-mask claim,near,5727.0,[],1.8950680916634337,2.0725709762080555,1.835925208529884,-0.03221421159139063,ok,1.093665702739375,0.08953508393836196,True,387.0,387.0,False,4034.0,independent_marginals,1338,primary,True,Mechanism-Valid,Admissible,,,
C0034,network_volume_forecast,network_volume_forecast|router__general__packet_length_max,temporal,linear,5727,5727,17200,5727,complete generated value view; no generated-mask claim,future,5728.0,[],31.679058490019813,39.12873492563608,45.04995702621401,0.29680158248350463,ok,1.2351609167287347,0.21120125853837463,False,26.0,26.0,False,4034.0,independent_marginals,1338,primary,True,Mechanism-Valid,Admissible,,,
C0035,network_volume_forecast,network_volume_forecast|router__general__packet_length_max,temporal,linear,5725,5725,17198,5725,complete generated value view; no generated-mask claim,near,5725.0,[],1.9360165155859774,2.0682250046150106,1.8353966803200072,-0.05482184660398688,ok,1.0682889262383268,0.06605823413701008,True,387.0,387.0,False,4034.0,independent_marginals,1338,primary,True,Mechanism-Valid,Admissible,,,
C0035,network_volume_forecast,network_volume_forecast|router__general__packet_length_max,temporal,linear,5725,5725,17198,5725,complete generated value view; no generated-mask claim,future,5726.0,[],32.08185904041827,39.73722924881583,45.94517611445556,0.30173607430520927,ok,1.2386199066192813,0.21399778126355992,False,25.5,25.5,False,4034.0,independent_marginals,1338,primary,True,Mechanism-Valid,Admissible,,,
C0044,network_volume_forecast,network_volume_forecast|router__general__packet_length_mean,temporal,linear,5716,5716,17189,5716,complete generated value view; no generated-mask claim,near,5716.0,[],0.4282161439126719,0.6128971120951835,0.6192813788664557,0.30852733744959887,ok,1.4312797889753883,0.35856900136173314,False,108.93432600194046,108.93432600194046,False,512.6333681560927,independent_marginals,1338,primary,True,Mechanism-Valid,Admissible,,,
C0044,network_volume_forecast,network_volume_forecast|router__general__packet_length_mean,temporal,linear,5716,5716,17189,5716,complete generated value view; no generated-mask claim,future,5717.0,[],0.29127227997175636,0.5064102167553614,0.511620385158303,0.4306867192525326,ok,1.7386145252286491,0.5530885461825402,False,107.56793568533652,107.56793568533652,False,512.6333681560927,independent_marginals,1338,primary,True,Mechanism-Valid,Admissible,,,
C0065,network_volume_forecast,network_volume_forecast|router__general__packet_length_min,temporal,linear,5727,5727,17200,5727,complete generated value view; no generated-mask claim,near,5727.0,[],0.518778322976835,0.5268921410941251,0.6886677143356033,0.24669283577881992,ok,1.0156402412319998,0.015519193174872587,True,18.0,18.0,False,44.0,independent_marginals,1338,primary,True,Mechanism-Valid,Admissible,,,
C0065,network_volume_forecast,network_volume_forecast|router__general__packet_length_min,temporal,linear,5727,5727,17200,5727,complete generated value view; no generated-mask claim,future,5728.0,[],0.5134338979310422,0.5195227170572988,0.6423805090006207,0.20073244636607412,ok,1.011859012719636,0.011789245665538142,True,18.0,18.0,False,44.0,independent_marginals,1338,primary,True,Mechanism-Valid,Admissible,,,
C0066,network_volume_forecast,network_volume_forecast|router__general__packet_length_min,temporal,linear,5725,5725,17198,5725,complete generated value view; no generated-mask claim,near,5725.0,[],0.5183832463512495,0.526037057908362,0.6885589519650656,0.2471476191372645,ok,1.0147647741530719,0.01465683603277693,True,18.0,18.0,False,44.0,independent_marginals,1338,primary,True,Mechanism-Valid,Admissible,,,
C0066,network_volume_forecast,network_volume_forecast|router__general__packet_length_min,temporal,linear,5725,5725,17198,5725,complete generated value view; no generated-mask claim,future,5726.0,[],0.5141545489404717,0.5188791274464478,0.6424302402297513,0.19967256093580604,ok,1.009189024031222,0.009147061815220202,True,18.0,18.0,False,44.0,independent_marginals,1338,primary,True,Mechanism-Valid,Admissible,,,
C0067,network_volume_forecast,network_volume_forecast|router__general__packet_length_min,temporal,linear,5716,5716,17189,5716,complete generated value view; no generated-mask claim,near,5716.0,[],0.46325414441464485,0.5235889389187152,0.6885934219734079,0.32724575978808174,ok,1.1302412406483868,0.12243109723853589,False,18.0,18.0,False,44.0,independent_marginals,1338,primary,True,Mechanism-Valid,Admissible,,,
C0067,network_volume_forecast,network_volume_forecast|router__general__packet_length_min,temporal,linear,5716,5716,17189,5716,complete generated value view; no generated-mask claim,future,5717.0,[],0.47146587767091247,0.5168220934744071,0.6422171690669154,0.26587780523539944,ok,1.0962025417991197,0.09185197236384432,True,18.0,18.0,False,44.0,independent_marginals,1338,primary,True,Mechanism-Valid,Admissible,,,
C0071,network_burst_prediction,network_burst_prediction|router__iot_named__mqtt_port_packets,temporal,linear,5727,5727,17204,5727,complete generated value view; no generated-mask claim,near,5727.0,[],0.013593143390262831,0.022297024106843772,0.02212824849553467,0.3857108305248002,ok,1.6403140514809684,0.49488771830878575,False,,,,0.1176881438798673,independent_marginals,1338,primary,True,Mechanism-Valid,Not-Estimable,0.8510904535489565,0.19323530351392065,0.010825912345032303
C0071,network_burst_prediction,network_burst_prediction|router__iot_named__mqtt_port_packets,temporal,linear,5727,5727,17204,5727,complete generated value view; no generated-mask claim,future,5728.0,[],0.06357909205919211,0.07122741092923425,0.07058322925564826,0.09923231439422503,ok,1.1202961323027631,0.11359305420022044,False,,,,0.1176881438798673,independent_marginals,1338,primary,True,Mechanism-Valid,Not-Estimable,0.8523938725028009,0.16241402509555858,0.07419692737430168
C0081,network_volume_forecast,network_volume_forecast|router__iot_named__udp_count,temporal,linear,5725,5725,17202,5725,complete generated value view; no generated-mask claim,near,5725.0,[],0.18293645284687168,0.5025251065890708,0.435589519650655,0.5800255869480339,ok,2.7469927330979416,1.010506761713912,False,4.0,4.0,False,1.0,independent_marginals,1338,primary,True,Mechanism-Valid,Admissible,,,
C0081,network_volume_forecast,network_volume_forecast|router__iot_named__udp_count,temporal,linear,5725,5725,17202,5725,complete generated value view; no generated-mask claim,future,5726.0,[],0.177899279199873,0.48888279266561485,0.42678134823611596,0.5831606045223641,ok,2.748087540682761,1.0109052299963608,False,4.0,4.0,False,1.0,independent_marginals,1338,primary,True,Mechanism-Valid,Admissible,,,
C0082,network_volume_forecast,network_volume_forecast|router__iot_named__udp_count,temporal,linear,5716,5716,17193,5716,complete generated value view; no generated-mask claim,near,5716.0,[],0.19014978301614147,0.501735211571165,0.43557557732680197,0.5634516880328287,ok,2.63863152306923,0.9702604202881752,False,4.0,4.0,False,1.0,independent_marginals,1338,primary,True,Mechanism-Valid,Admissible,,,
C0082,network_volume_forecast,network_volume_forecast|router__iot_named__udp_count,temporal,linear,5716,5716,17193,5716,complete generated value view; no generated-mask claim,future,5717.0,[],0.17731858796666228,0.4879741709918665,0.4267972712961343,0.5845367346699146,ok,2.751962874211533,1.0123144295046396,False,4.0,4.0,False,1.0,independent_marginals,1338,primary,True,Mechanism-Valid,Admissible,,,
C0085,network_volume_forecast,network_volume_forecast|router__iot_named__dns_port_packets,temporal,linear,5725,5725,17202,5725,complete generated value view; no generated-mask claim,near,5725.0,[],0.09438529328220864,0.47097918536146816,0.34790393013100435,0.7287029978457917,ok,4.98996367954547,1.6074286310887353,False,4.0,4.0,False,0.0,independent_marginals,1338,primary,True,Mechanism-Valid,Admissible,,,
C0085,network_volume_forecast,network_volume_forecast|router__iot_named__dns_port_packets,temporal,linear,5725,5725,17202,5725,complete generated value view; no generated-mask claim,future,5726.0,[],0.07701889161686007,0.46620166221680137,0.3413377575969263,0.7743616406251519,ok,6.053081944310219,1.8005675546190416,False,4.0,4.0,False,0.0,independent_marginals,1338,primary,True,Mechanism-Valid,Admissible,,,
C0086,network_volume_forecast,network_volume_forecast|router__iot_named__dns_port_packets,temporal,linear,5716,5716,17193,5716,complete generated value view; no generated-mask claim,near,5716.0,[],0.1033470496319522,0.46907391535352316,0.3479268719384185,0.7029633007184218,ok,4.538822511373347,1.5126676196856275,False,4.0,4.0,False,0.0,independent_marginals,1338,primary,True,Mechanism-Valid,Admissible,,,
C0086,network_volume_forecast,network_volume_forecast|router__iot_named__dns_port_packets,temporal,linear,5716,5716,17193,5716,complete generated value view; no generated-mask claim,future,5717.0,[],0.08184232297743387,0.46436189841216613,0.34135035857967466,0.7602395283310328,ok,5.673860192607231,1.7358696960773143,False,4.0,4.0,False,0.0,independent_marginals,1338,primary,True,Mechanism-Valid,Admissible,,,
C0034,network_volume_forecast,network_volume_forecast|router__general__packet_length_max,temporal,linear,5727,5727,17200,5727,complete generated value view; no generated-mask claim,near,5727.0,[],1.8950680916634337,2.057905895005011,1.835925208529884,-0.03221421159139063,ok,1.085927151672235,0.08243413977031774,True,387.0,387.0,False,4034.0,independent_marginals,1339,primary,True,Mechanism-Valid,Admissible,,,
C0034,network_volume_forecast,network_volume_forecast|router__general__packet_length_max,temporal,linear,5727,5727,17200,5727,complete generated value view; no generated-mask claim,future,5728.0,[],31.679058490019813,40.142052400521834,45.04995702621401,0.29680158248350463,ok,1.267147898766253,0.23676862599149204,False,26.0,26.0,False,4034.0,independent_marginals,1339,primary,True,Mechanism-Valid,Admissible,,,
C0035,network_volume_forecast,network_volume_forecast|router__general__packet_length_max,temporal,linear,5725,5725,17198,5725,complete generated value view; no generated-mask claim,near,5725.0,[],1.9360165155859774,2.050196170975563,1.8353966803200072,-0.05482184660398688,ok,1.0589765916098226,0.05730296213495067,True,387.0,387.0,False,4034.0,independent_marginals,1339,primary,True,Mechanism-Valid,Admissible,,,
C0035,network_volume_forecast,network_volume_forecast|router__general__packet_length_max,temporal,linear,5725,5725,17198,5725,complete generated value view; no generated-mask claim,future,5726.0,[],32.08185904041827,40.62203391832212,45.94517611445556,0.30173607430520927,ok,1.2661995013176923,0.2360198952861533,False,25.5,25.5,False,4034.0,independent_marginals,1339,primary,True,Mechanism-Valid,Admissible,,,
C0044,network_volume_forecast,network_volume_forecast|router__general__packet_length_mean,temporal,linear,5716,5716,17189,5716,complete generated value view; no generated-mask claim,near,5716.0,[],0.4282161439126719,0.6037964581041785,0.6192813788664557,0.30852733744959887,ok,1.4100273114114854,0.34360907399786456,False,108.93432600194046,108.93432600194046,False,512.6333681560927,independent_marginals,1339,primary,True,Mechanism-Valid,Admissible,,,
C0044,network_volume_forecast,network_volume_forecast|router__general__packet_length_mean,temporal,linear,5716,5716,17189,5716,complete generated value view; no generated-mask claim,future,5717.0,[],0.29127227997175636,0.49795997406718556,0.511620385158303,0.4306867192525326,ok,1.7096030357419214,0.5362612007242668,False,107.56793568533652,107.56793568533652,False,512.6333681560927,independent_marginals,1339,primary,True,Mechanism-Valid,Admissible,,,
C0065,network_volume_forecast,network_volume_forecast|router__general__packet_length_min,temporal,linear,5727,5727,17200,5727,complete generated value view; no generated-mask claim,near,5727.0,[],0.518778322976835,0.5249911365657199,0.6886677143356033,0.24669283577881992,ok,1.0119758542593584,0.011904711153121703,True,18.0,18.0,False,44.0,independent_marginals,1339,primary,True,Mechanism-Valid,Admissible,,,
C0065,network_volume_forecast,network_volume_forecast|router__general__packet_length_min,temporal,linear,5727,5727,17200,5727,complete generated value view; no generated-mask claim,future,5728.0,[],0.5134338979310422,0.5180785754669148,0.6423805090006207,0.20073244636607412,ok,1.0090463009057038,0.0090056282331273,True,18.0,18.0,False,44.0,independent_marginals,1339,primary,True,Mechanism-Valid,Admissible,,,
C0066,network_volume_forecast,network_volume_forecast|router__general__packet_length_min,temporal,linear,5725,5725,17198,5725,complete generated value view; no generated-mask claim,near,5725.0,[],0.5183832463512495,0.5211489603156363,0.6885589519650656,0.2471476191372645,ok,1.0053352688071109,0.0053210866817588924,True,18.0,18.0,False,44.0,independent_marginals,1339,primary,True,Mechanism-Valid,Admissible,,,
C0066,network_volume_forecast,network_volume_forecast|router__general__packet_length_min,temporal,linear,5725,5725,17198,5725,complete generated value view; no generated-mask claim,future,5726.0,[],0.5141545489404717,0.5155795105091925,0.6424302402297513,0.19967256093580604,ok,1.0027714654507234,0.002767632021528746,True,18.0,18.0,False,44.0,independent_marginals,1339,primary,True,Mechanism-Valid,Admissible,,,
C0067,network_volume_forecast,network_volume_forecast|router__general__packet_length_min,temporal,linear,5716,5716,17189,5716,complete generated value view; no generated-mask claim,near,5716.0,[],0.46325414441464485,0.5223500066598379,0.6885934219734079,0.32724575978808174,ok,1.1275668290455663,0.12006206251895615,False,18.0,18.0,False,44.0,independent_marginals,1339,primary,True,Mechanism-Valid,Admissible,,,
C0067,network_volume_forecast,network_volume_forecast|router__general__packet_length_min,temporal,linear,5716,5716,17189,5716,complete generated value view; no generated-mask claim,future,5717.0,[],0.47146587767091247,0.5158957571222924,0.6422171690669154,0.26587780523539944,ok,1.0942377413841016,0.09005799426998343,True,18.0,18.0,False,44.0,independent_marginals,1339,primary,True,Mechanism-Valid,Admissible,,,
C0071,network_burst_prediction,network_burst_prediction|router__iot_named__mqtt_port_packets,temporal,linear,5727,5727,17204,5727,complete generated value view; no generated-mask claim,near,5727.0,[],0.013593143390262831,0.023102142021308423,0.02212824849553467,0.3857108305248002,ok,1.6995437595293204,0.5303598382952278,False,,,,0.1176881438798673,independent_marginals,1339,primary,True,Mechanism-Valid,Not-Estimable,0.8510904535489565,0.19323530351392065,0.010825912345032303
C0071,network_burst_prediction,network_burst_prediction|router__iot_named__mqtt_port_packets,temporal,linear,5727,5727,17204,5727,complete generated value view; no generated-mask claim,future,5728.0,[],0.06357909205919211,0.07054266686722528,0.07058322925564826,0.09923231439422503,ok,1.1095261757049013,0.10393305545552557,False,,,,0.1176881438798673,independent_marginals,1339,primary,True,Mechanism-Valid,Not-Estimable,0.8523938725028009,0.16241402509555858,0.07419692737430168
C0081,network_volume_forecast,network_volume_forecast|router__iot_named__udp_count,temporal,linear,5725,5725,17202,5725,complete generated value view; no generated-mask claim,near,5725.0,[],0.18293645284687168,0.5163282887911974,0.435589519650655,0.5800255869480339,ok,2.822446159614748,1.0376039414353833,False,4.0,4.0,False,1.0,independent_marginals,1339,primary,True,Mechanism-Valid,Admissible,,,
C0081,network_volume_forecast,network_volume_forecast|router__iot_named__udp_count,temporal,linear,5725,5725,17202,5725,complete generated value view; no generated-mask claim,future,5726.0,[],0.177899279199873,0.5023750522776809,0.42678134823611596,0.5831606045223641,ok,2.8239296670407166,1.0381294138820103,False,4.0,4.0,False,1.0,independent_marginals,1339,primary,True,Mechanism-Valid,Admissible,,,
C0082,network_volume_forecast,network_volume_forecast|router__iot_named__udp_count,temporal,linear,5716,5716,17193,5716,complete generated value view; no generated-mask claim,near,5716.0,[],0.19014978301614147,0.5214851211061879,0.43557557732680197,0.5634516880328287,ok,2.7424965352809267,1.0088686498231236,False,4.0,4.0,False,1.0,independent_marginals,1339,primary,True,Mechanism-Valid,Admissible,,,
C0082,network_volume_forecast,network_volume_forecast|router__iot_named__udp_count,temporal,linear,5716,5716,17193,5716,complete generated value view; no generated-mask claim,future,5717.0,[],0.17731858796666228,0.507436326943056,0.4267972712961343,0.5845367346699146,ok,2.861721000386374,1.0514231922406432,False,4.0,4.0,False,1.0,independent_marginals,1339,primary,True,Mechanism-Valid,Admissible,,,
C0085,network_volume_forecast,network_volume_forecast|router__iot_named__dns_port_packets,temporal,linear,5725,5725,17202,5725,complete generated value view; no generated-mask claim,near,5725.0,[],0.09438529328220864,0.4647420812174836,0.34790393013100435,0.7287029978457917,ok,4.92388236616399,1.5940973181432545,False,4.0,4.0,False,0.0,independent_marginals,1339,primary,True,Mechanism-Valid,Admissible,,,
C0085,network_volume_forecast,network_volume_forecast|router__iot_named__dns_port_packets,temporal,linear,5725,5725,17202,5725,complete generated value view; no generated-mask claim,future,5726.0,[],0.07701889161686007,0.45987423454497517,0.3413377575969263,0.7743616406251519,ok,5.970927715146512,1.7869023115037215,False,4.0,4.0,False,0.0,independent_marginals,1339,primary,True,Mechanism-Valid,Admissible,,,
C0086,network_volume_forecast,network_volume_forecast|router__iot_named__dns_port_packets,temporal,linear,5716,5716,17193,5716,complete generated value view; no generated-mask claim,near,5716.0,[],0.1033470496319522,0.4634379621721523,0.3479268719384185,0.7029633007184218,ok,4.484288267759793,1.5005797912255467,False,4.0,4.0,False,0.0,independent_marginals,1339,primary,True,Mechanism-Valid,Admissible,,,
C0086,network_volume_forecast,network_volume_forecast|router__iot_named__dns_port_packets,temporal,linear,5716,5716,17193,5716,complete generated value view; no generated-mask claim,future,5717.0,[],0.08184232297743387,0.4585607464351974,0.34135035857967466,0.7602395283310328,ok,5.602978138360454,1.7232982668015668,False,4.0,4.0,False,0.0,independent_marginals,1339,primary,True,Mechanism-Valid,Admissible,,,
C0034,network_volume_forecast,network_volume_forecast|router__general__packet_length_max,temporal,linear,5727,5727,17200,5727,complete generated value view; no generated-mask claim,near,5727.0,[],1.8950680916634337,2.0740161357047575,1.835925208529884,-0.03221421159139063,ok,1.094428292486445,0.09023211960466312,True,387.0,387.0,False,4034.0,independent_marginals,1340,primary,True,Mechanism-Valid,Admissible,,,
C0034,network_volume_forecast,network_volume_forecast|router__general__packet_length_max,temporal,linear,5727,5727,17200,5727,complete generated value view; no generated-mask claim,future,5728.0,[],31.679058490019813,39.14211031110169,45.04995702621401,0.29680158248350463,ok,1.2355831321007549,0.2115430303834429,False,26.0,26.0,False,4034.0,independent_marginals,1340,primary,True,Mechanism-Valid,Admissible,,,
C0035,network_volume_forecast,network_volume_forecast|router__general__packet_length_max,temporal,linear,5725,5725,17198,5725,complete generated value view; no generated-mask claim,near,5725.0,[],1.9360165155859774,2.0736843742596633,1.8353966803200072,-0.05482184660398688,ok,1.0711088245195148,0.0686943964992709,True,387.0,387.0,False,4034.0,independent_marginals,1340,primary,True,Mechanism-Valid,Admissible,,,
C0035,network_volume_forecast,network_volume_forecast|router__general__packet_length_max,temporal,linear,5725,5725,17198,5725,complete generated value view; no generated-mask claim,future,5726.0,[],32.08185904041827,39.89967274288881,45.94517611445556,0.30173607430520927,ok,1.2436833131341074,0.21807739047257446,False,25.5,25.5,False,4034.0,independent_marginals,1340,primary,True,Mechanism-Valid,Admissible,,,
C0044,network_volume_forecast,network_volume_forecast|router__general__packet_length_mean,temporal,linear,5716,5716,17189,5716,complete generated value view; no generated-mask claim,near,5716.0,[],0.4282161439126719,0.6216938609091204,0.6192813788664557,0.30852733744959887,ok,1.4518225661195654,0.37281970929344715,False,108.93432600194046,108.93432600194046,False,512.6333681560927,independent_marginals,1340,primary,True,Mechanism-Valid,Admissible,,,
C0044,network_volume_forecast,network_volume_forecast|router__general__packet_length_mean,temporal,linear,5716,5716,17189,5716,complete generated value view; no generated-mask claim,future,5717.0,[],0.29127227997175636,0.5145290285712224,0.511620385158303,0.4306867192525326,ok,1.7664881416834943,0.5689934749066141,False,107.56793568533652,107.56793568533652,False,512.6333681560927,independent_marginals,1340,primary,True,Mechanism-Valid,Admissible,,,
C0065,network_volume_forecast,network_volume_forecast|router__general__packet_length_min,temporal,linear,5727,5727,17200,5727,complete generated value view; no generated-mask claim,near,5727.0,[],0.518778322976835,0.5235546192848093,0.6886677143356033,0.24669283577881992,ok,1.0092068155056424,0.00916469113655781,True,18.0,18.0,False,44.0,independent_marginals,1340,primary,True,Mechanism-Valid,Admissible,,,
C0065,network_volume_forecast,network_volume_forecast|router__general__packet_length_min,temporal,linear,5727,5727,17200,5727,complete generated value view; no generated-mask claim,future,5728.0,[],0.5134338979310422,0.5166887425087678,0.6423805090006207,0.20073244636607412,ok,1.0063393644066774,0.006319355155570178,True,18.0,18.0,False,44.0,independent_marginals,1340,primary,True,Mechanism-Valid,Admissible,,,
C0066,network_volume_forecast,network_volume_forecast|router__general__packet_length_min,temporal,linear,5725,5725,17198,5725,complete generated value view; no generated-mask claim,near,5725.0,[],0.5183832463512495,0.5252997647663477,0.6885589519650656,0.2471476191372645,ok,1.0133424806140658,0.013254253631053729,True,18.0,18.0,False,44.0,independent_marginals,1340,primary,True,Mechanism-Valid,Admissible,,,
C0066,network_volume_forecast,network_volume_forecast|router__general__packet_length_min,temporal,linear,5725,5725,17198,5725,complete generated value view; no generated-mask claim,future,5726.0,[],0.5141545489404717,0.5178767079054908,0.6424302402297513,0.19967256093580604,ok,1.0072393776787336,0.0072132991699574165,True,18.0,18.0,False,44.0,independent_marginals,1340,primary,True,Mechanism-Valid,Admissible,,,
C0067,network_volume_forecast,network_volume_forecast|router__general__packet_length_min,temporal,linear,5716,5716,17189,5716,complete generated value view; no generated-mask claim,near,5716.0,[],0.46325414441464485,0.5158385620593081,0.6885934219734079,0.32724575978808174,ok,1.1135109491812696,0.10751804078887091,False,18.0,18.0,False,44.0,independent_marginals,1340,primary,True,Mechanism-Valid,Admissible,,,
C0067,network_volume_forecast,network_volume_forecast|router__general__packet_length_min,temporal,linear,5716,5716,17189,5716,complete generated value view; no generated-mask claim,future,5717.0,[],0.47146587767091247,0.5110073382060114,0.6422171690669154,0.26587780523539944,ok,1.0838691884350944,0.08053722086028169,True,18.0,18.0,False,44.0,independent_marginals,1340,primary,True,Mechanism-Valid,Admissible,,,
C0071,network_burst_prediction,network_burst_prediction|router__iot_named__mqtt_port_packets,temporal,linear,5727,5727,17204,5727,complete generated value view; no generated-mask claim,near,5727.0,[],0.013593143390262831,0.022533564962775768,0.02212824849553467,0.3857108305248002,ok,1.6577155346508905,0.5054404706124052,False,,,,0.1176881438798673,independent_marginals,1340,primary,True,Mechanism-Valid,Not-Estimable,0.8510904535489565,0.19323530351392065,0.010825912345032303
C0071,network_burst_prediction,network_burst_prediction|router__iot_named__mqtt_port_packets,temporal,linear,5727,5727,17204,5727,complete generated value view; no generated-mask claim,future,5728.0,[],0.06357909205919211,0.07060586072954225,0.07058322925564826,0.09923231439422503,ok,1.110520116641619,0.10482847912894598,False,,,,0.1176881438798673,independent_marginals,1340,primary,True,Mechanism-Valid,Not-Estimable,0.8523938725028009,0.16241402509555858,0.07419692737430168
C0081,network_volume_forecast,network_volume_forecast|router__iot_named__udp_count,temporal,linear,5725,5725,17202,5725,complete generated value view; no generated-mask claim,near,5725.0,[],0.18293645284687168,0.509696962160578,0.435589519650655,0.5800255869480339,ok,2.7861968144054026,1.0246775169419082,False,4.0,4.0,False,1.0,independent_marginals,1340,primary,True,Mechanism-Valid,Admissible,,,
C0081,network_volume_forecast,network_volume_forecast|router__iot_named__udp_count,temporal,linear,5725,5725,17202,5725,complete generated value view; no generated-mask claim,future,5726.0,[],0.177899279199873,0.49585215388246484,0.42678134823611596,0.5831606045223641,ok,2.7872634229471283,1.025060262492903,False,4.0,4.0,False,1.0,independent_marginals,1340,primary,True,Mechanism-Valid,Admissible,,,
C0082,network_volume_forecast,network_volume_forecast|router__iot_named__udp_count,temporal,linear,5716,5716,17193,5716,complete generated value view; no generated-mask claim,near,5716.0,[],0.19014978301614147,0.5197239470928028,0.43557557732680197,0.5634516880328287,ok,2.733234499924117,1.0054857063840137,False,4.0,4.0,False,1.0,independent_marginals,1340,primary,True,Mechanism-Valid,Admissible,,,
C0082,network_volume_forecast,network_volume_forecast|router__iot_named__udp_count,temporal,linear,5716,5716,17193,5716,complete generated value view; no generated-mask claim,future,5717.0,[],0.17731858796666228,0.5056510464698662,0.4267972712961343,0.5845367346699146,ok,2.8516527921197627,1.0478987532474124,False,4.0,4.0,False,1.0,independent_marginals,1340,primary,True,Mechanism-Valid,Admissible,,,
C0085,network_volume_forecast,network_volume_forecast|router__iot_named__dns_port_packets,temporal,linear,5725,5725,17202,5725,complete generated value view; no generated-mask claim,near,5725.0,[],0.09438529328220864,0.46440166827064344,0.34790393013100435,0.7287029978457917,ok,4.920275734929372,1.5933645726186598,False,4.0,4.0,False,0.0,independent_marginals,1340,primary,True,Mechanism-Valid,Admissible,,,
C0085,network_volume_forecast,network_volume_forecast|router__iot_named__dns_port_packets,temporal,linear,5725,5725,17202,5725,complete generated value view; no generated-mask claim,future,5726.0,[],0.07701889161686007,0.4595288685267883,0.3413377575969263,0.7743616406251519,ok,5.9664435423554405,1.7861510283434243,False,4.0,4.0,False,0.0,independent_marginals,1340,primary,True,Mechanism-Valid,Admissible,,,
C0086,network_volume_forecast,network_volume_forecast|router__iot_named__dns_port_packets,temporal,linear,5716,5716,17193,5716,complete generated value view; no generated-mask claim,near,5716.0,[],0.1033470496319522,0.45091844514152446,0.3479268719384185,0.7029633007184218,ok,4.363147731332161,1.4731937536031097,False,4.0,4.0,False,0.0,independent_marginals,1340,primary,True,Mechanism-Valid,Admissible,,,
C0086,network_volume_forecast,network_volume_forecast|router__iot_named__dns_port_packets,temporal,linear,5716,5716,17193,5716,complete generated value view; no generated-mask claim,future,5717.0,[],0.08184232297743387,0.44574135268909304,0.34135035857967466,0.7602395283310328,ok,5.446342875824724,1.6949443514736726,False,4.0,4.0,False,0.0,independent_marginals,1340,primary,True,Mechanism-Valid,Admissible,,,
C0034,network_volume_forecast,network_volume_forecast|router__general__packet_length_max,temporal,linear,5727,5727,17200,5727,complete generated value view; no generated-mask claim,near,5727.0,[],1.8950680916634337,2.030474705006159,1.835925208529884,-0.03221421159139063,ok,1.0714521097887673,0.0690148403818163,True,387.0,387.0,False,4034.0,independent_marginals,1341,primary,True,Mechanism-Valid,Admissible,,,
C0034,network_volume_forecast,network_volume_forecast|router__general__packet_length_max,temporal,linear,5727,5727,17200,5727,complete generated value view; no generated-mask claim,future,5728.0,[],31.679058490019813,40.30603915415465,45.04995702621401,0.29680158248350463,ok,1.2723244021552182,0.240845465543402,False,26.0,26.0,False,4034.0,independent_marginals,1341,primary,True,Mechanism-Valid,Admissible,,,
C0035,network_volume_forecast,network_volume_forecast|router__general__packet_length_max,temporal,linear,5725,5725,17198,5725,complete generated value view; no generated-mask claim,near,5725.0,[],1.9360165155859774,2.019379681405008,1.8353966803200072,-0.05482184660398688,ok,1.0430591191489906,0.04215785624256939,True,387.0,387.0,False,4034.0,independent_marginals,1341,primary,True,Mechanism-Valid,Admissible,,,
C0035,network_volume_forecast,network_volume_forecast|router__general__packet_length_max,temporal,linear,5725,5725,17198,5725,complete generated value view; no generated-mask claim,future,5726.0,[],32.08185904041827,40.466279749486205,45.94517611445556,0.30173607430520927,ok,1.2613446028331723,0.2321782970745045,False,25.5,25.5,False,4034.0,independent_marginals,1341,primary,True,Mechanism-Valid,Admissible,,,
C0044,network_volume_forecast,network_volume_forecast|router__general__packet_length_mean,temporal,linear,5716,5716,17189,5716,complete generated value view; no generated-mask claim,near,5716.0,[],0.4282161439126719,0.6298015383587728,0.6192813788664557,0.30852733744959887,ok,1.470756176084784,0.3857766740293442,False,108.93432600194046,108.93432600194046,False,512.6333681560927,independent_marginals,1341,primary,True,Mechanism-Valid,Admissible,,,
C0044,network_volume_forecast,network_volume_forecast|router__general__packet_length_mean,temporal,linear,5716,5716,17189,5716,complete generated value view; no generated-mask claim,future,5717.0,[],0.29127227997175636,0.5219840329146469,0.511620385158303,0.4306867192525326,ok,1.792082765188853,0.583378499417481,False,107.56793568533652,107.56793568533652,False,512.6333681560927,independent_marginals,1341,primary,True,Mechanism-Valid,Admissible,,,
C0065,network_volume_forecast,network_volume_forecast|router__general__packet_length_min,temporal,linear,5727,5727,17200,5727,complete generated value view; no generated-mask claim,near,5727.0,[],0.518778322976835,0.527842002917698,0.6886677143356033,0.24669283577881992,ok,1.0174712002013773,0.01732033346364303,True,18.0,18.0,False,44.0,independent_marginals,1341,primary,True,Mechanism-Valid,Admissible,,,
C0065,network_volume_forecast,network_volume_forecast|router__general__packet_length_min,temporal,linear,5727,5727,17200,5727,complete generated value view; no generated-mask claim,future,5728.0,[],0.5134338979310422,0.5197806772124731,0.6423805090006207,0.20073244636607412,ok,1.0123614340755571,0.012285655399007464,True,18.0,18.0,False,44.0,independent_marginals,1341,primary,True,Mechanism-Valid,Admissible,,,
C0066,network_volume_forecast,network_volume_forecast|router__general__packet_length_min,temporal,linear,5725,5725,17198,5725,complete generated value view; no generated-mask claim,near,5725.0,[],0.5183832463512495,0.5296586048516707,0.6885589519650656,0.2471476191372645,ok,1.0217510086982655,0.02151783068786022,True,18.0,18.0,False,44.0,independent_marginals,1341,primary,True,Mechanism-Valid,Admissible,,,
C0066,network_volume_forecast,network_volume_forecast|router__general__packet_length_min,temporal,linear,5725,5725,17198,5725,complete generated value view; no generated-mask claim,future,5726.0,[],0.5141545489404717,0.5210877063415542,0.6424302402297513,0.19967256093580604,ok,1.0134845785481617,0.01339447075879166,True,18.0,18.0,False,44.0,independent_marginals,1341,primary,True,Mechanism-Valid,Admissible,,,
C0067,network_volume_forecast,network_volume_forecast|router__general__packet_length_min,temporal,linear,5716,5716,17189,5716,complete generated value view; no generated-mask claim,near,5716.0,[],0.46325414441464485,0.5239189059336656,0.6885934219734079,0.32724575978808174,ok,1.130953521410316,0.12306110116162969,False,18.0,18.0,False,44.0,independent_marginals,1341,primary,True,Mechanism-Valid,Admissible,,,
C0067,network_volume_forecast,network_volume_forecast|router__general__packet_length_min,temporal,linear,5716,5716,17189,5716,complete generated value view; no generated-mask claim,future,5717.0,[],0.47146587767091247,0.5170706002834691,0.6422171690669154,0.26587780523539944,ok,1.0967296357434146,0.09233269307180188,True,18.0,18.0,False,44.0,independent_marginals,1341,primary,True,Mechanism-Valid,Admissible,,,
C0071,network_burst_prediction,network_burst_prediction|router__iot_named__mqtt_port_packets,temporal,linear,5727,5727,17204,5727,complete generated value view; no generated-mask claim,near,5727.0,[],0.013593143390262831,0.023162589567983713,0.02212824849553467,0.3857108305248002,ok,1.7039906740464283,0.532972955414699,False,,,,0.1176881438798673,independent_marginals,1341,primary,True,Mechanism-Valid,Not-Estimable,0.8510904535489565,0.19323530351392065,0.010825912345032303
C0071,network_burst_prediction,network_burst_prediction|router__iot_named__mqtt_port_packets,temporal,linear,5727,5727,17204,5727,complete generated value view; no generated-mask claim,future,5728.0,[],0.06357909205919211,0.07081390475563552,0.07058322925564826,0.09923231439422503,ok,1.113792324837036,0.10777070117916944,False,,,,0.1176881438798673,independent_marginals,1341,primary,True,Mechanism-Valid,Not-Estimable,0.8523938725028009,0.16241402509555858,0.07419692737430168
C0081,network_volume_forecast,network_volume_forecast|router__iot_named__udp_count,temporal,linear,5725,5725,17202,5725,complete generated value view; no generated-mask claim,near,5725.0,[],0.18293645284687168,0.5071142728254899,0.435589519650655,0.5800255869480339,ok,2.7720788554371594,1.0195975280504472,False,4.0,4.0,False,1.0,independent_marginals,1341,primary,True,Mechanism-Valid,Admissible,,,
C0081,network_volume_forecast,network_volume_forecast|router__iot_named__udp_count,temporal,linear,5725,5725,17202,5725,complete generated value view; no generated-mask claim,future,5726.0,[],0.177899279199873,0.4934253060212058,0.42678134823611596,0.5831606045223641,ok,2.773621727083187,1.0201539488895734,False,4.0,4.0,False,1.0,independent_marginals,1341,primary,True,Mechanism-Valid,Admissible,,,
C0082,network_volume_forecast,network_volume_forecast|router__iot_named__udp_count,temporal,linear,5716,5716,17193,5716,complete generated value view; no generated-mask claim,near,5716.0,[],0.19014978301614147,0.49926302108503484,0.43557557732680197,0.5634516880328287,ok,2.6256302435152046,0.965320959993628,False,4.0,4.0,False,1.0,independent_marginals,1341,primary,True,Mechanism-Valid,Admissible,,,
C0082,network_volume_forecast,network_volume_forecast|router__iot_named__udp_count,temporal,linear,5716,5716,17193,5716,complete generated value view; no generated-mask claim,future,5717.0,[],0.17731858796666228,0.4856271382619329,0.4267972712961343,0.5845367346699146,ok,2.738726626636773,1.0074930775731932,False,4.0,4.0,False,1.0,independent_marginals,1341,primary,True,Mechanism-Valid,Admissible,,,
C0085,network_volume_forecast,network_volume_forecast|router__iot_named__dns_port_packets,temporal,linear,5725,5725,17202,5725,complete generated value view; no generated-mask claim,near,5725.0,[],0.09438529328220864,0.46110905631776716,0.34790393013100435,0.7287029978457917,ok,4.885390936266603,1.5862493101875883,False,4.0,4.0,False,0.0,independent_marginals,1341,primary,True,Mechanism-Valid,Admissible,,,
C0085,network_volume_forecast,network_volume_forecast|router__iot_named__dns_port_packets,temporal,linear,5725,5725,17202,5725,complete generated value view; no generated-mask claim,future,5726.0,[],0.07701889161686007,0.4561883683304267,0.3413377575969263,0.7743616406251519,ok,5.923071064172044,1.7788550752258991,False,4.0,4.0,False,0.0,independent_marginals,1341,primary,True,Mechanism-Valid,Admissible,,,
C0086,network_volume_forecast,network_volume_forecast|router__iot_named__dns_port_packets,temporal,linear,5716,5716,17193,5716,complete generated value view; no generated-mask claim,near,5716.0,[],0.1033470496319522,0.46429641731979004,0.3479268719384185,0.7029633007184218,ok,4.492594795625804,1.5024304403156845,False,4.0,4.0,False,0.0,independent_marginals,1341,primary,True,Mechanism-Valid,Admissible,,,
C0086,network_volume_forecast,network_volume_forecast|router__iot_named__dns_port_packets,temporal,linear,5716,5716,17193,5716,complete generated value view; no generated-mask claim,future,5717.0,[],0.08184232297743387,0.4594841023543004,0.34135035857967466,0.7602395283310328,ok,5.614260270703614,1.72530983787389,False,4.0,4.0,False,0.0,independent_marginals,1341,primary,True,Mechanism-Valid,Admissible,,,
C0034,network_volume_forecast,network_volume_forecast|router__general__packet_length_max,temporal,linear,5727,5727,17200,5727,complete generated value view; no generated-mask claim,near,5727.0,[],1.8950680916634337,1.9269684501515905,1.835925208529884,-0.03221421159139063,ok,1.0168333574020316,0.01669324661190921,True,387.0,387.0,False,4034.0,column_shuffle,1337,primary,True,Mechanism-Valid,Admissible,,,
C0034,network_volume_forecast,network_volume_forecast|router__general__packet_length_max,temporal,linear,5727,5727,17200,5727,complete generated value view; no generated-mask claim,future,5728.0,[],31.679058490019813,59.88276552598382,45.04995702621401,0.29680158248350463,ok,1.8902949891913396,0.6367328958297177,False,26.0,26.0,False,4034.0,column_shuffle,1337,primary,True,Mechanism-Valid,Admissible,,,
C0035,network_volume_forecast,network_volume_forecast|router__general__packet_length_max,temporal,linear,5725,5725,17198,5725,complete generated value view; no generated-mask claim,near,5725.0,[],1.9360165155859774,1.918413610387049,1.8353966803200072,-0.05482184660398688,ok,0.9909076678544757,-0.009133919674465868,True,387.0,387.0,False,4034.0,column_shuffle,1337,primary,True,Mechanism-Valid,Admissible,,,
C0035,network_volume_forecast,network_volume_forecast|router__general__packet_length_max,temporal,linear,5725,5725,17198,5725,complete generated value view; no generated-mask claim,future,5726.0,[],32.08185904041827,60.7947792755626,45.94517611445556,0.30173607430520927,ok,1.8949892897095022,0.6392131866500812,False,25.5,25.5,False,4034.0,column_shuffle,1337,primary,True,Mechanism-Valid,Admissible,,,
C0044,network_volume_forecast,network_volume_forecast|router__general__packet_length_mean,temporal,linear,5716,5716,17189,5716,complete generated value view; no generated-mask claim,near,5716.0,[],0.4282161439126719,0.6313004081535389,0.6192813788664557,0.30852733744959887,ok,1.4742564406499419,0.3881537546526722,False,108.93432600194046,108.93432600194046,False,512.6333681560927,column_shuffle,1337,primary,True,Mechanism-Valid,Admissible,,,
C0044,network_volume_forecast,network_volume_forecast|router__general__packet_length_mean,temporal,linear,5716,5716,17189,5716,complete generated value view; no generated-mask claim,future,5717.0,[],0.29127227997175636,0.5224265203760579,0.511620385158303,0.4306867192525326,ok,1.7936019192307475,0.5842258433790907,False,107.56793568533652,107.56793568533652,False,512.6333681560927,column_shuffle,1337,primary,True,Mechanism-Valid,Admissible,,,
C0065,network_volume_forecast,network_volume_forecast|router__general__packet_length_min,temporal,linear,5727,5727,17200,5727,complete generated value view; no generated-mask claim,near,5727.0,[],0.518778322976835,0.5542952487595385,0.6886677143356033,0.24669283577881992,ok,1.0684626249973237,0.06622081622034029,True,18.0,18.0,False,44.0,column_shuffle,1337,primary,True,Mechanism-Valid,Admissible,,,
C0065,network_volume_forecast,network_volume_forecast|router__general__packet_length_min,temporal,linear,5727,5727,17200,5727,complete generated value view; no generated-mask claim,future,5728.0,[],0.5134338979310422,0.5398870512197812,0.6423805090006207,0.20073244636607412,ok,1.0515220233711406,0.050238660659435504,True,18.0,18.0,False,44.0,column_shuffle,1337,primary,True,Mechanism-Valid,Admissible,,,
C0066,network_volume_forecast,network_volume_forecast|router__general__packet_length_min,temporal,linear,5725,5725,17198,5725,complete generated value view; no generated-mask claim,near,5725.0,[],0.5183832463512495,0.553292756365541,0.6885589519650656,0.2471476191372645,ok,1.0673430521916158,0.06517243160350952,True,18.0,18.0,False,44.0,column_shuffle,1337,primary,True,Mechanism-Valid,Admissible,,,
C0066,network_volume_forecast,network_volume_forecast|router__general__packet_length_min,temporal,linear,5725,5725,17198,5725,complete generated value view; no generated-mask claim,future,5726.0,[],0.5141545489404717,0.5392759991160777,0.6424302402297513,0.19967256093580604,ok,1.0488597255968546,0.0477035984486023,True,18.0,18.0,False,44.0,column_shuffle,1337,primary,True,Mechanism-Valid,Admissible,,,
C0067,network_volume_forecast,network_volume_forecast|router__general__packet_length_min,temporal,linear,5716,5716,17189,5716,complete generated value view; no generated-mask claim,near,5716.0,[],0.46325414441464485,0.5551440223988723,0.6885934219734079,0.32724575978808174,ok,1.1983573791883437,0.18095176838564628,False,18.0,18.0,False,44.0,column_shuffle,1337,primary,True,Mechanism-Valid,Admissible,,,
C0067,network_volume_forecast,network_volume_forecast|router__general__packet_length_min,temporal,linear,5716,5716,17189,5716,complete generated value view; no generated-mask claim,future,5717.0,[],0.47146587767091247,0.5404728075245439,0.6422171690669154,0.26587780523539944,ok,1.1463667534001238,0.13659759623910375,False,18.0,18.0,False,44.0,column_shuffle,1337,primary,True,Mechanism-Valid,Admissible,,,
C0071,network_burst_prediction,network_burst_prediction|router__iot_named__mqtt_port_packets,temporal,linear,5727,5727,17204,5727,complete generated value view; no generated-mask claim,near,5727.0,[],0.013593143390262831,0.012307674210019456,0.02212824849553467,0.3857108305248002,ok,0.9054325299647619,-0.0993425157934067,True,,,,0.1176881438798673,column_shuffle,1337,primary,True,Mechanism-Valid,Not-Estimable,0.8510904535489565,0.19323530351392065,0.010825912345032303
C0071,network_burst_prediction,network_burst_prediction|router__iot_named__mqtt_port_packets,temporal,linear,5727,5727,17204,5727,complete generated value view; no generated-mask claim,future,5728.0,[],0.06357909205919211,0.06926732937231447,0.07058322925564826,0.09923231439422503,ok,1.089467105126739,0.08568868231409112,True,,,,0.1176881438798673,column_shuffle,1337,primary,True,Mechanism-Valid,Not-Estimable,0.8523938725028009,0.16241402509555858,0.07419692737430168
C0081,network_volume_forecast,network_volume_forecast|router__iot_named__udp_count,temporal,linear,5725,5725,17202,5725,complete generated value view; no generated-mask claim,near,5725.0,[],0.18293645284687168,0.5168427039590601,0.435589519650655,0.5800255869480339,ok,2.825258147930129,1.0385997402218006,False,4.0,4.0,False,1.0,column_shuffle,1337,primary,True,Mechanism-Valid,Admissible,,,
C0081,network_volume_forecast,network_volume_forecast|router__iot_named__udp_count,temporal,linear,5725,5725,17202,5725,complete generated value view; no generated-mask claim,future,5726.0,[],0.177899279199873,0.502548902395932,0.42678134823611596,0.5831606045223641,ok,2.8249069060662655,1.0384754104505605,False,4.0,4.0,False,1.0,column_shuffle,1337,primary,True,Mechanism-Valid,Admissible,,,
C0082,network_volume_forecast,network_volume_forecast|router__iot_named__udp_count,temporal,linear,5716,5716,17193,5716,complete generated value view; no generated-mask claim,near,5716.0,[],0.19014978301614147,0.5290807288268191,0.43557557732680197,0.5634516880328287,ok,2.782441927803338,1.023328933438841,False,4.0,4.0,False,1.0,column_shuffle,1337,primary,True,Mechanism-Valid,Admissible,,,
C0082,network_volume_forecast,network_volume_forecast|router__iot_named__udp_count,temporal,linear,5716,5716,17193,5716,complete generated value view; no generated-mask claim,future,5717.0,[],0.17731858796666228,0.5144222028680415,0.4267972712961343,0.5845367346699146,ok,2.901118313466145,1.0650962879912425,False,4.0,4.0,False,1.0,column_shuffle,1337,primary,True,Mechanism-Valid,Admissible,,,
C0085,network_volume_forecast,network_volume_forecast|router__iot_named__dns_port_packets,temporal,linear,5725,5725,17202,5725,complete generated value view; no generated-mask claim,near,5725.0,[],0.09438529328220864,0.4541324903080287,0.34790393013100435,0.7287029978457917,ok,4.811475119859922,1.5710037148272238,False,4.0,4.0,False,0.0,column_shuffle,1337,primary,True,Mechanism-Valid,Admissible,,,
C0085,network_volume_forecast,network_volume_forecast|router__iot_named__dns_port_packets,temporal,linear,5725,5725,17202,5725,complete generated value view; no generated-mask claim,future,5726.0,[],0.07701889161686007,0.4491106861016379,0.3413377575969263,0.7743616406251519,ok,5.831175659288816,1.7632186368572365,False,4.0,4.0,False,0.0,column_shuffle,1337,primary,True,Mechanism-Valid,Admissible,,,
C0086,network_volume_forecast,network_volume_forecast|router__iot_named__dns_port_packets,temporal,linear,5716,5716,17193,5716,complete generated value view; no generated-mask claim,near,5716.0,[],0.1033470496319522,0.46226862932324675,0.3479268719384185,0.7029633007184218,ok,4.472973645300131,1.4980534324816726,False,4.0,4.0,False,0.0,column_shuffle,1337,primary,True,Mechanism-Valid,Admissible,,,
C0086,network_volume_forecast,network_volume_forecast|router__iot_named__dns_port_packets,temporal,linear,5716,5716,17193,5716,complete generated value view; no generated-mask claim,future,5717.0,[],0.08184232297743387,0.4573948363504492,0.34135035857967466,0.7602395283310328,ok,5.588732329562117,1.7207524867739141,False,4.0,4.0,False,0.0,column_shuffle,1337,primary,True,Mechanism-Valid,Admissible,,,
C0034,network_volume_forecast,network_volume_forecast|router__general__packet_length_max,temporal,linear,5727,5727,17200,5727,complete generated value view; no generated-mask claim,near,5727.0,[],1.8950680916634337,1.7061243615584138,1.835925208529884,-0.03221421159139063,ok,0.9002971286698355,-0.10503042717654,True,387.0,387.0,False,4034.0,column_shuffle,1338,primary,True,Mechanism-Valid,Admissible,,,
C0034,network_volume_forecast,network_volume_forecast|router__general__packet_length_max,temporal,linear,5727,5727,17200,5727,complete generated value view; no generated-mask claim,future,5728.0,[],31.679058490019813,48.598755012518446,45.04995702621401,0.29680158248350463,ok,1.5340972026624158,0.4279420664280492,False,26.0,26.0,False,4034.0,column_shuffle,1338,primary,True,Mechanism-Valid,Admissible,,,
C0035,network_volume_forecast,network_volume_forecast|router__general__packet_length_max,temporal,linear,5725,5725,17198,5725,complete generated value view; no generated-mask claim,near,5725.0,[],1.9360165155859774,1.7097542370344279,1.8353966803200072,-0.05482184660398688,ok,0.8831299853436083,-0.12428288044266639,True,387.0,387.0,False,4034.0,column_shuffle,1338,primary,True,Mechanism-Valid,Admissible,,,
C0035,network_volume_forecast,network_volume_forecast|router__general__packet_length_max,temporal,linear,5725,5725,17198,5725,complete generated value view; no generated-mask claim,future,5726.0,[],32.08185904041827,49.89744230862142,45.94517611445556,0.30173607430520927,ok,1.5553164249539972,0.4416790136465738,False,25.5,25.5,False,4034.0,column_shuffle,1338,primary,True,Mechanism-Valid,Admissible,,,
C0044,network_volume_forecast,network_volume_forecast|router__general__packet_length_mean,temporal,linear,5716,5716,17189,5716,complete generated value view; no generated-mask claim,near,5716.0,[],0.4282161439126719,0.6210395297331688,0.6192813788664557,0.30852733744959887,ok,1.4502945266347087,0.3717666576230803,False,108.93432600194046,108.93432600194046,False,512.6333681560927,column_shuffle,1338,primary,True,Mechanism-Valid,Admissible,,,
C0044,network_volume_forecast,network_volume_forecast|router__general__packet_length_mean,temporal,linear,5716,5716,17189,5716,complete generated value view; no generated-mask claim,future,5717.0,[],0.29127227997175636,0.5135886587300593,0.511620385158303,0.4306867192525326,ok,1.7632596510037282,0.5671641705088547,False,107.56793568533652,107.56793568533652,False,512.6333681560927,column_shuffle,1338,primary,True,Mechanism-Valid,Admissible,,,
C0065,network_volume_forecast,network_volume_forecast|router__general__packet_length_min,temporal,linear,5727,5727,17200,5727,complete generated value view; no generated-mask claim,near,5727.0,[],0.518778322976835,0.548770613622013,0.6886677143356033,0.24669283577881992,ok,1.0578133073739036,0.05620385980686038,True,18.0,18.0,False,44.0,column_shuffle,1338,primary,True,Mechanism-Valid,Admissible,,,
C0065,network_volume_forecast,network_volume_forecast|router__general__packet_length_min,temporal,linear,5727,5727,17200,5727,complete generated value view; no generated-mask claim,future,5728.0,[],0.5134338979310422,0.5356466581225037,0.6423805090006207,0.20073244636607412,ok,1.043263135295451,0.04235343115596155,True,18.0,18.0,False,44.0,column_shuffle,1338,primary,True,Mechanism-Valid,Admissible,,,
C0066,network_volume_forecast,network_volume_forecast|router__general__packet_length_min,temporal,linear,5725,5725,17198,5725,complete generated value view; no generated-mask claim,near,5725.0,[],0.5183832463512495,0.5500390861883422,0.6885589519650656,0.2471476191372645,ok,1.061066479404782,0.05927451497789569,True,18.0,18.0,False,44.0,column_shuffle,1338,primary,True,Mechanism-Valid,Admissible,,,
C0066,network_volume_forecast,network_volume_forecast|router__general__packet_length_min,temporal,linear,5725,5725,17198,5725,complete generated value view; no generated-mask claim,future,5726.0,[],0.5141545489404717,0.5365172711971316,0.6424302402297513,0.19967256093580604,ok,1.0434941639682915,0.04257485477227387,True,18.0,18.0,False,44.0,column_shuffle,1338,primary,True,Mechanism-Valid,Admissible,,,
C0067,network_volume_forecast,network_volume_forecast|router__general__packet_length_min,temporal,linear,5716,5716,17189,5716,complete generated value view; no generated-mask claim,near,5716.0,[],0.46325414441464485,0.5462247230722205,0.6885934219734079,0.32724575978808174,ok,1.1791038022172795,0.16475466027282462,False,18.0,18.0,False,44.0,column_shuffle,1338,primary,True,Mechanism-Valid,Admissible,,,
C0067,network_volume_forecast,network_volume_forecast|router__general__packet_length_min,temporal,linear,5716,5716,17189,5716,complete generated value view; no generated-mask claim,future,5717.0,[],0.47146587767091247,0.5337849285209767,0.6422171690669154,0.26587780523539944,ok,1.1321814659375276,0.12414627253194431,False,18.0,18.0,False,44.0,column_shuffle,1338,primary,True,Mechanism-Valid,Admissible,,,
C0071,network_burst_prediction,network_burst_prediction|router__iot_named__mqtt_port_packets,temporal,linear,5727,5727,17204,5727,complete generated value view; no generated-mask claim,near,5727.0,[],0.013593143390262831,0.010790574885025927,0.02212824849553467,0.3857108305248002,ok,0.7938248405998228,-0.23089244585015478,True,,,,0.1176881438798673,column_shuffle,1338,primary,True,Mechanism-Valid,Not-Estimable,0.8510904535489565,0.19323530351392065,0.010825912345032303
C0071,network_burst_prediction,network_burst_prediction|router__iot_named__mqtt_port_packets,temporal,linear,5727,5727,17204,5727,complete generated value view; no generated-mask claim,future,5728.0,[],0.06357909205919211,0.07156074061730466,0.07058322925564826,0.09923231439422503,ok,1.1255388886441102,0.1182619330947957,False,,,,0.1176881438798673,column_shuffle,1338,primary,True,Mechanism-Valid,Not-Estimable,0.8523938725028009,0.16241402509555858,0.07419692737430168
C0081,network_volume_forecast,network_volume_forecast|router__iot_named__udp_count,temporal,linear,5725,5725,17202,5725,complete generated value view; no generated-mask claim,near,5725.0,[],0.18293645284687168,0.5106661003517481,0.435589519650655,0.5800255869480339,ok,2.7914944911455395,1.026577112327513,False,4.0,4.0,False,1.0,column_shuffle,1338,primary,True,Mechanism-Valid,Admissible,,,
C0081,network_volume_forecast,network_volume_forecast|router__iot_named__udp_count,temporal,linear,5725,5725,17202,5725,complete generated value view; no generated-mask claim,future,5726.0,[],0.177899279199873,0.4969121561154114,0.42678134823611596,0.5831606045223641,ok,2.793221863238253,1.027195719267664,False,4.0,4.0,False,1.0,column_shuffle,1338,primary,True,Mechanism-Valid,Admissible,,,
C0082,network_volume_forecast,network_volume_forecast|router__iot_named__udp_count,temporal,linear,5716,5716,17193,5716,complete generated value view; no generated-mask claim,near,5716.0,[],0.19014978301614147,0.497895877580938,0.43557557732680197,0.5634516880328287,ok,2.618440419354423,0.962578880747171,False,4.0,4.0,False,1.0,column_shuffle,1338,primary,True,Mechanism-Valid,Admissible,,,
C0082,network_volume_forecast,network_volume_forecast|router__iot_named__udp_count,temporal,linear,5716,5716,17193,5716,complete generated value view; no generated-mask claim,future,5717.0,[],0.17731858796666228,0.48430168769659404,0.4267972712961343,0.5845367346699146,ok,2.7312516597958005,1.004759987567135,False,4.0,4.0,False,1.0,column_shuffle,1338,primary,True,Mechanism-Valid,Admissible,,,
C0085,network_volume_forecast,network_volume_forecast|router__iot_named__dns_port_packets,temporal,linear,5725,5725,17202,5725,complete generated value view; no generated-mask claim,near,5725.0,[],0.09438529328220864,0.4493238870883538,0.34790393013100435,0.7287029978457917,ok,4.760528589394658,1.5603587102700898,False,4.0,4.0,False,0.0,column_shuffle,1338,primary,True,Mechanism-Valid,Admissible,,,
C0085,network_volume_forecast,network_volume_forecast|router__iot_named__dns_port_packets,temporal,linear,5725,5725,17202,5725,complete generated value view; no generated-mask claim,future,5726.0,[],0.07701889161686007,0.4442323645949159,0.3413377575969263,0.7743616406251519,ok,5.767836374545667,1.75229703178306,False,4.0,4.0,False,0.0,column_shuffle,1338,primary,True,Mechanism-Valid,Admissible,,,
C0086,network_volume_forecast,network_volume_forecast|router__iot_named__dns_port_packets,temporal,linear,5716,5716,17193,5716,complete generated value view; no generated-mask claim,near,5716.0,[],0.1033470496319522,0.4687238827615064,0.3479268719384185,0.7029633007184218,ok,4.535435548772447,1.5119211205810756,False,4.0,4.0,False,0.0,column_shuffle,1338,primary,True,Mechanism-Valid,Admissible,,,
C0086,network_volume_forecast,network_volume_forecast|router__iot_named__dns_port_packets,temporal,linear,5716,5716,17193,5716,complete generated value view; no generated-mask claim,future,5717.0,[],0.08184232297743387,0.46400858289460206,0.34135035857967466,0.7602395283310328,ok,5.6695431656130015,1.7351085440550644,False,4.0,4.0,False,0.0,column_shuffle,1338,primary,True,Mechanism-Valid,Admissible,,,
C0034,network_volume_forecast,network_volume_forecast|router__general__packet_length_max,temporal,linear,5727,5727,17200,5727,complete generated value view; no generated-mask claim,near,5727.0,[],1.8950680916634337,1.7883707679052456,1.835925208529884,-0.03221421159139063,ok,0.9436973667449953,-0.05794975031055448,True,387.0,387.0,False,4034.0,column_shuffle,1339,primary,True,Mechanism-Valid,Admissible,,,
C0034,network_volume_forecast,network_volume_forecast|router__general__packet_length_max,temporal,linear,5727,5727,17200,5727,complete generated value view; no generated-mask claim,future,5728.0,[],31.679058490019813,46.96560874139823,45.04995702621401,0.29680158248350463,ok,1.482544336227489,0.3937597578354662,False,26.0,26.0,False,4034.0,column_shuffle,1339,primary,True,Mechanism-Valid,Admissible,,,
C0035,network_volume_forecast,network_volume_forecast|router__general__packet_length_max,temporal,linear,5725,5725,17198,5725,complete generated value view; no generated-mask claim,near,5725.0,[],1.9360165155859774,1.7794038612334309,1.8353966803200072,-0.05482184660398688,ok,0.919105723999909,-0.08435412080599078,True,387.0,387.0,False,4034.0,column_shuffle,1339,primary,True,Mechanism-Valid,Admissible,,,
C0035,network_volume_forecast,network_volume_forecast|router__general__packet_length_max,temporal,linear,5725,5725,17198,5725,complete generated value view; no generated-mask claim,future,5726.0,[],32.08185904041827,47.370899462217494,45.94517611445556,0.30173607430520927,ok,1.4765634186764973,0.3897173733122743,False,25.5,25.5,False,4034.0,column_shuffle,1339,primary,True,Mechanism-Valid,Admissible,,,
C0044,network_volume_forecast,network_volume_forecast|router__general__packet_length_mean,temporal,linear,5716,5716,17189,5716,complete generated value view; no generated-mask claim,near,5716.0,[],0.4282161439126719,0.6221098062169313,0.6192813788664557,0.30852733744959887,ok,1.4527939104131513,0.37348853723520337,False,108.93432600194046,108.93432600194046,False,512.6333681560927,column_shuffle,1339,primary,True,Mechanism-Valid,Admissible,,,
C0044,network_volume_forecast,network_volume_forecast|router__general__packet_length_mean,temporal,linear,5716,5716,17189,5716,complete generated value view; no generated-mask claim,future,5717.0,[],0.29127227997175636,0.5133918860895993,0.511620385158303,0.4306867192525326,ok,1.7625840884665753,0.5667809643344816,False,107.56793568533652,107.56793568533652,False,512.6333681560927,column_shuffle,1339,primary,True,Mechanism-Valid,Admissible,,,
C0065,network_volume_forecast,network_volume_forecast|router__general__packet_length_min,temporal,linear,5727,5727,17200,5727,complete generated value view; no generated-mask claim,near,5727.0,[],0.518778322976835,0.5347124411618347,0.6886677143356033,0.24669283577881992,ok,1.0307146954282267,0.030252440675304925,True,18.0,18.0,False,44.0,column_shuffle,1339,primary,True,Mechanism-Valid,Admissible,,,
C0065,network_volume_forecast,network_volume_forecast|router__general__packet_length_min,temporal,linear,5727,5727,17200,5727,complete generated value view; no generated-mask claim,future,5728.0,[],0.5134338979310422,0.5252176908379331,0.6423805090006207,0.20073244636607412,ok,1.0229509445215352,0.022691533250358945,True,18.0,18.0,False,44.0,column_shuffle,1339,primary,True,Mechanism-Valid,Admissible,,,
C0066,network_volume_forecast,network_volume_forecast|router__general__packet_length_min,temporal,linear,5725,5725,17198,5725,complete generated value view; no generated-mask claim,near,5725.0,[],0.5183832463512495,0.5346614841264689,0.6885589519650656,0.2471476191372645,ok,1.0314019364819313,0.03091898016052475,True,18.0,18.0,False,44.0,column_shuffle,1339,primary,True,Mechanism-Valid,Admissible,,,
C0066,network_volume_forecast,network_volume_forecast|router__general__packet_length_min,temporal,linear,5725,5725,17198,5725,complete generated value view; no generated-mask claim,future,5726.0,[],0.5141545489404717,0.5251825404083923,0.6424302402297513,0.19967256093580604,ok,1.021448787121783,0.02122199904251167,True,18.0,18.0,False,44.0,column_shuffle,1339,primary,True,Mechanism-Valid,Admissible,,,
C0067,network_volume_forecast,network_volume_forecast|router__general__packet_length_min,temporal,linear,5716,5716,17189,5716,complete generated value view; no generated-mask claim,near,5716.0,[],0.46325414441464485,0.5367791361272077,0.6885934219734079,0.32724575978808174,ok,1.1587141585219212,0.14731090626263166,False,18.0,18.0,False,44.0,column_shuffle,1339,primary,True,Mechanism-Valid,Admissible,,,
C0067,network_volume_forecast,network_volume_forecast|router__general__packet_length_min,temporal,linear,5716,5716,17189,5716,complete generated value view; no generated-mask claim,future,5717.0,[],0.47146587767091247,0.5267172722833567,0.6422171690669154,0.26587780523539944,ok,1.1171906541474255,0.11081718962910504,False,18.0,18.0,False,44.0,column_shuffle,1339,primary,True,Mechanism-Valid,Admissible,,,
C0071,network_burst_prediction,network_burst_prediction|router__iot_named__mqtt_port_packets,temporal,linear,5727,5727,17204,5727,complete generated value view; no generated-mask claim,near,5727.0,[],0.013593143390262831,0.07191994988274823,0.02212824849553467,0.3857108305248002,ok,5.290899081831698,1.6659881901872096,False,,,,0.1176881438798673,column_shuffle,1339,primary,True,Mechanism-Valid,Not-Estimable,0.8510904535489565,0.19323530351392065,0.010825912345032303
C0071,network_burst_prediction,network_burst_prediction|router__iot_named__mqtt_port_packets,temporal,linear,5727,5727,17204,5727,complete generated value view; no generated-mask claim,future,5728.0,[],0.06357909205919211,0.10270359358040893,0.07058322925564826,0.09923231439422503,ok,1.6153674148852568,0.47956243227702233,False,,,,0.1176881438798673,column_shuffle,1339,primary,True,Mechanism-Valid,Not-Estimable,0.8523938725028009,0.16241402509555858,0.07419692737430168
C0081,network_volume_forecast,network_volume_forecast|router__iot_named__udp_count,temporal,linear,5725,5725,17202,5725,complete generated value view; no generated-mask claim,near,5725.0,[],0.18293645284687168,0.5588496980404594,0.435589519650655,0.5800255869480339,ok,3.0548843018632743,1.1167417201758907,False,4.0,4.0,False,1.0,column_shuffle,1339,primary,True,Mechanism-Valid,Admissible,,,
C0081,network_volume_forecast,network_volume_forecast|router__iot_named__udp_count,temporal,linear,5725,5725,17202,5725,complete generated value view; no generated-mask claim,future,5726.0,[],0.177899279199873,0.5432846730101031,0.42678134823611596,0.5831606045223641,ok,3.0538891189081947,1.1164158992965307,False,4.0,4.0,False,1.0,column_shuffle,1339,primary,True,Mechanism-Valid,Admissible,,,
C0082,network_volume_forecast,network_volume_forecast|router__iot_named__udp_count,temporal,linear,5716,5716,17193,5716,complete generated value view; no generated-mask claim,near,5716.0,[],0.19014978301614147,0.5535373123737846,0.43557557732680197,0.5634516880328287,ok,2.911059395354639,1.06851706831852,False,4.0,4.0,False,1.0,column_shuffle,1339,primary,True,Mechanism-Valid,Admissible,,,
C0082,network_volume_forecast,network_volume_forecast|router__iot_named__udp_count,temporal,linear,5716,5716,17193,5716,complete generated value view; no generated-mask claim,future,5717.0,[],0.17731858796666228,0.5380311627320448,0.4267972712961343,0.5845367346699146,ok,3.03426261680586,1.1099684351256585,False,4.0,4.0,False,1.0,column_shuffle,1339,primary,True,Mechanism-Valid,Admissible,,,
C0085,network_volume_forecast,network_volume_forecast|router__iot_named__dns_port_packets,temporal,linear,5725,5725,17202,5725,complete generated value view; no generated-mask claim,near,5725.0,[],0.09438529328220864,0.4541925999960786,0.34790393013100435,0.7287029978457917,ok,4.812111974246443,1.5711360676352202,False,4.0,4.0,False,0.0,column_shuffle,1339,primary,True,Mechanism-Valid,Admissible,,,
C0085,network_volume_forecast,network_volume_forecast|router__iot_named__dns_port_packets,temporal,linear,5725,5725,17202,5725,complete generated value view; no generated-mask claim,future,5726.0,[],0.07701889161686007,0.4491716235384045,0.3413377575969263,0.7743616406251519,ok,5.831966860453717,1.7633543123263091,False,4.0,4.0,False,0.0,column_shuffle,1339,primary,True,Mechanism-Valid,Admissible,,,
C0086,network_volume_forecast,network_volume_forecast|router__iot_named__dns_port_packets,temporal,linear,5716,5716,17193,5716,complete generated value view; no generated-mask claim,near,5716.0,[],0.1033470496319522,0.45799542978468416,0.3479268719384185,0.7029633007184218,ok,4.431625589852194,1.4887664670524825,False,4.0,4.0,False,0.0,column_shuffle,1339,primary,True,Mechanism-Valid,Admissible,,,
C0086,network_volume_forecast,network_volume_forecast|router__iot_named__dns_port_packets,temporal,linear,5716,5716,17193,5716,complete generated value view; no generated-mask claim,future,5717.0,[],0.08184232297743387,0.4530295697485659,0.34135035857967466,0.7602395283310328,ok,5.535394808789559,1.7111628931180476,False,4.0,4.0,False,0.0,column_shuffle,1339,primary,True,Mechanism-Valid,Admissible,,,
C0034,network_volume_forecast,network_volume_forecast|router__general__packet_length_max,temporal,linear,5727,5727,17200,5727,complete generated value view; no generated-mask claim,near,5727.0,[],1.8950680916634337,2.579231215935903,1.835925208529884,-0.03221421159139063,ok,1.361022977106818,0.3082366060446887,False,387.0,387.0,False,4034.0,column_shuffle,1340,primary,True,Mechanism-Valid,Admissible,,,
C0034,network_volume_forecast,network_volume_forecast|router__general__packet_length_max,temporal,linear,5727,5727,17200,5727,complete generated value view; no generated-mask claim,future,5728.0,[],31.679058490019813,30.350648731850917,45.04995702621401,0.29680158248350463,ok,0.9580666275613148,-0.04283795482704341,True,26.0,26.0,False,4034.0,column_shuffle,1340,primary,True,Mechanism-Valid,Admissible,,,
C0035,network_volume_forecast,network_volume_forecast|router__general__packet_length_max,temporal,linear,5725,5725,17198,5725,complete generated value view; no generated-mask claim,near,5725.0,[],1.9360165155859774,2.5223820511781554,1.8353966803200072,-0.05482184660398688,ok,1.3028721763846636,0.2645711938560916,False,387.0,387.0,False,4034.0,column_shuffle,1340,primary,True,Mechanism-Valid,Admissible,,,
C0035,network_volume_forecast,network_volume_forecast|router__general__packet_length_max,temporal,linear,5725,5725,17198,5725,complete generated value view; no generated-mask claim,future,5726.0,[],32.08185904041827,30.15957523388628,45.94517611445556,0.30173607430520927,ok,0.9400819072202079,-0.06178827217350405,True,25.5,25.5,False,4034.0,column_shuffle,1340,primary,True,Mechanism-Valid,Admissible,,,
C0044,network_volume_forecast,network_volume_forecast|router__general__packet_length_mean,temporal,linear,5716,5716,17189,5716,complete generated value view; no generated-mask claim,near,5716.0,[],0.4282161439126719,0.6101748123108554,0.6192813788664557,0.30852733744959887,ok,1.4249224859567442,0.354117416421279,False,108.93432600194046,108.93432600194046,False,512.6333681560927,column_shuffle,1340,primary,True,Mechanism-Valid,Admissible,,,
C0044,network_volume_forecast,network_volume_forecast|router__general__packet_length_mean,temporal,linear,5716,5716,17189,5716,complete generated value view; no generated-mask claim,future,5717.0,[],0.29127227997175636,0.5057372812643254,0.511620385158303,0.4306867192525326,ok,1.7363041938400898,0.5517588277541354,False,107.56793568533652,107.56793568533652,False,512.6333681560927,column_shuffle,1340,primary,True,Mechanism-Valid,Admissible,,,
C0065,network_volume_forecast,network_volume_forecast|router__general__packet_length_min,temporal,linear,5727,5727,17200,5727,complete generated value view; no generated-mask claim,near,5727.0,[],0.518778322976835,0.5418165760783926,0.6886677143356033,0.24669283577881992,ok,1.0444086656692986,0.04345085507890344,True,18.0,18.0,False,44.0,column_shuffle,1340,primary,True,Mechanism-Valid,Admissible,,,
C0065,network_volume_forecast,network_volume_forecast|router__general__packet_length_min,temporal,linear,5727,5727,17200,5727,complete generated value view; no generated-mask claim,future,5728.0,[],0.5134338979310422,0.5305464059242857,0.6423805090006207,0.20073244636607412,ok,1.0333295251096604,0.032786137438451816,True,18.0,18.0,False,44.0,column_shuffle,1340,primary,True,Mechanism-Valid,Admissible,,,
C0066,network_volume_forecast,network_volume_forecast|router__general__packet_length_min,temporal,linear,5725,5725,17198,5725,complete generated value view; no generated-mask claim,near,5725.0,[],0.5183832463512495,0.5366940602190362,0.6885589519650656,0.2471476191372645,ok,1.0353229275765974,0.03471338537355448,True,18.0,18.0,False,44.0,column_shuffle,1340,primary,True,Mechanism-Valid,Admissible,,,
C0066,network_volume_forecast,network_volume_forecast|router__general__packet_length_min,temporal,linear,5725,5725,17198,5725,complete generated value view; no generated-mask claim,future,5726.0,[],0.5141545489404717,0.5273229532644925,0.6424302402297513,0.19967256093580604,ok,1.0256117627494634,0.025289276257990875,True,18.0,18.0,False,44.0,column_shuffle,1340,primary,True,Mechanism-Valid,Admissible,,,
C0067,network_volume_forecast,network_volume_forecast|router__general__packet_length_min,temporal,linear,5716,5716,17189,5716,complete generated value view; no generated-mask claim,near,5716.0,[],0.46325414441464485,0.5407285132122158,0.6885934219734079,0.32724575978808174,ok,1.1672394510263162,0.15464151736935738,False,18.0,18.0,False,44.0,column_shuffle,1340,primary,True,Mechanism-Valid,Admissible,,,
C0067,network_volume_forecast,network_volume_forecast|router__general__packet_length_min,temporal,linear,5716,5716,17189,5716,complete generated value view; no generated-mask claim,future,5717.0,[],0.47146587767091247,0.5296690025926325,0.6422171690669154,0.26587780523539944,ok,1.123451404816928,0.11640555831831977,False,18.0,18.0,False,44.0,column_shuffle,1340,primary,True,Mechanism-Valid,Admissible,,,
C0071,network_burst_prediction,network_burst_prediction|router__iot_named__mqtt_port_packets,temporal,linear,5727,5727,17204,5727,complete generated value view; no generated-mask claim,near,5727.0,[],0.013593143390262831,0.011242935964114116,0.02212824849553467,0.3857108305248002,ok,0.8271034624829869,-0.18982548599998242,True,,,,0.1176881438798673,column_shuffle,1340,primary,True,Mechanism-Valid,Not-Estimable,0.8510904535489565,0.19323530351392065,0.010825912345032303
C0071,network_burst_prediction,network_burst_prediction|router__iot_named__mqtt_port_packets,temporal,linear,5727,5727,17204,5727,complete generated value view; no generated-mask claim,future,5728.0,[],0.06357909205919211,0.0711506256788025,0.07058322925564826,0.09923231439422503,ok,1.1190884200196078,0.11251444320507831,False,,,,0.1176881438798673,column_shuffle,1340,primary,True,Mechanism-Valid,Not-Estimable,0.8523938725028009,0.16241402509555858,0.07419692737430168
C0081,network_volume_forecast,network_volume_forecast|router__iot_named__udp_count,temporal,linear,5725,5725,17202,5725,complete generated value view; no generated-mask claim,near,5725.0,[],0.18293645284687168,0.47956077411955506,0.435589519650655,0.5800255869480339,ok,2.6214609863512273,0.9637317907344063,False,4.0,4.0,False,1.0,column_shuffle,1340,primary,True,Mechanism-Valid,Admissible,,,
C0081,network_volume_forecast,network_volume_forecast|router__iot_named__udp_count,temporal,linear,5725,5725,17202,5725,complete generated value view; no generated-mask claim,future,5726.0,[],0.177899279199873,0.46788893674912435,0.42678134823611596,0.5831606045223641,ok,2.6300777544098017,0.9670134101670278,False,4.0,4.0,False,1.0,column_shuffle,1340,primary,True,Mechanism-Valid,Admissible,,,
C0082,network_volume_forecast,network_volume_forecast|router__iot_named__udp_count,temporal,linear,5716,5716,17193,5716,complete generated value view; no generated-mask claim,near,5716.0,[],0.19014978301614147,0.4720626455543102,0.43557557732680197,0.5634516880328287,ok,2.482583140861316,0.9092996071563733,False,4.0,4.0,False,1.0,column_shuffle,1340,primary,True,Mechanism-Valid,Admissible,,,
C0082,network_volume_forecast,network_volume_forecast|router__iot_named__udp_count,temporal,linear,5716,5716,17193,5716,complete generated value view; no generated-mask claim,future,5717.0,[],0.17731858796666228,0.4604947007995596,0.4267972712961343,0.5845367346699146,ok,2.5969905697993565,0.9543533014839364,False,4.0,4.0,False,1.0,column_shuffle,1340,primary,True,Mechanism-Valid,Admissible,,,
C0085,network_volume_forecast,network_volume_forecast|router__iot_named__dns_port_packets,temporal,linear,5725,5725,17202,5725,complete generated value view; no generated-mask claim,near,5725.0,[],0.09438529328220864,0.45875014286956806,0.34790393013100435,0.7287029978457917,ok,4.860398552748272,1.5811204412883613,False,4.0,4.0,False,0.0,column_shuffle,1340,primary,True,Mechanism-Valid,Admissible,,,
C0085,network_volume_forecast,network_volume_forecast|router__iot_named__dns_port_packets,temporal,linear,5725,5725,17202,5725,complete generated value view; no generated-mask claim,future,5726.0,[],0.07701889161686007,0.4537953456569696,0.3413377575969263,0.7743616406251519,ok,5.89200047066933,1.773595578483159,False,4.0,4.0,False,0.0,column_shuffle,1340,primary,True,Mechanism-Valid,Admissible,,,
C0086,network_volume_forecast,network_volume_forecast|router__iot_named__dns_port_packets,temporal,linear,5716,5716,17193,5716,complete generated value view; no generated-mask claim,near,5716.0,[],0.1033470496319522,0.45438998048245294,0.3479268719384185,0.7029633007184218,ok,4.396738775810853,1.4808630787933803,False,4.0,4.0,False,0.0,column_shuffle,1340,primary,True,Mechanism-Valid,Admissible,,,
C0086,network_volume_forecast,network_volume_forecast|router__iot_named__dns_port_packets,temporal,linear,5716,5716,17193,5716,complete generated value view; no generated-mask claim,future,5717.0,[],0.08184232297743387,0.44931051171819714,0.34135035857967466,0.7602395283310328,ok,5.489953063063522,1.7029197059518357,False,4.0,4.0,False,0.0,column_shuffle,1340,primary,True,Mechanism-Valid,Admissible,,,
C0034,network_volume_forecast,network_volume_forecast|router__general__packet_length_max,temporal,linear,5727,5727,17200,5727,complete generated value view; no generated-mask claim,near,5727.0,[],1.8950680916634337,1.7866835366394132,1.835925208529884,-0.03221421159139063,ok,0.9428070392294539,-0.058893641646109794,True,387.0,387.0,False,4034.0,column_shuffle,1341,primary,True,Mechanism-Valid,Admissible,,,
C0034,network_volume_forecast,network_volume_forecast|router__general__packet_length_max,temporal,linear,5727,5727,17200,5727,complete generated value view; no generated-mask claim,future,5728.0,[],31.679058490019813,45.80254081161305,45.04995702621401,0.29680158248350463,ok,1.445830242273226,0.3686837186935747,False,26.0,26.0,False,4034.0,column_shuffle,1341,primary,True,Mechanism-Valid,Admissible,,,
C0035,network_volume_forecast,network_volume_forecast|router__general__packet_length_max,temporal,linear,5725,5725,17198,5725,complete generated value view; no generated-mask claim,near,5725.0,[],1.9360165155859774,1.7940755819425591,1.8353966803200072,-0.05482184660398688,ok,0.9266840274859656,-0.0761426264439711,True,387.0,387.0,False,4034.0,column_shuffle,1341,primary,True,Mechanism-Valid,Admissible,,,
C0035,network_volume_forecast,network_volume_forecast|router__general__packet_length_max,temporal,linear,5725,5725,17198,5725,complete generated value view; no generated-mask claim,future,5726.0,[],32.08185904041827,47.474166912051224,45.94517611445556,0.30173607430520927,ok,1.4797822922992392,0.39189497715797594,False,25.5,25.5,False,4034.0,column_shuffle,1341,primary,True,Mechanism-Valid,Admissible,,,
C0044,network_volume_forecast,network_volume_forecast|router__general__packet_length_mean,temporal,linear,5716,5716,17189,5716,complete generated value view; no generated-mask claim,near,5716.0,[],0.4282161439126719,0.6247390056335375,0.6192813788664557,0.30852733744959887,ok,1.458933799004419,0.3777058942853122,False,108.93432600194046,108.93432600194046,False,512.6333681560927,column_shuffle,1341,primary,True,Mechanism-Valid,Admissible,,,
C0044,network_volume_forecast,network_volume_forecast|router__general__packet_length_mean,temporal,linear,5716,5716,17189,5716,complete generated value view; no generated-mask claim,future,5717.0,[],0.29127227997175636,0.5172234423764998,0.511620385158303,0.4306867192525326,ok,1.77573864023948,0.5742164717132648,False,107.56793568533652,107.56793568533652,False,512.6333681560927,column_shuffle,1341,primary,True,Mechanism-Valid,Admissible,,,
C0065,network_volume_forecast,network_volume_forecast|router__general__packet_length_min,temporal,linear,5727,5727,17200,5727,complete generated value view; no generated-mask claim,near,5727.0,[],0.518778322976835,0.5485889286200019,0.6886677143356033,0.24669283577881992,ok,1.057463090346776,0.055872728583815603,True,18.0,18.0,False,44.0,column_shuffle,1341,primary,True,Mechanism-Valid,Admissible,,,
C0065,network_volume_forecast,network_volume_forecast|router__general__packet_length_min,temporal,linear,5727,5727,17200,5727,complete generated value view; no generated-mask claim,future,5728.0,[],0.5134338979310422,0.5355376837913891,0.6423805090006207,0.20073244636607412,ok,1.0430508892175163,0.04214996602446838,True,18.0,18.0,False,44.0,column_shuffle,1341,primary,True,Mechanism-Valid,Admissible,,,
C0066,network_volume_forecast,network_volume_forecast|router__general__packet_length_min,temporal,linear,5725,5725,17198,5725,complete generated value view; no generated-mask claim,near,5725.0,[],0.5183832463512495,0.5417137406617683,0.6885589519650656,0.2471476191372645,ok,1.0450062660680786,0.044022881636192716,True,18.0,18.0,False,44.0,column_shuffle,1341,primary,True,Mechanism-Valid,Admissible,,,
C0066,network_volume_forecast,network_volume_forecast|router__general__packet_length_min,temporal,linear,5725,5725,17198,5725,complete generated value view; no generated-mask claim,future,5726.0,[],0.5141545489404717,0.5312351684415383,0.6424302402297513,0.19967256093580604,ok,1.0332207884502138,0.03268090248836769,True,18.0,18.0,False,44.0,column_shuffle,1341,primary,True,Mechanism-Valid,Admissible,,,
C0067,network_volume_forecast,network_volume_forecast|router__general__packet_length_min,temporal,linear,5716,5716,17189,5716,complete generated value view; no generated-mask claim,near,5716.0,[],0.46325414441464485,0.550540940278149,0.6885934219734079,0.32724575978808174,ok,1.188420971330537,0.1726255111440989,False,18.0,18.0,False,44.0,column_shuffle,1341,primary,True,Mechanism-Valid,Admissible,,,
C0067,network_volume_forecast,network_volume_forecast|router__general__packet_length_min,temporal,linear,5716,5716,17189,5716,complete generated value view; no generated-mask claim,future,5717.0,[],0.47146587767091247,0.5370275592626111,0.6422171690669154,0.26587780523539944,ok,1.1390592293032527,0.13020268425724024,False,18.0,18.0,False,44.0,column_shuffle,1341,primary,True,Mechanism-Valid,Admissible,,,
C0071,network_burst_prediction,network_burst_prediction|router__iot_named__mqtt_port_packets,temporal,linear,5727,5727,17204,5727,complete generated value view; no generated-mask claim,near,5727.0,[],0.013593143390262831,0.010930123694898585,0.02212824849553467,0.3857108305248002,ok,0.8040909582935876,-0.2180428839961814,True,,,,0.1176881438798673,column_shuffle,1341,primary,True,Mechanism-Valid,Not-Estimable,0.8510904535489565,0.19323530351392065,0.010825912345032303
C0071,network_burst_prediction,network_burst_prediction|router__iot_named__mqtt_port_packets,temporal,linear,5727,5727,17204,5727,complete generated value view; no generated-mask claim,future,5728.0,[],0.06357909205919211,0.07143590522297665,0.07058322925564826,0.09923231439422503,ok,1.123575422506346,0.11651594212685809,False,,,,0.1176881438798673,column_shuffle,1341,primary,True,Mechanism-Valid,Not-Estimable,0.8523938725028009,0.16241402509555858,0.07419692737430168
C0081,network_volume_forecast,network_volume_forecast|router__iot_named__udp_count,temporal,linear,5725,5725,17202,5725,complete generated value view; no generated-mask claim,near,5725.0,[],0.18293645284687168,0.4954526755384425,0.435589519650655,0.5800255869480339,ok,2.7083321439120986,0.9963330003766776,False,4.0,4.0,False,1.0,column_shuffle,1341,primary,True,Mechanism-Valid,Admissible,,,
C0081,network_volume_forecast,network_volume_forecast|router__iot_named__udp_count,temporal,linear,5725,5725,17202,5725,complete generated value view; no generated-mask claim,future,5726.0,[],0.177899279199873,0.4822245766385303,0.42678134823611596,0.5831606045223641,ok,2.7106606547671417,0.997192389228023,False,4.0,4.0,False,1.0,column_shuffle,1341,primary,True,Mechanism-Valid,Admissible,,,
C0082,network_volume_forecast,network_volume_forecast|router__iot_named__udp_count,temporal,linear,5716,5716,17193,5716,complete generated value view; no generated-mask claim,near,5716.0,[],0.19014978301614147,0.49392453143102605,0.43557557732680197,0.5634516880328287,ok,2.5975550621012156,0.9545706418806073,False,4.0,4.0,False,1.0,column_shuffle,1341,primary,True,Mechanism-Valid,Admissible,,,
C0082,network_volume_forecast,network_volume_forecast|router__iot_named__udp_count,temporal,linear,5716,5716,17193,5716,complete generated value view; no generated-mask claim,future,5717.0,[],0.17731858796666228,0.4805934974713588,0.4267972712961343,0.5845367346699146,ok,2.710339073767694,0.9970737465362951,False,4.0,4.0,False,1.0,column_shuffle,1341,primary,True,Mechanism-Valid,Admissible,,,
C0085,network_volume_forecast,network_volume_forecast|router__iot_named__dns_port_packets,temporal,linear,5725,5725,17202,5725,complete generated value view; no generated-mask claim,near,5725.0,[],0.09438529328220864,0.45718631849046254,0.34790393013100435,0.7287029978457917,ok,4.8438300352947135,1.5777057373986927,False,4.0,4.0,False,0.0,column_shuffle,1341,primary,True,Mechanism-Valid,Admissible,,,
C0085,network_volume_forecast,network_volume_forecast|router__iot_named__dns_port_packets,temporal,linear,5725,5725,17202,5725,complete generated value view; no generated-mask claim,future,5726.0,[],0.07701889161686007,0.4522088020106468,0.3413377575969263,0.7743616406251519,ok,5.871401061705938,1.7700932870816795,False,4.0,4.0,False,0.0,column_shuffle,1341,primary,True,Mechanism-Valid,Admissible,,,
C0086,network_volume_forecast,network_volume_forecast|router__iot_named__dns_port_packets,temporal,linear,5716,5716,17193,5716,complete generated value view; no generated-mask claim,near,5716.0,[],0.1033470496319522,0.4542914238244953,0.3479268719384185,0.7029633007184218,ok,4.395785128287207,1.4806461564312037,False,4.0,4.0,False,0.0,column_shuffle,1341,primary,True,Mechanism-Valid,Admissible,,,
C0086,network_volume_forecast,network_volume_forecast|router__iot_named__dns_port_packets,temporal,linear,5716,5716,17193,5716,complete generated value view; no generated-mask claim,future,5717.0,[],0.08184232297743387,0.44922121906614465,0.34135035857967466,0.7602395283310328,ok,5.488862030345926,1.7027209535888703,False,4.0,4.0,False,0.0,column_shuffle,1341,primary,True,Mechanism-Valid,Admissible,,,
C0034,network_volume_forecast,network_volume_forecast|router__general__packet_length_max,temporal,linear,5727,5727,17200,5727,complete generated value view; no generated-mask claim,near,5727.0,[],1.8950680916634337,2.092719477662442,1.835925208529884,-0.03221421159139063,ok,1.1042977752981507,0.09920963548787258,False,387.0,387.0,False,4034.0,hurdle_iid,1337,primary,True,Mechanism-Valid,Admissible,,,
C0034,network_volume_forecast,network_volume_forecast|router__general__packet_length_max,temporal,linear,5727,5727,17200,5727,complete generated value view; no generated-mask claim,future,5728.0,[],31.679058490019813,38.95609840522603,45.04995702621401,0.29680158248350463,ok,1.2297113696576172,0.20677948303269314,False,26.0,26.0,False,4034.0,hurdle_iid,1337,primary,True,Mechanism-Valid,Admissible,,,
C0035,network_volume_forecast,network_volume_forecast|router__general__packet_length_max,temporal,linear,5725,5725,17198,5725,complete generated value view; no generated-mask claim,near,5725.0,[],1.9360165155859774,2.0834209083053814,1.8353966803200072,-0.05482184660398688,ok,1.0761379830867759,0.07337869058741686,True,387.0,387.0,False,4034.0,hurdle_iid,1337,primary,True,Mechanism-Valid,Admissible,,,
C0035,network_volume_forecast,network_volume_forecast|router__general__packet_length_max,temporal,linear,5725,5725,17198,5725,complete generated value view; no generated-mask claim,future,5726.0,[],32.08185904041827,39.326934035105495,45.94517611445556,0.30173607430520927,ok,1.225830896693347,0.2036188970817092,False,25.5,25.5,False,4034.0,hurdle_iid,1337,primary,True,Mechanism-Valid,Admissible,,,
C0044,network_volume_forecast,network_volume_forecast|router__general__packet_length_mean,temporal,linear,5716,5716,17189,5716,complete generated value view; no generated-mask claim,near,5716.0,[],0.4282161439126719,0.6155733545170415,0.6192813788664557,0.30852733744959887,ok,1.4375295356509918,0.36292604001811163,False,108.93432600194046,108.93432600194046,False,512.6333681560927,hurdle_iid,1337,primary,True,Mechanism-Valid,Admissible,,,
C0044,network_volume_forecast,network_volume_forecast|router__general__packet_length_mean,temporal,linear,5716,5716,17189,5716,complete generated value view; no generated-mask claim,future,5717.0,[],0.29127227997175636,0.5092213819246588,0.511620385158303,0.4306867192525326,ok,1.7482658561742854,0.5586243573014703,False,107.56793568533652,107.56793568533652,False,512.6333681560927,hurdle_iid,1337,primary,True,Mechanism-Valid,Admissible,,,
C0065,network_volume_forecast,network_volume_forecast|router__general__packet_length_min,temporal,linear,5727,5727,17200,5727,complete generated value view; no generated-mask claim,near,5727.0,[],0.518778322976835,0.5286677578585797,0.6886677143356033,0.24669283577881992,ok,1.0190629300488068,0.018883509005761044,True,18.0,18.0,False,44.0,hurdle_iid,1337,primary,True,Mechanism-Valid,Admissible,,,
C0065,network_volume_forecast,network_volume_forecast|router__general__packet_length_min,temporal,linear,5727,5727,17200,5727,complete generated value view; no generated-mask claim,future,5728.0,[],0.5134338979310422,0.5205672806936653,0.6423805090006207,0.20073244636607412,ok,1.013893478384205,0.01379784874760801,True,18.0,18.0,False,44.0,hurdle_iid,1337,primary,True,Mechanism-Valid,Admissible,,,
C0066,network_volume_forecast,network_volume_forecast|router__general__packet_length_min,temporal,linear,5725,5725,17198,5725,complete generated value view; no generated-mask claim,near,5725.0,[],0.5183832463512495,0.5229967426720021,0.6885589519650656,0.2471476191372645,ok,1.0088997789824916,0.008860409364367638,True,18.0,18.0,False,44.0,hurdle_iid,1337,primary,True,Mechanism-Valid,Admissible,,,
C0066,network_volume_forecast,network_volume_forecast|router__general__packet_length_min,temporal,linear,5725,5725,17198,5725,complete generated value view; no generated-mask claim,future,5726.0,[],0.5141545489404717,0.5171005974803177,0.6424302402297513,0.19967256093580604,ok,1.0057298890886348,0.005713535713098744,True,18.0,18.0,False,44.0,hurdle_iid,1337,primary,True,Mechanism-Valid,Admissible,,,
C0067,network_volume_forecast,network_volume_forecast|router__general__packet_length_min,temporal,linear,5716,5716,17189,5716,complete generated value view; no generated-mask claim,near,5716.0,[],0.46325414441464485,0.5271989225666958,0.6885934219734079,0.32724575978808174,ok,1.1380339041172525,0.12930212798200785,False,18.0,18.0,False,44.0,hurdle_iid,1337,primary,True,Mechanism-Valid,Admissible,,,
C0067,network_volume_forecast,network_volume_forecast|router__general__packet_length_min,temporal,linear,5716,5716,17189,5716,complete generated value view; no generated-mask claim,future,5717.0,[],0.47146587767091247,0.5195332104318934,0.6422171690669154,0.26587780523539944,ok,1.1019529408966737,0.09708400645835813,False,18.0,18.0,False,44.0,hurdle_iid,1337,primary,True,Mechanism-Valid,Admissible,,,
C0071,network_burst_prediction,network_burst_prediction|router__iot_named__mqtt_port_packets,temporal,linear,5727,5727,17204,5727,complete generated value view; no generated-mask claim,near,5727.0,[],0.013593143390262831,0.02428888253968417,0.02212824849553467,0.3857108305248002,ok,1.7868481073393967,0.5804532338738171,False,,,,0.1176881438798673,hurdle_iid,1337,primary,True,Mechanism-Valid,Not-Estimable,0.8510904535489565,0.19323530351392065,0.010825912345032303
C0071,network_burst_prediction,network_burst_prediction|router__iot_named__mqtt_port_packets,temporal,linear,5727,5727,17204,5727,complete generated value view; no generated-mask claim,future,5728.0,[],0.06357909205919211,0.07185922056655515,0.07058322925564826,0.09923231439422503,ok,1.1302335129236234,0.12242425998034379,False,,,,0.1176881438798673,hurdle_iid,1337,primary,True,Mechanism-Valid,Not-Estimable,0.8523938725028009,0.16241402509555858,0.07419692737430168
C0081,network_volume_forecast,network_volume_forecast|router__iot_named__udp_count,temporal,linear,5725,5725,17202,5725,complete generated value view; no generated-mask claim,near,5725.0,[],0.18293645284687168,0.5103610114687187,0.435589519650655,0.5800255869480339,ok,2.7898267596558255,1.0259795005920804,False,4.0,4.0,False,1.0,hurdle_iid,1337,primary,True,Mechanism-Valid,Admissible,,,
C0081,network_volume_forecast,network_volume_forecast|router__iot_named__udp_count,temporal,linear,5725,5725,17202,5725,complete generated value view; no generated-mask claim,future,5726.0,[],0.177899279199873,0.4965404383918693,0.42678134823611596,0.5831606045223641,ok,2.791132379091864,1.0264473841323098,False,4.0,4.0,False,1.0,hurdle_iid,1337,primary,True,Mechanism-Valid,Admissible,,,
C0082,network_volume_forecast,network_volume_forecast|router__iot_named__udp_count,temporal,linear,5716,5716,17193,5716,complete generated value view; no generated-mask claim,near,5716.0,[],0.19014978301614147,0.5144417319179746,0.43557557732680197,0.5634516880328287,ok,2.7054552666741913,0.9952702037463272,False,4.0,4.0,False,1.0,hurdle_iid,1337,primary,True,Mechanism-Valid,Admissible,,,
C0082,network_volume_forecast,network_volume_forecast|router__iot_named__udp_count,temporal,linear,5716,5716,17193,5716,complete generated value view; no generated-mask claim,future,5717.0,[],0.17731858796666228,0.5005041589083808,0.4267972712961343,0.5845367346699146,ok,2.8226265765351166,1.0376678615756056,False,4.0,4.0,False,1.0,hurdle_iid,1337,primary,True,Mechanism-Valid,Admissible,,,
C0085,network_volume_forecast,network_volume_forecast|router__iot_named__dns_port_packets,temporal,linear,5725,5725,17202,5725,complete generated value view; no generated-mask claim,near,5725.0,[],0.09438529328220864,0.46775799572666493,0.34790393013100435,0.7287029978457917,ok,4.9558355911241945,1.6005657895128824,False,4.0,4.0,False,0.0,hurdle_iid,1337,primary,True,Mechanism-Valid,Admissible,,,
C0085,network_volume_forecast,network_volume_forecast|router__iot_named__dns_port_packets,temporal,linear,5725,5725,17202,5725,complete generated value view; no generated-mask claim,future,5726.0,[],0.07701889161686007,0.46293375367787754,0.3413377575969263,0.7743616406251519,ok,6.010651983682112,1.793533225805028,False,4.0,4.0,False,0.0,hurdle_iid,1337,primary,True,Mechanism-Valid,Admissible,,,
C0086,network_volume_forecast,network_volume_forecast|router__iot_named__dns_port_packets,temporal,linear,5716,5716,17193,5716,complete generated value view; no generated-mask claim,near,5716.0,[],0.1033470496319522,0.4449265901004983,0.3479268719384185,0.7029633007184218,ok,4.305169733291918,1.4598165641156913,False,4.0,4.0,False,0.0,hurdle_iid,1337,primary,True,Mechanism-Valid,Admissible,,,
C0086,network_volume_forecast,network_volume_forecast|router__iot_named__dns_port_packets,temporal,linear,5716,5716,17193,5716,complete generated value view; no generated-mask claim,future,5717.0,[],0.08184232297743387,0.43963075325154266,0.34135035857967466,0.7602395283310328,ok,5.371679801571135,1.6811406718158741,False,4.0,4.0,False,0.0,hurdle_iid,1337,primary,True,Mechanism-Valid,Admissible,,,
C0034,network_volume_forecast,network_volume_forecast|router__general__packet_length_max,temporal,linear,5727,5727,17200,5727,complete generated value view; no generated-mask claim,near,5727.0,[],1.8950680916634337,2.1531070905451144,1.835925208529884,-0.03221421159139063,ok,1.1361634444782307,0.12765718713117172,False,387.0,387.0,False,4034.0,hurdle_iid,1338,primary,True,Mechanism-Valid,Admissible,,,
C0034,network_volume_forecast,network_volume_forecast|router__general__packet_length_max,temporal,linear,5727,5727,17200,5727,complete generated value view; no generated-mask claim,future,5728.0,[],31.679058490019813,37.232702946917044,45.04995702621401,0.29680158248350463,ok,1.1753096437082198,0.16153163943928447,False,26.0,26.0,False,4034.0,hurdle_iid,1338,primary,True,Mechanism-Valid,Admissible,,,
C0035,network_volume_forecast,network_volume_forecast|router__general__packet_length_max,temporal,linear,5725,5725,17198,5725,complete generated value view; no generated-mask claim,near,5725.0,[],1.9360165155859774,2.151813257238425,1.8353966803200072,-0.05482184660398688,ok,1.1114643082407445,0.10567834256217452,False,387.0,387.0,False,4034.0,hurdle_iid,1338,primary,True,Mechanism-Valid,Admissible,,,
C0035,network_volume_forecast,network_volume_forecast|router__general__packet_length_max,temporal,linear,5725,5725,17198,5725,complete generated value view; no generated-mask claim,future,5726.0,[],32.08185904041827,37.947185223091374,45.94517611445556,0.30173607430520927,ok,1.182823762653021,0.16790459896433377,False,25.5,25.5,False,4034.0,hurdle_iid,1338,primary,True,Mechanism-Valid,Admissible,,,
C0044,network_volume_forecast,network_volume_forecast|router__general__packet_length_mean,temporal,linear,5716,5716,17189,5716,complete generated value view; no generated-mask claim,near,5716.0,[],0.4282161439126719,0.6195868618920961,0.6192813788664557,0.30852733744959887,ok,1.4469021560720312,0.3694248268918165,False,108.93432600194046,108.93432600194046,False,512.6333681560927,hurdle_iid,1338,primary,True,Mechanism-Valid,Admissible,,,
C0044,network_volume_forecast,network_volume_forecast|router__general__packet_length_mean,temporal,linear,5716,5716,17189,5716,complete generated value view; no generated-mask claim,future,5717.0,[],0.29127227997175636,0.5132204508308934,0.511620385158303,0.4306867192525326,ok,1.761995514577146,0.5664469818678112,False,107.56793568533652,107.56793568533652,False,512.6333681560927,hurdle_iid,1338,primary,True,Mechanism-Valid,Admissible,,,
C0065,network_volume_forecast,network_volume_forecast|router__general__packet_length_min,temporal,linear,5727,5727,17200,5727,complete generated value view; no generated-mask claim,near,5727.0,[],0.518778322976835,0.526509522467845,0.6886677143356033,0.24669283577881992,ok,1.014902703425708,0.014792749205128778,True,18.0,18.0,False,44.0,hurdle_iid,1338,primary,True,Mechanism-Valid,Admissible,,,
C0065,network_volume_forecast,network_volume_forecast|router__general__packet_length_min,temporal,linear,5727,5727,17200,5727,complete generated value view; no generated-mask claim,future,5728.0,[],0.5134338979310422,0.5193865056742113,0.6423805090006207,0.20073244636607412,ok,1.0115937178420746,0.011527025673862904,True,18.0,18.0,False,44.0,hurdle_iid,1338,primary,True,Mechanism-Valid,Admissible,,,
C0066,network_volume_forecast,network_volume_forecast|router__general__packet_length_min,temporal,linear,5725,5725,17198,5725,complete generated value view; no generated-mask claim,near,5725.0,[],0.5183832463512495,0.5281885318224876,0.6885589519650656,0.2471476191372645,ok,1.0189151280259434,0.01873846129777727,True,18.0,18.0,False,44.0,hurdle_iid,1338,primary,True,Mechanism-Valid,Admissible,,,
C0066,network_volume_forecast,network_volume_forecast|router__general__packet_length_min,temporal,linear,5725,5725,17198,5725,complete generated value view; no generated-mask claim,future,5726.0,[],0.5141545489404717,0.5202151511787404,0.6424302402297513,0.19967256093580604,ok,1.011787510682844,0.01171857913757,True,18.0,18.0,False,44.0,hurdle_iid,1338,primary,True,Mechanism-Valid,Admissible,,,
C0067,network_volume_forecast,network_volume_forecast|router__general__packet_length_min,temporal,linear,5716,5716,17189,5716,complete generated value view; no generated-mask claim,near,5716.0,[],0.46325414441464485,0.5246973737849301,0.6885934219734079,0.32724575978808174,ok,1.1326339550570523,0.1245458539912993,False,18.0,18.0,False,44.0,hurdle_iid,1338,primary,True,Mechanism-Valid,Admissible,,,
C0067,network_volume_forecast,network_volume_forecast|router__general__packet_length_min,temporal,linear,5716,5716,17189,5716,complete generated value view; no generated-mask claim,future,5717.0,[],0.47146587767091247,0.517655169577197,0.6422171690669154,0.26587780523539944,ok,1.0979695330963593,0.09346259506699205,True,18.0,18.0,False,44.0,hurdle_iid,1338,primary,True,Mechanism-Valid,Admissible,,,
C0071,network_burst_prediction,network_burst_prediction|router__iot_named__mqtt_port_packets,temporal,linear,5727,5727,17204,5727,complete generated value view; no generated-mask claim,near,5727.0,[],0.013593143390262831,0.024690436105789675,0.02212824849553467,0.3857108305248002,ok,1.8163889982560002,0.596850463328359,False,,,,0.1176881438798673,hurdle_iid,1338,primary,True,Mechanism-Valid,Not-Estimable,0.8510904535489565,0.19323530351392065,0.010825912345032303
C0071,network_burst_prediction,network_burst_prediction|router__iot_named__mqtt_port_packets,temporal,linear,5727,5727,17204,5727,complete generated value view; no generated-mask claim,future,5728.0,[],0.06357909205919211,0.07143390530157376,0.07058322925564826,0.09923231439422503,ok,1.123543966860502,0.11648794570976095,False,,,,0.1176881438798673,hurdle_iid,1338,primary,True,Mechanism-Valid,Not-Estimable,0.8523938725028009,0.16241402509555858,0.07419692737430168
C0081,network_volume_forecast,network_volume_forecast|router__iot_named__udp_count,temporal,linear,5725,5725,17202,5725,complete generated value view; no generated-mask claim,near,5725.0,[],0.18293645284687168,0.5193055247033179,0.435589519650655,0.5800255869480339,ok,2.83872085974033,1.0433535492120087,False,4.0,4.0,False,1.0,hurdle_iid,1338,primary,True,Mechanism-Valid,Admissible,,,
C0081,network_volume_forecast,network_volume_forecast|router__iot_named__udp_count,temporal,linear,5725,5725,17202,5725,complete generated value view; no generated-mask claim,future,5726.0,[],0.177899279199873,0.5052747967619078,0.42678134823611596,0.5831606045223641,ok,2.8402295896557432,1.043884890333701,False,4.0,4.0,False,1.0,hurdle_iid,1338,primary,True,Mechanism-Valid,Admissible,,,
C0082,network_volume_forecast,network_volume_forecast|router__iot_named__udp_count,temporal,linear,5716,5716,17193,5716,complete generated value view; no generated-mask claim,near,5716.0,[],0.19014978301614147,0.5072454124177961,0.43557557732680197,0.5634516880328287,ok,2.667609735714171,0.981182841384803,False,4.0,4.0,False,1.0,hurdle_iid,1338,primary,True,Mechanism-Valid,Admissible,,,
C0082,network_volume_forecast,network_volume_forecast|router__iot_named__udp_count,temporal,linear,5716,5716,17193,5716,complete generated value view; no generated-mask claim,future,5717.0,[],0.17731858796666228,0.49338481373222387,0.4267972712961343,0.5845367346699146,ok,2.7824765547139667,1.023341378153256,False,4.0,4.0,False,1.0,hurdle_iid,1338,primary,True,Mechanism-Valid,Admissible,,,
C0085,network_volume_forecast,network_volume_forecast|router__iot_named__dns_port_packets,temporal,linear,5725,5725,17202,5725,complete generated value view; no generated-mask claim,near,5725.0,[],0.09438529328220864,0.44459040676578215,0.34790393013100435,0.7287029978457917,ok,4.710377976328079,1.549768154559672,False,4.0,4.0,False,0.0,hurdle_iid,1338,primary,True,Mechanism-Valid,Admissible,,,
C0085,network_volume_forecast,network_volume_forecast|router__iot_named__dns_port_packets,temporal,linear,5725,5725,17202,5725,complete generated value view; no generated-mask claim,future,5726.0,[],0.07701889161686007,0.4394303177017627,0.3413377575969263,0.7743616406251519,ok,5.70548742622476,1.741428418091161,False,4.0,4.0,False,0.0,hurdle_iid,1338,primary,True,Mechanism-Valid,Admissible,,,
C0086,network_volume_forecast,network_volume_forecast|router__iot_named__dns_port_packets,temporal,linear,5716,5716,17193,5716,complete generated value view; no generated-mask claim,near,5716.0,[],0.1033470496319522,0.46116123961833705,0.3479268719384185,0.7029633007184218,ok,4.462258393061645,1.4956550040292116,False,4.0,4.0,False,0.0,hurdle_iid,1338,primary,True,Mechanism-Valid,Admissible,,,
C0086,network_volume_forecast,network_volume_forecast|router__iot_named__dns_port_packets,temporal,linear,5716,5716,17193,5716,complete generated value view; no generated-mask claim,future,5717.0,[],0.08184232297743387,0.4562415372714798,0.34135035857967466,0.7602395283310328,ok,5.574640609813555,1.7182278506608162,False,4.0,4.0,False,0.0,hurdle_iid,1338,primary,True,Mechanism-Valid,Admissible,,,
C0034,network_volume_forecast,network_volume_forecast|router__general__packet_length_max,temporal,linear,5727,5727,17200,5727,complete generated value view; no generated-mask claim,near,5727.0,[],1.8950680916634337,2.0776243318118532,1.835925208529884,-0.03221421159139063,ok,1.0963322853418829,0.09197032263250009,True,387.0,387.0,False,4034.0,hurdle_iid,1339,primary,True,Mechanism-Valid,Admissible,,,
C0034,network_volume_forecast,network_volume_forecast|router__general__packet_length_max,temporal,linear,5727,5727,17200,5727,complete generated value view; no generated-mask claim,future,5728.0,[],31.679058490019813,40.1984211928212,45.04995702621401,0.29680158248350463,ok,1.2689272695867944,0.2381718739194133,False,26.0,26.0,False,4034.0,hurdle_iid,1339,primary,True,Mechanism-Valid,Admissible,,,
C0035,network_volume_forecast,network_volume_forecast|router__general__packet_length_max,temporal,linear,5725,5725,17198,5725,complete generated value view; no generated-mask claim,near,5725.0,[],1.9360165155859774,2.0568969239488855,1.8353966803200072,-0.05482184660398688,ok,1.0624376948180738,0.060565979925808144,True,387.0,387.0,False,4034.0,hurdle_iid,1339,primary,True,Mechanism-Valid,Admissible,,,
C0035,network_volume_forecast,network_volume_forecast|router__general__packet_length_max,temporal,linear,5725,5725,17198,5725,complete generated value view; no generated-mask claim,future,5726.0,[],32.08185904041827,40.430129750765296,45.94517611445556,0.30173607430520927,ok,1.2602177978473588,0.2312845614600191,False,25.5,25.5,False,4034.0,hurdle_iid,1339,primary,True,Mechanism-Valid,Admissible,,,
C0044,network_volume_forecast,network_volume_forecast|router__general__packet_length_mean,temporal,linear,5716,5716,17189,5716,complete generated value view; no generated-mask claim,near,5716.0,[],0.4282161439126719,0.6213654232205895,0.6192813788664557,0.30852733744959887,ok,1.4510555756798078,0.37229127480867735,False,108.93432600194046,108.93432600194046,False,512.6333681560927,hurdle_iid,1339,primary,True,Mechanism-Valid,Admissible,,,
C0044,network_volume_forecast,network_volume_forecast|router__general__packet_length_mean,temporal,linear,5716,5716,17189,5716,complete generated value view; no generated-mask claim,future,5717.0,[],0.29127227997175636,0.5143044851459413,0.511620385158303,0.4306867192525326,ok,1.7657172361057205,0.5685569739064958,False,107.56793568533652,107.56793568533652,False,512.6333681560927,hurdle_iid,1339,primary,True,Mechanism-Valid,Admissible,,,
C0065,network_volume_forecast,network_volume_forecast|router__general__packet_length_min,temporal,linear,5727,5727,17200,5727,complete generated value view; no generated-mask claim,near,5727.0,[],0.518778322976835,0.527876984662239,0.6886677143356033,0.24669283577881992,ok,1.0175386312080166,0.017386604403098183,True,18.0,18.0,False,44.0,hurdle_iid,1339,primary,True,Mechanism-Valid,Admissible,,,
C0065,network_volume_forecast,network_volume_forecast|router__general__packet_length_min,temporal,linear,5727,5727,17200,5727,complete generated value view; no generated-mask claim,future,5728.0,[],0.5134338979310422,0.5199104124494259,0.6423805090006207,0.20073244636607412,ok,1.0126141155550534,0.012535220368672283,True,18.0,18.0,False,44.0,hurdle_iid,1339,primary,True,Mechanism-Valid,Admissible,,,
C0066,network_volume_forecast,network_volume_forecast|router__general__packet_length_min,temporal,linear,5725,5725,17198,5725,complete generated value view; no generated-mask claim,near,5725.0,[],0.5183832463512495,0.5308216154977948,0.6885589519650656,0.2471476191372645,ok,1.0239945430993294,0.023711197598555674,True,18.0,18.0,False,44.0,hurdle_iid,1339,primary,True,Mechanism-Valid,Admissible,,,
C0066,network_volume_forecast,network_volume_forecast|router__general__packet_length_min,temporal,linear,5725,5725,17198,5725,complete generated value view; no generated-mask claim,future,5726.0,[],0.5141545489404717,0.5218525472984845,0.6424302402297513,0.19967256093580604,ok,1.0149721486931822,0.014861172406124348,True,18.0,18.0,False,44.0,hurdle_iid,1339,primary,True,Mechanism-Valid,Admissible,,,
C0067,network_volume_forecast,network_volume_forecast|router__general__packet_length_min,temporal,linear,5716,5716,17189,5716,complete generated value view; no generated-mask claim,near,5716.0,[],0.46325414441464485,0.5247677936926507,0.6885934219734079,0.32724575978808174,ok,1.1327859664498692,0.12468005550652556,False,18.0,18.0,False,44.0,hurdle_iid,1339,primary,True,Mechanism-Valid,Admissible,,,
C0067,network_volume_forecast,network_volume_forecast|router__general__packet_length_min,temporal,linear,5716,5716,17189,5716,complete generated value view; no generated-mask claim,future,5717.0,[],0.47146587767091247,0.5177081332808382,0.6422171690669154,0.26587780523539944,ok,1.0980818714566725,0.09356490447575934,True,18.0,18.0,False,44.0,hurdle_iid,1339,primary,True,Mechanism-Valid,Admissible,,,
C0071,network_burst_prediction,network_burst_prediction|router__iot_named__mqtt_port_packets,temporal,linear,5727,5727,17204,5727,complete generated value view; no generated-mask claim,near,5727.0,[],0.013593143390262831,0.02265362176604969,0.02212824849553467,0.3857108305248002,ok,1.6665476936171473,0.5107542373883323,False,,,,0.1176881438798673,hurdle_iid,1339,primary,True,Mechanism-Valid,Not-Estimable,0.8510904535489565,0.19323530351392065,0.010825912345032303
C0071,network_burst_prediction,network_burst_prediction|router__iot_named__mqtt_port_packets,temporal,linear,5727,5727,17204,5727,complete generated value view; no generated-mask claim,future,5728.0,[],0.06357909205919211,0.0704395846448772,0.07058322925564826,0.09923231439422503,ok,1.1079048530497726,0.10247071193905959,False,,,,0.1176881438798673,hurdle_iid,1339,primary,True,Mechanism-Valid,Not-Estimable,0.8523938725028009,0.16241402509555858,0.07419692737430168
C0081,network_volume_forecast,network_volume_forecast|router__iot_named__udp_count,temporal,linear,5725,5725,17202,5725,complete generated value view; no generated-mask claim,near,5725.0,[],0.18293645284687168,0.5122641548002582,0.435589519650655,0.5800255869480339,ok,2.8002300625619583,1.0297015790064825,False,4.0,4.0,False,1.0,hurdle_iid,1339,primary,True,Mechanism-Valid,Admissible,,,
C0081,network_volume_forecast,network_volume_forecast|router__iot_named__udp_count,temporal,linear,5725,5725,17202,5725,complete generated value view; no generated-mask claim,future,5726.0,[],0.177899279199873,0.4983769188433876,0.42678134823611596,0.5831606045223641,ok,2.801455526323141,1.030139112945611,False,4.0,4.0,False,1.0,hurdle_iid,1339,primary,True,Mechanism-Valid,Admissible,,,
C0082,network_volume_forecast,network_volume_forecast|router__iot_named__udp_count,temporal,linear,5716,5716,17193,5716,complete generated value view; no generated-mask claim,near,5716.0,[],0.19014978301614147,0.5100545507731181,0.43557557732680197,0.5634516880328287,ok,2.6823830281721674,0.9867055890443508,False,4.0,4.0,False,1.0,hurdle_iid,1339,primary,True,Mechanism-Valid,Admissible,,,
C0082,network_volume_forecast,network_volume_forecast|router__iot_named__udp_count,temporal,linear,5716,5716,17193,5716,complete generated value view; no generated-mask claim,future,5717.0,[],0.17731858796666228,0.49613982210854884,0.4267972712961343,0.5845367346699146,ok,2.7980136081493514,1.0289097397587503,False,4.0,4.0,False,1.0,hurdle_iid,1339,primary,True,Mechanism-Valid,Admissible,,,
C0085,network_volume_forecast,network_volume_forecast|router__iot_named__dns_port_packets,temporal,linear,5725,5725,17202,5725,complete generated value view; no generated-mask claim,near,5725.0,[],0.09438529328220864,0.4543722267156943,0.34790393013100435,0.7287029978457917,ok,4.814015096156322,1.5715314752421956,False,4.0,4.0,False,0.0,hurdle_iid,1339,primary,True,Mechanism-Valid,Admissible,,,
C0085,network_volume_forecast,network_volume_forecast|router__iot_named__dns_port_packets,temporal,linear,5725,5725,17202,5725,complete generated value view; no generated-mask claim,future,5726.0,[],0.07701889161686007,0.44935380566721156,0.3413377575969263,0.7743616406251519,ok,5.834332281780647,1.7637598259052951,False,4.0,4.0,False,0.0,hurdle_iid,1339,primary,True,Mechanism-Valid,Admissible,,,
C0086,network_volume_forecast,network_volume_forecast|router__iot_named__dns_port_packets,temporal,linear,5716,5716,17193,5716,complete generated value view; no generated-mask claim,near,5716.0,[],0.1033470496319522,0.4597316999938961,0.3479268719384185,0.7029633007184218,ok,4.4484259747242865,1.4925503200616534,False,4.0,4.0,False,0.0,hurdle_iid,1339,primary,True,Mechanism-Valid,Admissible,,,
C0086,network_volume_forecast,network_volume_forecast|router__iot_named__dns_port_packets,temporal,linear,5716,5716,17193,5716,complete generated value view; no generated-mask claim,future,5717.0,[],0.08184232297743387,0.4548207940222054,0.34135035857967466,0.7602395283310328,ok,5.557281092175399,1.7151089764583625,False,4.0,4.0,False,0.0,hurdle_iid,1339,primary,True,Mechanism-Valid,Admissible,,,
C0034,network_volume_forecast,network_volume_forecast|router__general__packet_length_max,temporal,linear,5727,5727,17200,5727,complete generated value view; no generated-mask claim,near,5727.0,[],1.8950680916634337,2.197169190959184,1.835925208529884,-0.03221421159139063,ok,1.1594143770478322,0.14791503026737352,False,387.0,387.0,False,4034.0,hurdle_iid,1340,primary,True,Mechanism-Valid,Admissible,,,
C0034,network_volume_forecast,network_volume_forecast|router__general__packet_length_max,temporal,linear,5727,5727,17200,5727,complete generated value view; no generated-mask claim,future,5728.0,[],31.679058490019813,37.06482943339155,45.04995702621401,0.29680158248350463,ok,1.1700104485450056,0.15701267915013578,False,26.0,26.0,False,4034.0,hurdle_iid,1340,primary,True,Mechanism-Valid,Admissible,,,
C0035,network_volume_forecast,network_volume_forecast|router__general__packet_length_max,temporal,linear,5725,5725,17198,5725,complete generated value view; no generated-mask claim,near,5725.0,[],1.9360165155859774,2.1819069409906966,1.8353966803200072,-0.05482184660398688,ok,1.1270084337737662,0.11956671841363732,False,387.0,387.0,False,4034.0,hurdle_iid,1340,primary,True,Mechanism-Valid,Admissible,,,
C0035,network_volume_forecast,network_volume_forecast|router__general__packet_length_max,temporal,linear,5725,5725,17198,5725,complete generated value view; no generated-mask claim,future,5726.0,[],32.08185904041827,37.34083554213208,45.94517611445556,0.30173607430520927,ok,1.163923683321727,0.1517967830032309,False,25.5,25.5,False,4034.0,hurdle_iid,1340,primary,True,Mechanism-Valid,Admissible,,,
C0044,network_volume_forecast,network_volume_forecast|router__general__packet_length_mean,temporal,linear,5716,5716,17189,5716,complete generated value view; no generated-mask claim,near,5716.0,[],0.4282161439126719,0.6128235815620167,0.6192813788664557,0.30852733744959887,ok,1.4311080753811856,0.35844902209788354,False,108.93432600194046,108.93432600194046,False,512.6333681560927,hurdle_iid,1340,primary,True,Mechanism-Valid,Admissible,,,
C0044,network_volume_forecast,network_volume_forecast|router__general__packet_length_mean,temporal,linear,5716,5716,17189,5716,complete generated value view; no generated-mask claim,future,5717.0,[],0.29127227997175636,0.5066385295253384,0.511620385158303,0.4306867192525326,ok,1.7393983717725054,0.5535392900873736,False,107.56793568533652,107.56793568533652,False,512.6333681560927,hurdle_iid,1340,primary,True,Mechanism-Valid,Admissible,,,
C0065,network_volume_forecast,network_volume_forecast|router__general__packet_length_min,temporal,linear,5727,5727,17200,5727,complete generated value view; no generated-mask claim,near,5727.0,[],0.518778322976835,0.5263542867671093,0.6886677143356033,0.24669283577881992,ok,1.0146034702198081,0.014497866428269997,True,18.0,18.0,False,44.0,hurdle_iid,1340,primary,True,Mechanism-Valid,Admissible,,,
C0065,network_volume_forecast,network_volume_forecast|router__general__packet_length_min,temporal,linear,5727,5727,17200,5727,complete generated value view; no generated-mask claim,future,5728.0,[],0.5134338979310422,0.5189905860322095,0.6423805090006207,0.20073244636607412,ok,1.0108225968787,0.01076445172197145,True,18.0,18.0,False,44.0,hurdle_iid,1340,primary,True,Mechanism-Valid,Admissible,,,
C0066,network_volume_forecast,network_volume_forecast|router__general__packet_length_min,temporal,linear,5725,5725,17198,5725,complete generated value view; no generated-mask claim,near,5725.0,[],0.5183832463512495,0.5231973968721488,0.6885589519650656,0.2471476191372645,ok,1.0092868559213375,0.009243998212790018,True,18.0,18.0,False,44.0,hurdle_iid,1340,primary,True,Mechanism-Valid,Admissible,,,
C0066,network_volume_forecast,network_volume_forecast|router__general__packet_length_min,temporal,linear,5725,5725,17198,5725,complete generated value view; no generated-mask claim,future,5726.0,[],0.5141545489404717,0.5169982046016454,0.6424302402297513,0.19967256093580604,ok,1.0055307410330874,0.005515502645463725,True,18.0,18.0,False,44.0,hurdle_iid,1340,primary,True,Mechanism-Valid,Admissible,,,
C0067,network_volume_forecast,network_volume_forecast|router__general__packet_length_min,temporal,linear,5716,5716,17189,5716,complete generated value view; no generated-mask claim,near,5716.0,[],0.46325414441464485,0.5288509398781636,0.6885934219734079,0.32724575978808174,ok,1.1416000185954192,0.13243080346939903,False,18.0,18.0,False,44.0,hurdle_iid,1340,primary,True,Mechanism-Valid,Admissible,,,
C0067,network_volume_forecast,network_volume_forecast|router__general__packet_length_min,temporal,linear,5716,5716,17189,5716,complete generated value view; no generated-mask claim,future,5717.0,[],0.47146587767091247,0.520778834884121,0.6422171690669154,0.26587780523539944,ok,1.1045949655080436,0.09947872072338085,False,18.0,18.0,False,44.0,hurdle_iid,1340,primary,True,Mechanism-Valid,Admissible,,,
C0071,network_burst_prediction,network_burst_prediction|router__iot_named__mqtt_port_packets,temporal,linear,5727,5727,17204,5727,complete generated value view; no generated-mask claim,near,5727.0,[],0.013593143390262831,0.02328637836244979,0.02212824849553467,0.3857108305248002,ok,1.7130973825473295,0.538303066848917,False,,,,0.1176881438798673,hurdle_iid,1340,primary,True,Mechanism-Valid,Not-Estimable,0.8510904535489565,0.19323530351392065,0.010825912345032303
C0071,network_burst_prediction,network_burst_prediction|router__iot_named__mqtt_port_packets,temporal,linear,5727,5727,17204,5727,complete generated value view; no generated-mask claim,future,5728.0,[],0.06357909205919211,0.07115175527520698,0.07058322925564826,0.09923231439422503,ok,1.11910618681004,0.11253031920654695,False,,,,0.1176881438798673,hurdle_iid,1340,primary,True,Mechanism-Valid,Not-Estimable,0.8523938725028009,0.16241402509555858,0.07419692737430168
C0081,network_volume_forecast,network_volume_forecast|router__iot_named__udp_count,temporal,linear,5725,5725,17202,5725,complete generated value view; no generated-mask claim,near,5725.0,[],0.18293645284687168,0.5026200820505611,0.435589519650655,0.5800255869480339,ok,2.747511904974363,1.010695740306948,False,4.0,4.0,False,1.0,hurdle_iid,1340,primary,True,Mechanism-Valid,Admissible,,,
C0081,network_volume_forecast,network_volume_forecast|router__iot_named__udp_count,temporal,linear,5725,5725,17202,5725,complete generated value view; no generated-mask claim,future,5726.0,[],0.177899279199873,0.4889564415746809,0.42678134823611596,0.5831606045223641,ok,2.7485015328551703,1.011055866024506,False,4.0,4.0,False,1.0,hurdle_iid,1340,primary,True,Mechanism-Valid,Admissible,,,
C0082,network_volume_forecast,network_volume_forecast|router__iot_named__udp_count,temporal,linear,5716,5716,17193,5716,complete generated value view; no generated-mask claim,near,5716.0,[],0.19014978301614147,0.5209561257956863,0.43557557732680197,0.5634516880328287,ok,2.7397145425691245,1.0078537334285897,False,4.0,4.0,False,1.0,hurdle_iid,1340,primary,True,Mechanism-Valid,Admissible,,,
C0082,network_volume_forecast,network_volume_forecast|router__iot_named__udp_count,temporal,linear,5716,5716,17193,5716,complete generated value view; no generated-mask claim,future,5717.0,[],0.17731858796666228,0.5069082384700806,0.4267972712961343,0.5845367346699146,ok,2.8587428102314045,1.0503819513473727,False,4.0,4.0,False,1.0,hurdle_iid,1340,primary,True,Mechanism-Valid,Admissible,,,
C0085,network_volume_forecast,network_volume_forecast|router__iot_named__dns_port_packets,temporal,linear,5725,5725,17202,5725,complete generated value view; no generated-mask claim,near,5725.0,[],0.09438529328220864,0.44869500521177397,0.34790393013100435,0.7287029978457917,ok,4.75386566708218,1.5589581117197089,False,4.0,4.0,False,0.0,hurdle_iid,1340,primary,True,Mechanism-Valid,Admissible,,,
C0085,network_volume_forecast,network_volume_forecast|router__iot_named__dns_port_packets,temporal,linear,5725,5725,17202,5725,complete generated value view; no generated-mask claim,future,5726.0,[],0.07701889161686007,0.44359440496098446,0.3413377575969263,0.7743616406251519,ok,5.759553216731542,1.7508599051596976,False,4.0,4.0,False,0.0,hurdle_iid,1340,primary,True,Mechanism-Valid,Admissible,,,
C0086,network_volume_forecast,network_volume_forecast|router__iot_named__dns_port_packets,temporal,linear,5716,5716,17193,5716,complete generated value view; no generated-mask claim,near,5716.0,[],0.1033470496319522,0.45891234775108436,0.3479268719384185,0.7029633007184218,ok,4.440497811842716,1.4907664899435757,False,4.0,4.0,False,0.0,hurdle_iid,1340,primary,True,Mechanism-Valid,Admissible,,,
C0086,network_volume_forecast,network_volume_forecast|router__iot_named__dns_port_packets,temporal,linear,5716,5716,17193,5716,complete generated value view; no generated-mask claim,future,5717.0,[],0.08184232297743387,0.45394599627442966,0.34135035857967466,0.7602395283310328,ok,5.546592273530589,1.7131837344109557,False,4.0,4.0,False,0.0,hurdle_iid,1340,primary,True,Mechanism-Valid,Admissible,,,
C0034,network_volume_forecast,network_volume_forecast|router__general__packet_length_max,temporal,linear,5727,5727,17200,5727,complete generated value view; no generated-mask claim,near,5727.0,[],1.8950680916634337,2.1612011100749227,1.835925208529884,-0.03221421159139063,ok,1.140434541419504,0.13140936646080328,False,387.0,387.0,False,4034.0,hurdle_iid,1341,primary,True,Mechanism-Valid,Admissible,,,
C0034,network_volume_forecast,network_volume_forecast|router__general__packet_length_max,temporal,linear,5727,5727,17200,5727,complete generated value view; no generated-mask claim,future,5728.0,[],31.679058490019813,37.21472243585566,45.04995702621401,0.29680158248350463,ok,1.174742060202951,0.16104860026583975,False,26.0,26.0,False,4034.0,hurdle_iid,1341,primary,True,Mechanism-Valid,Admissible,,,
C0035,network_volume_forecast,network_volume_forecast|router__general__packet_length_max,temporal,linear,5725,5725,17198,5725,complete generated value view; no generated-mask claim,near,5725.0,[],1.9360165155859774,2.166610534927563,1.8353966803200072,-0.05482184660398688,ok,1.1191074649855408,0.11253146134550204,False,387.0,387.0,False,4034.0,hurdle_iid,1341,primary,True,Mechanism-Valid,Admissible,,,
C0035,network_volume_forecast,network_volume_forecast|router__general__packet_length_max,temporal,linear,5725,5725,17198,5725,complete generated value view; no generated-mask claim,future,5726.0,[],32.08185904041827,38.19893578038954,45.94517611445556,0.30173607430520927,ok,1.1906708938613775,0.1745169246153537,False,25.5,25.5,False,4034.0,hurdle_iid,1341,primary,True,Mechanism-Valid,Admissible,,,
C0044,network_volume_forecast,network_volume_forecast|router__general__packet_length_mean,temporal,linear,5716,5716,17189,5716,complete generated value view; no generated-mask claim,near,5716.0,[],0.4282161439126719,0.6180594637830478,0.6192813788664557,0.30852733744959887,ok,1.4433352702113247,0.3669565952931884,False,108.93432600194046,108.93432600194046,False,512.6333681560927,hurdle_iid,1341,primary,True,Mechanism-Valid,Admissible,,,
C0044,network_volume_forecast,network_volume_forecast|router__general__packet_length_mean,temporal,linear,5716,5716,17189,5716,complete generated value view; no generated-mask claim,future,5717.0,[],0.29127227997175636,0.5116334144225316,0.511620385158303,0.4306867192525326,ok,1.7565468793396437,0.5633498814308736,False,107.56793568533652,107.56793568533652,False,512.6333681560927,hurdle_iid,1341,primary,True,Mechanism-Valid,Admissible,,,
C0065,network_volume_forecast,network_volume_forecast|router__general__packet_length_min,temporal,linear,5727,5727,17200,5727,complete generated value view; no generated-mask claim,near,5727.0,[],0.518778322976835,0.531807792320391,0.6886677143356033,0.24669283577881992,ok,1.0251156780583868,0.024805462864868295,True,18.0,18.0,False,44.0,hurdle_iid,1341,primary,True,Mechanism-Valid,Admissible,,,
C0065,network_volume_forecast,network_volume_forecast|router__general__packet_length_min,temporal,linear,5727,5727,17200,5727,complete generated value view; no generated-mask claim,future,5728.0,[],0.5134338979310422,0.5227884062692851,0.6423805090006207,0.20073244636607412,ok,1.0182194988993487,0.01805551266547944,True,18.0,18.0,False,44.0,hurdle_iid,1341,primary,True,Mechanism-Valid,Admissible,,,
C0066,network_volume_forecast,network_volume_forecast|router__general__packet_length_min,temporal,linear,5725,5725,17198,5725,complete generated value view; no generated-mask claim,near,5725.0,[],0.5183832463512495,0.5336280468129657,0.6885589519650656,0.2471476191372645,ok,1.0294083587172616,0.028984228193118407,True,18.0,18.0,False,44.0,hurdle_iid,1341,primary,True,Mechanism-Valid,Admissible,,,
C0066,network_volume_forecast,network_volume_forecast|router__general__packet_length_min,temporal,linear,5725,5725,17198,5725,complete generated value view; no generated-mask claim,future,5726.0,[],0.5141545489404717,0.5240760909937767,0.6424302402297513,0.19967256093580604,ok,1.019296808855918,0.019112986466165792,True,18.0,18.0,False,44.0,hurdle_iid,1341,primary,True,Mechanism-Valid,Admissible,,,
C0067,network_volume_forecast,network_volume_forecast|router__general__packet_length_min,temporal,linear,5716,5716,17189,5716,complete generated value view; no generated-mask claim,near,5716.0,[],0.46325414441464485,0.5298927654795481,0.6885934219734079,0.32724575978808174,ok,1.1438489474262685,0.13439884527664286,False,18.0,18.0,False,44.0,hurdle_iid,1341,primary,True,Mechanism-Valid,Admissible,,,
C0067,network_volume_forecast,network_volume_forecast|router__general__packet_length_min,temporal,linear,5716,5716,17189,5716,complete generated value view; no generated-mask claim,future,5717.0,[],0.47146587767091247,0.5215511679383802,0.6422171690669154,0.26587780523539944,ok,1.10623311811004,0.10096065675805956,False,18.0,18.0,False,44.0,hurdle_iid,1341,primary,True,Mechanism-Valid,Admissible,,,
C0071,network_burst_prediction,network_burst_prediction|router__iot_named__mqtt_port_packets,temporal,linear,5727,5727,17204,5727,complete generated value view; no generated-mask claim,near,5727.0,[],0.013593143390262831,0.02355910534427534,0.02212824849553467,0.3857108305248002,ok,1.7331609523924703,0.5499468814309332,False,,,,0.1176881438798673,hurdle_iid,1341,primary,True,Mechanism-Valid,Not-Estimable,0.8510904535489565,0.19323530351392065,0.010825912345032303
C0071,network_burst_prediction,network_burst_prediction|router__iot_named__mqtt_port_packets,temporal,linear,5727,5727,17204,5727,complete generated value view; no generated-mask claim,future,5728.0,[],0.06357909205919211,0.07143234300472455,0.07058322925564826,0.09923231439422503,ok,1.1235193943666428,0.11646607494787305,False,,,,0.1176881438798673,hurdle_iid,1341,primary,True,Mechanism-Valid,Not-Estimable,0.8523938725028009,0.16241402509555858,0.07419692737430168
C0081,network_volume_forecast,network_volume_forecast|router__iot_named__udp_count,temporal,linear,5725,5725,17202,5725,complete generated value view; no generated-mask claim,near,5725.0,[],0.18293645284687168,0.5082901015793714,0.435589519650655,0.5800255869480339,ok,2.7785063811466784,1.0219135103508858,False,4.0,4.0,False,1.0,hurdle_iid,1341,primary,True,Mechanism-Valid,Admissible,,,
C0081,network_volume_forecast,network_volume_forecast|router__iot_named__udp_count,temporal,linear,5725,5725,17202,5725,complete generated value view; no generated-mask claim,future,5726.0,[],0.177899279199873,0.494550287854821,0.42678134823611596,0.5831606045223641,ok,2.7799454279923475,1.0224312972912903,False,4.0,4.0,False,1.0,hurdle_iid,1341,primary,True,Mechanism-Valid,Admissible,,,
C0082,network_volume_forecast,network_volume_forecast|router__iot_named__udp_count,temporal,linear,5716,5716,17193,5716,complete generated value view; no generated-mask claim,near,5716.0,[],0.19014978301614147,0.5186397301858635,0.43557557732680197,0.5634516880328287,ok,2.7275325901467746,1.0033973873784603,False,4.0,4.0,False,1.0,hurdle_iid,1341,primary,True,Mechanism-Valid,Admissible,,,
C0082,network_volume_forecast,network_volume_forecast|router__iot_named__udp_count,temporal,linear,5716,5716,17193,5716,complete generated value view; no generated-mask claim,future,5717.0,[],0.17731858796666228,0.50467248515731,0.4267972712961343,0.5845367346699146,ok,2.8461341303495695,1.0459616279842192,False,4.0,4.0,False,1.0,hurdle_iid,1341,primary,True,Mechanism-Valid,Admissible,,,
C0085,network_volume_forecast,network_volume_forecast|router__iot_named__dns_port_packets,temporal,linear,5725,5725,17202,5725,complete generated value view; no generated-mask claim,near,5725.0,[],0.09438529328220864,0.4645277190509119,0.34790393013100435,0.7287029978457917,ok,4.921611226676922,1.593635961989612,False,4.0,4.0,False,0.0,hurdle_iid,1341,primary,True,Mechanism-Valid,Admissible,,,
C0085,network_volume_forecast,network_volume_forecast|router__iot_named__dns_port_packets,temporal,linear,5725,5725,17202,5725,complete generated value view; no generated-mask claim,future,5726.0,[],0.07701889161686007,0.4596566850682655,0.3413377575969263,0.7743616406251519,ok,5.968103090276657,1.7864291365921912,False,4.0,4.0,False,0.0,hurdle_iid,1341,primary,True,Mechanism-Valid,Admissible,,,
C0086,network_volume_forecast,network_volume_forecast|router__iot_named__dns_port_packets,temporal,linear,5716,5716,17193,5716,complete generated value view; no generated-mask claim,near,5716.0,[],0.1033470496319522,0.4501042307618429,0.3479268719384185,0.7029633007184218,ok,4.355269283107647,1.4713864414830395,False,4.0,4.0,False,0.0,hurdle_iid,1341,primary,True,Mechanism-Valid,Admissible,,,
C0086,network_volume_forecast,network_volume_forecast|router__iot_named__dns_port_packets,temporal,linear,5716,5716,17193,5716,complete generated value view; no generated-mask claim,future,5717.0,[],0.08184232297743387,0.4449236992426552,0.34135035857967466,0.7602395283310328,ok,5.436352281512496,1.6931082994710418,False,4.0,4.0,False,0.0,hurdle_iid,1341,primary,True,Mechanism-Valid,Admissible,,,
C0034,network_volume_forecast,network_volume_forecast|router__general__packet_length_max,temporal,linear,5727,5727,17200,5727,complete generated value view; no generated-mask claim,near,5727.0,[],1.8950680916634337,1.858057528739611,1.835925208529884,-0.03221421159139063,ok,0.9804700616897961,-0.01972316752959855,True,387.0,387.0,False,4034.0,independent_stitch,1337,primary,True,Mechanism-Valid,Admissible,,,
C0034,network_volume_forecast,network_volume_forecast|router__general__packet_length_max,temporal,linear,5727,5727,17200,5727,complete generated value view; no generated-mask claim,future,5728.0,[],31.679058490019813,35.1480262880049,45.04995702621401,0.29680158248350463,ok,1.1095035005247378,0.10391261843261668,False,26.0,26.0,False,4034.0,independent_stitch,1337,primary,True,Mechanism-Valid,Admissible,,,
C0035,network_volume_forecast,network_volume_forecast|router__general__packet_length_max,temporal,linear,5725,5725,17198,5725,complete generated value view; no generated-mask claim,near,5725.0,[],1.9360165155859774,1.8853953332544249,1.8353966803200072,-0.05482184660398688,ok,0.973852918131625,-0.026494994820883546,True,387.0,387.0,False,4034.0,independent_stitch,1337,primary,True,Mechanism-Valid,Admissible,,,
C0035,network_volume_forecast,network_volume_forecast|router__general__packet_length_max,temporal,linear,5725,5725,17198,5725,complete generated value view; no generated-mask claim,future,5726.0,[],32.08185904041827,36.24343808556289,45.94517611445556,0.30173607430520927,ok,1.1297175154314363,0.12196761512859298,False,25.5,25.5,False,4034.0,independent_stitch,1337,primary,True,Mechanism-Valid,Admissible,,,
C0044,network_volume_forecast,network_volume_forecast|router__general__packet_length_mean,temporal,linear,5716,5716,17189,5716,complete generated value view; no generated-mask claim,near,5716.0,[],0.4282161439126719,0.4068268802938392,0.6192813788664557,0.30852733744959887,ok,0.9500503100527786,-0.05124033783947999,True,108.93432600194046,108.93432600194046,False,512.6333681560927,independent_stitch,1337,primary,True,Mechanism-Valid,Admissible,,,
C0044,network_volume_forecast,network_volume_forecast|router__general__packet_length_mean,temporal,linear,5716,5716,17189,5716,complete generated value view; no generated-mask claim,future,5717.0,[],0.29127227997175636,0.2648305231176843,0.511620385158303,0.4306867192525326,ok,0.9092197964851443,-0.09516841371995237,True,107.56793568533652,107.56793568533652,False,512.6333681560927,independent_stitch,1337,primary,True,Mechanism-Valid,Admissible,,,
C0065,network_volume_forecast,network_volume_forecast|router__general__packet_length_min,temporal,linear,5727,5727,17200,5727,complete generated value view; no generated-mask claim,near,5727.0,[],0.518778322976835,0.5200939810150239,0.6886677143356033,0.24669283577881992,ok,1.002536069800757,0.002532859402457104,True,18.0,18.0,False,44.0,independent_stitch,1337,primary,True,Mechanism-Valid,Admissible,,,
C0065,network_volume_forecast,network_volume_forecast|router__general__packet_length_min,temporal,linear,5727,5727,17200,5727,complete generated value view; no generated-mask claim,future,5728.0,[],0.5134338979310422,0.5145875517592384,0.6423805090006207,0.20073244636607412,ok,1.0022469374009877,0.0022444168121764207,True,18.0,18.0,False,44.0,independent_stitch,1337,primary,True,Mechanism-Valid,Admissible,,,
C0066,network_volume_forecast,network_volume_forecast|router__general__packet_length_min,temporal,linear,5725,5725,17198,5725,complete generated value view; no generated-mask claim,near,5725.0,[],0.5183832463512495,0.5030066659094803,0.6885589519650656,0.2471476191372645,ok,0.9703374278586343,-0.030111404203494552,True,18.0,18.0,False,44.0,independent_stitch,1337,primary,True,Mechanism-Valid,Admissible,,,
C0066,network_volume_forecast,network_volume_forecast|router__general__packet_length_min,temporal,linear,5725,5725,17198,5725,complete generated value view; no generated-mask claim,future,5726.0,[],0.5141545489404717,0.5037686906866844,0.6424302402297513,0.19967256093580604,ok,0.9798001237659189,-0.020406683460137583,True,18.0,18.0,False,44.0,independent_stitch,1337,primary,True,Mechanism-Valid,Admissible,,,
C0067,network_volume_forecast,network_volume_forecast|router__general__packet_length_min,temporal,linear,5716,5716,17189,5716,complete generated value view; no generated-mask claim,near,5716.0,[],0.46325414441464485,0.4866982931553877,0.6885934219734079,0.32724575978808174,ok,1.050607531575063,0.049368598344184,True,18.0,18.0,False,44.0,independent_stitch,1337,primary,True,Mechanism-Valid,Admissible,,,
C0067,network_volume_forecast,network_volume_forecast|router__general__packet_length_min,temporal,linear,5716,5716,17189,5716,complete generated value view; no generated-mask claim,future,5717.0,[],0.47146587767091247,0.48911193933649877,0.6422171690669154,0.26587780523539944,ok,1.0374280780461984,0.03674464835470014,True,18.0,18.0,False,44.0,independent_stitch,1337,primary,True,Mechanism-Valid,Admissible,,,
C0071,network_burst_prediction,network_burst_prediction|router__iot_named__mqtt_port_packets,temporal,linear,5727,5727,17204,5727,complete generated value view; no generated-mask claim,near,5727.0,[],0.013593143390262831,0.014424422242845982,0.02212824849553467,0.3857108305248002,ok,1.0611542767347413,0.05935725597433108,True,,,,0.1176881438798673,independent_stitch,1337,primary,True,Mechanism-Valid,Not-Estimable,0.8510904535489565,0.19323530351392065,0.010825912345032303
C0071,network_burst_prediction,network_burst_prediction|router__iot_named__mqtt_port_packets,temporal,linear,5727,5727,17204,5727,complete generated value view; no generated-mask claim,future,5728.0,[],0.06357909205919211,0.06299514236402981,0.07058322925564826,0.09923231439422503,ok,0.9908153816569345,-0.009227057005265616,True,,,,0.1176881438798673,independent_stitch,1337,primary,True,Mechanism-Valid,Not-Estimable,0.8523938725028009,0.16241402509555858,0.07419692737430168
C0081,network_volume_forecast,network_volume_forecast|router__iot_named__udp_count,temporal,linear,5725,5725,17202,5725,complete generated value view; no generated-mask claim,near,5725.0,[],0.18293645284687168,0.26530507343473597,0.435589519650655,0.5800255869480339,ok,1.4502581049650698,0.37174154401593934,False,4.0,4.0,False,1.0,independent_stitch,1337,primary,True,Mechanism-Valid,Admissible,,,
C0081,network_volume_forecast,network_volume_forecast|router__iot_named__udp_count,temporal,linear,5725,5725,17202,5725,complete generated value view; no generated-mask claim,future,5726.0,[],0.177899279199873,0.25359693240348896,0.42678134823611596,0.5831606045223641,ok,1.4255084874097117,0.35452858334073684,False,4.0,4.0,False,1.0,independent_stitch,1337,primary,True,Mechanism-Valid,Admissible,,,
C0082,network_volume_forecast,network_volume_forecast|router__iot_named__udp_count,temporal,linear,5716,5716,17193,5716,complete generated value view; no generated-mask claim,near,5716.0,[],0.19014978301614147,0.30903515091009254,0.43557557732680197,0.5634516880328287,ok,1.6252195822061974,0.4856429341643071,False,4.0,4.0,False,1.0,independent_stitch,1337,primary,True,Mechanism-Valid,Admissible,,,
C0082,network_volume_forecast,network_volume_forecast|router__iot_named__udp_count,temporal,linear,5716,5716,17193,5716,complete generated value view; no generated-mask claim,future,5717.0,[],0.17731858796666228,0.2940533005830754,0.4267972712961343,0.5845367346699146,ok,1.658333195380286,0.5058129987546757,False,4.0,4.0,False,1.0,independent_stitch,1337,primary,True,Mechanism-Valid,Admissible,,,
C0085,network_volume_forecast,network_volume_forecast|router__iot_named__dns_port_packets,temporal,linear,5725,5725,17202,5725,complete generated value view; no generated-mask claim,near,5725.0,[],0.09438529328220864,0.1925872565582821,0.34790393013100435,0.7287029978457917,ok,2.040437125966787,0.713164062336694,False,4.0,4.0,False,0.0,independent_stitch,1337,primary,True,Mechanism-Valid,Admissible,,,
C0085,network_volume_forecast,network_volume_forecast|router__iot_named__dns_port_packets,temporal,linear,5725,5725,17202,5725,complete generated value view; no generated-mask claim,future,5726.0,[],0.07701889161686007,0.1795956813066813,0.3413377575969263,0.7743616406251519,ok,2.331839338848215,0.8466573719675144,False,4.0,4.0,False,0.0,independent_stitch,1337,primary,True,Mechanism-Valid,Admissible,,,
C0086,network_volume_forecast,network_volume_forecast|router__iot_named__dns_port_packets,temporal,linear,5716,5716,17193,5716,complete generated value view; no generated-mask claim,near,5716.0,[],0.1033470496319522,0.24765931939139374,0.3479268719384185,0.7029633007184218,ok,2.3963849986369032,0.8739613512501454,False,4.0,4.0,False,0.0,independent_stitch,1337,primary,True,Mechanism-Valid,Admissible,,,
C0086,network_volume_forecast,network_volume_forecast|router__iot_named__dns_port_packets,temporal,linear,5716,5716,17193,5716,complete generated value view; no generated-mask claim,future,5717.0,[],0.08184232297743387,0.2344986248683663,0.34135035857967466,0.7602395283310328,ok,2.8652488875837983,1.052655218150568,False,4.0,4.0,False,0.0,independent_stitch,1337,primary,True,Mechanism-Valid,Admissible,,,
C0034,network_volume_forecast,network_volume_forecast|router__general__packet_length_max,temporal,linear,5727,5727,17200,5727,complete generated value view; no generated-mask claim,near,5727.0,[],1.8950680916634337,1.949819712681391,1.835925208529884,-0.03221421159139063,ok,1.0288916378566102,0.028482143101181908,True,387.0,387.0,False,4034.0,independent_stitch,1338,primary,True,Mechanism-Valid,Admissible,,,
C0034,network_volume_forecast,network_volume_forecast|router__general__packet_length_max,temporal,linear,5727,5727,17200,5727,complete generated value view; no generated-mask claim,future,5728.0,[],31.679058490019813,26.675647920934047,45.04995702621401,0.29680158248350463,ok,0.8420593664214471,-0.17190476078649922,True,26.0,26.0,False,4034.0,independent_stitch,1338,primary,True,Mechanism-Valid,Admissible,,,
C0035,network_volume_forecast,network_volume_forecast|router__general__packet_length_max,temporal,linear,5725,5725,17198,5725,complete generated value view; no generated-mask claim,near,5725.0,[],1.9360165155859774,2.0288347779495206,1.8353966803200072,-0.05482184660398688,ok,1.0479429083462388,0.04682910764608127,True,387.0,387.0,False,4034.0,independent_stitch,1338,primary,True,Mechanism-Valid,Admissible,,,
C0035,network_volume_forecast,network_volume_forecast|router__general__packet_length_max,temporal,linear,5725,5725,17198,5725,complete generated value view; no generated-mask claim,future,5726.0,[],32.08185904041827,28.288932417701588,45.94517611445556,0.30173607430520927,ok,0.8817734777171681,-0.12582008394637084,True,25.5,25.5,False,4034.0,independent_stitch,1338,primary,True,Mechanism-Valid,Admissible,,,
C0044,network_volume_forecast,network_volume_forecast|router__general__packet_length_mean,temporal,linear,5716,5716,17189,5716,complete generated value view; no generated-mask claim,near,5716.0,[],0.4282161439126719,0.3910523723852081,0.6192813788664557,0.30852733744959887,ok,0.9132125865505838,-0.09078658151457701,True,108.93432600194046,108.93432600194046,False,512.6333681560927,independent_stitch,1338,primary,True,Mechanism-Valid,Admissible,,,
C0044,network_volume_forecast,network_volume_forecast|router__general__packet_length_mean,temporal,linear,5716,5716,17189,5716,complete generated value view; no generated-mask claim,future,5717.0,[],0.29127227997175636,0.2477420706115531,0.511620385158303,0.4306867192525326,ok,0.850551486174983,-0.161870332617528,True,107.56793568533652,107.56793568533652,False,512.6333681560927,independent_stitch,1338,primary,True,Mechanism-Valid,Admissible,,,
C0065,network_volume_forecast,network_volume_forecast|router__general__packet_length_min,temporal,linear,5727,5727,17200,5727,complete generated value view; no generated-mask claim,near,5727.0,[],0.518778322976835,0.5294422105652635,0.6886677143356033,0.24669283577881992,ok,1.0205557694223564,0.020347350890042772,True,18.0,18.0,False,44.0,independent_stitch,1338,primary,True,Mechanism-Valid,Admissible,,,
C0065,network_volume_forecast,network_volume_forecast|router__general__packet_length_min,temporal,linear,5727,5727,17200,5727,complete generated value view; no generated-mask claim,future,5728.0,[],0.5134338979310422,0.5214616820203075,0.6423805090006207,0.20073244636607412,ok,1.015635477364495,0.015514502657026003,True,18.0,18.0,False,44.0,independent_stitch,1338,primary,True,Mechanism-Valid,Admissible,,,
C0066,network_volume_forecast,network_volume_forecast|router__general__packet_length_min,temporal,linear,5725,5725,17198,5725,complete generated value view; no generated-mask claim,near,5725.0,[],0.5183832463512495,0.5139116604686664,0.6885589519650656,0.2471476191372645,ok,0.9913739768519578,-0.008663442628654764,True,18.0,18.0,False,44.0,independent_stitch,1338,primary,True,Mechanism-Valid,Admissible,,,
C0066,network_volume_forecast,network_volume_forecast|router__general__packet_length_min,temporal,linear,5725,5725,17198,5725,complete generated value view; no generated-mask claim,future,5726.0,[],0.5141545489404717,0.5116403439689969,0.6424302402297513,0.19967256093580604,ok,0.9951100209525406,-0.0049019741147298046,True,18.0,18.0,False,44.0,independent_stitch,1338,primary,True,Mechanism-Valid,Admissible,,,
C0067,network_volume_forecast,network_volume_forecast|router__general__packet_length_min,temporal,linear,5716,5716,17189,5716,complete generated value view; no generated-mask claim,near,5716.0,[],0.46325414441464485,0.49161061275244133,0.6885934219734079,0.32724575978808174,ok,1.0612114725355062,0.059411154130950335,True,18.0,18.0,False,44.0,independent_stitch,1338,primary,True,Mechanism-Valid,Admissible,,,
C0067,network_volume_forecast,network_volume_forecast|router__general__packet_length_min,temporal,linear,5716,5716,17189,5716,complete generated value view; no generated-mask claim,future,5717.0,[],0.47146587767091247,0.4927851352438586,0.6422171690669154,0.26587780523539944,ok,1.045219089191068,0.044226518170587814,True,18.0,18.0,False,44.0,independent_stitch,1338,primary,True,Mechanism-Valid,Admissible,,,
C0071,network_burst_prediction,network_burst_prediction|router__iot_named__mqtt_port_packets,temporal,linear,5727,5727,17204,5727,complete generated value view; no generated-mask claim,near,5727.0,[],0.013593143390262831,0.014322134728008359,0.02212824849553467,0.3857108305248002,ok,1.053629342148169,0.05224072047844121,True,,,,0.1176881438798673,independent_stitch,1338,primary,True,Mechanism-Valid,Not-Estimable,0.8510904535489565,0.19323530351392065,0.010825912345032303
C0071,network_burst_prediction,network_burst_prediction|router__iot_named__mqtt_port_packets,temporal,linear,5727,5727,17204,5727,complete generated value view; no generated-mask claim,future,5728.0,[],0.06357909205919211,0.06293454942280523,0.07058322925564826,0.09923231439422503,ok,0.9898623491542343,-0.010189386778982469,True,,,,0.1176881438798673,independent_stitch,1338,primary,True,Mechanism-Valid,Not-Estimable,0.8523938725028009,0.16241402509555858,0.07419692737430168
C0081,network_volume_forecast,network_volume_forecast|router__iot_named__udp_count,temporal,linear,5725,5725,17202,5725,complete generated value view; no generated-mask claim,near,5725.0,[],0.18293645284687168,0.25488424258016157,0.435589519650655,0.5800255869480339,ok,1.3932938931177064,0.33167065109307037,False,4.0,4.0,False,1.0,independent_stitch,1338,primary,True,Mechanism-Valid,Admissible,,,
C0081,network_volume_forecast,network_volume_forecast|router__iot_named__udp_count,temporal,linear,5725,5725,17202,5725,complete generated value view; no generated-mask claim,future,5726.0,[],0.177899279199873,0.24372513542937385,0.42678134823611596,0.5831606045223641,ok,1.3700175544586908,0.3148235532314386,False,4.0,4.0,False,1.0,independent_stitch,1338,primary,True,Mechanism-Valid,Admissible,,,
C0082,network_volume_forecast,network_volume_forecast|router__iot_named__udp_count,temporal,linear,5716,5716,17193,5716,complete generated value view; no generated-mask claim,near,5716.0,[],0.19014978301614147,0.29985835099797875,0.43557557732680197,0.5634516880328287,ok,1.576958680896966,0.45549810655772693,False,4.0,4.0,False,1.0,independent_stitch,1338,primary,True,Mechanism-Valid,Admissible,,,
C0082,network_volume_forecast,network_volume_forecast|router__iot_named__udp_count,temporal,linear,5716,5716,17193,5716,complete generated value view; no generated-mask claim,future,5717.0,[],0.17731858796666228,0.2846934516124877,0.4267972712961343,0.5845367346699146,ok,1.6055477030192289,0.4734649463571861,False,4.0,4.0,False,1.0,independent_stitch,1338,primary,True,Mechanism-Valid,Admissible,,,
C0085,network_volume_forecast,network_volume_forecast|router__iot_named__dns_port_packets,temporal,linear,5725,5725,17202,5725,complete generated value view; no generated-mask claim,near,5725.0,[],0.09438529328220864,0.1944932118510257,0.34790393013100435,0.7287029978457917,ok,2.060630476291449,0.7230119924279275,False,4.0,4.0,False,0.0,independent_stitch,1338,primary,True,Mechanism-Valid,Admissible,,,
C0085,network_volume_forecast,network_volume_forecast|router__iot_named__dns_port_packets,temporal,linear,5725,5725,17202,5725,complete generated value view; no generated-mask claim,future,5726.0,[],0.07701889161686007,0.18160309850960768,0.3413377575969263,0.7743616406251519,ok,2.3579032974534946,0.8577727908643458,False,4.0,4.0,False,0.0,independent_stitch,1338,primary,True,Mechanism-Valid,Admissible,,,
C0086,network_volume_forecast,network_volume_forecast|router__iot_named__dns_port_packets,temporal,linear,5716,5716,17193,5716,complete generated value view; no generated-mask claim,near,5716.0,[],0.1033470496319522,0.25196244311677185,0.3479268719384185,0.7029633007184218,ok,2.4380226045550475,0.8911873027778067,False,4.0,4.0,False,0.0,independent_stitch,1338,primary,True,Mechanism-Valid,Admissible,,,
C0086,network_volume_forecast,network_volume_forecast|router__iot_named__dns_port_packets,temporal,linear,5716,5716,17193,5716,complete generated value view; no generated-mask claim,future,5717.0,[],0.08184232297743387,0.23904339377078967,0.34135035857967466,0.7602395283310328,ok,2.9207796782197932,1.0718505937275102,False,4.0,4.0,False,0.0,independent_stitch,1338,primary,True,Mechanism-Valid,Admissible,,,
C0034,network_volume_forecast,network_volume_forecast|router__general__packet_length_max,temporal,linear,5727,5727,17200,5727,complete generated value view; no generated-mask claim,near,5727.0,[],1.8950680916634337,1.868094349272649,1.835925208529884,-0.03221421159139063,ok,0.9857663465975474,-0.014335923457966986,True,387.0,387.0,False,4034.0,independent_stitch,1339,primary,True,Mechanism-Valid,Admissible,,,
C0034,network_volume_forecast,network_volume_forecast|router__general__packet_length_max,temporal,linear,5727,5727,17200,5727,complete generated value view; no generated-mask claim,future,5728.0,[],31.679058490019813,32.720384283666114,45.04995702621401,0.29680158248350463,ok,1.0328711092842093,0.03234240915249361,True,26.0,26.0,False,4034.0,independent_stitch,1339,primary,True,Mechanism-Valid,Admissible,,,
C0035,network_volume_forecast,network_volume_forecast|router__general__packet_length_max,temporal,linear,5725,5725,17198,5725,complete generated value view; no generated-mask claim,near,5725.0,[],1.9360165155859774,1.9052371723026569,1.8353966803200072,-0.05482184660398688,ok,0.9841017145073245,-0.01602601887027616,True,387.0,387.0,False,4034.0,independent_stitch,1339,primary,True,Mechanism-Valid,Admissible,,,
C0035,network_volume_forecast,network_volume_forecast|router__general__packet_length_max,temporal,linear,5725,5725,17198,5725,complete generated value view; no generated-mask claim,future,5726.0,[],32.08185904041827,33.99656662565353,45.94517611445556,0.30173607430520927,ok,1.0596819399656052,0.057968806461754695,True,25.5,25.5,False,4034.0,independent_stitch,1339,primary,True,Mechanism-Valid,Admissible,,,
C0044,network_volume_forecast,network_volume_forecast|router__general__packet_length_mean,temporal,linear,5716,5716,17189,5716,complete generated value view; no generated-mask claim,near,5716.0,[],0.4282161439126719,0.43889743437271816,0.6192813788664557,0.30852733744959887,ok,1.0249436893304624,0.024637673842692897,True,108.93432600194046,108.93432600194046,False,512.6333681560927,independent_stitch,1339,primary,True,Mechanism-Valid,Admissible,,,
C0044,network_volume_forecast,network_volume_forecast|router__general__packet_length_mean,temporal,linear,5716,5716,17189,5716,complete generated value view; no generated-mask claim,future,5717.0,[],0.29127227997175636,0.30331902347829287,0.511620385158303,0.4306867192525326,ok,1.0413590455902795,0.04052663467249768,True,107.56793568533652,107.56793568533652,False,512.6333681560927,independent_stitch,1339,primary,True,Mechanism-Valid,Admissible,,,
C0065,network_volume_forecast,network_volume_forecast|router__general__packet_length_min,temporal,linear,5727,5727,17200,5727,complete generated value view; no generated-mask claim,near,5727.0,[],0.518778322976835,0.529401434957038,0.6886677143356033,0.24669283577881992,ok,1.0204771701316389,0.020270331759941376,True,18.0,18.0,False,44.0,independent_stitch,1339,primary,True,Mechanism-Valid,Admissible,,,
C0065,network_volume_forecast,network_volume_forecast|router__general__packet_length_min,temporal,linear,5727,5727,17200,5727,complete generated value view; no generated-mask claim,future,5728.0,[],0.5134338979310422,0.5212185721613048,0.6423805090006207,0.20073244636607412,ok,1.0151619794907039,0.01504818546643356,True,18.0,18.0,False,44.0,independent_stitch,1339,primary,True,Mechanism-Valid,Admissible,,,
C0066,network_volume_forecast,network_volume_forecast|router__general__packet_length_min,temporal,linear,5725,5725,17198,5725,complete generated value view; no generated-mask claim,near,5725.0,[],0.5183832463512495,0.5128623246428741,0.6885589519650656,0.2471476191372645,ok,0.9893497296696302,-0.01070739038410522,True,18.0,18.0,False,44.0,independent_stitch,1339,primary,True,Mechanism-Valid,Admissible,,,
C0066,network_volume_forecast,network_volume_forecast|router__general__packet_length_min,temporal,linear,5725,5725,17198,5725,complete generated value view; no generated-mask claim,future,5726.0,[],0.5141545489404717,0.510902829707968,0.6424302402297513,0.19967256093580604,ok,0.9936755996048179,-0.006344484138563965,True,18.0,18.0,False,44.0,independent_stitch,1339,primary,True,Mechanism-Valid,Admissible,,,
C0067,network_volume_forecast,network_volume_forecast|router__general__packet_length_min,temporal,linear,5716,5716,17189,5716,complete generated value view; no generated-mask claim,near,5716.0,[],0.46325414441464485,0.4901102488837853,0.6885934219734079,0.32724575978808174,ok,1.0579727235966234,0.05635455200416959,True,18.0,18.0,False,44.0,independent_stitch,1339,primary,True,Mechanism-Valid,Admissible,,,
C0067,network_volume_forecast,network_volume_forecast|router__general__packet_length_min,temporal,linear,5716,5716,17189,5716,complete generated value view; no generated-mask claim,future,5717.0,[],0.47146587767091247,0.49165911516723665,0.6422171690669154,0.26587780523539944,ok,1.042830750755666,0.041938891284225246,True,18.0,18.0,False,44.0,independent_stitch,1339,primary,True,Mechanism-Valid,Admissible,,,
C0071,network_burst_prediction,network_burst_prediction|router__iot_named__mqtt_port_packets,temporal,linear,5727,5727,17204,5727,complete generated value view; no generated-mask claim,near,5727.0,[],0.013593143390262831,0.01889485360923871,0.02212824849553467,0.3857108305248002,ok,1.390028271369053,0.32932408605019003,False,,,,0.1176881438798673,independent_stitch,1339,primary,True,Mechanism-Valid,Not-Estimable,0.8510904535489565,0.19323530351392065,0.010825912345032303
C0071,network_burst_prediction,network_burst_prediction|router__iot_named__mqtt_port_packets,temporal,linear,5727,5727,17204,5727,complete generated value view; no generated-mask claim,future,5728.0,[],0.06357909205919211,0.06543776943395663,0.07058322925564826,0.09923231439422503,ok,1.029234097477109,0.028814930955470955,True,,,,0.1176881438798673,independent_stitch,1339,primary,True,Mechanism-Valid,Not-Estimable,0.8523938725028009,0.16241402509555858,0.07419692737430168
C0081,network_volume_forecast,network_volume_forecast|router__iot_named__udp_count,temporal,linear,5725,5725,17202,5725,complete generated value view; no generated-mask claim,near,5725.0,[],0.18293645284687168,0.26637410938303735,0.435589519650655,0.5800255869480339,ok,1.4561018607155773,0.3757629066101345,False,4.0,4.0,False,1.0,independent_stitch,1339,primary,True,Mechanism-Valid,Admissible,,,
C0081,network_volume_forecast,network_volume_forecast|router__iot_named__udp_count,temporal,linear,5725,5725,17202,5725,complete generated value view; no generated-mask claim,future,5726.0,[],0.177899279199873,0.2544198966486811,0.42678134823611596,0.5831606045223641,ok,1.4301344996616643,0.35776849555631274,False,4.0,4.0,False,1.0,independent_stitch,1339,primary,True,Mechanism-Valid,Admissible,,,
C0082,network_volume_forecast,network_volume_forecast|router__iot_named__udp_count,temporal,linear,5716,5716,17193,5716,complete generated value view; no generated-mask claim,near,5716.0,[],0.19014978301614147,0.31902456020912257,0.43557557732680197,0.5634516880328287,ok,1.6777540060723664,0.5174559978181449,False,4.0,4.0,False,1.0,independent_stitch,1339,primary,True,Mechanism-Valid,Admissible,,,
C0082,network_volume_forecast,network_volume_forecast|router__iot_named__udp_count,temporal,linear,5716,5716,17193,5716,complete generated value view; no generated-mask claim,future,5717.0,[],0.17731858796666228,0.3040597528964299,0.4267972712961343,0.5845367346699146,ok,1.7147652504067779,0.5392761910196656,False,4.0,4.0,False,1.0,independent_stitch,1339,primary,True,Mechanism-Valid,Admissible,,,
C0085,network_volume_forecast,network_volume_forecast|router__iot_named__dns_port_packets,temporal,linear,5725,5725,17202,5725,complete generated value view; no generated-mask claim,near,5725.0,[],0.09438529328220864,0.17702263155779815,0.34790393013100435,0.7287029978457917,ok,1.8755319330153146,0.6288923167959849,False,4.0,4.0,False,0.0,independent_stitch,1339,primary,True,Mechanism-Valid,Admissible,,,
C0085,network_volume_forecast,network_volume_forecast|router__iot_named__dns_port_packets,temporal,linear,5725,5725,17202,5725,complete generated value view; no generated-mask claim,future,5726.0,[],0.07701889161686007,0.16337839274821195,0.3413377575969263,0.7743616406251519,ok,2.121276862317856,0.7520182009241178,False,4.0,4.0,False,0.0,independent_stitch,1339,primary,True,Mechanism-Valid,Admissible,,,
C0086,network_volume_forecast,network_volume_forecast|router__iot_named__dns_port_packets,temporal,linear,5716,5716,17193,5716,complete generated value view; no generated-mask claim,near,5716.0,[],0.1033470496319522,0.23900261027241587,0.3479268719384185,0.7029633007184218,ok,2.3126215128885743,0.8383817351379226,False,4.0,4.0,False,0.0,independent_stitch,1339,primary,True,Mechanism-Valid,Admissible,,,
C0086,network_volume_forecast,network_volume_forecast|router__iot_named__dns_port_packets,temporal,linear,5716,5716,17193,5716,complete generated value view; no generated-mask claim,future,5717.0,[],0.08184232297743387,0.22544171096000068,0.34135035857967466,0.7602395283310328,ok,2.754585925208416,1.0132671319289088,False,4.0,4.0,False,0.0,independent_stitch,1339,primary,True,Mechanism-Valid,Admissible,,,
C0034,network_volume_forecast,network_volume_forecast|router__general__packet_length_max,temporal,linear,5727,5727,17200,5727,complete generated value view; no generated-mask claim,near,5727.0,[],1.8950680916634337,1.8705475261868867,1.835925208529884,-0.03221421159139063,ok,0.9870608525443413,-0.01302358740223645,True,387.0,387.0,False,4034.0,independent_stitch,1340,primary,True,Mechanism-Valid,Admissible,,,
C0034,network_volume_forecast,network_volume_forecast|router__general__packet_length_max,temporal,linear,5727,5727,17200,5727,complete generated value view; no generated-mask claim,future,5728.0,[],31.679058490019813,30.48078591621838,45.04995702621401,0.29680158248350463,ok,0.9621746153163315,-0.038559331985046776,True,26.0,26.0,False,4034.0,independent_stitch,1340,primary,True,Mechanism-Valid,Admissible,,,
C0035,network_volume_forecast,network_volume_forecast|router__general__packet_length_max,temporal,linear,5725,5725,17198,5725,complete generated value view; no generated-mask claim,near,5725.0,[],1.9360165155859774,1.9284872898812866,1.8353966803200072,-0.05482184660398688,ok,0.9961109703124552,-0.003896611627477074,True,387.0,387.0,False,4034.0,independent_stitch,1340,primary,True,Mechanism-Valid,Admissible,,,
C0035,network_volume_forecast,network_volume_forecast|router__general__packet_length_max,temporal,linear,5725,5725,17198,5725,complete generated value view; no generated-mask claim,future,5726.0,[],32.08185904041827,32.77654802486929,45.94517611445556,0.30173607430520927,ok,1.021653638698924,0.021422528957447354,True,25.5,25.5,False,4034.0,independent_stitch,1340,primary,True,Mechanism-Valid,Admissible,,,
C0044,network_volume_forecast,network_volume_forecast|router__general__packet_length_mean,temporal,linear,5716,5716,17189,5716,complete generated value view; no generated-mask claim,near,5716.0,[],0.4282161439126719,0.5475305253800761,0.6192813788664557,0.30852733744959887,ok,1.2786312080091415,0.24579013700596095,False,108.93432600194046,108.93432600194046,False,512.6333681560927,independent_stitch,1340,primary,True,Mechanism-Valid,Admissible,,,
C0044,network_volume_forecast,network_volume_forecast|router__general__packet_length_mean,temporal,linear,5716,5716,17189,5716,complete generated value view; no generated-mask claim,future,5717.0,[],0.29127227997175636,0.4338120231183656,0.511620385158303,0.4306867192525326,ok,1.4893694077597457,0.39835281410746,False,107.56793568533652,107.56793568533652,False,512.6333681560927,independent_stitch,1340,primary,True,Mechanism-Valid,Admissible,,,
C0065,network_volume_forecast,network_volume_forecast|router__general__packet_length_min,temporal,linear,5727,5727,17200,5727,complete generated value view; no generated-mask claim,near,5727.0,[],0.518778322976835,0.5339310909872996,0.6886677143356033,0.24669283577881992,ok,1.0292085604570282,0.028790118974448633,True,18.0,18.0,False,44.0,independent_stitch,1340,primary,True,Mechanism-Valid,Admissible,,,
C0065,network_volume_forecast,network_volume_forecast|router__general__packet_length_min,temporal,linear,5727,5727,17200,5727,complete generated value view; no generated-mask claim,future,5728.0,[],0.5134338979310422,0.5247889483930788,0.6423805090006207,0.20073244636607412,ok,1.022115895556942,0.021874886092782556,True,18.0,18.0,False,44.0,independent_stitch,1340,primary,True,Mechanism-Valid,Admissible,,,
C0066,network_volume_forecast,network_volume_forecast|router__general__packet_length_min,temporal,linear,5725,5725,17198,5725,complete generated value view; no generated-mask claim,near,5725.0,[],0.5183832463512495,0.5183140360096127,0.6885589519650656,0.2471476191372645,ok,0.9998664880816963,-0.00013352083181323248,True,18.0,18.0,False,44.0,independent_stitch,1340,primary,True,Mechanism-Valid,Admissible,,,
C0066,network_volume_forecast,network_volume_forecast|router__general__packet_length_min,temporal,linear,5725,5725,17198,5725,complete generated value view; no generated-mask claim,future,5726.0,[],0.5141545489404717,0.5149083131838976,0.6424302402297513,0.19967256093580604,ok,1.0014660265964372,0.001464953028571122,True,18.0,18.0,False,44.0,independent_stitch,1340,primary,True,Mechanism-Valid,Admissible,,,
C0067,network_volume_forecast,network_volume_forecast|router__general__packet_length_min,temporal,linear,5716,5716,17189,5716,complete generated value view; no generated-mask claim,near,5716.0,[],0.46325414441464485,0.49146371684386864,0.6885934219734079,0.32724575978808174,ok,1.0608943768109589,0.05911230407405522,True,18.0,18.0,False,44.0,independent_stitch,1340,primary,True,Mechanism-Valid,Admissible,,,
C0067,network_volume_forecast,network_volume_forecast|router__general__packet_length_min,temporal,linear,5716,5716,17189,5716,complete generated value view; no generated-mask claim,future,5717.0,[],0.47146587767091247,0.4926660629160941,0.6422171690669154,0.26587780523539944,ok,1.0449665315121268,0.04398485764276799,True,18.0,18.0,False,44.0,independent_stitch,1340,primary,True,Mechanism-Valid,Admissible,,,
C0071,network_burst_prediction,network_burst_prediction|router__iot_named__mqtt_port_packets,temporal,linear,5727,5727,17204,5727,complete generated value view; no generated-mask claim,near,5727.0,[],0.013593143390262831,0.016101996348712403,0.02212824849553467,0.3857108305248002,ok,1.184567534264866,0.16937775798918622,False,,,,0.1176881438798673,independent_stitch,1340,primary,True,Mechanism-Valid,Not-Estimable,0.8510904535489565,0.19323530351392065,0.010825912345032303
C0071,network_burst_prediction,network_burst_prediction|router__iot_named__mqtt_port_packets,temporal,linear,5727,5727,17204,5727,complete generated value view; no generated-mask claim,future,5728.0,[],0.06357909205919211,0.06394987312645756,0.07058322925564826,0.09923231439422503,ok,1.0058318081503939,0.005814868982653587,True,,,,0.1176881438798673,independent_stitch,1340,primary,True,Mechanism-Valid,Not-Estimable,0.8523938725028009,0.16241402509555858,0.07419692737430168
C0081,network_volume_forecast,network_volume_forecast|router__iot_named__udp_count,temporal,linear,5725,5725,17202,5725,complete generated value view; no generated-mask claim,near,5725.0,[],0.18293645284687168,0.27780747894616986,0.435589519650655,0.5800255869480339,ok,1.518600992983671,0.4177895116777723,False,4.0,4.0,False,1.0,independent_stitch,1340,primary,True,Mechanism-Valid,Admissible,,,
C0081,network_volume_forecast,network_volume_forecast|router__iot_named__udp_count,temporal,linear,5725,5725,17202,5725,complete generated value view; no generated-mask claim,future,5726.0,[],0.177899279199873,0.265521034484629,0.42678134823611596,0.5831606045223641,ok,1.4925357521337195,0.4004765205261702,False,4.0,4.0,False,1.0,independent_stitch,1340,primary,True,Mechanism-Valid,Admissible,,,
C0082,network_volume_forecast,network_volume_forecast|router__iot_named__udp_count,temporal,linear,5716,5716,17193,5716,complete generated value view; no generated-mask claim,near,5716.0,[],0.19014978301614147,0.332420096020637,0.43557557732680197,0.5634516880328287,ok,1.7482012903081696,0.5585874252420983,False,4.0,4.0,False,1.0,independent_stitch,1340,primary,True,Mechanism-Valid,Admissible,,,
C0082,network_volume_forecast,network_volume_forecast|router__iot_named__udp_count,temporal,linear,5716,5716,17193,5716,complete generated value view; no generated-mask claim,future,5717.0,[],0.17731858796666228,0.3178681020475337,0.4267972712961343,0.5845367346699146,ok,1.7926383561507728,0.5836884766500535,False,4.0,4.0,False,1.0,independent_stitch,1340,primary,True,Mechanism-Valid,Admissible,,,
C0085,network_volume_forecast,network_volume_forecast|router__iot_named__dns_port_packets,temporal,linear,5725,5725,17202,5725,complete generated value view; no generated-mask claim,near,5725.0,[],0.09438529328220864,0.18846397886800967,0.34790393013100435,0.7287029978457917,ok,1.996751531030466,0.6915216255762873,False,4.0,4.0,False,0.0,independent_stitch,1340,primary,True,Mechanism-Valid,Admissible,,,
C0085,network_volume_forecast,network_volume_forecast|router__iot_named__dns_port_packets,temporal,linear,5725,5725,17202,5725,complete generated value view; no generated-mask claim,future,5726.0,[],0.07701889161686007,0.17532223637575667,0.3413377575969263,0.7743616406251519,ok,2.276353667200492,0.8225748939992336,False,4.0,4.0,False,0.0,independent_stitch,1340,primary,True,Mechanism-Valid,Admissible,,,
C0086,network_volume_forecast,network_volume_forecast|router__iot_named__dns_port_packets,temporal,linear,5716,5716,17193,5716,complete generated value view; no generated-mask claim,near,5716.0,[],0.1033470496319522,0.2432046989492033,0.3479268719384185,0.7029633007184218,ok,2.3532814900408225,0.8558107328666872,False,4.0,4.0,False,0.0,independent_stitch,1340,primary,True,Mechanism-Valid,Admissible,,,
C0086,network_volume_forecast,network_volume_forecast|router__iot_named__dns_port_packets,temporal,linear,5716,5716,17193,5716,complete generated value view; no generated-mask claim,future,5717.0,[],0.08184232297743387,0.2298501040244343,0.34135035857967466,0.7602395283310328,ok,2.8084503917100467,1.0326328692096527,False,4.0,4.0,False,0.0,independent_stitch,1340,primary,True,Mechanism-Valid,Admissible,,,
C0034,network_volume_forecast,network_volume_forecast|router__general__packet_length_max,temporal,linear,5727,5727,17200,5727,complete generated value view; no generated-mask claim,near,5727.0,[],1.8950680916634337,1.9503855775064864,1.835925208529884,-0.03221421159139063,ok,1.029190236533663,0.028772314918798593,True,387.0,387.0,False,4034.0,independent_stitch,1341,primary,True,Mechanism-Valid,Admissible,,,
C0034,network_volume_forecast,network_volume_forecast|router__general__packet_length_max,temporal,linear,5727,5727,17200,5727,complete generated value view; no generated-mask claim,future,5728.0,[],31.679058490019813,28.637499011281456,45.04995702621401,0.29680158248350463,ok,0.9039883246625978,-0.10093883386960377,True,26.0,26.0,False,4034.0,independent_stitch,1341,primary,True,Mechanism-Valid,Admissible,,,
C0035,network_volume_forecast,network_volume_forecast|router__general__packet_length_max,temporal,linear,5725,5725,17198,5725,complete generated value view; no generated-mask claim,near,5725.0,[],1.9360165155859774,2.01414104730349,1.8353966803200072,-0.05482184660398688,ok,1.0403532361881047,0.03956030566608614,True,387.0,387.0,False,4034.0,independent_stitch,1341,primary,True,Mechanism-Valid,Admissible,,,
C0035,network_volume_forecast,network_volume_forecast|router__general__packet_length_max,temporal,linear,5725,5725,17198,5725,complete generated value view; no generated-mask claim,future,5726.0,[],32.08185904041827,30.204680698796246,45.94517611445556,0.30173607430520927,ok,0.9414878564469388,-0.060293829059519674,True,25.5,25.5,False,4034.0,independent_stitch,1341,primary,True,Mechanism-Valid,Admissible,,,
C0044,network_volume_forecast,network_volume_forecast|router__general__packet_length_mean,temporal,linear,5716,5716,17189,5716,complete generated value view; no generated-mask claim,near,5716.0,[],0.4282161439126719,0.43749363802120816,0.6192813788664557,0.30852733744959887,ok,1.0216654468553346,0.021434086776775992,True,108.93432600194046,108.93432600194046,False,512.6333681560927,independent_stitch,1341,primary,True,Mechanism-Valid,Admissible,,,
C0044,network_volume_forecast,network_volume_forecast|router__general__packet_length_mean,temporal,linear,5716,5716,17189,5716,complete generated value view; no generated-mask claim,future,5717.0,[],0.29127227997175636,0.3012363964267853,0.511620385158303,0.4306867192525326,ok,1.0342089417365603,0.03363682698453367,True,107.56793568533652,107.56793568533652,False,512.6333681560927,independent_stitch,1341,primary,True,Mechanism-Valid,Admissible,,,
C0065,network_volume_forecast,network_volume_forecast|router__general__packet_length_min,temporal,linear,5727,5727,17200,5727,complete generated value view; no generated-mask claim,near,5727.0,[],0.518778322976835,0.5319408469914739,0.6886677143356033,0.24669283577881992,ok,1.0253721549873367,0.025055624729917264,True,18.0,18.0,False,44.0,independent_stitch,1341,primary,True,Mechanism-Valid,Admissible,,,
C0065,network_volume_forecast,network_volume_forecast|router__general__packet_length_min,temporal,linear,5727,5727,17200,5727,complete generated value view; no generated-mask claim,future,5728.0,[],0.5134338979310422,0.5232766922522649,0.6423805090006207,0.20073244636607412,ok,1.0191705190500389,0.01898907983856195,True,18.0,18.0,False,44.0,independent_stitch,1341,primary,True,Mechanism-Valid,Admissible,,,
C0066,network_volume_forecast,network_volume_forecast|router__general__packet_length_min,temporal,linear,5725,5725,17198,5725,complete generated value view; no generated-mask claim,near,5725.0,[],0.5183832463512495,0.5179649712462985,0.6885589519650656,0.2471476191372645,ok,0.9991931160817885,-0.000807209624256654,True,18.0,18.0,False,44.0,independent_stitch,1341,primary,True,Mechanism-Valid,Admissible,,,
C0066,network_volume_forecast,network_volume_forecast|router__general__packet_length_min,temporal,linear,5725,5725,17198,5725,complete generated value view; no generated-mask claim,future,5726.0,[],0.5141545489404717,0.5144507683797332,0.6424302402297513,0.19967256093580604,ok,1.000576129181142,0.0005759632824415639,True,18.0,18.0,False,44.0,independent_stitch,1341,primary,True,Mechanism-Valid,Admissible,,,
C0067,network_volume_forecast,network_volume_forecast|router__general__packet_length_min,temporal,linear,5716,5716,17189,5716,complete generated value view; no generated-mask claim,near,5716.0,[],0.46325414441464485,0.49048059909230407,0.6885934219734079,0.32724575978808174,ok,1.0587721772291143,0.05710991338020607,True,18.0,18.0,False,44.0,independent_stitch,1341,primary,True,Mechanism-Valid,Admissible,,,
C0067,network_volume_forecast,network_volume_forecast|router__general__packet_length_min,temporal,linear,5716,5716,17189,5716,complete generated value view; no generated-mask claim,future,5717.0,[],0.47146587767091247,0.49193134648643766,0.6422171690669154,0.26587780523539944,ok,1.0434081654363336,0.042492437372288396,True,18.0,18.0,False,44.0,independent_stitch,1341,primary,True,Mechanism-Valid,Admissible,,,
C0071,network_burst_prediction,network_burst_prediction|router__iot_named__mqtt_port_packets,temporal,linear,5727,5727,17204,5727,complete generated value view; no generated-mask claim,near,5727.0,[],0.013593143390262831,0.01612705897046853,0.02212824849553467,0.3857108305248002,ok,1.1864113036592272,0.17093303949278102,False,,,,0.1176881438798673,independent_stitch,1341,primary,True,Mechanism-Valid,Not-Estimable,0.8510904535489565,0.19323530351392065,0.010825912345032303
C0071,network_burst_prediction,network_burst_prediction|router__iot_named__mqtt_port_packets,temporal,linear,5727,5727,17204,5727,complete generated value view; no generated-mask claim,future,5728.0,[],0.06357909205919211,0.0638169022612815,0.07058322925564826,0.09923231439422503,ok,1.0037403837391699,0.0037334058983671866,True,,,,0.1176881438798673,independent_stitch,1341,primary,True,Mechanism-Valid,Not-Estimable,0.8523938725028009,0.16241402509555858,0.07419692737430168
C0081,network_volume_forecast,network_volume_forecast|router__iot_named__udp_count,temporal,linear,5725,5725,17202,5725,complete generated value view; no generated-mask claim,near,5725.0,[],0.18293645284687168,0.24873072349270967,0.435589519650655,0.5800255869480339,ok,1.359656425069702,0.30723203920675507,False,4.0,4.0,False,1.0,independent_stitch,1341,primary,True,Mechanism-Valid,Admissible,,,
C0081,network_volume_forecast,network_volume_forecast|router__iot_named__udp_count,temporal,linear,5725,5725,17202,5725,complete generated value view; no generated-mask claim,future,5726.0,[],0.177899279199873,0.23827462699099147,0.42678134823611596,0.5831606045223641,ok,1.3393793840124877,0.29220636041812653,False,4.0,4.0,False,1.0,independent_stitch,1341,primary,True,Mechanism-Valid,Admissible,,,
C0082,network_volume_forecast,network_volume_forecast|router__iot_named__udp_count,temporal,linear,5716,5716,17193,5716,complete generated value view; no generated-mask claim,near,5716.0,[],0.19014978301614147,0.29965348864092084,0.43557557732680197,0.5634516880328287,ok,1.5758813072928082,0.45481467596808184,False,4.0,4.0,False,1.0,independent_stitch,1341,primary,True,Mechanism-Valid,Admissible,,,
C0082,network_volume_forecast,network_volume_forecast|router__iot_named__udp_count,temporal,linear,5716,5716,17193,5716,complete generated value view; no generated-mask claim,future,5717.0,[],0.17731858796666228,0.2846686523087874,0.4267972712961343,0.5845367346699146,ok,1.6054078456924552,0.47337783376734144,False,4.0,4.0,False,1.0,independent_stitch,1341,primary,True,Mechanism-Valid,Admissible,,,
C0085,network_volume_forecast,network_volume_forecast|router__iot_named__dns_port_packets,temporal,linear,5725,5725,17202,5725,complete generated value view; no generated-mask claim,near,5725.0,[],0.09438529328220864,0.21003780136043013,0.34790393013100435,0.7287029978457917,ok,2.225323395800918,0.7999022514838139,False,4.0,4.0,False,0.0,independent_stitch,1341,primary,True,Mechanism-Valid,Admissible,,,
C0085,network_volume_forecast,network_volume_forecast|router__iot_named__dns_port_packets,temporal,linear,5725,5725,17202,5725,complete generated value view; no generated-mask claim,future,5726.0,[],0.07701889161686007,0.19783426901057555,0.3413377575969263,0.7743616406251519,ok,2.5686460147300796,0.9433789175593673,False,4.0,4.0,False,0.0,independent_stitch,1341,primary,True,Mechanism-Valid,Admissible,,,
C0086,network_volume_forecast,network_volume_forecast|router__iot_named__dns_port_packets,temporal,linear,5716,5716,17193,5716,complete generated value view; no generated-mask claim,near,5716.0,[],0.1033470496319522,0.267575937463808,0.3479268719384185,0.7029633007184218,ok,2.5891008830607247,0.9513106660437418,False,4.0,4.0,False,0.0,independent_stitch,1341,primary,True,Mechanism-Valid,Admissible,,,
C0086,network_volume_forecast,network_volume_forecast|router__iot_named__dns_port_packets,temporal,linear,5716,5716,17193,5716,complete generated value view; no generated-mask claim,future,5717.0,[],0.08184232297743387,0.2554712783485238,0.34135035857967466,0.7602395283310328,ok,3.121505708225854,1.1383154841983851,False,4.0,4.0,False,0.0,independent_stitch,1341,primary,True,Mechanism-Valid,Admissible,,,
C0034,network_volume_forecast,network_volume_forecast|router__general__packet_length_max,temporal,linear,5727,5727,17200,5727,complete generated value view; no generated-mask claim,near,5727.0,[],1.8950680916634337,1.88177965574529,1.835925208529884,-0.03221421159139063,ok,0.9929878847221371,-0.007036815694034824,True,387.0,387.0,False,4034.0,shared_stitch,1337,primary,True,Mechanism-Valid,Admissible,,,
C0034,network_volume_forecast,network_volume_forecast|router__general__packet_length_max,temporal,linear,5727,5727,17200,5727,complete generated value view; no generated-mask claim,future,5728.0,[],31.679058490019813,29.310513084791555,45.04995702621401,0.29680158248350463,ok,0.9252330871520552,-0.07770958710254935,True,26.0,26.0,False,4034.0,shared_stitch,1337,primary,True,Mechanism-Valid,Admissible,,,
C0035,network_volume_forecast,network_volume_forecast|router__general__packet_length_max,temporal,linear,5725,5725,17198,5725,complete generated value view; no generated-mask claim,near,5725.0,[],1.9360165155859774,1.938263483644001,1.8353966803200072,-0.05482184660398688,ok,1.001160614095972,0.0011599411041042504,True,387.0,387.0,False,4034.0,shared_stitch,1337,primary,True,Mechanism-Valid,Admissible,,,
C0035,network_volume_forecast,network_volume_forecast|router__general__packet_length_max,temporal,linear,5725,5725,17198,5725,complete generated value view; no generated-mask claim,future,5726.0,[],32.08185904041827,31.225157612101285,45.94517611445556,0.30173607430520927,ok,0.9732963907347865,-0.027066627832752547,True,25.5,25.5,False,4034.0,shared_stitch,1337,primary,True,Mechanism-Valid,Admissible,,,
C0044,network_volume_forecast,network_volume_forecast|router__general__packet_length_mean,temporal,linear,5716,5716,17189,5716,complete generated value view; no generated-mask claim,near,5716.0,[],0.4282161439126719,0.5205199658214104,0.6192813788664557,0.30852733744959887,ok,1.2155542784196443,0.19520016899680773,False,108.93432600194046,108.93432600194046,False,512.6333681560927,shared_stitch,1337,primary,True,Mechanism-Valid,Admissible,,,
C0044,network_volume_forecast,network_volume_forecast|router__general__packet_length_mean,temporal,linear,5716,5716,17189,5716,complete generated value view; no generated-mask claim,future,5717.0,[],0.29127227997175636,0.40293453601991136,0.511620385158303,0.4306867192525326,ok,1.3833603941266999,0.32451560740246455,False,107.56793568533652,107.56793568533652,False,512.6333681560927,shared_stitch,1337,primary,True,Mechanism-Valid,Admissible,,,
C0065,network_volume_forecast,network_volume_forecast|router__general__packet_length_min,temporal,linear,5727,5727,17200,5727,complete generated value view; no generated-mask claim,near,5727.0,[],0.518778322976835,0.5233360555325848,0.6886677143356033,0.24669283577881992,ok,1.00878551079312,0.008747142751310832,True,18.0,18.0,False,44.0,shared_stitch,1337,primary,True,Mechanism-Valid,Admissible,,,
C0065,network_volume_forecast,network_volume_forecast|router__general__packet_length_min,temporal,linear,5727,5727,17200,5727,complete generated value view; no generated-mask claim,future,5728.0,[],0.5134338979310422,0.5168826450463527,0.6423805090006207,0.20073244636607412,ok,1.0067170226375932,0.006694563955261045,True,18.0,18.0,False,44.0,shared_stitch,1337,primary,True,Mechanism-Valid,Admissible,,,
C0066,network_volume_forecast,network_volume_forecast|router__general__packet_length_min,temporal,linear,5725,5725,17198,5725,complete generated value view; no generated-mask claim,near,5725.0,[],0.5183832463512495,0.510934696962662,0.6885589519650656,0.2471476191372645,ok,0.9856311919009426,-0.014473039076889219,True,18.0,18.0,False,44.0,shared_stitch,1337,primary,True,Mechanism-Valid,Admissible,,,
C0066,network_volume_forecast,network_volume_forecast|router__general__packet_length_min,temporal,linear,5725,5725,17198,5725,complete generated value view; no generated-mask claim,future,5726.0,[],0.5141545489404717,0.5090529087411576,0.6424302402297513,0.19967256093580604,ok,0.990077613414435,-0.009971941538097892,True,18.0,18.0,False,44.0,shared_stitch,1337,primary,True,Mechanism-Valid,Admissible,,,
C0067,network_volume_forecast,network_volume_forecast|router__general__packet_length_min,temporal,linear,5716,5716,17189,5716,complete generated value view; no generated-mask claim,near,5716.0,[],0.46325414441464485,0.48264067769621427,0.6885934219734079,0.32724575978808174,ok,1.0418485911357915,0.04099662676151751,True,18.0,18.0,False,44.0,shared_stitch,1337,primary,True,Mechanism-Valid,Admissible,,,
C0067,network_volume_forecast,network_volume_forecast|router__general__packet_length_min,temporal,linear,5716,5716,17189,5716,complete generated value view; no generated-mask claim,future,5717.0,[],0.47146587767091247,0.48605596959226216,0.6422171690669154,0.26587780523539944,ok,1.0309462309200959,0.030477051317999382,True,18.0,18.0,False,44.0,shared_stitch,1337,primary,True,Mechanism-Valid,Admissible,,,
C0071,network_burst_prediction,network_burst_prediction|router__iot_named__mqtt_port_packets,temporal,linear,5727,5727,17204,5727,complete generated value view; no generated-mask claim,near,5727.0,[],0.013593143390262831,0.01609176348219737,0.02212824849553467,0.3857108305248002,ok,1.1838147380777557,0.16874205300080405,False,,,,0.1176881438798673,shared_stitch,1337,primary,True,Mechanism-Valid,Not-Estimable,0.8510904535489565,0.19323530351392065,0.010825912345032303
C0071,network_burst_prediction,network_burst_prediction|router__iot_named__mqtt_port_packets,temporal,linear,5727,5727,17204,5727,complete generated value view; no generated-mask claim,future,5728.0,[],0.06357909205919211,0.06385301305789198,0.07058322925564826,0.09923231439422503,ok,1.004308350274094,0.004299095904241664,True,,,,0.1176881438798673,shared_stitch,1337,primary,True,Mechanism-Valid,Not-Estimable,0.8523938725028009,0.16241402509555858,0.07419692737430168
C0081,network_volume_forecast,network_volume_forecast|router__iot_named__udp_count,temporal,linear,5725,5725,17202,5725,complete generated value view; no generated-mask claim,near,5725.0,[],0.18293645284687168,0.25906479639204233,0.435589519650655,0.5800255869480339,ok,1.4161463850449447,0.3479393691972884,False,4.0,4.0,False,1.0,shared_stitch,1337,primary,True,Mechanism-Valid,Admissible,,,
C0081,network_volume_forecast,network_volume_forecast|router__iot_named__udp_count,temporal,linear,5725,5725,17202,5725,complete generated value view; no generated-mask claim,future,5726.0,[],0.177899279199873,0.24828511279884255,0.42678134823611596,0.5831606045223641,ok,1.395649908844711,0.33336019125934624,False,4.0,4.0,False,1.0,shared_stitch,1337,primary,True,Mechanism-Valid,Admissible,,,
C0082,network_volume_forecast,network_volume_forecast|router__iot_named__udp_count,temporal,linear,5716,5716,17193,5716,complete generated value view; no generated-mask claim,near,5716.0,[],0.19014978301614147,0.30299753971860616,0.43557557732680197,0.5634516880328287,ok,1.5934677122028862,0.4659125924816369,False,4.0,4.0,False,1.0,shared_stitch,1337,primary,True,Mechanism-Valid,Admissible,,,
C0082,network_volume_forecast,network_volume_forecast|router__iot_named__udp_count,temporal,linear,5716,5716,17193,5716,complete generated value view; no generated-mask claim,future,5717.0,[],0.17731858796666228,0.28825104354799946,0.4267972712961343,0.5845367346699146,ok,1.625610979950921,0.48588373277815744,False,4.0,4.0,False,1.0,shared_stitch,1337,primary,True,Mechanism-Valid,Admissible,,,
C0085,network_volume_forecast,network_volume_forecast|router__iot_named__dns_port_packets,temporal,linear,5725,5725,17202,5725,complete generated value view; no generated-mask claim,near,5725.0,[],0.09438529328220864,0.17415297553865747,0.34790393013100435,0.7287029978457917,ok,1.8451282978794834,0.6125488132208872,False,4.0,4.0,False,0.0,shared_stitch,1337,primary,True,Mechanism-Valid,Admissible,,,
C0085,network_volume_forecast,network_volume_forecast|router__iot_named__dns_port_packets,temporal,linear,5725,5725,17202,5725,complete generated value view; no generated-mask claim,future,5726.0,[],0.07701889161686007,0.16035114487365748,0.3413377575969263,0.7743616406251519,ok,2.081971598232599,0.7333153285207669,False,4.0,4.0,False,0.0,shared_stitch,1337,primary,True,Mechanism-Valid,Admissible,,,
C0086,network_volume_forecast,network_volume_forecast|router__iot_named__dns_port_packets,temporal,linear,5716,5716,17193,5716,complete generated value view; no generated-mask claim,near,5716.0,[],0.1033470496319522,0.2263091288817308,0.3479268719384185,0.7029633007184218,ok,2.189797673834725,0.7838091531836874,False,4.0,4.0,False,0.0,shared_stitch,1337,primary,True,Mechanism-Valid,Admissible,,,
C0086,network_volume_forecast,network_volume_forecast|router__iot_named__dns_port_packets,temporal,linear,5716,5716,17193,5716,complete generated value view; no generated-mask claim,future,5717.0,[],0.08184232297743387,0.21203285313397083,0.34135035857967466,0.7602395283310328,ok,2.590748226836548,0.9519467246610535,False,4.0,4.0,False,0.0,shared_stitch,1337,primary,True,Mechanism-Valid,Admissible,,,
C0034,network_volume_forecast,network_volume_forecast|router__general__packet_length_max,temporal,linear,5727,5727,17200,5727,complete generated value view; no generated-mask claim,near,5727.0,[],1.8950680916634337,1.780669991078201,1.835925208529884,-0.03221421159139063,ok,0.9396337782856037,-0.0622650771994445,True,387.0,387.0,False,4034.0,shared_stitch,1338,primary,True,Mechanism-Valid,Admissible,,,
C0034,network_volume_forecast,network_volume_forecast|router__general__packet_length_max,temporal,linear,5727,5727,17200,5727,complete generated value view; no generated-mask claim,future,5728.0,[],31.679058490019813,38.92955201802197,45.04995702621401,0.29680158248350463,ok,1.2288733906118567,0.20609780706060415,False,26.0,26.0,False,4034.0,shared_stitch,1338,primary,True,Mechanism-Valid,Admissible,,,
C0035,network_volume_forecast,network_volume_forecast|router__general__packet_length_max,temporal,linear,5725,5725,17198,5725,complete generated value view; no generated-mask claim,near,5725.0,[],1.9360165155859774,1.8014547262511331,1.8353966803200072,-0.05482184660398688,ok,0.9304955364525306,-0.07203799984574791,True,387.0,387.0,False,4034.0,shared_stitch,1338,primary,True,Mechanism-Valid,Admissible,,,
C0035,network_volume_forecast,network_volume_forecast|router__general__packet_length_max,temporal,linear,5725,5725,17198,5725,complete generated value view; no generated-mask claim,future,5726.0,[],32.08185904041827,40.211361538098544,45.94517611445556,0.30173607430520927,ok,1.2533987350121554,0.2258588495627998,False,25.5,25.5,False,4034.0,shared_stitch,1338,primary,True,Mechanism-Valid,Admissible,,,
C0044,network_volume_forecast,network_volume_forecast|router__general__packet_length_mean,temporal,linear,5716,5716,17189,5716,complete generated value view; no generated-mask claim,near,5716.0,[],0.4282161439126719,0.43671389706380287,0.6192813788664557,0.30852733744959887,ok,1.019844541762218,0.019650205643548555,True,108.93432600194046,108.93432600194046,False,512.6333681560927,shared_stitch,1338,primary,True,Mechanism-Valid,Admissible,,,
C0044,network_volume_forecast,network_volume_forecast|router__general__packet_length_mean,temporal,linear,5716,5716,17189,5716,complete generated value view; no generated-mask claim,future,5717.0,[],0.29127227997175636,0.30075634019056036,0.511620385158303,0.4306867192525326,ok,1.0325608060599643,0.03204193618674302,True,107.56793568533652,107.56793568533652,False,512.6333681560927,shared_stitch,1338,primary,True,Mechanism-Valid,Admissible,,,
C0065,network_volume_forecast,network_volume_forecast|router__general__packet_length_min,temporal,linear,5727,5727,17200,5727,complete generated value view; no generated-mask claim,near,5727.0,[],0.518778322976835,0.5261407775008674,0.6886677143356033,0.24669283577881992,ok,1.0141919085627662,0.014092146199417295,True,18.0,18.0,False,44.0,shared_stitch,1338,primary,True,Mechanism-Valid,Admissible,,,
C0065,network_volume_forecast,network_volume_forecast|router__general__packet_length_min,temporal,linear,5727,5727,17200,5727,complete generated value view; no generated-mask claim,future,5728.0,[],0.5134338979310422,0.5187438335641958,0.6423805090006207,0.20073244636607412,ok,1.0103420044031974,0.010288891755944813,True,18.0,18.0,False,44.0,shared_stitch,1338,primary,True,Mechanism-Valid,Admissible,,,
C0066,network_volume_forecast,network_volume_forecast|router__general__packet_length_min,temporal,linear,5725,5725,17198,5725,complete generated value view; no generated-mask claim,near,5725.0,[],0.5183832463512495,0.5107758512943309,0.6885589519650656,0.2471476191372645,ok,0.9853247667426274,-0.014783979724183036,True,18.0,18.0,False,44.0,shared_stitch,1338,primary,True,Mechanism-Valid,Admissible,,,
C0066,network_volume_forecast,network_volume_forecast|router__general__packet_length_min,temporal,linear,5725,5725,17198,5725,complete generated value view; no generated-mask claim,future,5726.0,[],0.5141545489404717,0.5092186342598098,0.6424302402297513,0.19967256093580604,ok,0.9903999396857746,-0.009646437950661698,True,18.0,18.0,False,44.0,shared_stitch,1338,primary,True,Mechanism-Valid,Admissible,,,
C0067,network_volume_forecast,network_volume_forecast|router__general__packet_length_min,temporal,linear,5716,5716,17189,5716,complete generated value view; no generated-mask claim,near,5716.0,[],0.46325414441464485,0.49344255716005514,0.6885934219734079,0.32724575978808174,ok,1.065165985257521,0.06313064171920386,True,18.0,18.0,False,44.0,shared_stitch,1338,primary,True,Mechanism-Valid,Admissible,,,
C0067,network_volume_forecast,network_volume_forecast|router__general__packet_length_min,temporal,linear,5716,5716,17189,5716,complete generated value view; no generated-mask claim,future,5717.0,[],0.47146587767091247,0.49416972028334993,0.6422171690669154,0.26587780523539944,ok,1.0481558553603003,0.04703229178843298,True,18.0,18.0,False,44.0,shared_stitch,1338,primary,True,Mechanism-Valid,Admissible,,,
C0071,network_burst_prediction,network_burst_prediction|router__iot_named__mqtt_port_packets,temporal,linear,5727,5727,17204,5727,complete generated value view; no generated-mask claim,near,5727.0,[],0.013593143390262831,0.015191275525221806,0.02212824849553467,0.3857108305248002,ok,1.117568989679294,0.11115578133092686,False,,,,0.1176881438798673,shared_stitch,1338,primary,True,Mechanism-Valid,Not-Estimable,0.8510904535489565,0.19323530351392065,0.010825912345032303
C0071,network_burst_prediction,network_burst_prediction|router__iot_named__mqtt_port_packets,temporal,linear,5727,5727,17204,5727,complete generated value view; no generated-mask claim,future,5728.0,[],0.06357909205919211,0.06332287203093097,0.07058322925564826,0.09923231439422503,ok,0.9959700583955713,-0.004038083701241397,True,,,,0.1176881438798673,shared_stitch,1338,primary,True,Mechanism-Valid,Not-Estimable,0.8523938725028009,0.16241402509555858,0.07419692737430168
C0081,network_volume_forecast,network_volume_forecast|router__iot_named__udp_count,temporal,linear,5725,5725,17202,5725,complete generated value view; no generated-mask claim,near,5725.0,[],0.18293645284687168,0.26899684461960777,0.435589519650655,0.5800255869480339,ok,1.4704387257621836,0.38556080916188246,False,4.0,4.0,False,1.0,shared_stitch,1338,primary,True,Mechanism-Valid,Admissible,,,
C0081,network_volume_forecast,network_volume_forecast|router__iot_named__udp_count,temporal,linear,5725,5725,17202,5725,complete generated value view; no generated-mask claim,future,5726.0,[],0.177899279199873,0.25738401422148244,0.42678134823611596,0.5831606045223641,ok,1.4467962735942674,0.369351645473376,False,4.0,4.0,False,1.0,shared_stitch,1338,primary,True,Mechanism-Valid,Admissible,,,
C0082,network_volume_forecast,network_volume_forecast|router__iot_named__udp_count,temporal,linear,5716,5716,17193,5716,complete generated value view; no generated-mask claim,near,5716.0,[],0.19014978301614147,0.3273878096059733,0.43557557732680197,0.5634516880328287,ok,1.721736435419345,0.543333337043316,False,4.0,4.0,False,1.0,shared_stitch,1338,primary,True,Mechanism-Valid,Admissible,,,
C0082,network_volume_forecast,network_volume_forecast|router__iot_named__udp_count,temporal,linear,5716,5716,17193,5716,complete generated value view; no generated-mask claim,future,5717.0,[],0.17731858796666228,0.3128328226803816,0.4267972712961343,0.5845367346699146,ok,1.764241562419826,0.5677208883564472,False,4.0,4.0,False,1.0,shared_stitch,1338,primary,True,Mechanism-Valid,Admissible,,,
C0085,network_volume_forecast,network_volume_forecast|router__iot_named__dns_port_packets,temporal,linear,5725,5725,17202,5725,complete generated value view; no generated-mask claim,near,5725.0,[],0.09438529328220864,0.20389311721964526,0.34790393013100435,0.7287029978457917,ok,2.1602212604246738,0.7702106518317215,False,4.0,4.0,False,0.0,shared_stitch,1338,primary,True,Mechanism-Valid,Admissible,,,
C0085,network_volume_forecast,network_volume_forecast|router__iot_named__dns_port_packets,temporal,linear,5725,5725,17202,5725,complete generated value view; no generated-mask claim,future,5726.0,[],0.07701889161686007,0.19141051606640302,0.3413377575969263,0.7743616406251519,ok,2.485241114850083,0.9103696829503549,False,4.0,4.0,False,0.0,shared_stitch,1338,primary,True,Mechanism-Valid,Admissible,,,
C0086,network_volume_forecast,network_volume_forecast|router__iot_named__dns_port_packets,temporal,linear,5716,5716,17193,5716,complete generated value view; no generated-mask claim,near,5716.0,[],0.1033470496319522,0.27117433064874424,0.3479268719384185,0.7029633007184218,ok,2.6239194211588237,0.9646691622104915,False,4.0,4.0,False,0.0,shared_stitch,1338,primary,True,Mechanism-Valid,Admissible,,,
C0086,network_volume_forecast,network_volume_forecast|router__iot_named__dns_port_packets,temporal,linear,5716,5716,17193,5716,complete generated value view; no generated-mask claim,future,5717.0,[],0.08184232297743387,0.25925412847816376,0.34135035857967466,0.7602395283310328,ok,3.167726905181407,1.1530142660638505,False,4.0,4.0,False,0.0,shared_stitch,1338,primary,True,Mechanism-Valid,Admissible,,,
C0034,network_volume_forecast,network_volume_forecast|router__general__packet_length_max,temporal,linear,5727,5727,17200,5727,complete generated value view; no generated-mask claim,near,5727.0,[],1.8950680916634337,1.905104264620677,1.835925208529884,-0.03221421159139063,ok,1.0052959431913784,0.005281969000204127,True,387.0,387.0,False,4034.0,shared_stitch,1339,primary,True,Mechanism-Valid,Admissible,,,
C0034,network_volume_forecast,network_volume_forecast|router__general__packet_length_max,temporal,linear,5727,5727,17200,5727,complete generated value view; no generated-mask claim,future,5728.0,[],31.679058490019813,34.11150522258594,45.04995702621401,0.29680158248350463,ok,1.07678406014915,0.0739788768169168,True,26.0,26.0,False,4034.0,shared_stitch,1339,primary,True,Mechanism-Valid,Admissible,,,
C0035,network_volume_forecast,network_volume_forecast|router__general__packet_length_max,temporal,linear,5725,5725,17198,5725,complete generated value view; no generated-mask claim,near,5725.0,[],1.9360165155859774,1.9320076749584678,1.8353966803200072,-0.05482184660398688,ok,0.9979293355220701,-0.002072811267652749,True,387.0,387.0,False,4034.0,shared_stitch,1339,primary,True,Mechanism-Valid,Admissible,,,
C0035,network_volume_forecast,network_volume_forecast|router__general__packet_length_max,temporal,linear,5725,5725,17198,5725,complete generated value view; no generated-mask claim,future,5726.0,[],32.08185904041827,35.092091355011924,45.94517611445556,0.30173607430520927,ok,1.0938297344552639,0.08968505610599004,True,25.5,25.5,False,4034.0,shared_stitch,1339,primary,True,Mechanism-Valid,Admissible,,,
C0044,network_volume_forecast,network_volume_forecast|router__general__packet_length_mean,temporal,linear,5716,5716,17189,5716,complete generated value view; no generated-mask claim,near,5716.0,[],0.4282161439126719,0.485672760400815,0.6192813788664557,0.30852733744959887,ok,1.1341766706017988,0.12590698735238762,False,108.93432600194046,108.93432600194046,False,512.6333681560927,shared_stitch,1339,primary,True,Mechanism-Valid,Admissible,,,
C0044,network_volume_forecast,network_volume_forecast|router__general__packet_length_mean,temporal,linear,5716,5716,17189,5716,complete generated value view; no generated-mask claim,future,5717.0,[],0.29127227997175636,0.3598924705505849,0.511620385158303,0.4306867192525326,ok,1.2355877826255295,0.21154679420629052,False,107.56793568533652,107.56793568533652,False,512.6333681560927,shared_stitch,1339,primary,True,Mechanism-Valid,Admissible,,,
C0065,network_volume_forecast,network_volume_forecast|router__general__packet_length_min,temporal,linear,5727,5727,17200,5727,complete generated value view; no generated-mask claim,near,5727.0,[],0.518778322976835,0.5254220089032376,0.6886677143356033,0.24669283577881992,ok,1.0128064061896034,0.012725097614472127,True,18.0,18.0,False,44.0,shared_stitch,1339,primary,True,Mechanism-Valid,Admissible,,,
C0065,network_volume_forecast,network_volume_forecast|router__general__packet_length_min,temporal,linear,5727,5727,17200,5727,complete generated value view; no generated-mask claim,future,5728.0,[],0.5134338979310422,0.5180912544150771,0.6423805090006207,0.20073244636607412,ok,1.0090709953176102,0.009030100955256871,True,18.0,18.0,False,44.0,shared_stitch,1339,primary,True,Mechanism-Valid,Admissible,,,
C0066,network_volume_forecast,network_volume_forecast|router__general__packet_length_min,temporal,linear,5725,5725,17198,5725,complete generated value view; no generated-mask claim,near,5725.0,[],0.5183832463512495,0.5115197464163098,0.6885589519650656,0.2471476191372645,ok,0.9867597959940837,-0.013328636954550216,True,18.0,18.0,False,44.0,shared_stitch,1339,primary,True,Mechanism-Valid,Admissible,,,
C0066,network_volume_forecast,network_volume_forecast|router__general__packet_length_min,temporal,linear,5725,5725,17198,5725,complete generated value view; no generated-mask claim,future,5726.0,[],0.5141545489404717,0.5095597533750555,0.6424302402297513,0.19967256093580604,ok,0.9910633960646954,-0.008976774887263752,True,18.0,18.0,False,44.0,shared_stitch,1339,primary,True,Mechanism-Valid,Admissible,,,
C0067,network_volume_forecast,network_volume_forecast|router__general__packet_length_min,temporal,linear,5716,5716,17189,5716,complete generated value view; no generated-mask claim,near,5716.0,[],0.46325414441464485,0.4845617891537209,0.6885934219734079,0.32724575978808174,ok,1.0459955836250527,0.04496914347803651,True,18.0,18.0,False,44.0,shared_stitch,1339,primary,True,Mechanism-Valid,Admissible,,,
C0067,network_volume_forecast,network_volume_forecast|router__general__packet_length_min,temporal,linear,5716,5716,17189,5716,complete generated value view; no generated-mask claim,future,5717.0,[],0.47146587767091247,0.4874972499025122,0.6422171690669154,0.26587780523539944,ok,1.034003250268707,0.033437919474630685,True,18.0,18.0,False,44.0,shared_stitch,1339,primary,True,Mechanism-Valid,Admissible,,,
C0071,network_burst_prediction,network_burst_prediction|router__iot_named__mqtt_port_packets,temporal,linear,5727,5727,17204,5727,complete generated value view; no generated-mask claim,near,5727.0,[],0.013593143390262831,0.015522555358809888,0.02212824849553467,0.3857108305248002,ok,1.1419400879659043,0.13272864748100366,False,,,,0.1176881438798673,shared_stitch,1339,primary,True,Mechanism-Valid,Not-Estimable,0.8510904535489565,0.19323530351392065,0.010825912345032303
C0071,network_burst_prediction,network_burst_prediction|router__iot_named__mqtt_port_packets,temporal,linear,5727,5727,17204,5727,complete generated value view; no generated-mask claim,future,5728.0,[],0.06357909205919211,0.06352248475343605,0.07058322925564826,0.09923231439422503,ok,0.9991096553297213,-0.0008907412625146521,True,,,,0.1176881438798673,shared_stitch,1339,primary,True,Mechanism-Valid,Not-Estimable,0.8523938725028009,0.16241402509555858,0.07419692737430168
C0081,network_volume_forecast,network_volume_forecast|router__iot_named__udp_count,temporal,linear,5725,5725,17202,5725,complete generated value view; no generated-mask claim,near,5725.0,[],0.18293645284687168,0.2735257956242905,0.435589519650655,0.5800255869480339,ok,1.4951956888179487,0.4022570938069778,False,4.0,4.0,False,1.0,shared_stitch,1339,primary,True,Mechanism-Valid,Admissible,,,
C0081,network_volume_forecast,network_volume_forecast|router__iot_named__udp_count,temporal,linear,5725,5725,17202,5725,complete generated value view; no generated-mask claim,future,5726.0,[],0.177899279199873,0.26150047592071,0.42678134823611596,0.5831606045223641,ok,1.4699355562138596,0.3852185605193747,False,4.0,4.0,False,1.0,shared_stitch,1339,primary,True,Mechanism-Valid,Admissible,,,
C0082,network_volume_forecast,network_volume_forecast|router__iot_named__udp_count,temporal,linear,5716,5716,17193,5716,complete generated value view; no generated-mask claim,near,5716.0,[],0.19014978301614147,0.31788837193138925,0.43557557732680197,0.5634516880328287,ok,1.6717787782298141,0.5138881962376494,False,4.0,4.0,False,1.0,shared_stitch,1339,primary,True,Mechanism-Valid,Admissible,,,
C0082,network_volume_forecast,network_volume_forecast|router__iot_named__udp_count,temporal,linear,5716,5716,17193,5716,complete generated value view; no generated-mask claim,future,5717.0,[],0.17731858796666228,0.303131875245691,0.4267972712961343,0.5845367346699146,ok,1.7095324225268642,0.5362198960050305,False,4.0,4.0,False,1.0,shared_stitch,1339,primary,True,Mechanism-Valid,Admissible,,,
C0085,network_volume_forecast,network_volume_forecast|router__iot_named__dns_port_packets,temporal,linear,5725,5725,17202,5725,complete generated value view; no generated-mask claim,near,5725.0,[],0.09438529328220864,0.19652947742261767,0.34790393013100435,0.7287029978457917,ok,2.082204447201341,0.7334271628747635,False,4.0,4.0,False,0.0,shared_stitch,1339,primary,True,Mechanism-Valid,Admissible,,,
C0085,network_volume_forecast,network_volume_forecast|router__iot_named__dns_port_packets,temporal,linear,5725,5725,17202,5725,complete generated value view; no generated-mask claim,future,5726.0,[],0.07701889161686007,0.18370914359981058,0.3413377575969263,0.7743616406251519,ok,2.385247823530028,0.8693030281790227,False,4.0,4.0,False,0.0,shared_stitch,1339,primary,True,Mechanism-Valid,Admissible,,,
C0086,network_volume_forecast,network_volume_forecast|router__iot_named__dns_port_packets,temporal,linear,5716,5716,17193,5716,complete generated value view; no generated-mask claim,near,5716.0,[],0.1033470496319522,0.25262668684826184,0.3479268719384185,0.7029633007184218,ok,2.4444499165475575,0.893820114607228,False,4.0,4.0,False,0.0,shared_stitch,1339,primary,True,Mechanism-Valid,Admissible,,,
C0086,network_volume_forecast,network_volume_forecast|router__iot_named__dns_port_packets,temporal,linear,5716,5716,17193,5716,complete generated value view; no generated-mask claim,future,5717.0,[],0.08184232297743387,0.23971325657944703,0.34135035857967466,0.7602395283310328,ok,2.9289644753307216,1.074648939172086,False,4.0,4.0,False,0.0,shared_stitch,1339,primary,True,Mechanism-Valid,Admissible,,,
C0034,network_volume_forecast,network_volume_forecast|router__general__packet_length_max,temporal,linear,5727,5727,17200,5727,complete generated value view; no generated-mask claim,near,5727.0,[],1.8950680916634337,1.9046925570921065,1.835925208529884,-0.03221421159139063,ok,1.005078691088205,0.0050658380360399154,True,387.0,387.0,False,4034.0,shared_stitch,1340,primary,True,Mechanism-Valid,Admissible,,,
C0034,network_volume_forecast,network_volume_forecast|router__general__packet_length_max,temporal,linear,5727,5727,17200,5727,complete generated value view; no generated-mask claim,future,5728.0,[],31.679058490019813,33.68523625602985,45.04995702621401,0.29680158248350463,ok,1.0633282004464264,0.06140380095062255,True,26.0,26.0,False,4034.0,shared_stitch,1340,primary,True,Mechanism-Valid,Admissible,,,
C0035,network_volume_forecast,network_volume_forecast|router__general__packet_length_max,temporal,linear,5725,5725,17198,5725,complete generated value view; no generated-mask claim,near,5725.0,[],1.9360165155859774,1.9330346592459253,1.8353966803200072,-0.05482184660398688,ok,0.9984597980874406,-0.0015413892428340085,True,387.0,387.0,False,4034.0,shared_stitch,1340,primary,True,Mechanism-Valid,Admissible,,,
C0035,network_volume_forecast,network_volume_forecast|router__general__packet_length_max,temporal,linear,5725,5725,17198,5725,complete generated value view; no generated-mask claim,future,5726.0,[],32.08185904041827,34.62000607179774,45.94517611445556,0.30173607430520927,ok,1.079114711780941,0.07614099367515745,True,25.5,25.5,False,4034.0,shared_stitch,1340,primary,True,Mechanism-Valid,Admissible,,,
C0044,network_volume_forecast,network_volume_forecast|router__general__packet_length_mean,temporal,linear,5716,5716,17189,5716,complete generated value view; no generated-mask claim,near,5716.0,[],0.4282161439126719,0.4373407737438757,0.6192813788664557,0.30852733744959887,ok,1.0213084676066408,0.021084616575712888,True,108.93432600194046,108.93432600194046,False,512.6333681560927,shared_stitch,1340,primary,True,Mechanism-Valid,Admissible,,,
C0044,network_volume_forecast,network_volume_forecast|router__general__packet_length_mean,temporal,linear,5716,5716,17189,5716,complete generated value view; no generated-mask claim,future,5717.0,[],0.29127227997175636,0.30077647187563356,0.511620385158303,0.4306867192525326,ok,1.0326299224382038,0.03210887080669035,True,107.56793568533652,107.56793568533652,False,512.6333681560927,shared_stitch,1340,primary,True,Mechanism-Valid,Admissible,,,
C0065,network_volume_forecast,network_volume_forecast|router__general__packet_length_min,temporal,linear,5727,5727,17200,5727,complete generated value view; no generated-mask claim,near,5727.0,[],0.518778322976835,0.531566456218117,0.6886677143356033,0.24669283577881992,ok,1.0246504772364073,0.024351556619255935,True,18.0,18.0,False,44.0,shared_stitch,1340,primary,True,Mechanism-Valid,Admissible,,,
C0065,network_volume_forecast,network_volume_forecast|router__general__packet_length_min,temporal,linear,5727,5727,17200,5727,complete generated value view; no generated-mask claim,future,5728.0,[],0.5134338979310422,0.5227601158171105,0.6423805090006207,0.20073244636607412,ok,1.0181643984233406,0.018001396664961086,True,18.0,18.0,False,44.0,shared_stitch,1340,primary,True,Mechanism-Valid,Admissible,,,
C0066,network_volume_forecast,network_volume_forecast|router__general__packet_length_min,temporal,linear,5725,5725,17198,5725,complete generated value view; no generated-mask claim,near,5725.0,[],0.5183832463512495,0.5259964006229821,0.6885589519650656,0.2471476191372645,ok,1.0146863432129016,0.014579543271657284,True,18.0,18.0,False,44.0,shared_stitch,1340,primary,True,Mechanism-Valid,Admissible,,,
C0066,network_volume_forecast,network_volume_forecast|router__general__packet_length_min,temporal,linear,5725,5725,17198,5725,complete generated value view; no generated-mask claim,future,5726.0,[],0.5141545489404717,0.5193423585104305,0.6424302402297513,0.19967256093580604,ok,1.0100899808834705,0.0100394168685253,True,18.0,18.0,False,44.0,shared_stitch,1340,primary,True,Mechanism-Valid,Admissible,,,
C0067,network_volume_forecast,network_volume_forecast|router__general__packet_length_min,temporal,linear,5716,5716,17189,5716,complete generated value view; no generated-mask claim,near,5716.0,[],0.46325414441464485,0.4974526270352335,0.6885934219734079,0.32724575978808174,ok,1.0738222917871592,0.07122451851068737,True,18.0,18.0,False,44.0,shared_stitch,1340,primary,True,Mechanism-Valid,Admissible,,,
C0067,network_volume_forecast,network_volume_forecast|router__general__packet_length_min,temporal,linear,5716,5716,17189,5716,complete generated value view; no generated-mask claim,future,5717.0,[],0.47146587767091247,0.4971721933128141,0.6422171690669154,0.26587780523539944,ok,1.0545242335858818,0.053089701787738815,True,18.0,18.0,False,44.0,shared_stitch,1340,primary,True,Mechanism-Valid,Admissible,,,
C0071,network_burst_prediction,network_burst_prediction|router__iot_named__mqtt_port_packets,temporal,linear,5727,5727,17204,5727,complete generated value view; no generated-mask claim,near,5727.0,[],0.013593143390262831,0.015199547060578208,0.02212824849553467,0.3857108305248002,ok,1.1181774975953018,0.11170012563337527,False,,,,0.1176881438798673,shared_stitch,1340,primary,True,Mechanism-Valid,Not-Estimable,0.8510904535489565,0.19323530351392065,0.010825912345032303
C0071,network_burst_prediction,network_burst_prediction|router__iot_named__mqtt_port_packets,temporal,linear,5727,5727,17204,5727,complete generated value view; no generated-mask claim,future,5728.0,[],0.06357909205919211,0.06343615561476101,0.07058322925564826,0.09923231439422503,ok,0.9977518325631636,-0.002250698359251538,True,,,,0.1176881438798673,shared_stitch,1340,primary,True,Mechanism-Valid,Not-Estimable,0.8523938725028009,0.16241402509555858,0.07419692737430168
C0081,network_volume_forecast,network_volume_forecast|router__iot_named__udp_count,temporal,linear,5725,5725,17202,5725,complete generated value view; no generated-mask claim,near,5725.0,[],0.18293645284687168,0.2828945010795096,0.435589519650655,0.5800255869480339,ok,1.5464085843859043,0.4359352001031879,False,4.0,4.0,False,1.0,shared_stitch,1340,primary,True,Mechanism-Valid,Admissible,,,
C0081,network_volume_forecast,network_volume_forecast|router__iot_named__udp_count,temporal,linear,5725,5725,17202,5725,complete generated value view; no generated-mask claim,future,5726.0,[],0.177899279199873,0.26996445821974374,0.42678134823611596,0.5831606045223641,ok,1.5175129400970415,0.41707277116197433,False,4.0,4.0,False,1.0,shared_stitch,1340,primary,True,Mechanism-Valid,Admissible,,,
C0082,network_volume_forecast,network_volume_forecast|router__iot_named__udp_count,temporal,linear,5716,5716,17193,5716,complete generated value view; no generated-mask claim,near,5716.0,[],0.19014978301614147,0.3347898986435604,0.43557557732680197,0.5634516880328287,ok,1.7606641108559178,0.5656910735904332,False,4.0,4.0,False,1.0,shared_stitch,1340,primary,True,Mechanism-Valid,Admissible,,,
C0082,network_volume_forecast,network_volume_forecast|router__iot_named__udp_count,temporal,linear,5716,5716,17193,5716,complete generated value view; no generated-mask claim,future,5717.0,[],0.17731858796666228,0.32006432283582664,0.4267972712961343,0.5845367346699146,ok,1.8050240897248857,0.5905739378037557,False,4.0,4.0,False,1.0,shared_stitch,1340,primary,True,Mechanism-Valid,Admissible,,,
C0085,network_volume_forecast,network_volume_forecast|router__iot_named__dns_port_packets,temporal,linear,5725,5725,17202,5725,complete generated value view; no generated-mask claim,near,5725.0,[],0.09438529328220864,0.2006123322870191,0.34790393013100435,0.7287029978457917,ok,2.125461767514939,0.7539890811296135,False,4.0,4.0,False,0.0,shared_stitch,1340,primary,True,Mechanism-Valid,Admissible,,,
C0085,network_volume_forecast,network_volume_forecast|router__iot_named__dns_port_packets,temporal,linear,5725,5725,17202,5725,complete generated value view; no generated-mask claim,future,5726.0,[],0.07701889161686007,0.18797794109148336,0.3413377575969263,0.7743616406251519,ok,2.440673153628368,0.8922738838910714,False,4.0,4.0,False,0.0,shared_stitch,1340,primary,True,Mechanism-Valid,Admissible,,,
C0086,network_volume_forecast,network_volume_forecast|router__iot_named__dns_port_packets,temporal,linear,5716,5716,17193,5716,complete generated value view; no generated-mask claim,near,5716.0,[],0.1033470496319522,0.2615808888620912,0.3479268719384185,0.7029633007184218,ok,2.5310919836962356,0.9286508237300365,False,4.0,4.0,False,0.0,shared_stitch,1340,primary,True,Mechanism-Valid,Admissible,,,
C0086,network_volume_forecast,network_volume_forecast|router__iot_named__dns_port_packets,temporal,linear,5716,5716,17193,5716,complete generated value view; no generated-mask claim,future,5717.0,[],0.08184232297743387,0.24915000318231156,0.34135035857967466,0.7602395283310328,ok,3.0442684679295935,1.113260631882298,False,4.0,4.0,False,0.0,shared_stitch,1340,primary,True,Mechanism-Valid,Admissible,,,
C0034,network_volume_forecast,network_volume_forecast|router__general__packet_length_max,temporal,linear,5727,5727,17200,5727,complete generated value view; no generated-mask claim,near,5727.0,[],1.8950680916634337,1.936336356083825,1.835925208529884,-0.03221421159139063,ok,1.0217766657577814,0.021542941245292747,True,387.0,387.0,False,4034.0,shared_stitch,1341,primary,True,Mechanism-Valid,Admissible,,,
C0034,network_volume_forecast,network_volume_forecast|router__general__packet_length_max,temporal,linear,5727,5727,17200,5727,complete generated value view; no generated-mask claim,future,5728.0,[],31.679058490019813,33.19456355946723,45.04995702621401,0.29680158248350463,ok,1.0478393343010766,0.04673026718151492,True,26.0,26.0,False,4034.0,shared_stitch,1341,primary,True,Mechanism-Valid,Admissible,,,
C0035,network_volume_forecast,network_volume_forecast|router__general__packet_length_max,temporal,linear,5725,5725,17198,5725,complete generated value view; no generated-mask claim,near,5725.0,[],1.9360165155859774,1.9673716022132555,1.8353966803200072,-0.05482184660398688,ok,1.0161956710466324,0.016065920226118628,True,387.0,387.0,False,4034.0,shared_stitch,1341,primary,True,Mechanism-Valid,Admissible,,,
C0035,network_volume_forecast,network_volume_forecast|router__general__packet_length_max,temporal,linear,5725,5725,17198,5725,complete generated value view; no generated-mask claim,future,5726.0,[],32.08185904041827,34.3485640965083,45.94517611445556,0.30173607430520927,ok,1.0706537938850214,0.06826948419813195,True,25.5,25.5,False,4034.0,shared_stitch,1341,primary,True,Mechanism-Valid,Admissible,,,
C0044,network_volume_forecast,network_volume_forecast|router__general__packet_length_mean,temporal,linear,5716,5716,17189,5716,complete generated value view; no generated-mask claim,near,5716.0,[],0.4282161439126719,0.5249273883142854,0.6192813788664557,0.30852733744959887,ok,1.2258467967086648,0.20363186780405226,False,108.93432600194046,108.93432600194046,False,512.6333681560927,shared_stitch,1341,primary,True,Mechanism-Valid,Admissible,,,
C0044,network_volume_forecast,network_volume_forecast|router__general__packet_length_mean,temporal,linear,5716,5716,17189,5716,complete generated value view; no generated-mask claim,future,5717.0,[],0.29127227997175636,0.40746805782933837,0.511620385158303,0.4306867192525326,ok,1.3989249435917799,0.33570404420251365,False,107.56793568533652,107.56793568533652,False,512.6333681560927,shared_stitch,1341,primary,True,Mechanism-Valid,Admissible,,,
C0065,network_volume_forecast,network_volume_forecast|router__general__packet_length_min,temporal,linear,5727,5727,17200,5727,complete generated value view; no generated-mask claim,near,5727.0,[],0.518778322976835,0.5201346805497828,0.6886677143356033,0.24669283577881992,ok,1.0026145224518341,0.002611110533738955,True,18.0,18.0,False,44.0,shared_stitch,1341,primary,True,Mechanism-Valid,Admissible,,,
C0065,network_volume_forecast,network_volume_forecast|router__general__packet_length_min,temporal,linear,5727,5727,17200,5727,complete generated value view; no generated-mask claim,future,5728.0,[],0.5134338979310422,0.5146512850929317,0.6423805090006207,0.20073244636607412,ok,1.0023710689278504,0.0023682623793912275,True,18.0,18.0,False,44.0,shared_stitch,1341,primary,True,Mechanism-Valid,Admissible,,,
C0066,network_volume_forecast,network_volume_forecast|router__general__packet_length_min,temporal,linear,5725,5725,17198,5725,complete generated value view; no generated-mask claim,near,5725.0,[],0.5183832463512495,0.49651850325016333,0.6885589519650656,0.2471476191372645,ok,0.95782127749115,-0.04309407635780624,True,18.0,18.0,False,44.0,shared_stitch,1341,primary,True,Mechanism-Valid,Admissible,,,
C0066,network_volume_forecast,network_volume_forecast|router__general__packet_length_min,temporal,linear,5725,5725,17198,5725,complete generated value view; no generated-mask claim,future,5726.0,[],0.5141545489404717,0.4997732238572097,0.6424302402297513,0.19967256093580604,ok,0.972029178555557,-0.028369455882182586,True,18.0,18.0,False,44.0,shared_stitch,1341,primary,True,Mechanism-Valid,Admissible,,,
C0067,network_volume_forecast,network_volume_forecast|router__general__packet_length_min,temporal,linear,5716,5716,17189,5716,complete generated value view; no generated-mask claim,near,5716.0,[],0.46325414441464485,0.4829175978891979,0.6885934219734079,0.32724575978808174,ok,1.0424463627830016,0.04157022279932945,True,18.0,18.0,False,44.0,shared_stitch,1341,primary,True,Mechanism-Valid,Admissible,,,
C0067,network_volume_forecast,network_volume_forecast|router__general__packet_length_min,temporal,linear,5716,5716,17189,5716,complete generated value view; no generated-mask claim,future,5717.0,[],0.47146587767091247,0.4862698575652273,0.6422171690669154,0.26587780523539944,ok,1.031399896780331,0.030917002557473018,True,18.0,18.0,False,44.0,shared_stitch,1341,primary,True,Mechanism-Valid,Admissible,,,
C0071,network_burst_prediction,network_burst_prediction|router__iot_named__mqtt_port_packets,temporal,linear,5727,5727,17204,5727,complete generated value view; no generated-mask claim,near,5727.0,[],0.013593143390262831,0.01595931019608863,0.02212824849553467,0.3857108305248002,ok,1.1740706132417285,0.16047686716246887,False,,,,0.1176881438798673,shared_stitch,1341,primary,True,Mechanism-Valid,Not-Estimable,0.8510904535489565,0.19323530351392065,0.010825912345032303
C0071,network_burst_prediction,network_burst_prediction|router__iot_named__mqtt_port_packets,temporal,linear,5727,5727,17204,5727,complete generated value view; no generated-mask claim,future,5728.0,[],0.06357909205919211,0.06384252682760011,0.07058322925564826,0.09923231439422503,ok,1.0041434182193534,0.0041348578999255235,True,,,,0.1176881438798673,shared_stitch,1341,primary,True,Mechanism-Valid,Not-Estimable,0.8523938725028009,0.16241402509555858,0.07419692737430168
C0081,network_volume_forecast,network_volume_forecast|router__iot_named__udp_count,temporal,linear,5725,5725,17202,5725,complete generated value view; no generated-mask claim,near,5725.0,[],0.18293645284687168,0.2596132260634135,0.435589519650655,0.5800255869480339,ok,1.4191443095309424,0.3500540910555948,False,4.0,4.0,False,1.0,shared_stitch,1341,primary,True,Mechanism-Valid,Admissible,,,
C0081,network_volume_forecast,network_volume_forecast|router__iot_named__udp_count,temporal,linear,5725,5725,17202,5725,complete generated value view; no generated-mask claim,future,5726.0,[],0.177899279199873,0.24848480902110504,0.42678134823611596,0.5831606045223641,ok,1.3967724329109166,0.33416417001992643,False,4.0,4.0,False,1.0,shared_stitch,1341,primary,True,Mechanism-Valid,Admissible,,,
C0082,network_volume_forecast,network_volume_forecast|router__iot_named__udp_count,temporal,linear,5716,5716,17193,5716,complete generated value view; no generated-mask claim,near,5716.0,[],0.19014978301614147,0.30243523521964644,0.43557557732680197,0.5634516880328287,ok,1.59051054606764,0.4640550628469087,False,4.0,4.0,False,1.0,shared_stitch,1341,primary,True,Mechanism-Valid,Admissible,,,
C0082,network_volume_forecast,network_volume_forecast|router__iot_named__udp_count,temporal,linear,5716,5716,17193,5716,complete generated value view; no generated-mask claim,future,5717.0,[],0.17731858796666228,0.2874900673018066,0.4267972712961343,0.5845367346699146,ok,1.6213194036705147,0.4832402644727357,False,4.0,4.0,False,1.0,shared_stitch,1341,primary,True,Mechanism-Valid,Admissible,,,
C0085,network_volume_forecast,network_volume_forecast|router__iot_named__dns_port_packets,temporal,linear,5725,5725,17202,5725,complete generated value view; no generated-mask claim,near,5725.0,[],0.09438529328220864,0.18018079362571274,0.34790393013100435,0.7287029978457917,ok,1.908992252500383,0.6465754863280326,False,4.0,4.0,False,0.0,shared_stitch,1341,primary,True,Mechanism-Valid,Admissible,,,
C0085,network_volume_forecast,network_volume_forecast|router__iot_named__dns_port_packets,temporal,linear,5725,5725,17202,5725,complete generated value view; no generated-mask claim,future,5726.0,[],0.07701889161686007,0.16666141946852453,0.3413377575969263,0.7743616406251519,ok,2.163903114804641,0.7719135886347599,False,4.0,4.0,False,0.0,shared_stitch,1341,primary,True,Mechanism-Valid,Admissible,,,
C0086,network_volume_forecast,network_volume_forecast|router__iot_named__dns_port_packets,temporal,linear,5716,5716,17193,5716,complete generated value view; no generated-mask claim,near,5716.0,[],0.1033470496319522,0.23531471247505445,0.3479268719384185,0.7029633007184218,ok,2.2769369160810693,0.8228310818585847,False,4.0,4.0,False,0.0,shared_stitch,1341,primary,True,Mechanism-Valid,Admissible,,,
C0086,network_volume_forecast,network_volume_forecast|router__iot_named__dns_port_packets,temporal,linear,5716,5716,17193,5716,complete generated value view; no generated-mask claim,future,5717.0,[],0.08184232297743387,0.22153081484433676,0.34135035857967466,0.7602395283310328,ok,2.706800183389452,0.9957671931273172,False,4.0,4.0,False,0.0,shared_stitch,1341,primary,True,Mechanism-Valid,Admissible,,,
C0034,network_volume_forecast,network_volume_forecast|router__general__packet_length_max,temporal,linear,5727,5727,17200,5727,complete generated value view; no generated-mask claim,near,5727.0,[],1.8950680916634337,1.8917543212667571,1.835925208529884,-0.03221421159139063,ok,0.9982513713300044,-0.0017501593057109397,True,387.0,387.0,False,4034.0,learned_gmm_overlay,1337,primary,False,Fit-Invalid,Fit-Invalid,,,
C0034,network_volume_forecast,network_volume_forecast|router__general__packet_length_max,temporal,linear,5727,5727,17200,5727,complete generated value view; no generated-mask claim,future,5728.0,[],31.679058490019813,29.241525131733322,45.04995702621401,0.29680158248350463,ok,0.9230553723983176,-0.08006605451456109,True,26.0,26.0,False,4034.0,learned_gmm_overlay,1337,primary,False,Fit-Invalid,Fit-Invalid,,,
C0035,network_volume_forecast,network_volume_forecast|router__general__packet_length_max,temporal,linear,5725,5725,17198,5725,complete generated value view; no generated-mask claim,near,5725.0,[],1.9360165155859774,1.9277426906906479,1.8353966803200072,-0.05482184660398688,ok,0.9957263665734662,-0.0042827914993436005,True,387.0,387.0,False,4034.0,learned_gmm_overlay,1337,primary,False,Fit-Invalid,Fit-Invalid,,,
C0035,network_volume_forecast,network_volume_forecast|router__general__packet_length_max,temporal,linear,5725,5725,17198,5725,complete generated value view; no generated-mask claim,future,5726.0,[],32.08185904041827,29.67191060345643,45.94517611445556,0.30173607430520927,ok,0.9248812721879466,-0.0780899040992508,True,25.5,25.5,False,4034.0,learned_gmm_overlay,1337,primary,False,Fit-Invalid,Fit-Invalid,,,
C0044,network_volume_forecast,network_volume_forecast|router__general__packet_length_mean,temporal,linear,5716,5716,17189,5716,complete generated value view; no generated-mask claim,near,5716.0,[],0.4282161439126719,0.559310578927172,0.6192813788664557,0.30852733744959887,ok,1.3061408050071899,0.2670768389839208,False,108.93432600194046,108.93432600194046,False,512.6333681560927,learned_gmm_overlay,1337,primary,False,Fit-Invalid,Fit-Invalid,,,
C0044,network_volume_forecast,network_volume_forecast|router__general__packet_length_mean,temporal,linear,5716,5716,17189,5716,complete generated value view; no generated-mask claim,future,5717.0,[],0.29127227997175636,0.44841074933569397,0.511620385158303,0.4306867192525326,ok,1.5394899555123294,0.4314511638481936,False,107.56793568533652,107.56793568533652,False,512.6333681560927,learned_gmm_overlay,1337,primary,False,Fit-Invalid,Fit-Invalid,,,
C0065,network_volume_forecast,network_volume_forecast|router__general__packet_length_min,temporal,linear,5727,5727,17200,5727,complete generated value view; no generated-mask claim,near,5727.0,[],0.518778322976835,0.5290416185485092,0.6886677143356033,0.24669283577881992,ok,1.0197835860079536,0.019590434204380246,True,18.0,18.0,False,44.0,learned_gmm_overlay,1337,primary,False,Fit-Invalid,Fit-Invalid,,,
C0065,network_volume_forecast,network_volume_forecast|router__general__packet_length_min,temporal,linear,5727,5727,17200,5727,complete generated value view; no generated-mask claim,future,5728.0,[],0.5134338979310422,0.5214648495148047,0.6423805090006207,0.20073244636607412,ok,1.0156416465997362,0.015520576899844317,True,18.0,18.0,False,44.0,learned_gmm_overlay,1337,primary,False,Fit-Invalid,Fit-Invalid,,,
C0066,network_volume_forecast,network_volume_forecast|router__general__packet_length_min,temporal,linear,5725,5725,17198,5725,complete generated value view; no generated-mask claim,near,5725.0,[],0.5183832463512495,0.5233758415304107,0.6885589519650656,0.2471476191372645,ok,1.0096310889950681,0.009585005709338578,True,18.0,18.0,False,44.0,learned_gmm_overlay,1337,primary,False,Fit-Invalid,Fit-Invalid,,,
C0066,network_volume_forecast,network_volume_forecast|router__general__packet_length_min,temporal,linear,5725,5725,17198,5725,complete generated value view; no generated-mask claim,future,5726.0,[],0.5141545489404717,0.5176199443973171,0.6424302402297513,0.19967256093580604,ok,1.006739987935508,0.006717375763802354,True,18.0,18.0,False,44.0,learned_gmm_overlay,1337,primary,False,Fit-Invalid,Fit-Invalid,,,
C0067,network_volume_forecast,network_volume_forecast|router__general__packet_length_min,temporal,linear,5716,5716,17189,5716,complete generated value view; no generated-mask claim,near,5716.0,[],0.46325414441464485,0.5206865551114367,0.6885934219734079,0.32724575978808174,ok,1.1239760321396841,0.11687242752500335,False,18.0,18.0,False,44.0,learned_gmm_overlay,1337,primary,False,Fit-Invalid,Fit-Invalid,,,
C0067,network_volume_forecast,network_volume_forecast|router__general__packet_length_min,temporal,linear,5716,5716,17189,5716,complete generated value view; no generated-mask claim,future,5717.0,[],0.47146587767091247,0.5146337084023301,0.6422171690669154,0.26587780523539944,ok,1.0915608801737062,0.08760867206596909,True,18.0,18.0,False,44.0,learned_gmm_overlay,1337,primary,False,Fit-Invalid,Fit-Invalid,,,
C0071,network_burst_prediction,network_burst_prediction|router__iot_named__mqtt_port_packets,temporal,linear,5727,5727,17204,5727,complete generated value view; no generated-mask claim,near,5727.0,[],0.013593143390262831,0.019527127871779938,0.02212824849553467,0.3857108305248002,ok,1.4365424766848112,0.3622391685683001,False,,,,0.1176881438798673,learned_gmm_overlay,1337,primary,False,Fit-Invalid,Not-Estimable,0.8510904535489565,0.19323530351392065,0.010825912345032303
C0071,network_burst_prediction,network_burst_prediction|router__iot_named__mqtt_port_packets,temporal,linear,5727,5727,17204,5727,complete generated value view; no generated-mask claim,future,5728.0,[],0.06357909205919211,0.06899852487926104,0.07058322925564826,0.09923231439422503,ok,1.085239229509969,0.08180045071613141,True,,,,0.1176881438798673,learned_gmm_overlay,1337,primary,False,Fit-Invalid,Not-Estimable,0.8523938725028009,0.16241402509555858,0.07419692737430168
C0081,network_volume_forecast,network_volume_forecast|router__iot_named__udp_count,temporal,linear,5725,5725,17202,5725,complete generated value view; no generated-mask claim,near,5725.0,[],0.18293645284687168,0.38742601433014406,0.435589519650655,0.5800255869480339,ok,2.117817462299009,0.7503860594703586,False,4.0,4.0,False,1.0,learned_gmm_overlay,1337,primary,False,Fit-Invalid,Fit-Invalid,,,
C0081,network_volume_forecast,network_volume_forecast|router__iot_named__udp_count,temporal,linear,5725,5725,17202,5725,complete generated value view; no generated-mask claim,future,5726.0,[],0.177899279199873,0.3741083328914708,0.42678134823611596,0.5831606045223641,ok,2.1029221398426996,0.7433278726603351,False,4.0,4.0,False,1.0,learned_gmm_overlay,1337,primary,False,Fit-Invalid,Fit-Invalid,,,
C0082,network_volume_forecast,network_volume_forecast|router__iot_named__udp_count,temporal,linear,5716,5716,17193,5716,complete generated value view; no generated-mask claim,near,5716.0,[],0.19014978301614147,0.386966868505192,0.43557557732680197,0.5634516880328287,ok,2.0350634240394747,0.7105269850130542,False,4.0,4.0,False,1.0,learned_gmm_overlay,1337,primary,False,Fit-Invalid,Fit-Invalid,,,
C0082,network_volume_forecast,network_volume_forecast|router__iot_named__udp_count,temporal,linear,5716,5716,17193,5716,complete generated value view; no generated-mask claim,future,5717.0,[],0.17731858796666228,0.3722874403315761,0.4267972712961343,0.5845367346699146,ok,2.0995398429496293,0.7417181983136171,False,4.0,4.0,False,1.0,learned_gmm_overlay,1337,primary,False,Fit-Invalid,Fit-Invalid,,,
C0085,network_volume_forecast,network_volume_forecast|router__iot_named__dns_port_packets,temporal,linear,5725,5725,17202,5725,complete generated value view; no generated-mask claim,near,5725.0,[],0.09438529328220864,0.31232682348339713,0.34790393013100435,0.7287029978457917,ok,3.309062382733199,1.1966648812045622,False,4.0,4.0,False,0.0,learned_gmm_overlay,1337,primary,False,Fit-Invalid,Fit-Invalid,,,
C0085,network_volume_forecast,network_volume_forecast|router__iot_named__dns_port_packets,temporal,linear,5725,5725,17202,5725,complete generated value view; no generated-mask claim,future,5726.0,[],0.07701889161686007,0.30394585082018455,0.3413377575969263,0.7743616406251519,ok,3.9463804845725448,1.3727988258036725,False,4.0,4.0,False,0.0,learned_gmm_overlay,1337,primary,False,Fit-Invalid,Fit-Invalid,,,
C0086,network_volume_forecast,network_volume_forecast|router__iot_named__dns_port_packets,temporal,linear,5716,5716,17193,5716,complete generated value view; no generated-mask claim,near,5716.0,[],0.1033470496319522,0.3080975969244895,0.3479268719384185,0.7029633007184218,ok,2.981193928822462,1.0923238675354916,False,4.0,4.0,False,0.0,learned_gmm_overlay,1337,primary,False,Fit-Invalid,Fit-Invalid,,,
C0086,network_volume_forecast,network_volume_forecast|router__iot_named__dns_port_packets,temporal,linear,5716,5716,17193,5716,complete generated value view; no generated-mask claim,future,5717.0,[],0.08184232297743387,0.29768655794601967,0.34135035857967466,0.7602395283310328,ok,3.637318041767948,1.291246608364761,False,4.0,4.0,False,0.0,learned_gmm_overlay,1337,primary,False,Fit-Invalid,Fit-Invalid,,,
C0034,network_volume_forecast,network_volume_forecast|router__general__packet_length_max,temporal,linear,5727,5727,17200,5727,complete generated value view; no generated-mask claim,near,5727.0,[],1.8950680916634337,1.8644547830397948,1.835925208529884,-0.03221421159139063,ok,0.9838458001808434,-0.016286101343018534,True,387.0,387.0,False,4034.0,learned_gmm_overlay,1338,primary,False,Fit-Invalid,Fit-Invalid,,,
C0034,network_volume_forecast,network_volume_forecast|router__general__packet_length_max,temporal,linear,5727,5727,17200,5727,complete generated value view; no generated-mask claim,future,5728.0,[],31.679058490019813,29.385211555085373,45.04995702621401,0.29680158248350463,ok,0.9275910634889262,-0.0751643076608309,True,26.0,26.0,False,4034.0,learned_gmm_overlay,1338,primary,False,Fit-Invalid,Fit-Invalid,,,
C0035,network_volume_forecast,network_volume_forecast|router__general__packet_length_max,temporal,linear,5725,5725,17198,5725,complete generated value view; no generated-mask claim,near,5725.0,[],1.9360165155859774,1.9183986684514165,1.8353966803200072,-0.05482184660398688,ok,0.9908999499783562,-0.00914170839830578,True,387.0,387.0,False,4034.0,learned_gmm_overlay,1338,primary,False,Fit-Invalid,Fit-Invalid,,,
C0035,network_volume_forecast,network_volume_forecast|router__general__packet_length_max,temporal,linear,5725,5725,17198,5725,complete generated value view; no generated-mask claim,future,5726.0,[],32.08185904041827,31.680289340352545,45.94517611445556,0.30173607430520927,ok,0.987482966633579,-0.012596031334279598,True,25.5,25.5,False,4034.0,learned_gmm_overlay,1338,primary,False,Fit-Invalid,Fit-Invalid,,,
C0044,network_volume_forecast,network_volume_forecast|router__general__packet_length_mean,temporal,linear,5716,5716,17189,5716,complete generated value view; no generated-mask claim,near,5716.0,[],0.4282161439126719,0.5562103214264557,0.6192813788664557,0.30852733744959887,ok,1.2989008689496915,0.2615184214197846,False,108.93432600194046,108.93432600194046,False,512.6333681560927,learned_gmm_overlay,1338,primary,False,Fit-Invalid,Fit-Invalid,,,
C0044,network_volume_forecast,network_volume_forecast|router__general__packet_length_mean,temporal,linear,5716,5716,17189,5716,complete generated value view; no generated-mask claim,future,5717.0,[],0.29127227997175636,0.44380747408900545,0.511620385158303,0.4306867192525326,ok,1.5236859275865176,0.42113235176536,False,107.56793568533652,107.56793568533652,False,512.6333681560927,learned_gmm_overlay,1338,primary,False,Fit-Invalid,Fit-Invalid,,,
C0065,network_volume_forecast,network_volume_forecast|router__general__packet_length_min,temporal,linear,5727,5727,17200,5727,complete generated value view; no generated-mask claim,near,5727.0,[],0.518778322976835,0.5283643743000828,0.6886677143356033,0.24669283577881992,ok,1.0184781262028093,0.01830947997183179,True,18.0,18.0,False,44.0,learned_gmm_overlay,1338,primary,False,Fit-Invalid,Fit-Invalid,,,
C0065,network_volume_forecast,network_volume_forecast|router__general__packet_length_min,temporal,linear,5727,5727,17200,5727,complete generated value view; no generated-mask claim,future,5728.0,[],0.5134338979310422,0.5210144842560963,0.6423805090006207,0.20073244636607412,ok,1.0147644835208607,0.014656549629208135,True,18.0,18.0,False,44.0,learned_gmm_overlay,1338,primary,False,Fit-Invalid,Fit-Invalid,,,
C0066,network_volume_forecast,network_volume_forecast|router__general__packet_length_min,temporal,linear,5725,5725,17198,5725,complete generated value view; no generated-mask claim,near,5725.0,[],0.5183832463512495,0.5197031321256603,0.6885589519650656,0.2471476191372645,ok,1.0025461582404545,0.002542922271257601,True,18.0,18.0,False,44.0,learned_gmm_overlay,1338,primary,False,Fit-Invalid,Fit-Invalid,,,
C0066,network_volume_forecast,network_volume_forecast|router__general__packet_length_min,temporal,linear,5725,5725,17198,5725,complete generated value view; no generated-mask claim,future,5726.0,[],0.5141545489404717,0.5152537675217475,0.6424302402297513,0.19967256093580604,ok,1.0021379147253309,0.0021356326376715273,True,18.0,18.0,False,44.0,learned_gmm_overlay,1338,primary,False,Fit-Invalid,Fit-Invalid,,,
C0067,network_volume_forecast,network_volume_forecast|router__general__packet_length_min,temporal,linear,5716,5716,17189,5716,complete generated value view; no generated-mask claim,near,5716.0,[],0.46325414441464485,0.5170840759766003,0.6885934219734079,0.32724575978808174,ok,1.1161995682304655,0.1099296725511802,False,18.0,18.0,False,44.0,learned_gmm_overlay,1338,primary,False,Fit-Invalid,Fit-Invalid,,,
C0067,network_volume_forecast,network_volume_forecast|router__general__packet_length_min,temporal,linear,5716,5716,17189,5716,complete generated value view; no generated-mask claim,future,5717.0,[],0.47146587767091247,0.5119283666912152,0.6422171690669154,0.26587780523539944,ok,1.0858227306293966,0.08233797672339424,True,18.0,18.0,False,44.0,learned_gmm_overlay,1338,primary,False,Fit-Invalid,Fit-Invalid,,,
C0071,network_burst_prediction,network_burst_prediction|router__iot_named__mqtt_port_packets,temporal,linear,5727,5727,17204,5727,complete generated value view; no generated-mask claim,near,5727.0,[],0.013593143390262831,0.021471016266245077,0.02212824849553467,0.3857108305248002,ok,1.5795475446558886,0.45713844188699254,False,,,,0.1176881438798673,learned_gmm_overlay,1338,primary,False,Fit-Invalid,Not-Estimable,0.8510904535489565,0.19323530351392065,0.010825912345032303
C0071,network_burst_prediction,network_burst_prediction|router__iot_named__mqtt_port_packets,temporal,linear,5727,5727,17204,5727,complete generated value view; no generated-mask claim,future,5728.0,[],0.06357909205919211,0.06881885789124173,0.07058322925564826,0.09923231439422503,ok,1.0824133478844178,0.0791931295467593,True,,,,0.1176881438798673,learned_gmm_overlay,1338,primary,False,Fit-Invalid,Not-Estimable,0.8523938725028009,0.16241402509555858,0.07419692737430168
C0081,network_volume_forecast,network_volume_forecast|router__iot_named__udp_count,temporal,linear,5725,5725,17202,5725,complete generated value view; no generated-mask claim,near,5725.0,[],0.18293645284687168,0.49324865220477815,0.435589519650655,0.5800255869480339,ok,2.6962841168548053,0.9918745720875561,False,4.0,4.0,False,1.0,learned_gmm_overlay,1338,primary,False,Fit-Invalid,Fit-Invalid,,,
C0081,network_volume_forecast,network_volume_forecast|router__iot_named__udp_count,temporal,linear,5725,5725,17202,5725,complete generated value view; no generated-mask claim,future,5726.0,[],0.177899279199873,0.47952655304142805,0.42678134823611596,0.5831606045223641,ok,2.6954946371799036,0.9915817263620326,False,4.0,4.0,False,1.0,learned_gmm_overlay,1338,primary,False,Fit-Invalid,Fit-Invalid,,,
C0082,network_volume_forecast,network_volume_forecast|router__iot_named__udp_count,temporal,linear,5716,5716,17193,5716,complete generated value view; no generated-mask claim,near,5716.0,[],0.19014978301614147,0.5029976843410591,0.43557557732680197,0.5634516880328287,ok,2.64527088257766,0.9727734731392412,False,4.0,4.0,False,1.0,learned_gmm_overlay,1338,primary,False,Fit-Invalid,Fit-Invalid,,,
C0082,network_volume_forecast,network_volume_forecast|router__iot_named__udp_count,temporal,linear,5716,5716,17193,5716,complete generated value view; no generated-mask claim,future,5717.0,[],0.17731858796666228,0.48874393572285046,0.4267972712961343,0.5845367346699146,ok,2.756304013737913,1.0138906568420154,False,4.0,4.0,False,1.0,learned_gmm_overlay,1338,primary,False,Fit-Invalid,Fit-Invalid,,,
C0085,network_volume_forecast,network_volume_forecast|router__iot_named__dns_port_packets,temporal,linear,5725,5725,17202,5725,complete generated value view; no generated-mask claim,near,5725.0,[],0.09438529328220864,0.47181681535663356,0.34790393013100435,0.7287029978457917,ok,4.998838261231209,1.6092055376834211,False,4.0,4.0,False,0.0,learned_gmm_overlay,1338,primary,False,Fit-Invalid,Fit-Invalid,,,
C0085,network_volume_forecast,network_volume_forecast|router__iot_named__dns_port_packets,temporal,linear,5725,5725,17202,5725,complete generated value view; no generated-mask claim,future,5726.0,[],0.07701889161686007,0.46705224279114627,0.3413377575969263,0.7743616406251519,ok,6.064125735729293,1.8023903829089623,False,4.0,4.0,False,0.0,learned_gmm_overlay,1338,primary,False,Fit-Invalid,Fit-Invalid,,,
C0086,network_volume_forecast,network_volume_forecast|router__iot_named__dns_port_packets,temporal,linear,5716,5716,17193,5716,complete generated value view; no generated-mask claim,near,5716.0,[],0.1033470496319522,0.47674771023096024,0.3479268719384185,0.7029633007184218,ok,4.613075186266008,1.5288947032215305,False,4.0,4.0,False,0.0,learned_gmm_overlay,1338,primary,False,Fit-Invalid,Fit-Invalid,,,
C0086,network_volume_forecast,network_volume_forecast|router__iot_named__dns_port_packets,temporal,linear,5716,5716,17193,5716,complete generated value view; no generated-mask claim,future,5717.0,[],0.08184232297743387,0.4720089908209981,0.34135035857967466,0.7602395283310328,ok,5.767297086021663,1.7522035281359212,False,4.0,4.0,False,0.0,learned_gmm_overlay,1338,primary,False,Fit-Invalid,Fit-Invalid,,,
C0034,network_volume_forecast,network_volume_forecast|router__general__packet_length_max,temporal,linear,5727,5727,17200,5727,complete generated value view; no generated-mask claim,near,5727.0,[],1.8950680916634337,1.9073554251759348,1.835925208529884,-0.03221421159139063,ok,1.006483848029817,0.006462918308553633,True,387.0,387.0,False,4034.0,learned_gmm_overlay,1339,primary,False,Fit-Invalid,Fit-Invalid,,,
C0034,network_volume_forecast,network_volume_forecast|router__general__packet_length_max,temporal,linear,5727,5727,17200,5727,complete generated value view; no generated-mask claim,future,5728.0,[],31.679058490019813,30.827676665718414,45.04995702621401,0.29680158248350463,ok,0.9731247750128175,-0.027242967594602385,True,26.0,26.0,False,4034.0,learned_gmm_overlay,1339,primary,False,Fit-Invalid,Fit-Invalid,,,
C0035,network_volume_forecast,network_volume_forecast|router__general__packet_length_max,temporal,linear,5725,5725,17198,5725,complete generated value view; no generated-mask claim,near,5725.0,[],1.9360165155859774,1.942910944222137,1.8353966803200072,-0.05482184660398688,ok,1.0035611414368915,0.0035548155864417526,True,387.0,387.0,False,4034.0,learned_gmm_overlay,1339,primary,False,Fit-Invalid,Fit-Invalid,,,
C0035,network_volume_forecast,network_volume_forecast|router__general__packet_length_max,temporal,linear,5725,5725,17198,5725,complete generated value view; no generated-mask claim,future,5726.0,[],32.08185904041827,31.64151583711558,45.94517611445556,0.30173607430520927,ok,0.9862743863206952,-0.013820680820320903,True,25.5,25.5,False,4034.0,learned_gmm_overlay,1339,primary,False,Fit-Invalid,Fit-Invalid,,,
C0044,network_volume_forecast,network_volume_forecast|router__general__packet_length_mean,temporal,linear,5716,5716,17189,5716,complete generated value view; no generated-mask claim,near,5716.0,[],0.4282161439126719,0.604893953969754,0.6192813788664557,0.30852733744959887,ok,1.41259025977571,0.34542508272306094,False,108.93432600194046,108.93432600194046,False,512.6333681560927,learned_gmm_overlay,1339,primary,False,Fit-Invalid,Fit-Invalid,,,
C0044,network_volume_forecast,network_volume_forecast|router__general__packet_length_mean,temporal,linear,5716,5716,17189,5716,complete generated value view; no generated-mask claim,future,5717.0,[],0.29127227997175636,0.49803160313054884,0.511620385158303,0.4306867192525326,ok,1.7098489536279977,0.53640503540144,False,107.56793568533652,107.56793568533652,False,512.6333681560927,learned_gmm_overlay,1339,primary,False,Fit-Invalid,Fit-Invalid,,,
C0065,network_volume_forecast,network_volume_forecast|router__general__packet_length_min,temporal,linear,5727,5727,17200,5727,complete generated value view; no generated-mask claim,near,5727.0,[],0.518778322976835,0.5314761136317713,0.6886677143356033,0.24669283577881992,ok,1.0244763323611408,0.02418158678149853,True,18.0,18.0,False,44.0,learned_gmm_overlay,1339,primary,False,Fit-Invalid,Fit-Invalid,,,
C0065,network_volume_forecast,network_volume_forecast|router__general__packet_length_min,temporal,linear,5727,5727,17200,5727,complete generated value view; no generated-mask claim,future,5728.0,[],0.5134338979310422,0.5238260152295223,0.6423805090006207,0.20073244636607412,ok,1.0202404191471515,0.02003830456833647,True,18.0,18.0,False,44.0,learned_gmm_overlay,1339,primary,False,Fit-Invalid,Fit-Invalid,,,
C0066,network_volume_forecast,network_volume_forecast|router__general__packet_length_min,temporal,linear,5725,5725,17198,5725,complete generated value view; no generated-mask claim,near,5725.0,[],0.5183832463512495,0.5218731471768366,0.6885589519650656,0.2471476191372645,ok,1.0067322793515252,0.006709718758431116,True,18.0,18.0,False,44.0,learned_gmm_overlay,1339,primary,False,Fit-Invalid,Fit-Invalid,,,
C0066,network_volume_forecast,network_volume_forecast|router__general__packet_length_min,temporal,linear,5725,5725,17198,5725,complete generated value view; no generated-mask claim,future,5726.0,[],0.5141545489404717,0.5171916705552708,0.6424302402297513,0.19967256093580604,ok,1.0059070207995975,0.005889642753638488,True,18.0,18.0,False,44.0,learned_gmm_overlay,1339,primary,False,Fit-Invalid,Fit-Invalid,,,
C0067,network_volume_forecast,network_volume_forecast|router__general__packet_length_min,temporal,linear,5716,5716,17189,5716,complete generated value view; no generated-mask claim,near,5716.0,[],0.46325414441464485,0.5235233001107895,0.6885934219734079,0.32724575978808174,ok,1.1300995499399127,0.1223057261358688,False,18.0,18.0,False,44.0,learned_gmm_overlay,1339,primary,False,Fit-Invalid,Fit-Invalid,,,
C0067,network_volume_forecast,network_volume_forecast|router__general__packet_length_min,temporal,linear,5716,5716,17189,5716,complete generated value view; no generated-mask claim,future,5717.0,[],0.47146587767091247,0.5167560442445853,0.6422171690669154,0.26587780523539944,ok,1.096062448458435,0.09172416542307937,True,18.0,18.0,False,44.0,learned_gmm_overlay,1339,primary,False,Fit-Invalid,Fit-Invalid,,,
C0071,network_burst_prediction,network_burst_prediction|router__iot_named__mqtt_port_packets,temporal,linear,5727,5727,17204,5727,complete generated value view; no generated-mask claim,near,5727.0,[],0.013593143390262831,0.022399808742141918,0.02212824849553467,0.3857108305248002,ok,1.6478755574805133,0.4994869173986103,False,,,,0.1176881438798673,learned_gmm_overlay,1339,primary,False,Fit-Invalid,Not-Estimable,0.8510904535489565,0.19323530351392065,0.010825912345032303
C0071,network_burst_prediction,network_burst_prediction|router__iot_named__mqtt_port_packets,temporal,linear,5727,5727,17204,5727,complete generated value view; no generated-mask claim,future,5728.0,[],0.06357909205919211,0.06919761290193965,0.07058322925564826,0.09923231439422503,ok,1.0883705737338416,0.0846816913007564,True,,,,0.1176881438798673,learned_gmm_overlay,1339,primary,False,Fit-Invalid,Not-Estimable,0.8523938725028009,0.16241402509555858,0.07419692737430168
C0081,network_volume_forecast,network_volume_forecast|router__iot_named__udp_count,temporal,linear,5725,5725,17202,5725,complete generated value view; no generated-mask claim,near,5725.0,[],0.18293645284687168,0.5064190674409385,0.435589519650655,0.5800255869480339,ok,2.7682785992622274,1.0182256827130305,False,4.0,4.0,False,1.0,learned_gmm_overlay,1339,primary,False,Fit-Invalid,Fit-Invalid,,,
C0081,network_volume_forecast,network_volume_forecast|router__iot_named__udp_count,temporal,linear,5725,5725,17202,5725,complete generated value view; no generated-mask claim,future,5726.0,[],0.177899279199873,0.4923667284002615,0.42678134823611596,0.5831606045223641,ok,2.767671294761564,1.0180062788113604,False,4.0,4.0,False,1.0,learned_gmm_overlay,1339,primary,False,Fit-Invalid,Fit-Invalid,,,
C0082,network_volume_forecast,network_volume_forecast|router__iot_named__udp_count,temporal,linear,5716,5716,17193,5716,complete generated value view; no generated-mask claim,near,5716.0,[],0.19014978301614147,0.502472252293633,0.43557557732680197,0.5634516880328287,ok,2.642507629109306,0.9717283258382418,False,4.0,4.0,False,1.0,learned_gmm_overlay,1339,primary,False,Fit-Invalid,Fit-Invalid,,,
C0082,network_volume_forecast,network_volume_forecast|router__iot_named__udp_count,temporal,linear,5716,5716,17193,5716,complete generated value view; no generated-mask claim,future,5717.0,[],0.17731858796666228,0.4881771551518062,0.4267972712961343,0.5845367346699146,ok,2.7531076169159916,1.0127303161759558,False,4.0,4.0,False,1.0,learned_gmm_overlay,1339,primary,False,Fit-Invalid,Fit-Invalid,,,
C0085,network_volume_forecast,network_volume_forecast|router__iot_named__dns_port_packets,temporal,linear,5725,5725,17202,5725,complete generated value view; no generated-mask claim,near,5725.0,[],0.09438529328220864,0.47173347720055964,0.34790393013100435,0.7287029978457917,ok,4.997955304224075,1.6090288896404963,False,4.0,4.0,False,0.0,learned_gmm_overlay,1339,primary,False,Fit-Invalid,Fit-Invalid,,,
C0085,network_volume_forecast,network_volume_forecast|router__iot_named__dns_port_packets,temporal,linear,5725,5725,17202,5725,complete generated value view; no generated-mask claim,future,5726.0,[],0.07701889161686007,0.4669677726867402,0.3413377575969263,0.7743616406251519,ok,6.063028990468062,1.8022095086166847,False,4.0,4.0,False,0.0,learned_gmm_overlay,1339,primary,False,Fit-Invalid,Fit-Invalid,,,
C0086,network_volume_forecast,network_volume_forecast|router__iot_named__dns_port_packets,temporal,linear,5716,5716,17193,5716,complete generated value view; no generated-mask claim,near,5716.0,[],0.1033470496319522,0.4674572999300847,0.3479268719384185,0.7029633007184218,ok,4.52317992235706,1.5092152691334577,False,4.0,4.0,False,0.0,learned_gmm_overlay,1339,primary,False,Fit-Invalid,Fit-Invalid,,,
C0086,network_volume_forecast,network_volume_forecast|router__iot_named__dns_port_packets,temporal,linear,5716,5716,17193,5716,complete generated value view; no generated-mask claim,future,5717.0,[],0.08184232297743387,0.4624785376814845,0.34135035857967466,0.7602395283310328,ok,5.6508481291397645,1.7318056452449386,False,4.0,4.0,False,0.0,learned_gmm_overlay,1339,primary,False,Fit-Invalid,Fit-Invalid,,,
C0034,network_volume_forecast,network_volume_forecast|router__general__packet_length_max,temporal,linear,5727,5727,17200,5727,complete generated value view; no generated-mask claim,near,5727.0,[],1.8950680916634337,1.8980326588933787,1.835925208529884,-0.03221421159139063,ok,1.0015643592137857,0.0015631368785257531,True,387.0,387.0,False,4034.0,learned_gmm_overlay,1340,primary,False,Fit-Invalid,Fit-Invalid,,,
C0034,network_volume_forecast,network_volume_forecast|router__general__packet_length_max,temporal,linear,5727,5727,17200,5727,complete generated value view; no generated-mask claim,future,5728.0,[],31.679058490019813,30.582382649314916,45.04995702621401,0.29680158248350463,ok,0.9653816782133726,-0.035231734376512135,True,26.0,26.0,False,4034.0,learned_gmm_overlay,1340,primary,False,Fit-Invalid,Fit-Invalid,,,
C0035,network_volume_forecast,network_volume_forecast|router__general__packet_length_max,temporal,linear,5725,5725,17198,5725,complete generated value view; no generated-mask claim,near,5725.0,[],1.9360165155859774,1.9186513776365852,1.8353966803200072,-0.05482184660398688,ok,0.9910304804687391,-0.009009987840846858,True,387.0,387.0,False,4034.0,learned_gmm_overlay,1340,primary,False,Fit-Invalid,Fit-Invalid,,,
C0035,network_volume_forecast,network_volume_forecast|router__general__packet_length_max,temporal,linear,5725,5725,17198,5725,complete generated value view; no generated-mask claim,future,5726.0,[],32.08185904041827,30.474660208185508,45.94517611445556,0.30173607430520927,ok,0.9499031888953836,-0.05139520600627513,True,25.5,25.5,False,4034.0,learned_gmm_overlay,1340,primary,False,Fit-Invalid,Fit-Invalid,,,
C0044,network_volume_forecast,network_volume_forecast|router__general__packet_length_mean,temporal,linear,5716,5716,17189,5716,complete generated value view; no generated-mask claim,near,5716.0,[],0.4282161439126719,0.5698265379972239,0.6192813788664557,0.30852733744959887,ok,1.3306984010239262,0.28570391796161215,False,108.93432600194046,108.93432600194046,False,512.6333681560927,learned_gmm_overlay,1340,primary,False,Fit-Invalid,Fit-Invalid,,,
C0044,network_volume_forecast,network_volume_forecast|router__general__packet_length_mean,temporal,linear,5716,5716,17189,5716,complete generated value view; no generated-mask claim,future,5717.0,[],0.29127227997175636,0.46035924677458734,0.511620385158303,0.4306867192525326,ok,1.5805117013511438,0.4577486562216708,False,107.56793568533652,107.56793568533652,False,512.6333681560927,learned_gmm_overlay,1340,primary,False,Fit-Invalid,Fit-Invalid,,,
C0065,network_volume_forecast,network_volume_forecast|router__general__packet_length_min,temporal,linear,5727,5727,17200,5727,complete generated value view; no generated-mask claim,near,5727.0,[],0.518778322976835,0.528537052203997,0.6886677143356033,0.24669283577881992,ok,1.0188109810972148,0.018636242527204496,True,18.0,18.0,False,44.0,learned_gmm_overlay,1340,primary,False,Fit-Invalid,Fit-Invalid,,,
C0065,network_volume_forecast,network_volume_forecast|router__general__packet_length_min,temporal,linear,5727,5727,17200,5727,complete generated value view; no generated-mask claim,future,5728.0,[],0.5134338979310422,0.520925513010142,0.6423805090006207,0.20073244636607412,ok,1.0145911968595926,0.014485769648779354,True,18.0,18.0,False,44.0,learned_gmm_overlay,1340,primary,False,Fit-Invalid,Fit-Invalid,,,
C0066,network_volume_forecast,network_volume_forecast|router__general__packet_length_min,temporal,linear,5725,5725,17198,5725,complete generated value view; no generated-mask claim,near,5725.0,[],0.5183832463512495,0.5200146830657073,0.6885589519650656,0.2471476191372645,ok,1.0031471632733908,0.0031422213210951793,True,18.0,18.0,False,44.0,learned_gmm_overlay,1340,primary,False,Fit-Invalid,Fit-Invalid,,,
C0066,network_volume_forecast,network_volume_forecast|router__general__packet_length_min,temporal,linear,5725,5725,17198,5725,complete generated value view; no generated-mask claim,future,5726.0,[],0.5141545489404717,0.5154000416338526,0.6424302402297513,0.19967256093580604,ok,1.0024224091685028,0.002419479865106829,True,18.0,18.0,False,44.0,learned_gmm_overlay,1340,primary,False,Fit-Invalid,Fit-Invalid,,,
C0067,network_volume_forecast,network_volume_forecast|router__general__packet_length_min,temporal,linear,5716,5716,17189,5716,complete generated value view; no generated-mask claim,near,5716.0,[],0.46325414441464485,0.5168286004675394,0.6885934219734079,0.32724575978808174,ok,1.1156480879854616,0.10943548088474471,False,18.0,18.0,False,44.0,learned_gmm_overlay,1340,primary,False,Fit-Invalid,Fit-Invalid,,,
C0067,network_volume_forecast,network_volume_forecast|router__general__packet_length_min,temporal,linear,5716,5716,17189,5716,complete generated value view; no generated-mask claim,future,5717.0,[],0.47146587767091247,0.5117363285343668,0.6422171690669154,0.26587780523539944,ok,1.0854154091965134,0.08196277933699035,True,18.0,18.0,False,44.0,learned_gmm_overlay,1340,primary,False,Fit-Invalid,Fit-Invalid,,,
C0071,network_burst_prediction,network_burst_prediction|router__iot_named__mqtt_port_packets,temporal,linear,5727,5727,17204,5727,complete generated value view; no generated-mask claim,near,5727.0,[],0.013593143390262831,0.02083714030873779,0.02212824849553467,0.3857108305248002,ok,1.5329155082454324,0.42717148307098995,False,,,,0.1176881438798673,learned_gmm_overlay,1340,primary,False,Fit-Invalid,Not-Estimable,0.8510904535489565,0.19323530351392065,0.010825912345032303
C0071,network_burst_prediction,network_burst_prediction|router__iot_named__mqtt_port_packets,temporal,linear,5727,5727,17204,5727,complete generated value view; no generated-mask claim,future,5728.0,[],0.06357909205919211,0.06857669145274913,0.07058322925564826,0.09923231439422503,ok,1.0786044473378804,0.07566802716288806,True,,,,0.1176881438798673,learned_gmm_overlay,1340,primary,False,Fit-Invalid,Not-Estimable,0.8523938725028009,0.16241402509555858,0.07419692737430168
C0081,network_volume_forecast,network_volume_forecast|router__iot_named__udp_count,temporal,linear,5725,5725,17202,5725,complete generated value view; no generated-mask claim,near,5725.0,[],0.18293645284687168,0.4867153993507878,0.435589519650655,0.5800255869480339,ok,2.6605708800869583,0.9785407163408099,False,4.0,4.0,False,1.0,learned_gmm_overlay,1340,primary,False,Fit-Invalid,Fit-Invalid,,,
C0081,network_volume_forecast,network_volume_forecast|router__iot_named__udp_count,temporal,linear,5725,5725,17202,5725,complete generated value view; no generated-mask claim,future,5726.0,[],0.177899279199873,0.473101998361002,0.42678134823611596,0.5831606045223641,ok,2.6593811986695206,0.9780934636514408,False,4.0,4.0,False,1.0,learned_gmm_overlay,1340,primary,False,Fit-Invalid,Fit-Invalid,,,
C0082,network_volume_forecast,network_volume_forecast|router__iot_named__udp_count,temporal,linear,5716,5716,17193,5716,complete generated value view; no generated-mask claim,near,5716.0,[],0.19014978301614147,0.49165846801825724,0.43557557732680197,0.5634516880328287,ok,2.5856378073096264,0.9499722114954804,False,4.0,4.0,False,1.0,learned_gmm_overlay,1340,primary,False,Fit-Invalid,Fit-Invalid,,,
C0082,network_volume_forecast,network_volume_forecast|router__iot_named__udp_count,temporal,linear,5716,5716,17193,5716,complete generated value view; no generated-mask claim,future,5717.0,[],0.17731858796666228,0.4775534667885124,0.4267972712961343,0.5845367346699146,ok,2.693194618030104,0.9907280793319141,False,4.0,4.0,False,1.0,learned_gmm_overlay,1340,primary,False,Fit-Invalid,Fit-Invalid,,,
C0085,network_volume_forecast,network_volume_forecast|router__iot_named__dns_port_packets,temporal,linear,5725,5725,17202,5725,complete generated value view; no generated-mask claim,near,5725.0,[],0.09438529328220864,0.46637839605707393,0.34790393013100435,0.7287029978457917,ok,4.941218910690029,1.5976120438184318,False,4.0,4.0,False,0.0,learned_gmm_overlay,1340,primary,False,Fit-Invalid,Fit-Invalid,,,
C0085,network_volume_forecast,network_volume_forecast|router__iot_named__dns_port_packets,temporal,linear,5725,5725,17202,5725,complete generated value view; no generated-mask claim,future,5726.0,[],0.07701889161686007,0.46153485667329025,0.3413377575969263,0.7743616406251519,ok,5.992488946338673,1.790506842742085,False,4.0,4.0,False,0.0,learned_gmm_overlay,1340,primary,False,Fit-Invalid,Fit-Invalid,,,
C0086,network_volume_forecast,network_volume_forecast|router__iot_named__dns_port_packets,temporal,linear,5716,5716,17193,5716,complete generated value view; no generated-mask claim,near,5716.0,[],0.1033470496319522,0.46573514169503477,0.3479268719384185,0.7029633007184218,ok,4.5065160868515175,1.505524368707616,False,4.0,4.0,False,0.0,learned_gmm_overlay,1340,primary,False,Fit-Invalid,Fit-Invalid,,,
C0086,network_volume_forecast,network_volume_forecast|router__iot_named__dns_port_packets,temporal,linear,5716,5716,17193,5716,complete generated value view; no generated-mask claim,future,5717.0,[],0.08184232297743387,0.46076052572801285,0.34135035857967466,0.7602395283310328,ok,5.6298563990547645,1.7280839354417168,False,4.0,4.0,False,0.0,learned_gmm_overlay,1340,primary,False,Fit-Invalid,Fit-Invalid,,,
C0034,network_volume_forecast,network_volume_forecast|router__general__packet_length_max,temporal,linear,5727,5727,17200,5727,complete generated value view; no generated-mask claim,near,5727.0,[],1.8950680916634337,1.9387026367550446,1.835925208529884,-0.03221421159139063,ok,1.0230253178149973,0.022764235260508244,True,387.0,387.0,False,4034.0,learned_gmm_overlay,1341,primary,False,Fit-Invalid,Fit-Invalid,,,
C0034,network_volume_forecast,network_volume_forecast|router__general__packet_length_max,temporal,linear,5727,5727,17200,5727,complete generated value view; no generated-mask claim,future,5728.0,[],31.679058490019813,32.13380641722554,45.04995702621401,0.29680158248350463,ok,1.0143548435111793,0.01425278824387295,True,26.0,26.0,False,4034.0,learned_gmm_overlay,1341,primary,False,Fit-Invalid,Fit-Invalid,,,
C0035,network_volume_forecast,network_volume_forecast|router__general__packet_length_max,temporal,linear,5725,5725,17198,5725,complete generated value view; no generated-mask claim,near,5725.0,[],1.9360165155859774,1.9709777143538358,1.8353966803200072,-0.05482184660398688,ok,1.0180583163864574,0.01789720173951639,True,387.0,387.0,False,4034.0,learned_gmm_overlay,1341,primary,False,Fit-Invalid,Fit-Invalid,,,
C0035,network_volume_forecast,network_volume_forecast|router__general__packet_length_max,temporal,linear,5725,5725,17198,5725,complete generated value view; no generated-mask claim,future,5726.0,[],32.08185904041827,33.00058725823946,45.94517611445556,0.30173607430520927,ok,1.0286370006383898,0.028234625555368622,True,25.5,25.5,False,4034.0,learned_gmm_overlay,1341,primary,False,Fit-Invalid,Fit-Invalid,,,
C0044,network_volume_forecast,network_volume_forecast|router__general__packet_length_mean,temporal,linear,5716,5716,17189,5716,complete generated value view; no generated-mask claim,near,5716.0,[],0.4282161439126719,0.5904362136035493,0.6192813788664557,0.30852733744959887,ok,1.3788275430455506,0.3212335315602345,False,108.93432600194046,108.93432600194046,False,512.6333681560927,learned_gmm_overlay,1341,primary,False,Fit-Invalid,Fit-Invalid,,,
C0044,network_volume_forecast,network_volume_forecast|router__general__packet_length_mean,temporal,linear,5716,5716,17189,5716,complete generated value view; no generated-mask claim,future,5717.0,[],0.29127227997175636,0.4832811062768772,0.511620385158303,0.4306867192525326,ok,1.6592073448380988,0.5063399852179583,False,107.56793568533652,107.56793568533652,False,512.6333681560927,learned_gmm_overlay,1341,primary,False,Fit-Invalid,Fit-Invalid,,,
C0065,network_volume_forecast,network_volume_forecast|router__general__packet_length_min,temporal,linear,5727,5727,17200,5727,complete generated value view; no generated-mask claim,near,5727.0,[],0.518778322976835,0.5298342743394445,0.6886677143356033,0.24669283577881992,ok,1.021311513748625,0.021087599158877663,True,18.0,18.0,False,44.0,learned_gmm_overlay,1341,primary,False,Fit-Invalid,Fit-Invalid,,,
C0065,network_volume_forecast,network_volume_forecast|router__general__packet_length_min,temporal,linear,5727,5727,17200,5727,complete generated value view; no generated-mask claim,future,5728.0,[],0.5134338979310422,0.522291952963583,0.6423805090006207,0.20073244636607412,ok,1.01725257149603,0.017105435786396003,True,18.0,18.0,False,44.0,learned_gmm_overlay,1341,primary,False,Fit-Invalid,Fit-Invalid,,,
C0066,network_volume_forecast,network_volume_forecast|router__general__packet_length_min,temporal,linear,5725,5725,17198,5725,complete generated value view; no generated-mask claim,near,5725.0,[],0.5183832463512495,0.5200406690822423,0.6885589519650656,0.2471476191372645,ok,1.0031972922401695,0.0031921917702385145,True,18.0,18.0,False,44.0,learned_gmm_overlay,1341,primary,False,Fit-Invalid,Fit-Invalid,,,
C0066,network_volume_forecast,network_volume_forecast|router__general__packet_length_min,temporal,linear,5725,5725,17198,5725,complete generated value view; no generated-mask claim,future,5726.0,[],0.5141545489404717,0.5157087944138052,0.6424302402297513,0.19967256093580604,ok,1.0030229149514214,0.003018355131007998,True,18.0,18.0,False,44.0,learned_gmm_overlay,1341,primary,False,Fit-Invalid,Fit-Invalid,,,
C0067,network_volume_forecast,network_volume_forecast|router__general__packet_length_min,temporal,linear,5716,5716,17189,5716,complete generated value view; no generated-mask claim,near,5716.0,[],0.46325414441464485,0.5167343155248575,0.6885934219734079,0.32724575978808174,ok,1.115444560518263,0.1092530344337651,False,18.0,18.0,False,44.0,learned_gmm_overlay,1341,primary,False,Fit-Invalid,Fit-Invalid,,,
C0067,network_volume_forecast,network_volume_forecast|router__general__packet_length_min,temporal,linear,5716,5716,17189,5716,complete generated value view; no generated-mask claim,future,5717.0,[],0.47146587767091247,0.5116607107525776,0.6422171690669154,0.26587780523539944,ok,1.0852550205334721,0.08181500134072116,True,18.0,18.0,False,44.0,learned_gmm_overlay,1341,primary,False,Fit-Invalid,Fit-Invalid,,,
C0071,network_burst_prediction,network_burst_prediction|router__iot_named__mqtt_port_packets,temporal,linear,5727,5727,17204,5727,complete generated value view; no generated-mask claim,near,5727.0,[],0.013593143390262831,0.02168911376564405,0.02212824849553467,0.3857108305248002,ok,1.5955922146146566,0.4672449617533405,False,,,,0.1176881438798673,learned_gmm_overlay,1341,primary,False,Fit-Invalid,Not-Estimable,0.8510904535489565,0.19323530351392065,0.010825912345032303
C0071,network_burst_prediction,network_burst_prediction|router__iot_named__mqtt_port_packets,temporal,linear,5727,5727,17204,5727,complete generated value view; no generated-mask claim,future,5728.0,[],0.06357909205919211,0.0692635543646943,0.07058322925564826,0.09923231439422503,ok,1.0894077301420089,0.08563418172159833,True,,,,0.1176881438798673,learned_gmm_overlay,1341,primary,False,Fit-Invalid,Not-Estimable,0.8523938725028009,0.16241402509555858,0.07419692737430168
C0081,network_volume_forecast,network_volume_forecast|router__iot_named__udp_count,temporal,linear,5725,5725,17202,5725,complete generated value view; no generated-mask claim,near,5725.0,[],0.18293645284687168,0.4880936484289838,0.435589519650655,0.5800255869480339,ok,2.6681049120239924,0.9813684496280972,False,4.0,4.0,False,1.0,learned_gmm_overlay,1341,primary,False,Fit-Invalid,Fit-Invalid,,,
C0081,network_volume_forecast,network_volume_forecast|router__iot_named__udp_count,temporal,linear,5725,5725,17202,5725,complete generated value view; no generated-mask claim,future,5726.0,[],0.177899279199873,0.4744745369546054,0.42678134823611596,0.5831606045223641,ok,2.667096455301119,0.9809904107630378,False,4.0,4.0,False,1.0,learned_gmm_overlay,1341,primary,False,Fit-Invalid,Fit-Invalid,,,
C0082,network_volume_forecast,network_volume_forecast|router__iot_named__udp_count,temporal,linear,5716,5716,17193,5716,complete generated value view; no generated-mask claim,near,5716.0,[],0.19014978301614147,0.497128596694018,0.43557557732680197,0.5634516880328287,ok,2.61440527992513,0.9610366452367131,False,4.0,4.0,False,1.0,learned_gmm_overlay,1341,primary,False,Fit-Invalid,Fit-Invalid,,,
C0082,network_volume_forecast,network_volume_forecast|router__iot_named__udp_count,temporal,linear,5716,5716,17193,5716,complete generated value view; no generated-mask claim,future,5717.0,[],0.17731858796666228,0.48296917737360257,0.4267972712961343,0.5845367346699146,ok,2.7237368789808194,1.0020047900024256,False,4.0,4.0,False,1.0,learned_gmm_overlay,1341,primary,False,Fit-Invalid,Fit-Invalid,,,
C0085,network_volume_forecast,network_volume_forecast|router__iot_named__dns_port_packets,temporal,linear,5725,5725,17202,5725,complete generated value view; no generated-mask claim,near,5725.0,[],0.09438529328220864,0.4627502797891185,0.34790393013100435,0.7287029978457917,ok,4.902779487112593,1.5898022865633752,False,4.0,4.0,False,0.0,learned_gmm_overlay,1341,primary,False,Fit-Invalid,Fit-Invalid,,,
C0085,network_volume_forecast,network_volume_forecast|router__iot_named__dns_port_packets,temporal,linear,5725,5725,17202,5725,complete generated value view; no generated-mask claim,future,5726.0,[],0.07701889161686007,0.45785420442592584,0.3413377575969263,0.7743616406251519,ok,5.9446999926145105,1.78250006505351,False,4.0,4.0,False,0.0,learned_gmm_overlay,1341,primary,False,Fit-Invalid,Fit-Invalid,,,
C0086,network_volume_forecast,network_volume_forecast|router__iot_named__dns_port_packets,temporal,linear,5716,5716,17193,5716,complete generated value view; no generated-mask claim,near,5716.0,[],0.1033470496319522,0.4628933969107429,0.3479268719384185,0.7029633007184218,ok,4.479018980795639,1.4994040449468469,False,4.0,4.0,False,0.0,learned_gmm_overlay,1341,primary,False,Fit-Invalid,Fit-Invalid,,,
C0086,network_volume_forecast,network_volume_forecast|router__iot_named__dns_port_packets,temporal,linear,5716,5716,17193,5716,complete generated value view; no generated-mask claim,future,5717.0,[],0.08184232297743387,0.4578314661955319,0.34135035857967466,0.7602395283310328,ok,5.594067342416079,1.721706633036961,False,4.0,4.0,False,0.0,learned_gmm_overlay,1341,primary,False,Fit-Invalid,Fit-Invalid,,,
C0034,network_volume_forecast,network_volume_forecast|router__general__packet_length_max,temporal,linear,5727,5727,17200,5727,complete generated value view; no generated-mask claim,near,5727.0,[],1.8950680916634337,1.9794900080700217,1.835925208529884,-0.03221421159139063,ok,1.0445482232421976,0.04358446968229472,True,387.0,387.0,False,4034.0,learned_latent_var_overlay,1337,primary,False,Fit-Invalid,Fit-Invalid,,,
C0034,network_volume_forecast,network_volume_forecast|router__general__packet_length_max,temporal,linear,5727,5727,17200,5727,complete generated value view; no generated-mask claim,future,5728.0,[],31.679058490019813,29.249619834893522,45.04995702621401,0.29680158248350463,ok,0.9233108946122354,-0.07978927062816266,True,26.0,26.0,False,4034.0,learned_latent_var_overlay,1337,primary,False,Fit-Invalid,Fit-Invalid,,,
C0035,network_volume_forecast,network_volume_forecast|router__general__packet_length_max,temporal,linear,5725,5725,17198,5725,complete generated value view; no generated-mask claim,near,5725.0,[],1.9360165155859774,2.0303223989820807,1.8353966803200072,-0.05482184660398688,ok,1.0487113010849287,0.04756207808024711,True,387.0,387.0,False,4034.0,learned_latent_var_overlay,1337,primary,False,Fit-Invalid,Fit-Invalid,,,
C0035,network_volume_forecast,network_volume_forecast|router__general__packet_length_max,temporal,linear,5725,5725,17198,5725,complete generated value view; no generated-mask claim,future,5726.0,[],32.08185904041827,30.52272526919574,45.94517611445556,0.30173607430520927,ok,0.9514013895124263,-0.04981923449266777,True,25.5,25.5,False,4034.0,learned_latent_var_overlay,1337,primary,False,Fit-Invalid,Fit-Invalid,,,
C0044,network_volume_forecast,network_volume_forecast|router__general__packet_length_mean,temporal,linear,5716,5716,17189,5716,complete generated value view; no generated-mask claim,near,5716.0,[],0.4282161439126719,0.5616832339687711,0.6192813788664557,0.30852733744959887,ok,1.3116815934041892,0.27130997311428623,False,108.93432600194046,108.93432600194046,False,512.6333681560927,learned_latent_var_overlay,1337,primary,False,Fit-Invalid,Fit-Invalid,,,
C0044,network_volume_forecast,network_volume_forecast|router__general__packet_length_mean,temporal,linear,5716,5716,17189,5716,complete generated value view; no generated-mask claim,future,5717.0,[],0.29127227997175636,0.4488667236651786,0.511620385158303,0.4306867192525326,ok,1.541055412855297,0.43246751471502265,False,107.56793568533652,107.56793568533652,False,512.6333681560927,learned_latent_var_overlay,1337,primary,False,Fit-Invalid,Fit-Invalid,,,
C0065,network_volume_forecast,network_volume_forecast|router__general__packet_length_min,temporal,linear,5727,5727,17200,5727,complete generated value view; no generated-mask claim,near,5727.0,[],0.518778322976835,0.48974707146463714,0.6886677143356033,0.24669283577881992,ok,0.9440391970396685,-0.05758759141087822,True,18.0,18.0,False,44.0,learned_latent_var_overlay,1337,primary,False,Fit-Invalid,Fit-Invalid,,,
C0065,network_volume_forecast,network_volume_forecast|router__general__packet_length_min,temporal,linear,5727,5727,17200,5727,complete generated value view; no generated-mask claim,future,5728.0,[],0.5134338979310422,0.5024873719436205,0.6423805090006207,0.20073244636607412,ok,0.9786797754656785,-0.021550783456147683,True,18.0,18.0,False,44.0,learned_latent_var_overlay,1337,primary,False,Fit-Invalid,Fit-Invalid,,,
C0066,network_volume_forecast,network_volume_forecast|router__general__packet_length_min,temporal,linear,5725,5725,17198,5725,complete generated value view; no generated-mask claim,near,5725.0,[],0.5183832463512495,0.3453990123759513,0.6885589519650656,0.2471476191372645,ok,0.6663004925547179,-0.40601452017526074,True,18.0,18.0,False,44.0,learned_latent_var_overlay,1337,primary,False,Fit-Invalid,Fit-Invalid,,,
C0066,network_volume_forecast,network_volume_forecast|router__general__packet_length_min,temporal,linear,5725,5725,17198,5725,complete generated value view; no generated-mask claim,future,5726.0,[],0.5141545489404717,0.4061508169880061,0.6424302402297513,0.19967256093580604,ok,0.7899391687284864,-0.23579933809535694,True,18.0,18.0,False,44.0,learned_latent_var_overlay,1337,primary,False,Fit-Invalid,Fit-Invalid,,,
C0067,network_volume_forecast,network_volume_forecast|router__general__packet_length_min,temporal,linear,5716,5716,17189,5716,complete generated value view; no generated-mask claim,near,5716.0,[],0.46325414441464485,0.3092802407205295,0.6885934219734079,0.32724575978808174,ok,0.6676254156588873,-0.4040280177290434,True,18.0,18.0,False,44.0,learned_latent_var_overlay,1337,primary,False,Fit-Invalid,Fit-Invalid,,,
C0067,network_volume_forecast,network_volume_forecast|router__general__packet_length_min,temporal,linear,5716,5716,17189,5716,complete generated value view; no generated-mask claim,future,5717.0,[],0.47146587767091247,0.3558983838220589,0.6422171690669154,0.26587780523539944,ok,0.7548762289653531,-0.2812014783171747,True,18.0,18.0,False,44.0,learned_latent_var_overlay,1337,primary,False,Fit-Invalid,Fit-Invalid,,,
C0071,network_burst_prediction,network_burst_prediction|router__iot_named__mqtt_port_packets,temporal,linear,5727,5727,17204,5727,complete generated value view; no generated-mask claim,near,,,,,,,single_class,,,,,,,,learned_latent_var_overlay,1337,primary,False,Fit-Invalid,Not-Estimable,,,
C0071,network_burst_prediction,network_burst_prediction|router__iot_named__mqtt_port_packets,temporal,linear,5727,5727,17204,5727,complete generated value view; no generated-mask claim,future,,,,,,,single_class,,,,,,,,learned_latent_var_overlay,1337,primary,False,Fit-Invalid,Not-Estimable,,,
C0081,network_volume_forecast,network_volume_forecast|router__iot_named__udp_count,temporal,linear,5725,5725,17202,5725,complete generated value view; no generated-mask claim,near,5725.0,[],0.18293645284687168,0.22515888717117652,0.435589519650655,0.5800255869480339,ok,1.2308038319713537,0.20766747785979298,False,4.0,4.0,False,1.0,learned_latent_var_overlay,1337,primary,False,Fit-Invalid,Fit-Invalid,,,
C0081,network_volume_forecast,network_volume_forecast|router__iot_named__udp_count,temporal,linear,5725,5725,17202,5725,complete generated value view; no generated-mask claim,future,5726.0,[],0.177899279199873,0.21555215210937737,0.42678134823611596,0.5831606045223641,ok,1.2116527569917845,0.19198534246478197,False,4.0,4.0,False,1.0,learned_latent_var_overlay,1337,primary,False,Fit-Invalid,Fit-Invalid,,,
C0082,network_volume_forecast,network_volume_forecast|router__iot_named__udp_count,temporal,linear,5716,5716,17193,5716,complete generated value view; no generated-mask claim,near,5716.0,[],0.19014978301614147,0.24352619027740563,0.43557557732680197,0.5634516880328287,ok,1.2807071689202671,0.24741240109196183,False,4.0,4.0,False,1.0,learned_latent_var_overlay,1337,primary,False,Fit-Invalid,Fit-Invalid,,,
C0082,network_volume_forecast,network_volume_forecast|router__iot_named__udp_count,temporal,linear,5716,5716,17193,5716,complete generated value view; no generated-mask claim,future,5717.0,[],0.17731858796666228,0.22865559545858175,0.4267972712961343,0.5845367346699146,ok,1.2895184767745351,0.2542688748713779,False,4.0,4.0,False,1.0,learned_latent_var_overlay,1337,primary,False,Fit-Invalid,Fit-Invalid,,,
C0085,network_volume_forecast,network_volume_forecast|router__iot_named__dns_port_packets,temporal,linear,5725,5725,17202,5725,complete generated value view; no generated-mask claim,near,5725.0,[],0.09438529328220864,0.19995145561266847,0.34790393013100435,0.7287029978457917,ok,2.1184598644496533,0.7506893456369711,False,4.0,4.0,False,0.0,learned_latent_var_overlay,1337,primary,False,Fit-Invalid,Fit-Invalid,,,
C0085,network_volume_forecast,network_volume_forecast|router__iot_named__dns_port_packets,temporal,linear,5725,5725,17202,5725,complete generated value view; no generated-mask claim,future,5726.0,[],0.07701889161686007,0.18730031123900584,0.3413377575969263,0.7743616406251519,ok,2.431874924541296,0.888662533727658,False,4.0,4.0,False,0.0,learned_latent_var_overlay,1337,primary,False,Fit-Invalid,Fit-Invalid,,,
C0086,network_volume_forecast,network_volume_forecast|router__iot_named__dns_port_packets,temporal,linear,5716,5716,17193,5716,complete generated value view; no generated-mask claim,near,5716.0,[],0.1033470496319522,0.2188989331059795,0.3479268719384185,0.7029633007184218,ok,2.118095619425421,0.7505173922533716,False,4.0,4.0,False,0.0,learned_latent_var_overlay,1337,primary,False,Fit-Invalid,Fit-Invalid,,,
C0086,network_volume_forecast,network_volume_forecast|router__iot_named__dns_port_packets,temporal,linear,5716,5716,17193,5716,complete generated value view; no generated-mask claim,future,5717.0,[],0.08184232297743387,0.2041947803133503,0.34135035857967466,0.7602395283310328,ok,2.4949778169132895,0.914279838147239,False,4.0,4.0,False,0.0,learned_latent_var_overlay,1337,primary,False,Fit-Invalid,Fit-Invalid,,,
C0034,network_volume_forecast,network_volume_forecast|router__general__packet_length_max,temporal,linear,5727,5727,17200,5727,complete generated value view; no generated-mask claim,near,5727.0,[],1.8950680916634337,2.003071643035976,1.835925208529884,-0.03221421159139063,ok,1.0569919106588619,0.05542705374515584,True,387.0,387.0,False,4034.0,learned_latent_var_overlay,1338,primary,False,Fit-Invalid,Fit-Invalid,,,
C0034,network_volume_forecast,network_volume_forecast|router__general__packet_length_max,temporal,linear,5727,5727,17200,5727,complete generated value view; no generated-mask claim,future,5728.0,[],31.679058490019813,29.730985126816798,45.04995702621401,0.29680158248350463,ok,0.9385059576875766,-0.06346607488027604,True,26.0,26.0,False,4034.0,learned_latent_var_overlay,1338,primary,False,Fit-Invalid,Fit-Invalid,,,
C0035,network_volume_forecast,network_volume_forecast|router__general__packet_length_max,temporal,linear,5725,5725,17198,5725,complete generated value view; no generated-mask claim,near,5725.0,[],1.9360165155859774,2.0508337075804026,1.8353966803200072,-0.05482184660398688,ok,1.0593058948981504,0.05761387750443327,True,387.0,387.0,False,4034.0,learned_latent_var_overlay,1338,primary,False,Fit-Invalid,Fit-Invalid,,,
C0035,network_volume_forecast,network_volume_forecast|router__general__packet_length_max,temporal,linear,5725,5725,17198,5725,complete generated value view; no generated-mask claim,future,5726.0,[],32.08185904041827,30.96822792486006,45.94517611445556,0.30173607430520927,ok,0.9652878246813812,-0.035328958196461265,True,25.5,25.5,False,4034.0,learned_latent_var_overlay,1338,primary,False,Fit-Invalid,Fit-Invalid,,,
C0044,network_volume_forecast,network_volume_forecast|router__general__packet_length_mean,temporal,linear,5716,5716,17189,5716,complete generated value view; no generated-mask claim,near,5716.0,[],0.4282161439126719,0.6204598474672003,0.6192813788664557,0.30852733744959887,ok,1.4489408124550613,0.37083281533730766,False,108.93432600194046,108.93432600194046,False,512.6333681560927,learned_latent_var_overlay,1338,primary,False,Fit-Invalid,Fit-Invalid,,,
C0044,network_volume_forecast,network_volume_forecast|router__general__packet_length_mean,temporal,linear,5716,5716,17189,5716,complete generated value view; no generated-mask claim,future,5717.0,[],0.29127227997175636,0.512995456019092,0.511620385158303,0.4306867192525326,ok,1.761223059292959,0.566008487757742,False,107.56793568533652,107.56793568533652,False,512.6333681560927,learned_latent_var_overlay,1338,primary,False,Fit-Invalid,Fit-Invalid,,,
C0065,network_volume_forecast,network_volume_forecast|router__general__packet_length_min,temporal,linear,5727,5727,17200,5727,complete generated value view; no generated-mask claim,near,5727.0,[],0.518778322976835,0.49055913345109153,0.6886677143356033,0.24669283577881992,ok,0.9456045322714774,-0.05593083933049802,True,18.0,18.0,False,44.0,learned_latent_var_overlay,1338,primary,False,Fit-Invalid,Fit-Invalid,,,
C0065,network_volume_forecast,network_volume_forecast|router__general__packet_length_min,temporal,linear,5727,5727,17200,5727,complete generated value view; no generated-mask claim,future,5728.0,[],0.5134338979310422,0.5023854954867855,0.6423805090006207,0.20073244636607412,ok,0.9784813537073069,-0.021753548324194346,True,18.0,18.0,False,44.0,learned_latent_var_overlay,1338,primary,False,Fit-Invalid,Fit-Invalid,,,
C0066,network_volume_forecast,network_volume_forecast|router__general__packet_length_min,temporal,linear,5725,5725,17198,5725,complete generated value view; no generated-mask claim,near,5725.0,[],0.5183832463512495,0.34982741467907774,0.6885589519650656,0.2471476191372645,ok,0.674843211352628,-0.3932748945682514,True,18.0,18.0,False,44.0,learned_latent_var_overlay,1338,primary,False,Fit-Invalid,Fit-Invalid,,,
C0066,network_volume_forecast,network_volume_forecast|router__general__packet_length_min,temporal,linear,5725,5725,17198,5725,complete generated value view; no generated-mask claim,future,5726.0,[],0.5141545489404717,0.408828101538697,0.6424302402297513,0.19967256093580604,ok,0.7951463278525435,-0.22922912107292545,True,18.0,18.0,False,44.0,learned_latent_var_overlay,1338,primary,False,Fit-Invalid,Fit-Invalid,,,
C0067,network_volume_forecast,network_volume_forecast|router__general__packet_length_min,temporal,linear,5716,5716,17189,5716,complete generated value view; no generated-mask claim,near,5716.0,[],0.46325414441464485,0.3169030344189217,0.6885934219734079,0.32724575978808174,ok,0.6840803007156074,-0.37967996954324706,True,18.0,18.0,False,44.0,learned_latent_var_overlay,1338,primary,False,Fit-Invalid,Fit-Invalid,,,
C0067,network_volume_forecast,network_volume_forecast|router__general__packet_length_min,temporal,linear,5716,5716,17189,5716,complete generated value view; no generated-mask claim,future,5717.0,[],0.47146587767091247,0.36161227606184737,0.6422171690669154,0.26587780523539944,ok,0.7669956473801399,-0.2652741524939035,True,18.0,18.0,False,44.0,learned_latent_var_overlay,1338,primary,False,Fit-Invalid,Fit-Invalid,,,
C0071,network_burst_prediction,network_burst_prediction|router__iot_named__mqtt_port_packets,temporal,linear,5727,5727,17204,5727,complete generated value view; no generated-mask claim,near,,,,,,,single_class,,,,,,,,learned_latent_var_overlay,1338,primary,False,Fit-Invalid,Not-Estimable,,,
C0071,network_burst_prediction,network_burst_prediction|router__iot_named__mqtt_port_packets,temporal,linear,5727,5727,17204,5727,complete generated value view; no generated-mask claim,future,,,,,,,single_class,,,,,,,,learned_latent_var_overlay,1338,primary,False,Fit-Invalid,Not-Estimable,,,
C0081,network_volume_forecast,network_volume_forecast|router__iot_named__udp_count,temporal,linear,5725,5725,17202,5725,complete generated value view; no generated-mask claim,near,5725.0,[],0.18293645284687168,0.2202657725055556,0.435589519650655,0.5800255869480339,ok,1.204056212295374,0.18569603374974913,False,4.0,4.0,False,1.0,learned_latent_var_overlay,1338,primary,False,Fit-Invalid,Fit-Invalid,,,
C0081,network_volume_forecast,network_volume_forecast|router__iot_named__udp_count,temporal,linear,5725,5725,17202,5725,complete generated value view; no generated-mask claim,future,5726.0,[],0.177899279199873,0.21118326834493625,0.42678134823611596,0.5831606045223641,ok,1.1870945699991742,0.17150878389384122,False,4.0,4.0,False,1.0,learned_latent_var_overlay,1338,primary,False,Fit-Invalid,Fit-Invalid,,,
C0082,network_volume_forecast,network_volume_forecast|router__iot_named__udp_count,temporal,linear,5716,5716,17193,5716,complete generated value view; no generated-mask claim,near,5716.0,[],0.19014978301614147,0.25407488729470296,0.43557557732680197,0.5634516880328287,ok,1.3361828936356714,0.2898169621788781,False,4.0,4.0,False,1.0,learned_latent_var_overlay,1338,primary,False,Fit-Invalid,Fit-Invalid,,,
C0082,network_volume_forecast,network_volume_forecast|router__iot_named__udp_count,temporal,linear,5716,5716,17193,5716,complete generated value view; no generated-mask claim,future,5717.0,[],0.17731858796666228,0.23892410718565457,0.4267972712961343,0.5845367346699146,ok,1.3474284333381605,0.2981979116953496,False,4.0,4.0,False,1.0,learned_latent_var_overlay,1338,primary,False,Fit-Invalid,Fit-Invalid,,,
C0085,network_volume_forecast,network_volume_forecast|router__iot_named__dns_port_packets,temporal,linear,5725,5725,17202,5725,complete generated value view; no generated-mask claim,near,5725.0,[],0.09438529328220864,0.18681241576565072,0.34790393013100435,0.7287029978457917,ok,1.9792534331284886,0.6827197196282092,False,4.0,4.0,False,0.0,learned_latent_var_overlay,1338,primary,False,Fit-Invalid,Fit-Invalid,,,
C0085,network_volume_forecast,network_volume_forecast|router__iot_named__dns_port_packets,temporal,linear,5725,5725,17202,5725,complete generated value view; no generated-mask claim,future,5726.0,[],0.07701889161686007,0.17357320917196206,0.3413377575969263,0.7743616406251519,ok,2.253644599761618,0.8125487278357496,False,4.0,4.0,False,0.0,learned_latent_var_overlay,1338,primary,False,Fit-Invalid,Fit-Invalid,,,
C0086,network_volume_forecast,network_volume_forecast|router__iot_named__dns_port_packets,temporal,linear,5716,5716,17193,5716,complete generated value view; no generated-mask claim,near,5716.0,[],0.1033470496319522,0.22361502491389085,0.3479268719384185,0.7029633007184218,ok,2.1637291602445026,0.7718331961479792,False,4.0,4.0,False,0.0,learned_latent_var_overlay,1338,primary,False,Fit-Invalid,Fit-Invalid,,,
C0086,network_volume_forecast,network_volume_forecast|router__iot_named__dns_port_packets,temporal,linear,5716,5716,17193,5716,complete generated value view; no generated-mask claim,future,5717.0,[],0.08184232297743387,0.20917943516775617,0.34135035857967466,0.7602395283310328,ok,2.5558834055264117,0.9383979194836156,False,4.0,4.0,False,0.0,learned_latent_var_overlay,1338,primary,False,Fit-Invalid,Fit-Invalid,,,
C0034,network_volume_forecast,network_volume_forecast|router__general__packet_length_max,temporal,linear,5727,5727,17200,5727,complete generated value view; no generated-mask claim,near,5727.0,[],1.8950680916634337,1.9741000155836081,1.835925208529884,-0.03221421159139063,ok,1.0417040022297048,0.04085783601845759,True,387.0,387.0,False,4034.0,learned_latent_var_overlay,1339,primary,False,Fit-Invalid,Fit-Invalid,,,
C0034,network_volume_forecast,network_volume_forecast|router__general__packet_length_max,temporal,linear,5727,5727,17200,5727,complete generated value view; no generated-mask claim,future,5728.0,[],31.679058490019813,29.20134186035676,45.04995702621401,0.29680158248350463,ok,0.9217869233568404,-0.0814411847837233,True,26.0,26.0,False,4034.0,learned_latent_var_overlay,1339,primary,False,Fit-Invalid,Fit-Invalid,,,
C0035,network_volume_forecast,network_volume_forecast|router__general__packet_length_max,temporal,linear,5725,5725,17198,5725,complete generated value view; no generated-mask claim,near,5725.0,[],1.9360165155859774,2.020393806052725,1.8353966803200072,-0.05482184660398688,ok,1.0435829393951264,0.042659926307719594,True,387.0,387.0,False,4034.0,learned_latent_var_overlay,1339,primary,False,Fit-Invalid,Fit-Invalid,,,
C0035,network_volume_forecast,network_volume_forecast|router__general__packet_length_max,temporal,linear,5725,5725,17198,5725,complete generated value view; no generated-mask claim,future,5726.0,[],32.08185904041827,30.308247151668045,45.94517611445556,0.30173607430520927,ok,0.9447160500731661,-0.0568708727534383,True,25.5,25.5,False,4034.0,learned_latent_var_overlay,1339,primary,False,Fit-Invalid,Fit-Invalid,,,
C0044,network_volume_forecast,network_volume_forecast|router__general__packet_length_mean,temporal,linear,5716,5716,17189,5716,complete generated value view; no generated-mask claim,near,5716.0,[],0.4282161439126719,0.5933298512945975,0.6192813788664557,0.30852733744959887,ok,1.3855849662118251,0.32612240874683773,False,108.93432600194046,108.93432600194046,False,512.6333681560927,learned_latent_var_overlay,1339,primary,False,Fit-Invalid,Fit-Invalid,,,
C0044,network_volume_forecast,network_volume_forecast|router__general__packet_length_mean,temporal,linear,5716,5716,17189,5716,complete generated value view; no generated-mask claim,future,5717.0,[],0.29127227997175636,0.4858597848877789,0.511620385158303,0.4306867192525326,ok,1.6680604997320412,0.5116615741013513,False,107.56793568533652,107.56793568533652,False,512.6333681560927,learned_latent_var_overlay,1339,primary,False,Fit-Invalid,Fit-Invalid,,,
C0065,network_volume_forecast,network_volume_forecast|router__general__packet_length_min,temporal,linear,5727,5727,17200,5727,complete generated value view; no generated-mask claim,near,5727.0,[],0.518778322976835,0.49059771331450125,0.6886677143356033,0.24669283577881992,ok,0.9456788990321939,-0.05585219774825401,True,18.0,18.0,False,44.0,learned_latent_var_overlay,1339,primary,False,Fit-Invalid,Fit-Invalid,,,
C0065,network_volume_forecast,network_volume_forecast|router__general__packet_length_min,temporal,linear,5727,5727,17200,5727,complete generated value view; no generated-mask claim,future,5728.0,[],0.5134338979310422,0.503401957050341,0.6423805090006207,0.20073244636607412,ok,0.9804610857967765,-0.019732322254925026,True,18.0,18.0,False,44.0,learned_latent_var_overlay,1339,primary,False,Fit-Invalid,Fit-Invalid,,,
C0066,network_volume_forecast,network_volume_forecast|router__general__packet_length_min,temporal,linear,5725,5725,17198,5725,complete generated value view; no generated-mask claim,near,5725.0,[],0.5183832463512495,0.3437604479716042,0.6885589519650656,0.2471476191372645,ok,0.663139579435167,-0.4107697839024505,True,18.0,18.0,False,44.0,learned_latent_var_overlay,1339,primary,False,Fit-Invalid,Fit-Invalid,,,
C0066,network_volume_forecast,network_volume_forecast|router__general__packet_length_min,temporal,linear,5725,5725,17198,5725,complete generated value view; no generated-mask claim,future,5726.0,[],0.5141545489404717,0.405274845771341,0.6424302402297513,0.19967256093580604,ok,0.7882354568417195,-0.23795843065838432,True,18.0,18.0,False,44.0,learned_latent_var_overlay,1339,primary,False,Fit-Invalid,Fit-Invalid,,,
C0067,network_volume_forecast,network_volume_forecast|router__general__packet_length_min,temporal,linear,5716,5716,17189,5716,complete generated value view; no generated-mask claim,near,5716.0,[],0.46325414441464485,0.30752622986296707,0.6885934219734079,0.32724575978808174,ok,0.6638391335959848,-0.40971542753824663,True,18.0,18.0,False,44.0,learned_latent_var_overlay,1339,primary,False,Fit-Invalid,Fit-Invalid,,,
C0067,network_volume_forecast,network_volume_forecast|router__general__packet_length_min,temporal,linear,5716,5716,17189,5716,complete generated value view; no generated-mask claim,future,5717.0,[],0.47146587767091247,0.35458630189721085,0.6422171690669154,0.26587780523539944,ok,0.7520932451122483,-0.284894966559281,True,18.0,18.0,False,44.0,learned_latent_var_overlay,1339,primary,False,Fit-Invalid,Fit-Invalid,,,
C0071,network_burst_prediction,network_burst_prediction|router__iot_named__mqtt_port_packets,temporal,linear,5727,5727,17204,5727,complete generated value view; no generated-mask claim,near,,,,,,,single_class,,,,,,,,learned_latent_var_overlay,1339,primary,False,Fit-Invalid,Not-Estimable,,,
C0071,network_burst_prediction,network_burst_prediction|router__iot_named__mqtt_port_packets,temporal,linear,5727,5727,17204,5727,complete generated value view; no generated-mask claim,future,,,,,,,single_class,,,,,,,,learned_latent_var_overlay,1339,primary,False,Fit-Invalid,Not-Estimable,,,
C0081,network_volume_forecast,network_volume_forecast|router__iot_named__udp_count,temporal,linear,5725,5725,17202,5725,complete generated value view; no generated-mask claim,near,5725.0,[],0.18293645284687168,0.22480591407596034,0.435589519650655,0.5800255869480339,ok,1.228874347225568,0.20609858550803928,False,4.0,4.0,False,1.0,learned_latent_var_overlay,1339,primary,False,Fit-Invalid,Fit-Invalid,,,
C0081,network_volume_forecast,network_volume_forecast|router__iot_named__udp_count,temporal,linear,5725,5725,17202,5725,complete generated value view; no generated-mask claim,future,5726.0,[],0.177899279199873,0.21531872612592537,0.42678134823611596,0.5831606045223641,ok,1.210340632600377,0.1909018345366312,False,4.0,4.0,False,1.0,learned_latent_var_overlay,1339,primary,False,Fit-Invalid,Fit-Invalid,,,
C0082,network_volume_forecast,network_volume_forecast|router__iot_named__udp_count,temporal,linear,5716,5716,17193,5716,complete generated value view; no generated-mask claim,near,5716.0,[],0.19014978301614147,0.23984384168409775,0.43557557732680197,0.5634516880328287,ok,1.2613416532993773,0.23217595866734997,False,4.0,4.0,False,1.0,learned_latent_var_overlay,1339,primary,False,Fit-Invalid,Fit-Invalid,,,
C0082,network_volume_forecast,network_volume_forecast|router__iot_named__udp_count,temporal,linear,5716,5716,17193,5716,complete generated value view; no generated-mask claim,future,5717.0,[],0.17731858796666228,0.22514363343698177,0.4267972712961343,0.5845367346699146,ok,1.2697125327848375,0.23879052271106513,False,4.0,4.0,False,1.0,learned_latent_var_overlay,1339,primary,False,Fit-Invalid,Fit-Invalid,,,
C0085,network_volume_forecast,network_volume_forecast|router__iot_named__dns_port_packets,temporal,linear,5725,5725,17202,5725,complete generated value view; no generated-mask claim,near,5725.0,[],0.09438529328220864,0.2023918697746681,0.34790393013100435,0.7287029978457917,ok,2.1443157375113904,0.7628204979963498,False,4.0,4.0,False,0.0,learned_latent_var_overlay,1339,primary,False,Fit-Invalid,Fit-Invalid,,,
C0085,network_volume_forecast,network_volume_forecast|router__iot_named__dns_port_packets,temporal,linear,5725,5725,17202,5725,complete generated value view; no generated-mask claim,future,5726.0,[],0.07701889161686007,0.1898483516536674,0.3413377575969263,0.7743616406251519,ok,2.4649582416492217,0.9021748668437463,False,4.0,4.0,False,0.0,learned_latent_var_overlay,1339,primary,False,Fit-Invalid,Fit-Invalid,,,
C0086,network_volume_forecast,network_volume_forecast|router__iot_named__dns_port_packets,temporal,linear,5716,5716,17193,5716,complete generated value view; no generated-mask claim,near,5716.0,[],0.1033470496319522,0.21928231223053735,0.3479268719384185,0.7029633007184218,ok,2.1218052475756504,0.7522672582116463,False,4.0,4.0,False,0.0,learned_latent_var_overlay,1339,primary,False,Fit-Invalid,Fit-Invalid,,,
C0086,network_volume_forecast,network_volume_forecast|router__iot_named__dns_port_packets,temporal,linear,5716,5716,17193,5716,complete generated value view; no generated-mask claim,future,5717.0,[],0.08184232297743387,0.20459803446629124,0.34135035857967466,0.7602395283310328,ok,2.499905024967393,0.9162527411394735,False,4.0,4.0,False,0.0,learned_latent_var_overlay,1339,primary,False,Fit-Invalid,Fit-Invalid,,,
C0034,network_volume_forecast,network_volume_forecast|router__general__packet_length_max,temporal,linear,5727,5727,17200,5727,complete generated value view; no generated-mask claim,near,5727.0,[],1.8950680916634337,1.9896092344655163,1.835925208529884,-0.03221421159139063,ok,1.049887992530705,0.04868348469909867,True,387.0,387.0,False,4034.0,learned_latent_var_overlay,1340,primary,False,Fit-Invalid,Fit-Invalid,,,
C0034,network_volume_forecast,network_volume_forecast|router__general__packet_length_max,temporal,linear,5727,5727,17200,5727,complete generated value view; no generated-mask claim,future,5728.0,[],31.679058490019813,28.805753644463188,45.04995702621401,0.29680158248350463,ok,0.9092995504755348,-0.09508070061360029,True,26.0,26.0,False,4034.0,learned_latent_var_overlay,1340,primary,False,Fit-Invalid,Fit-Invalid,,,
C0035,network_volume_forecast,network_volume_forecast|router__general__packet_length_max,temporal,linear,5725,5725,17198,5725,complete generated value view; no generated-mask claim,near,5725.0,[],1.9360165155859774,2.0337924176864774,1.8353966803200072,-0.05482184660398688,ok,1.050503650828054,0.04926971662106198,True,387.0,387.0,False,4034.0,learned_latent_var_overlay,1340,primary,False,Fit-Invalid,Fit-Invalid,,,
C0035,network_volume_forecast,network_volume_forecast|router__general__packet_length_max,temporal,linear,5725,5725,17198,5725,complete generated value view; no generated-mask claim,future,5726.0,[],32.08185904041827,29.7814873075379,45.94517611445556,0.30173607430520927,ok,0.9282968069281069,-0.07440376228042417,True,25.5,25.5,False,4034.0,learned_latent_var_overlay,1340,primary,False,Fit-Invalid,Fit-Invalid,,,
C0044,network_volume_forecast,network_volume_forecast|router__general__packet_length_mean,temporal,linear,5716,5716,17189,5716,complete generated value view; no generated-mask claim,near,5716.0,[],0.4282161439126719,0.5510221381433641,0.6192813788664557,0.30852733744959887,ok,1.286785063983334,0.2521469092150714,False,108.93432600194046,108.93432600194046,False,512.6333681560927,learned_latent_var_overlay,1340,primary,False,Fit-Invalid,Fit-Invalid,,,
C0044,network_volume_forecast,network_volume_forecast|router__general__packet_length_mean,temporal,linear,5716,5716,17189,5716,complete generated value view; no generated-mask claim,future,5717.0,[],0.29127227997175636,0.4366846460963098,0.511620385158303,0.4306867192525326,ok,1.4992317364997918,0.40495280123459954,False,107.56793568533652,107.56793568533652,False,512.6333681560927,learned_latent_var_overlay,1340,primary,False,Fit-Invalid,Fit-Invalid,,,
C0065,network_volume_forecast,network_volume_forecast|router__general__packet_length_min,temporal,linear,5727,5727,17200,5727,complete generated value view; no generated-mask claim,near,5727.0,[],0.518778322976835,0.49036010561358434,0.6886677143356033,0.24669283577881992,ok,0.9452208850975455,-0.056336637957565786,True,18.0,18.0,False,44.0,learned_latent_var_overlay,1340,primary,False,Fit-Invalid,Fit-Invalid,,,
C0065,network_volume_forecast,network_volume_forecast|router__general__packet_length_min,temporal,linear,5727,5727,17200,5727,complete generated value view; no generated-mask claim,future,5728.0,[],0.5134338979310422,0.5036528399126377,0.6423805090006207,0.20073244636607412,ok,0.9809497229189215,-0.019234071577318372,True,18.0,18.0,False,44.0,learned_latent_var_overlay,1340,primary,False,Fit-Invalid,Fit-Invalid,,,
C0066,network_volume_forecast,network_volume_forecast|router__general__packet_length_min,temporal,linear,5725,5725,17198,5725,complete generated value view; no generated-mask claim,near,5725.0,[],0.5183832463512495,0.3404430804477108,0.6885589519650656,0.2471476191372645,ok,0.6567401297090361,-0.42046687952213674,True,18.0,18.0,False,44.0,learned_latent_var_overlay,1340,primary,False,Fit-Invalid,Fit-Invalid,,,
C0066,network_volume_forecast,network_volume_forecast|router__general__packet_length_min,temporal,linear,5725,5725,17198,5725,complete generated value view; no generated-mask claim,future,5726.0,[],0.5141545489404717,0.40330649938385776,0.6424302402297513,0.19967256093580604,ok,0.7844071402557058,-0.24282708187666213,True,18.0,18.0,False,44.0,learned_latent_var_overlay,1340,primary,False,Fit-Invalid,Fit-Invalid,,,
C0067,network_volume_forecast,network_volume_forecast|router__general__packet_length_min,temporal,linear,5716,5716,17189,5716,complete generated value view; no generated-mask claim,near,5716.0,[],0.46325414441464485,0.3016721964407481,0.6885934219734079,0.32724575978808174,ok,0.6512023693213426,-0.4289348259077004,True,18.0,18.0,False,44.0,learned_latent_var_overlay,1340,primary,False,Fit-Invalid,Fit-Invalid,,,
C0067,network_volume_forecast,network_volume_forecast|router__general__packet_length_min,temporal,linear,5716,5716,17189,5716,complete generated value view; no generated-mask claim,future,5717.0,[],0.47146587767091247,0.3501992793429276,0.6422171690669154,0.26587780523539944,ok,0.7427881760456266,-0.297344367716405,True,18.0,18.0,False,44.0,learned_latent_var_overlay,1340,primary,False,Fit-Invalid,Fit-Invalid,,,
C0071,network_burst_prediction,network_burst_prediction|router__iot_named__mqtt_port_packets,temporal,linear,5727,5727,17204,5727,complete generated value view; no generated-mask claim,near,,,,,,,single_class,,,,,,,,learned_latent_var_overlay,1340,primary,False,Fit-Invalid,Not-Estimable,,,
C0071,network_burst_prediction,network_burst_prediction|router__iot_named__mqtt_port_packets,temporal,linear,5727,5727,17204,5727,complete generated value view; no generated-mask claim,future,,,,,,,single_class,,,,,,,,learned_latent_var_overlay,1340,primary,False,Fit-Invalid,Not-Estimable,,,
C0081,network_volume_forecast,network_volume_forecast|router__iot_named__udp_count,temporal,linear,5725,5725,17202,5725,complete generated value view; no generated-mask claim,near,5725.0,[],0.18293645284687168,0.2138584228318515,0.435589519650655,0.5800255869480339,ok,1.1690312100391673,0.15617538019955574,False,4.0,4.0,False,1.0,learned_latent_var_overlay,1340,primary,False,Fit-Invalid,Fit-Invalid,,,
C0081,network_volume_forecast,network_volume_forecast|router__iot_named__udp_count,temporal,linear,5725,5725,17202,5725,complete generated value view; no generated-mask claim,future,5726.0,[],0.177899279199873,0.20535272789008274,0.42678134823611596,0.5831606045223641,ok,1.1543201794503355,0.14351158146663312,False,4.0,4.0,False,1.0,learned_latent_var_overlay,1340,primary,False,Fit-Invalid,Fit-Invalid,,,
C0082,network_volume_forecast,network_volume_forecast|router__iot_named__udp_count,temporal,linear,5716,5716,17193,5716,complete generated value view; no generated-mask claim,near,5716.0,[],0.19014978301614147,0.22419760238323563,0.43557557732680197,0.5634516880328287,ok,1.1790578922943284,0.16471572322871633,False,4.0,4.0,False,1.0,learned_latent_var_overlay,1340,primary,False,Fit-Invalid,Fit-Invalid,,,
C0082,network_volume_forecast,network_volume_forecast|router__iot_named__udp_count,temporal,linear,5716,5716,17193,5716,complete generated value view; no generated-mask claim,future,5717.0,[],0.17731858796666228,0.21002795241937133,0.4267972712961343,0.5845367346699146,ok,1.184466641810044,0.16929258196606087,False,4.0,4.0,False,1.0,learned_latent_var_overlay,1340,primary,False,Fit-Invalid,Fit-Invalid,,,
C0085,network_volume_forecast,network_volume_forecast|router__iot_named__dns_port_packets,temporal,linear,5725,5725,17202,5725,complete generated value view; no generated-mask claim,near,5725.0,[],0.09438529328220864,0.19541808870568195,0.34790393013100435,0.7287029978457917,ok,2.0704294271925274,0.7277560385119448,False,4.0,4.0,False,0.0,learned_latent_var_overlay,1340,primary,False,Fit-Invalid,Fit-Invalid,,,
C0085,network_volume_forecast,network_volume_forecast|router__iot_named__dns_port_packets,temporal,linear,5725,5725,17202,5725,complete generated value view; no generated-mask claim,future,5726.0,[],0.07701889161686007,0.18255514359181693,0.3413377575969263,0.7743616406251519,ok,2.370264486536107,0.8630015466150404,False,4.0,4.0,False,0.0,learned_latent_var_overlay,1340,primary,False,Fit-Invalid,Fit-Invalid,,,
C0086,network_volume_forecast,network_volume_forecast|router__iot_named__dns_port_packets,temporal,linear,5716,5716,17193,5716,complete generated value view; no generated-mask claim,near,5716.0,[],0.1033470496319522,0.20617905576741757,0.3479268719384185,0.7029633007184218,ok,1.995016369617507,0.6906522556302219,False,4.0,4.0,False,0.0,learned_latent_var_overlay,1340,primary,False,Fit-Invalid,Fit-Invalid,,,
C0086,network_volume_forecast,network_volume_forecast|router__iot_named__dns_port_packets,temporal,linear,5716,5716,17193,5716,complete generated value view; no generated-mask claim,future,5717.0,[],0.08184232297743387,0.19073759053004408,0.34135035857967466,0.7602395283310328,ok,2.3305495688659223,0.8461041062315486,False,4.0,4.0,False,0.0,learned_latent_var_overlay,1340,primary,False,Fit-Invalid,Fit-Invalid,,,
C0034,network_volume_forecast,network_volume_forecast|router__general__packet_length_max,temporal,linear,5727,5727,17200,5727,complete generated value view; no generated-mask claim,near,5727.0,[],1.8950680916634337,1.9814268447261185,1.835925208529884,-0.03221421159139063,ok,1.04557026390903,0.04456244366278891,True,387.0,387.0,False,4034.0,learned_latent_var_overlay,1341,primary,False,Fit-Invalid,Fit-Invalid,,,
C0034,network_volume_forecast,network_volume_forecast|router__general__packet_length_max,temporal,linear,5727,5727,17200,5727,complete generated value view; no generated-mask claim,future,5728.0,[],31.679058490019813,29.175264247695534,45.04995702621401,0.29680158248350463,ok,0.9209637419270817,-0.08233461165912526,True,26.0,26.0,False,4034.0,learned_latent_var_overlay,1341,primary,False,Fit-Invalid,Fit-Invalid,,,
C0035,network_volume_forecast,network_volume_forecast|router__general__packet_length_max,temporal,linear,5725,5725,17198,5725,complete generated value view; no generated-mask claim,near,5725.0,[],1.9360165155859774,2.0220449743831366,1.8353966803200072,-0.05482184660398688,ok,1.0444358083232161,0.0434768432788456,True,387.0,387.0,False,4034.0,learned_latent_var_overlay,1341,primary,False,Fit-Invalid,Fit-Invalid,,,
C0035,network_volume_forecast,network_volume_forecast|router__general__packet_length_max,temporal,linear,5725,5725,17198,5725,complete generated value view; no generated-mask claim,future,5726.0,[],32.08185904041827,30.09153610770885,45.94517611445556,0.30173607430520927,ok,0.9379611097286502,-0.06404679167909341,True,25.5,25.5,False,4034.0,learned_latent_var_overlay,1341,primary,False,Fit-Invalid,Fit-Invalid,,,
C0044,network_volume_forecast,network_volume_forecast|router__general__packet_length_mean,temporal,linear,5716,5716,17189,5716,complete generated value view; no generated-mask claim,near,5716.0,[],0.4282161439126719,0.5809651451063212,0.6192813788664557,0.30852733744959887,ok,1.3567100478696577,0.30506268659186336,False,108.93432600194046,108.93432600194046,False,512.6333681560927,learned_latent_var_overlay,1341,primary,False,Fit-Invalid,Fit-Invalid,,,
C0044,network_volume_forecast,network_volume_forecast|router__general__packet_length_mean,temporal,linear,5716,5716,17189,5716,complete generated value view; no generated-mask claim,future,5717.0,[],0.29127227997175636,0.47173335026148927,0.511620385158303,0.4306867192525326,ok,1.6195614299693455,0.48215539035126687,False,107.56793568533652,107.56793568533652,False,512.6333681560927,learned_latent_var_overlay,1341,primary,False,Fit-Invalid,Fit-Invalid,,,
C0065,network_volume_forecast,network_volume_forecast|router__general__packet_length_min,temporal,linear,5727,5727,17200,5727,complete generated value view; no generated-mask claim,near,5727.0,[],0.518778322976835,0.4902810968993434,0.6886677143356033,0.24669283577881992,ok,0.9450685874576065,-0.05649777480192724,True,18.0,18.0,False,44.0,learned_latent_var_overlay,1341,primary,False,Fit-Invalid,Fit-Invalid,,,
C0065,network_volume_forecast,network_volume_forecast|router__general__packet_length_min,temporal,linear,5727,5727,17200,5727,complete generated value view; no generated-mask claim,future,5728.0,[],0.5134338979310422,0.5026767837507625,0.6423805090006207,0.20073244636607412,ok,0.9790486872338833,-0.021173906090772274,True,18.0,18.0,False,44.0,learned_latent_var_overlay,1341,primary,False,Fit-Invalid,Fit-Invalid,,,
C0066,network_volume_forecast,network_volume_forecast|router__general__packet_length_min,temporal,linear,5725,5725,17198,5725,complete generated value view; no generated-mask claim,near,5725.0,[],0.5183832463512495,0.34746251156703306,0.6885589519650656,0.2471476191372645,ok,0.6702811366160494,-0.4000580477178513,True,18.0,18.0,False,44.0,learned_latent_var_overlay,1341,primary,False,Fit-Invalid,Fit-Invalid,,,
C0066,network_volume_forecast,network_volume_forecast|router__general__packet_length_min,temporal,linear,5725,5725,17198,5725,complete generated value view; no generated-mask claim,future,5726.0,[],0.5141545489404717,0.407415731724821,0.6424302402297513,0.19967256093580604,ok,0.7923993526156493,-0.23268978114993596,True,18.0,18.0,False,44.0,learned_latent_var_overlay,1341,primary,False,Fit-Invalid,Fit-Invalid,,,
C0067,network_volume_forecast,network_volume_forecast|router__general__packet_length_min,temporal,linear,5716,5716,17189,5716,complete generated value view; no generated-mask claim,near,5716.0,[],0.46325414441464485,0.31108429728386194,0.6885934219734079,0.32724575978808174,ok,0.671519728500086,-0.39821188370345756,True,18.0,18.0,False,44.0,learned_latent_var_overlay,1341,primary,False,Fit-Invalid,Fit-Invalid,,,
C0067,network_volume_forecast,network_volume_forecast|router__general__packet_length_min,temporal,linear,5716,5716,17189,5716,complete generated value view; no generated-mask claim,future,5717.0,[],0.47146587767091247,0.35725155933385433,0.6422171690669154,0.26587780523539944,ok,0.7577463741357316,-0.27740654809594784,True,18.0,18.0,False,44.0,learned_latent_var_overlay,1341,primary,False,Fit-Invalid,Fit-Invalid,,,
C0071,network_burst_prediction,network_burst_prediction|router__iot_named__mqtt_port_packets,temporal,linear,5727,5727,17204,5727,complete generated value view; no generated-mask claim,near,,,,,,,single_class,,,,,,,,learned_latent_var_overlay,1341,primary,False,Fit-Invalid,Not-Estimable,,,
C0071,network_burst_prediction,network_burst_prediction|router__iot_named__mqtt_port_packets,temporal,linear,5727,5727,17204,5727,complete generated value view; no generated-mask claim,future,,,,,,,single_class,,,,,,,,learned_latent_var_overlay,1341,primary,False,Fit-Invalid,Not-Estimable,,,
C0081,network_volume_forecast,network_volume_forecast|router__iot_named__udp_count,temporal,linear,5725,5725,17202,5725,complete generated value view; no generated-mask claim,near,5725.0,[],0.18293645284687168,0.23629917752766505,0.435589519650655,0.5800255869480339,ok,1.2917008821935616,0.25595986322653835,False,4.0,4.0,False,1.0,learned_latent_var_overlay,1341,primary,False,Fit-Invalid,Fit-Invalid,,,
C0081,network_volume_forecast,network_volume_forecast|router__iot_named__udp_count,temporal,linear,5725,5725,17202,5725,complete generated value view; no generated-mask claim,future,5726.0,[],0.177899279199873,0.22579276339639817,0.42678134823611596,0.5831606045223641,ok,1.2692168535585577,0.2384000595219401,False,4.0,4.0,False,1.0,learned_latent_var_overlay,1341,primary,False,Fit-Invalid,Fit-Invalid,,,
C0082,network_volume_forecast,network_volume_forecast|router__iot_named__udp_count,temporal,linear,5716,5716,17193,5716,complete generated value view; no generated-mask claim,near,5716.0,[],0.19014978301614147,0.24506402468979435,0.43557557732680197,0.5634516880328287,ok,1.2887946586244137,0.25370740841550116,False,4.0,4.0,False,1.0,learned_latent_var_overlay,1341,primary,False,Fit-Invalid,Fit-Invalid,,,
C0082,network_volume_forecast,network_volume_forecast|router__iot_named__udp_count,temporal,linear,5716,5716,17193,5716,complete generated value view; no generated-mask claim,future,5717.0,[],0.17731858796666228,0.23019468459313286,0.4267972712961343,0.5845367346699146,ok,1.298198272571468,0.26097735898275165,False,4.0,4.0,False,1.0,learned_latent_var_overlay,1341,primary,False,Fit-Invalid,Fit-Invalid,,,
C0085,network_volume_forecast,network_volume_forecast|router__iot_named__dns_port_packets,temporal,linear,5725,5725,17202,5725,complete generated value view; no generated-mask claim,near,5725.0,[],0.09438529328220864,0.21210332102037688,0.34790393013100435,0.7287029978457917,ok,2.247207310001099,0.8096882497400834,False,4.0,4.0,False,0.0,learned_latent_var_overlay,1341,primary,False,Fit-Invalid,Fit-Invalid,,,
C0085,network_volume_forecast,network_volume_forecast|router__iot_named__dns_port_packets,temporal,linear,5725,5725,17202,5725,complete generated value view; no generated-mask claim,future,5726.0,[],0.07701889161686007,0.19999201937505093,0.3413377575969263,0.7743616406251519,ok,2.5966618731665965,0.9542267251922771,False,4.0,4.0,False,0.0,learned_latent_var_overlay,1341,primary,False,Fit-Invalid,Fit-Invalid,,,
C0086,network_volume_forecast,network_volume_forecast|router__iot_named__dns_port_packets,temporal,linear,5716,5716,17193,5716,complete generated value view; no generated-mask claim,near,5716.0,[],0.1033470496319522,0.22146229494325811,0.3479268719384185,0.7029633007184218,ok,2.1428990545153193,0.762159610629442,False,4.0,4.0,False,0.0,learned_latent_var_overlay,1341,primary,False,Fit-Invalid,Fit-Invalid,,,
C0086,network_volume_forecast,network_volume_forecast|router__iot_named__dns_port_packets,temporal,linear,5716,5716,17193,5716,complete generated value view; no generated-mask claim,future,5717.0,[],0.08184232297743387,0.20689967706887782,0.34135035857967466,0.7602395283310328,ok,2.5280279144315787,0.9274395183247466,False,4.0,4.0,False,0.0,learned_latent_var_overlay,1341,primary,False,Fit-Invalid,Fit-Invalid,,,
