task_id,capability,family,axis,model_id,n_real_train,n_synthetic_train,real_available,synthetic_available,synthetic_target_observation_policy,period,n_test,warnings,real_loss,synthetic_loss,naive_loss,reference_skill,status,ratio,log_ratio,noninferior,real_target_IQR,real_loss_scale,real_IQR_floor_activated,real_naive_prediction,regime,pair_id,phase,seed,anchor,a_start,b_start,block_width,sampled_block_a_start,sampled_block_b_start,requested_equal_examples,real_AUC,real_AP_gain,real_prevalence
C0034,network_volume_forecast,network_volume_forecast|router__general__packet_length_max,temporal,linear,322,322,347,347,propagated real-source observation mask,matched,347.0,[],6.711936077285827,6.711936077285827,3.4548399347675534,-0.9427632550326578,ok,1.0,0.0,True,129.0,129.0,False,4629.0,primary,p0,calibration,1337,identity,1440,12240,360,2,22,322,,,
C0034,network_volume_forecast,network_volume_forecast|router__general__packet_length_max,temporal,linear,322,322,347,322,propagated real-source observation mask,matched,347.0,[],6.711936077285827,6.581021999711292,3.4548399347675534,-0.9427632550326578,ok,0.9804953330801872,-0.019697393091701886,True,129.0,129.0,False,4629.0,primary,p0,calibration,1337,block_a,1440,12240,360,2,22,322,,,
C0034,network_volume_forecast,network_volume_forecast|router__general__packet_length_max,temporal,linear,322,322,347,322,propagated real-source observation mask,matched,347.0,[],6.711936077285827,7.150507627294267,3.4548399347675534,-0.9427632550326578,ok,1.0653420332015124,0.06329590553691004,True,129.0,129.0,False,4629.0,primary,p0,calibration,1337,block_b,1440,12240,360,2,22,322,,,
C0034,network_volume_forecast,network_volume_forecast|router__general__packet_length_max,temporal,linear,322,322,347,322,propagated real-source observation mask,matched,347.0,[],6.711936077285827,7.990801913422908,3.4548399347675534,-0.9427632550326578,ok,1.1905360571691006,0.17440367390242206,False,129.0,129.0,False,4629.0,primary,p0,calibration,1337,row_resample,1440,12240,360,2,22,322,,,
C0035,network_volume_forecast,network_volume_forecast|router__general__packet_length_max,temporal,linear,320,320,345,345,propagated real-source observation mask,matched,345.0,[],6.7463311640872226,6.7463311640872226,3.4558588922592968,-0.9521431211205362,ok,1.0,0.0,True,129.0,129.0,False,4629.0,primary,p0,calibration,1337,identity,1440,12240,360,2,22,320,,,
C0035,network_volume_forecast,network_volume_forecast|router__general__packet_length_max,temporal,linear,320,320,345,320,propagated real-source observation mask,matched,345.0,[],6.7463311640872226,6.539261733651663,3.4558588922592968,-0.9521431211205362,ok,0.9693063643928639,-0.031174551537046596,True,129.0,129.0,False,4629.0,primary,p0,calibration,1337,block_a,1440,12240,360,2,22,320,,,
C0035,network_volume_forecast,network_volume_forecast|router__general__packet_length_max,temporal,linear,320,320,345,320,propagated real-source observation mask,matched,345.0,[],6.7463311640872226,7.163620042902278,3.4558588922592968,-0.9521431211205362,ok,1.061854194326601,0.06001661991635811,True,129.0,129.0,False,4629.0,primary,p0,calibration,1337,block_b,1440,12240,360,2,22,320,,,
C0035,network_volume_forecast,network_volume_forecast|router__general__packet_length_max,temporal,linear,320,320,345,320,propagated real-source observation mask,matched,345.0,[],6.7463311640872226,7.451806662479376,3.4558588922592968,-0.9521431211205362,ok,1.104571726651608,0.0994576821512179,False,129.0,129.0,False,4629.0,primary,p0,calibration,1337,row_resample,1440,12240,360,2,22,320,,,
C0044,network_volume_forecast,network_volume_forecast|router__general__packet_length_mean,temporal,linear,311,311,336,336,propagated real-source observation mask,matched,336.0,[],0.15031106826979507,0.15031106826979507,0.5022830694563375,0.7007443065272155,ok,1.0,0.0,True,105.79799001882498,105.79799001882498,False,518.141124586549,primary,p0,calibration,1337,identity,1440,12240,360,2,22,311,,,
C0044,network_volume_forecast,network_volume_forecast|router__general__packet_length_mean,temporal,linear,311,311,336,311,propagated real-source observation mask,matched,336.0,[],0.15031106826979507,0.14477304448443837,0.5022830694563375,0.7007443065272155,ok,0.9631562475797428,-0.037539629483636074,True,105.79799001882498,105.79799001882498,False,518.141124586549,primary,p0,calibration,1337,block_a,1440,12240,360,2,22,311,,,
C0044,network_volume_forecast,network_volume_forecast|router__general__packet_length_mean,temporal,linear,311,311,336,311,propagated real-source observation mask,matched,336.0,[],0.15031106826979507,0.15124303220352586,0.5022830694563375,0.7007443065272155,ok,1.0062002349158878,0.0061810925434377184,True,105.79799001882498,105.79799001882498,False,518.141124586549,primary,p0,calibration,1337,block_b,1440,12240,360,2,22,311,,,
C0044,network_volume_forecast,network_volume_forecast|router__general__packet_length_mean,temporal,linear,311,311,336,311,propagated real-source observation mask,matched,336.0,[],0.15031106826979507,0.5028166964673132,0.5022830694563375,0.7007443065272155,ok,3.345174126264619,1.2075187479098315,False,105.79799001882498,105.79799001882498,False,518.141124586549,primary,p0,calibration,1337,row_resample,1440,12240,360,2,22,311,,,
C0065,network_volume_forecast,network_volume_forecast|router__general__packet_length_min,temporal,linear,322,322,347,347,propagated real-source observation mask,matched,347.0,[],0.4176873500328843,0.4176873500328843,0.26512968299711814,-0.5754077224066398,ok,1.0,0.0,True,18.0,18.0,False,44.0,primary,p0,calibration,1337,identity,1440,12240,360,2,22,322,,,
C0065,network_volume_forecast,network_volume_forecast|router__general__packet_length_min,temporal,linear,322,322,347,322,propagated real-source observation mask,matched,347.0,[],0.4176873500328843,0.41634362861171087,0.26512968299711814,-0.5754077224066398,ok,0.9967829492057453,-0.003222236627206614,True,18.0,18.0,False,44.0,primary,p0,calibration,1337,block_a,1440,12240,360,2,22,322,,,
C0065,network_volume_forecast,network_volume_forecast|router__general__packet_length_min,temporal,linear,322,322,347,322,propagated real-source observation mask,matched,347.0,[],0.4176873500328843,0.41959736315330587,0.26512968299711814,-0.5754077224066398,ok,1.0045728297020993,0.004562406081239341,True,18.0,18.0,False,44.0,primary,p0,calibration,1337,block_b,1440,12240,360,2,22,322,,,
C0065,network_volume_forecast,network_volume_forecast|router__general__packet_length_min,temporal,linear,322,322,347,322,propagated real-source observation mask,matched,347.0,[],0.4176873500328843,0.4138921371128481,0.26512968299711814,-0.5754077224066398,ok,0.9909137470413278,-0.009127784725265639,True,18.0,18.0,False,44.0,primary,p0,calibration,1337,row_resample,1440,12240,360,2,22,322,,,
C0066,network_volume_forecast,network_volume_forecast|router__general__packet_length_min,temporal,linear,320,320,345,345,propagated real-source observation mask,matched,345.0,[],0.4210657542215468,0.4210657542215468,0.26666666666666666,-0.5789965783308005,ok,1.0,0.0,True,18.0,18.0,False,44.0,primary,p0,calibration,1337,identity,1440,12240,360,2,22,320,,,
C0066,network_volume_forecast,network_volume_forecast|router__general__packet_length_min,temporal,linear,320,320,345,320,propagated real-source observation mask,matched,345.0,[],0.4210657542215468,0.41856982016963845,0.26666666666666666,-0.5789965783308005,ok,0.9940723413697636,-0.005945296935764353,True,18.0,18.0,False,44.0,primary,p0,calibration,1337,block_a,1440,12240,360,2,22,320,,,
C0066,network_volume_forecast,network_volume_forecast|router__general__packet_length_min,temporal,linear,320,320,345,320,propagated real-source observation mask,matched,345.0,[],0.4210657542215468,0.42198952454803484,0.26666666666666666,-0.5789965783308005,ok,1.0021938861501474,0.002191483095970502,True,18.0,18.0,False,44.0,primary,p0,calibration,1337,block_b,1440,12240,360,2,22,320,,,
C0066,network_volume_forecast,network_volume_forecast|router__general__packet_length_min,temporal,linear,320,320,345,320,propagated real-source observation mask,matched,345.0,[],0.4210657542215468,0.41612455185885566,0.26666666666666666,-0.5789965783308005,ok,0.9882650101245439,-0.011804388330205539,True,18.0,18.0,False,44.0,primary,p0,calibration,1337,row_resample,1440,12240,360,2,22,320,,,
C0067,network_volume_forecast,network_volume_forecast|router__general__packet_length_min,temporal,linear,311,311,336,336,propagated real-source observation mask,matched,336.0,[],0.4132721897748263,0.4132721897748263,0.2648809523809524,-0.5602186040937264,ok,1.0,0.0,True,18.0,18.0,False,44.0,primary,p0,calibration,1337,identity,1440,12240,360,2,22,311,,,
C0067,network_volume_forecast,network_volume_forecast|router__general__packet_length_min,temporal,linear,311,311,336,311,propagated real-source observation mask,matched,336.0,[],0.4132721897748263,0.40546504291135155,0.2648809523809524,-0.5602186040937264,ok,0.9811089469443164,-0.019071768555303695,True,18.0,18.0,False,44.0,primary,p0,calibration,1337,block_a,1440,12240,360,2,22,311,,,
C0067,network_volume_forecast,network_volume_forecast|router__general__packet_length_min,temporal,linear,311,311,336,311,propagated real-source observation mask,matched,336.0,[],0.4132721897748263,0.4089381560177915,0.2648809523809524,-0.5602186040937264,ok,0.9895128831209372,-0.010542494195130656,True,18.0,18.0,False,44.0,primary,p0,calibration,1337,block_b,1440,12240,360,2,22,311,,,
C0067,network_volume_forecast,network_volume_forecast|router__general__packet_length_min,temporal,linear,311,311,336,311,propagated real-source observation mask,matched,336.0,[],0.4132721897748263,0.42321593748848624,0.2648809523809524,-0.5602186040937264,ok,1.0240610134426849,0.023776108282415307,True,18.0,18.0,False,44.0,primary,p0,calibration,1337,row_resample,1440,12240,360,2,22,311,,,
C0071,network_burst_prediction,network_burst_prediction|router__iot_named__mqtt_port_packets,temporal,linear,322,322,347,347,propagated real-source observation mask,matched,,,,,,,single_class,,,,,,,,primary,p0,calibration,1337,identity,1440,12240,360,2,22,322,,,
C0071,network_burst_prediction,network_burst_prediction|router__iot_named__mqtt_port_packets,temporal,linear,322,322,347,322,propagated real-source observation mask,matched,,,,,,,single_class,,,,,,,,primary,p0,calibration,1337,block_a,1440,12240,360,2,22,322,,,
C0071,network_burst_prediction,network_burst_prediction|router__iot_named__mqtt_port_packets,temporal,linear,322,322,347,322,propagated real-source observation mask,matched,,,,,,,single_class,,,,,,,,primary,p0,calibration,1337,block_b,1440,12240,360,2,22,322,,,
C0071,network_burst_prediction,network_burst_prediction|router__iot_named__mqtt_port_packets,temporal,linear,322,322,347,322,propagated real-source observation mask,matched,,,,,,,single_class,,,,,,,,primary,p0,calibration,1337,row_resample,1440,12240,360,2,22,322,,,
C0081,network_volume_forecast,network_volume_forecast|router__iot_named__udp_count,temporal,linear,320,320,345,345,propagated real-source observation mask,matched,345.0,[],0.24342120537820033,0.24342120537820033,0.5449275362318841,0.5532961922580898,ok,1.0,0.0,True,4.0,4.0,False,0.0,primary,p0,calibration,1337,identity,1440,12240,360,2,22,320,,,
C0081,network_volume_forecast,network_volume_forecast|router__iot_named__udp_count,temporal,linear,320,320,345,320,propagated real-source observation mask,matched,345.0,[],0.24342120537820033,0.24342120537820033,0.5449275362318841,0.5532961922580898,ok,1.0,0.0,True,4.0,4.0,False,0.0,primary,p0,calibration,1337,block_a,1440,12240,360,2,22,320,,,
C0081,network_volume_forecast,network_volume_forecast|router__iot_named__udp_count,temporal,linear,320,320,345,320,propagated real-source observation mask,matched,345.0,[],0.24342120537820033,0.24284076233238475,0.5449275362318841,0.5532961922580898,ok,0.9976154787134762,-0.002387368784921044,True,4.0,4.0,False,0.0,primary,p0,calibration,1337,block_b,1440,12240,360,2,22,320,,,
C0081,network_volume_forecast,network_volume_forecast|router__iot_named__udp_count,temporal,linear,320,320,345,320,propagated real-source observation mask,matched,345.0,[],0.24342120537820033,0.4642050813232919,0.5449275362318841,0.5532961922580898,ok,1.9070034617652254,0.6455331419104076,False,4.0,4.0,False,0.0,primary,p0,calibration,1337,row_resample,1440,12240,360,2,22,320,,,
C0082,network_volume_forecast,network_volume_forecast|router__iot_named__udp_count,temporal,linear,311,311,336,336,propagated real-source observation mask,matched,336.0,[],0.18581079769718345,0.18581079769718345,0.5401785714285714,0.6560196802961232,ok,1.0,0.0,True,4.0,4.0,False,0.0,primary,p0,calibration,1337,identity,1440,12240,360,2,22,311,,,
C0082,network_volume_forecast,network_volume_forecast|router__iot_named__udp_count,temporal,linear,311,311,336,311,propagated real-source observation mask,matched,336.0,[],0.18581079769718345,0.19191014471553883,0.5401785714285714,0.6560196802961232,ok,1.032825578997274,0.03229832689472461,True,4.0,4.0,False,0.0,primary,p0,calibration,1337,block_a,1440,12240,360,2,22,311,,,
C0082,network_volume_forecast,network_volume_forecast|router__iot_named__udp_count,temporal,linear,311,311,336,311,propagated real-source observation mask,matched,336.0,[],0.18581079769718345,0.18932399109127665,0.5401785714285714,0.6560196802961232,ok,1.018907369418965,0.018730846692493246,True,4.0,4.0,False,0.0,primary,p0,calibration,1337,block_b,1440,12240,360,2,22,311,,,
C0082,network_volume_forecast,network_volume_forecast|router__iot_named__udp_count,temporal,linear,311,311,336,311,propagated real-source observation mask,matched,336.0,[],0.18581079769718345,0.47413355608141333,0.5401785714285714,0.6560196802961232,ok,2.5517007728157464,0.9367601065765393,False,4.0,4.0,False,0.0,primary,p0,calibration,1337,row_resample,1440,12240,360,2,22,311,,,
C0085,network_volume_forecast,network_volume_forecast|router__iot_named__dns_port_packets,temporal,linear,320,320,345,345,propagated real-source observation mask,matched,345.0,[],0.08245275737754718,0.08245275737754718,0.34202898550724636,0.7589304974978492,ok,1.0,0.0,True,4.0,4.0,False,0.0,primary,p0,calibration,1337,identity,1440,12240,360,2,22,320,,,
C0085,network_volume_forecast,network_volume_forecast|router__iot_named__dns_port_packets,temporal,linear,320,320,345,320,propagated real-source observation mask,matched,345.0,[],0.08245275737754718,0.08245275737754727,0.34202898550724636,0.7589304974978492,ok,1.000000000000001,1.110223024625156e-15,True,4.0,4.0,False,0.0,primary,p0,calibration,1337,block_a,1440,12240,360,2,22,320,,,
C0085,network_volume_forecast,network_volume_forecast|router__iot_named__dns_port_packets,temporal,linear,320,320,345,320,propagated real-source observation mask,matched,345.0,[],0.08245275737754718,0.08245275737754727,0.34202898550724636,0.7589304974978492,ok,1.000000000000001,1.110223024625156e-15,True,4.0,4.0,False,0.0,primary,p0,calibration,1337,block_b,1440,12240,360,2,22,320,,,
C0085,network_volume_forecast,network_volume_forecast|router__iot_named__dns_port_packets,temporal,linear,320,320,345,320,propagated real-source observation mask,matched,345.0,[],0.08245275737754718,0.4431779456756119,0.34202898550724636,0.7589304974978492,ok,5.374931776342198,1.681745881159628,False,4.0,4.0,False,0.0,primary,p0,calibration,1337,row_resample,1440,12240,360,2,22,320,,,
C0086,network_volume_forecast,network_volume_forecast|router__iot_named__dns_port_packets,temporal,linear,311,311,336,336,propagated real-source observation mask,matched,336.0,[],0.087013530853818,0.087013530853818,0.34226190476190477,0.7457691620271056,ok,1.0,0.0,True,4.0,4.0,False,0.0,primary,p0,calibration,1337,identity,1440,12240,360,2,22,311,,,
C0086,network_volume_forecast,network_volume_forecast|router__iot_named__dns_port_packets,temporal,linear,311,311,336,311,propagated real-source observation mask,matched,336.0,[],0.087013530853818,0.10076265629943332,0.34226190476190477,0.7457691620271056,ok,1.1580113496223219,0.14670418015831913,False,4.0,4.0,False,0.0,primary,p0,calibration,1337,block_a,1440,12240,360,2,22,311,,,
C0086,network_volume_forecast,network_volume_forecast|router__iot_named__dns_port_packets,temporal,linear,311,311,336,311,propagated real-source observation mask,matched,336.0,[],0.087013530853818,0.10076265629943332,0.34226190476190477,0.7457691620271056,ok,1.1580113496223219,0.14670418015831913,False,4.0,4.0,False,0.0,primary,p0,calibration,1337,block_b,1440,12240,360,2,22,311,,,
C0086,network_volume_forecast,network_volume_forecast|router__iot_named__dns_port_packets,temporal,linear,311,311,336,311,propagated real-source observation mask,matched,336.0,[],0.087013530853818,0.47224164075957503,0.34226190476190477,0.7457691620271056,ok,5.427220756653779,1.6914271717284004,False,4.0,4.0,False,0.0,primary,p0,calibration,1337,row_resample,1440,12240,360,2,22,311,,,
C0034,network_volume_forecast,network_volume_forecast|router__general__packet_length_max,temporal,linear,322,322,347,347,propagated real-source observation mask,matched,347.0,[],6.711936077285827,6.711936077285827,3.4548399347675534,-0.9427632550326578,ok,1.0,0.0,True,129.0,129.0,False,4629.0,primary,p0,calibration,1338,identity,1440,12240,360,14,7,322,,,
C0034,network_volume_forecast,network_volume_forecast|router__general__packet_length_max,temporal,linear,322,322,347,322,propagated real-source observation mask,matched,347.0,[],6.711936077285827,6.5693100359886225,3.4548399347675534,-0.9427632550326578,ok,0.9787503874210197,-0.021478635844743053,True,129.0,129.0,False,4629.0,primary,p0,calibration,1338,block_a,1440,12240,360,14,7,322,,,
C0034,network_volume_forecast,network_volume_forecast|router__general__packet_length_max,temporal,linear,322,322,347,322,propagated real-source observation mask,matched,347.0,[],6.711936077285827,6.572124959248013,3.4548399347675534,-0.9427632550326578,ok,0.9791697780747711,-0.021050231594604035,True,129.0,129.0,False,4629.0,primary,p0,calibration,1338,block_b,1440,12240,360,14,7,322,,,
C0034,network_volume_forecast,network_volume_forecast|router__general__packet_length_max,temporal,linear,322,322,347,322,propagated real-source observation mask,matched,347.0,[],6.711936077285827,7.265748116834414,3.4548399347675534,-0.9427632550326578,ok,1.0825115187587628,0.0792838217235872,True,129.0,129.0,False,4629.0,primary,p0,calibration,1338,row_resample,1440,12240,360,14,7,322,,,
C0035,network_volume_forecast,network_volume_forecast|router__general__packet_length_max,temporal,linear,320,320,345,345,propagated real-source observation mask,matched,345.0,[],6.7463311640872226,6.7463311640872226,3.4558588922592968,-0.9521431211205362,ok,1.0,0.0,True,129.0,129.0,False,4629.0,primary,p0,calibration,1338,identity,1440,12240,360,14,7,320,,,
C0035,network_volume_forecast,network_volume_forecast|router__general__packet_length_max,temporal,linear,320,320,345,320,propagated real-source observation mask,matched,345.0,[],6.7463311640872226,6.561902935779526,3.4558588922592968,-0.9521431211205362,ok,0.9726624406922885,-0.027718183307295006,True,129.0,129.0,False,4629.0,primary,p0,calibration,1338,block_a,1440,12240,360,14,7,320,,,
C0035,network_volume_forecast,network_volume_forecast|router__general__packet_length_max,temporal,linear,320,320,345,320,propagated real-source observation mask,matched,345.0,[],6.7463311640872226,6.538202945096039,3.4558588922592968,-0.9521431211205362,ok,0.9691494215257155,-0.03133647719831924,True,129.0,129.0,False,4629.0,primary,p0,calibration,1338,block_b,1440,12240,360,14,7,320,,,
C0035,network_volume_forecast,network_volume_forecast|router__general__packet_length_max,temporal,linear,320,320,345,320,propagated real-source observation mask,matched,345.0,[],6.7463311640872226,7.315855860172133,3.4558588922592968,-0.9521431211205362,ok,1.0844199139106399,0.08104520246365031,True,129.0,129.0,False,4629.0,primary,p0,calibration,1338,row_resample,1440,12240,360,14,7,320,,,
C0044,network_volume_forecast,network_volume_forecast|router__general__packet_length_mean,temporal,linear,311,311,336,336,propagated real-source observation mask,matched,336.0,[],0.15031106826979507,0.15031106826979507,0.5022830694563375,0.7007443065272155,ok,1.0,0.0,True,105.79799001882498,105.79799001882498,False,518.141124586549,primary,p0,calibration,1338,identity,1440,12240,360,14,7,311,,,
C0044,network_volume_forecast,network_volume_forecast|router__general__packet_length_mean,temporal,linear,311,311,336,311,propagated real-source observation mask,matched,336.0,[],0.15031106826979507,0.13910943136703718,0.5022830694563375,0.7007443065272155,ok,0.9254769656572999,-0.07744603581715369,True,105.79799001882498,105.79799001882498,False,518.141124586549,primary,p0,calibration,1338,block_a,1440,12240,360,14,7,311,,,
C0044,network_volume_forecast,network_volume_forecast|router__general__packet_length_mean,temporal,linear,311,311,336,311,propagated real-source observation mask,matched,336.0,[],0.15031106826979507,0.13945464969243976,0.5022830694563375,0.7007443065272155,ok,0.927773658305262,-0.07496747863332973,True,105.79799001882498,105.79799001882498,False,518.141124586549,primary,p0,calibration,1338,block_b,1440,12240,360,14,7,311,,,
C0044,network_volume_forecast,network_volume_forecast|router__general__packet_length_mean,temporal,linear,311,311,336,311,propagated real-source observation mask,matched,336.0,[],0.15031106826979507,0.50498079503142,0.5022830694563375,0.7007443065272155,ok,3.359571592725455,1.2118134636809776,False,105.79799001882498,105.79799001882498,False,518.141124586549,primary,p0,calibration,1338,row_resample,1440,12240,360,14,7,311,,,
C0065,network_volume_forecast,network_volume_forecast|router__general__packet_length_min,temporal,linear,322,322,347,347,propagated real-source observation mask,matched,347.0,[],0.4176873500328843,0.4176873500328843,0.26512968299711814,-0.5754077224066398,ok,1.0,0.0,True,18.0,18.0,False,44.0,primary,p0,calibration,1338,identity,1440,12240,360,14,7,322,,,
C0065,network_volume_forecast,network_volume_forecast|router__general__packet_length_min,temporal,linear,322,322,347,322,propagated real-source observation mask,matched,347.0,[],0.4176873500328843,0.4170910054321523,0.26512968299711814,-0.5754077224066398,ok,0.9985722703819374,-0.0014287497951340348,True,18.0,18.0,False,44.0,primary,p0,calibration,1338,block_a,1440,12240,360,14,7,322,,,
C0065,network_volume_forecast,network_volume_forecast|router__general__packet_length_min,temporal,linear,322,322,347,322,propagated real-source observation mask,matched,347.0,[],0.4176873500328843,0.41986930634102065,0.26512968299711814,-0.5754077224066398,ok,1.0052238984684707,0.0052103012439893666,True,18.0,18.0,False,44.0,primary,p0,calibration,1338,block_b,1440,12240,360,14,7,322,,,
C0065,network_volume_forecast,network_volume_forecast|router__general__packet_length_min,temporal,linear,322,322,347,322,propagated real-source observation mask,matched,347.0,[],0.4176873500328843,0.4075971508393014,0.26512968299711814,-0.5754077224066398,ok,0.9758426986290379,-0.024453874995695138,True,18.0,18.0,False,44.0,primary,p0,calibration,1338,row_resample,1440,12240,360,14,7,322,,,
C0066,network_volume_forecast,network_volume_forecast|router__general__packet_length_min,temporal,linear,320,320,345,345,propagated real-source observation mask,matched,345.0,[],0.4210657542215468,0.4210657542215468,0.26666666666666666,-0.5789965783308005,ok,1.0,0.0,True,18.0,18.0,False,44.0,primary,p0,calibration,1338,identity,1440,12240,360,14,7,320,,,
C0066,network_volume_forecast,network_volume_forecast|router__general__packet_length_min,temporal,linear,320,320,345,320,propagated real-source observation mask,matched,345.0,[],0.4210657542215468,0.41941980034148424,0.26666666666666666,-0.5789965783308005,ok,0.9960909813644058,-0.003916678817987844,True,18.0,18.0,False,44.0,primary,p0,calibration,1338,block_a,1440,12240,360,14,7,320,,,
C0066,network_volume_forecast,network_volume_forecast|router__general__packet_length_min,temporal,linear,320,320,345,320,propagated real-source observation mask,matched,345.0,[],0.4210657542215468,0.42048560157024945,0.26666666666666666,-0.5789965783308005,ok,0.9986221803946751,-0.0013787696715374886,True,18.0,18.0,False,44.0,primary,p0,calibration,1338,block_b,1440,12240,360,14,7,320,,,
C0066,network_volume_forecast,network_volume_forecast|router__general__packet_length_min,temporal,linear,320,320,345,320,propagated real-source observation mask,matched,345.0,[],0.4210657542215468,0.4096885331134621,0.26666666666666666,-0.5789965783308005,ok,0.9729799419828892,-0.027391811620240708,True,18.0,18.0,False,44.0,primary,p0,calibration,1338,row_resample,1440,12240,360,14,7,320,,,
C0067,network_volume_forecast,network_volume_forecast|router__general__packet_length_min,temporal,linear,311,311,336,336,propagated real-source observation mask,matched,336.0,[],0.4132721897748263,0.4132721897748263,0.2648809523809524,-0.5602186040937264,ok,1.0,0.0,True,18.0,18.0,False,44.0,primary,p0,calibration,1338,identity,1440,12240,360,14,7,311,,,
C0067,network_volume_forecast,network_volume_forecast|router__general__packet_length_min,temporal,linear,311,311,336,311,propagated real-source observation mask,matched,336.0,[],0.4132721897748263,0.40904505762921173,0.2648809523809524,-0.5602186040937264,ok,0.9897715543164959,-0.010281115696781785,True,18.0,18.0,False,44.0,primary,p0,calibration,1338,block_a,1440,12240,360,14,7,311,,,
C0067,network_volume_forecast,network_volume_forecast|router__general__packet_length_min,temporal,linear,311,311,336,311,propagated real-source observation mask,matched,336.0,[],0.4132721897748263,0.40904505762921173,0.2648809523809524,-0.5602186040937264,ok,0.9897715543164959,-0.010281115696781785,True,18.0,18.0,False,44.0,primary,p0,calibration,1338,block_b,1440,12240,360,14,7,311,,,
C0067,network_volume_forecast,network_volume_forecast|router__general__packet_length_min,temporal,linear,311,311,336,311,propagated real-source observation mask,matched,336.0,[],0.4132721897748263,0.407320623894921,0.2648809523809524,-0.5602186040937264,ok,0.9855989199681013,-0.014505782015067616,True,18.0,18.0,False,44.0,primary,p0,calibration,1338,row_resample,1440,12240,360,14,7,311,,,
C0071,network_burst_prediction,network_burst_prediction|router__iot_named__mqtt_port_packets,temporal,linear,322,322,347,347,propagated real-source observation mask,matched,,,,,,,single_class,,,,,,,,primary,p0,calibration,1338,identity,1440,12240,360,14,7,322,,,
C0071,network_burst_prediction,network_burst_prediction|router__iot_named__mqtt_port_packets,temporal,linear,322,322,347,322,propagated real-source observation mask,matched,,,,,,,single_class,,,,,,,,primary,p0,calibration,1338,block_a,1440,12240,360,14,7,322,,,
C0071,network_burst_prediction,network_burst_prediction|router__iot_named__mqtt_port_packets,temporal,linear,322,322,347,322,propagated real-source observation mask,matched,,,,,,,single_class,,,,,,,,primary,p0,calibration,1338,block_b,1440,12240,360,14,7,322,,,
C0071,network_burst_prediction,network_burst_prediction|router__iot_named__mqtt_port_packets,temporal,linear,322,322,347,322,propagated real-source observation mask,matched,,,,,,,single_class,,,,,,,,primary,p0,calibration,1338,row_resample,1440,12240,360,14,7,322,,,
C0081,network_volume_forecast,network_volume_forecast|router__iot_named__udp_count,temporal,linear,320,320,345,345,propagated real-source observation mask,matched,345.0,[],0.24342120537820033,0.24342120537820033,0.5449275362318841,0.5532961922580898,ok,1.0,0.0,True,4.0,4.0,False,0.0,primary,p0,calibration,1338,identity,1440,12240,360,14,7,320,,,
C0081,network_volume_forecast,network_volume_forecast|router__iot_named__udp_count,temporal,linear,320,320,345,320,propagated real-source observation mask,matched,345.0,[],0.24342120537820033,0.24342120537820033,0.5449275362318841,0.5532961922580898,ok,1.0,0.0,True,4.0,4.0,False,0.0,primary,p0,calibration,1338,block_a,1440,12240,360,14,7,320,,,
C0081,network_volume_forecast,network_volume_forecast|router__iot_named__udp_count,temporal,linear,320,320,345,320,propagated real-source observation mask,matched,345.0,[],0.24342120537820033,0.24342120537820033,0.5449275362318841,0.5532961922580898,ok,1.0,0.0,True,4.0,4.0,False,0.0,primary,p0,calibration,1338,block_b,1440,12240,360,14,7,320,,,
C0081,network_volume_forecast,network_volume_forecast|router__iot_named__udp_count,temporal,linear,320,320,345,320,propagated real-source observation mask,matched,345.0,[],0.24342120537820033,0.4483184785391527,0.5449275362318841,0.5532961922580898,ok,1.8417396210104462,0.6107105711694658,False,4.0,4.0,False,0.0,primary,p0,calibration,1338,row_resample,1440,12240,360,14,7,320,,,
C0082,network_volume_forecast,network_volume_forecast|router__iot_named__udp_count,temporal,linear,311,311,336,336,propagated real-source observation mask,matched,336.0,[],0.18581079769718345,0.18581079769718345,0.5401785714285714,0.6560196802961232,ok,1.0,0.0,True,4.0,4.0,False,0.0,primary,p0,calibration,1338,identity,1440,12240,360,14,7,311,,,
C0082,network_volume_forecast,network_volume_forecast|router__iot_named__udp_count,temporal,linear,311,311,336,311,propagated real-source observation mask,matched,336.0,[],0.18581079769718345,0.1915289330926772,0.5401785714285714,0.6560196802961232,ok,1.030773967209444,0.03030994453870996,True,4.0,4.0,False,0.0,primary,p0,calibration,1338,block_a,1440,12240,360,14,7,311,,,
C0082,network_volume_forecast,network_volume_forecast|router__iot_named__udp_count,temporal,linear,311,311,336,311,propagated real-source observation mask,matched,336.0,[],0.18581079769718345,0.19191014471553883,0.5401785714285714,0.6560196802961232,ok,1.032825578997274,0.03229832689472461,True,4.0,4.0,False,0.0,primary,p0,calibration,1338,block_b,1440,12240,360,14,7,311,,,
C0082,network_volume_forecast,network_volume_forecast|router__iot_named__udp_count,temporal,linear,311,311,336,311,propagated real-source observation mask,matched,336.0,[],0.18581079769718345,0.454976446845194,0.5401785714285714,0.6560196802961232,ok,2.4486006867408796,0.8955167131203028,False,4.0,4.0,False,0.0,primary,p0,calibration,1338,row_resample,1440,12240,360,14,7,311,,,
C0085,network_volume_forecast,network_volume_forecast|router__iot_named__dns_port_packets,temporal,linear,320,320,345,345,propagated real-source observation mask,matched,345.0,[],0.08245275737754718,0.08245275737754718,0.34202898550724636,0.7589304974978492,ok,1.0,0.0,True,4.0,4.0,False,0.0,primary,p0,calibration,1338,identity,1440,12240,360,14,7,320,,,
C0085,network_volume_forecast,network_volume_forecast|router__iot_named__dns_port_packets,temporal,linear,320,320,345,320,propagated real-source observation mask,matched,345.0,[],0.08245275737754718,0.08245275737754727,0.34202898550724636,0.7589304974978492,ok,1.000000000000001,1.110223024625156e-15,True,4.0,4.0,False,0.0,primary,p0,calibration,1338,block_a,1440,12240,360,14,7,320,,,
C0085,network_volume_forecast,network_volume_forecast|router__iot_named__dns_port_packets,temporal,linear,320,320,345,320,propagated real-source observation mask,matched,345.0,[],0.08245275737754718,0.08245275737754727,0.34202898550724636,0.7589304974978492,ok,1.000000000000001,1.110223024625156e-15,True,4.0,4.0,False,0.0,primary,p0,calibration,1338,block_b,1440,12240,360,14,7,320,,,
C0085,network_volume_forecast,network_volume_forecast|router__iot_named__dns_port_packets,temporal,linear,320,320,345,320,propagated real-source observation mask,matched,345.0,[],0.08245275737754718,0.4419842831065919,0.34202898550724636,0.7589304974978492,ok,5.360454849105498,1.6790488313900545,False,4.0,4.0,False,0.0,primary,p0,calibration,1338,row_resample,1440,12240,360,14,7,320,,,
C0086,network_volume_forecast,network_volume_forecast|router__iot_named__dns_port_packets,temporal,linear,311,311,336,336,propagated real-source observation mask,matched,336.0,[],0.087013530853818,0.087013530853818,0.34226190476190477,0.7457691620271056,ok,1.0,0.0,True,4.0,4.0,False,0.0,primary,p0,calibration,1338,identity,1440,12240,360,14,7,311,,,
C0086,network_volume_forecast,network_volume_forecast|router__iot_named__dns_port_packets,temporal,linear,311,311,336,311,propagated real-source observation mask,matched,336.0,[],0.087013530853818,0.10076265629943332,0.34226190476190477,0.7457691620271056,ok,1.1580113496223219,0.14670418015831913,False,4.0,4.0,False,0.0,primary,p0,calibration,1338,block_a,1440,12240,360,14,7,311,,,
C0086,network_volume_forecast,network_volume_forecast|router__iot_named__dns_port_packets,temporal,linear,311,311,336,311,propagated real-source observation mask,matched,336.0,[],0.087013530853818,0.10076265629943332,0.34226190476190477,0.7457691620271056,ok,1.1580113496223219,0.14670418015831913,False,4.0,4.0,False,0.0,primary,p0,calibration,1338,block_b,1440,12240,360,14,7,311,,,
C0086,network_volume_forecast,network_volume_forecast|router__iot_named__dns_port_packets,temporal,linear,311,311,336,311,propagated real-source observation mask,matched,336.0,[],0.087013530853818,0.44515787928250705,0.34226190476190477,0.7457691620271056,ok,5.115961562694985,1.6323653705325838,False,4.0,4.0,False,0.0,primary,p0,calibration,1338,row_resample,1440,12240,360,14,7,311,,,
C0034,network_volume_forecast,network_volume_forecast|router__general__packet_length_max,temporal,linear,322,322,347,347,propagated real-source observation mask,matched,347.0,[],6.711936077285827,6.711936077285827,3.4548399347675534,-0.9427632550326578,ok,1.0,0.0,True,129.0,129.0,False,4629.0,primary,p0,calibration,1339,identity,1440,12240,360,3,24,322,,,
C0034,network_volume_forecast,network_volume_forecast|router__general__packet_length_max,temporal,linear,322,322,347,322,propagated real-source observation mask,matched,347.0,[],6.711936077285827,6.58122818066524,3.4548399347675534,-0.9427632550326578,ok,0.9805260516316713,-0.01966606395707229,True,129.0,129.0,False,4629.0,primary,p0,calibration,1339,block_a,1440,12240,360,3,24,322,,,
C0034,network_volume_forecast,network_volume_forecast|router__general__packet_length_max,temporal,linear,322,322,347,322,propagated real-source observation mask,matched,347.0,[],6.711936077285827,7.165547824437982,3.4548399347675534,-0.9427632550326578,ok,1.0675828467269293,0.06539707128439333,True,129.0,129.0,False,4629.0,primary,p0,calibration,1339,block_b,1440,12240,360,3,24,322,,,
C0034,network_volume_forecast,network_volume_forecast|router__general__packet_length_max,temporal,linear,322,322,347,322,propagated real-source observation mask,matched,347.0,[],6.711936077285827,7.6215460046119,3.4548399347675534,-0.9427632550326578,ok,1.135521244072083,0.12709179139073967,False,129.0,129.0,False,4629.0,primary,p0,calibration,1339,row_resample,1440,12240,360,3,24,322,,,
C0035,network_volume_forecast,network_volume_forecast|router__general__packet_length_max,temporal,linear,320,320,345,345,propagated real-source observation mask,matched,345.0,[],6.7463311640872226,6.7463311640872226,3.4558588922592968,-0.9521431211205362,ok,1.0,0.0,True,129.0,129.0,False,4629.0,primary,p0,calibration,1339,identity,1440,12240,360,3,24,320,,,
C0035,network_volume_forecast,network_volume_forecast|router__general__packet_length_max,temporal,linear,320,320,345,320,propagated real-source observation mask,matched,345.0,[],6.7463311640872226,6.567434164610224,3.4558588922592968,-0.9521431211205362,ok,0.9734823276347118,-0.02687560776587365,True,129.0,129.0,False,4629.0,primary,p0,calibration,1339,block_a,1440,12240,360,3,24,320,,,
C0035,network_volume_forecast,network_volume_forecast|router__general__packet_length_max,temporal,linear,320,320,345,320,propagated real-source observation mask,matched,345.0,[],6.7463311640872226,7.159343657453966,3.4558588922592968,-0.9521431211205362,ok,1.0612203112063834,0.05941948294598689,True,129.0,129.0,False,4629.0,primary,p0,calibration,1339,block_b,1440,12240,360,3,24,320,,,
C0035,network_volume_forecast,network_volume_forecast|router__general__packet_length_max,temporal,linear,320,320,345,320,propagated real-source observation mask,matched,345.0,[],6.7463311640872226,7.364868495347363,3.4558588922592968,-0.9521431211205362,ok,1.0916849938456628,0.0877223685337533,True,129.0,129.0,False,4629.0,primary,p0,calibration,1339,row_resample,1440,12240,360,3,24,320,,,
C0044,network_volume_forecast,network_volume_forecast|router__general__packet_length_mean,temporal,linear,311,311,336,336,propagated real-source observation mask,matched,336.0,[],0.15031106826979507,0.15031106826979507,0.5022830694563375,0.7007443065272155,ok,1.0,0.0,True,105.79799001882498,105.79799001882498,False,518.141124586549,primary,p0,calibration,1339,identity,1440,12240,360,3,24,311,,,
C0044,network_volume_forecast,network_volume_forecast|router__general__packet_length_mean,temporal,linear,311,311,336,311,propagated real-source observation mask,matched,336.0,[],0.15031106826979507,0.14524791647609914,0.5022830694563375,0.7007443065272155,ok,0.9663155092171388,-0.03426488399997484,True,105.79799001882498,105.79799001882498,False,518.141124586549,primary,p0,calibration,1339,block_a,1440,12240,360,3,24,311,,,
C0044,network_volume_forecast,network_volume_forecast|router__general__packet_length_mean,temporal,linear,311,311,336,311,propagated real-source observation mask,matched,336.0,[],0.15031106826979507,0.15203963428298525,0.5022830694563375,0.7007443065272155,ok,1.0114999250094314,0.01143430348767857,True,105.79799001882498,105.79799001882498,False,518.141124586549,primary,p0,calibration,1339,block_b,1440,12240,360,3,24,311,,,
C0044,network_volume_forecast,network_volume_forecast|router__general__packet_length_mean,temporal,linear,311,311,336,311,propagated real-source observation mask,matched,336.0,[],0.15031106826979507,0.5220772985072717,0.5022830694563375,0.7007443065272155,ok,3.4733124081733564,1.245108723120736,False,105.79799001882498,105.79799001882498,False,518.141124586549,primary,p0,calibration,1339,row_resample,1440,12240,360,3,24,311,,,
C0065,network_volume_forecast,network_volume_forecast|router__general__packet_length_min,temporal,linear,322,322,347,347,propagated real-source observation mask,matched,347.0,[],0.4176873500328843,0.4176873500328843,0.26512968299711814,-0.5754077224066398,ok,1.0,0.0,True,18.0,18.0,False,44.0,primary,p0,calibration,1339,identity,1440,12240,360,3,24,322,,,
C0065,network_volume_forecast,network_volume_forecast|router__general__packet_length_min,temporal,linear,322,322,347,322,propagated real-source observation mask,matched,347.0,[],0.4176873500328843,0.41793685785939033,0.26512968299711814,-0.5754077224066398,ok,1.0005973554776948,0.0005971771319317729,True,18.0,18.0,False,44.0,primary,p0,calibration,1339,block_a,1440,12240,360,3,24,322,,,
C0065,network_volume_forecast,network_volume_forecast|router__general__packet_length_min,temporal,linear,322,322,347,322,propagated real-source observation mask,matched,347.0,[],0.4176873500328843,0.41959736315330587,0.26512968299711814,-0.5754077224066398,ok,1.0045728297020993,0.004562406081239341,True,18.0,18.0,False,44.0,primary,p0,calibration,1339,block_b,1440,12240,360,3,24,322,,,
C0065,network_volume_forecast,network_volume_forecast|router__general__packet_length_min,temporal,linear,322,322,347,322,propagated real-source observation mask,matched,347.0,[],0.4176873500328843,0.42114978548563853,0.26512968299711814,-0.5754077224066398,ok,1.0082895387003739,0.008255369177624225,True,18.0,18.0,False,44.0,primary,p0,calibration,1339,row_resample,1440,12240,360,3,24,322,,,
C0066,network_volume_forecast,network_volume_forecast|router__general__packet_length_min,temporal,linear,320,320,345,345,propagated real-source observation mask,matched,345.0,[],0.4210657542215468,0.4210657542215468,0.26666666666666666,-0.5789965783308005,ok,1.0,0.0,True,18.0,18.0,False,44.0,primary,p0,calibration,1339,identity,1440,12240,360,3,24,320,,,
C0066,network_volume_forecast,network_volume_forecast|router__general__packet_length_min,temporal,linear,320,320,345,320,propagated real-source observation mask,matched,345.0,[],0.4210657542215468,0.42016627528089673,0.26666666666666666,-0.5789965783308005,ok,0.9978638040932277,-0.0021384808278543037,True,18.0,18.0,False,44.0,primary,p0,calibration,1339,block_a,1440,12240,360,3,24,320,,,
C0066,network_volume_forecast,network_volume_forecast|router__general__packet_length_min,temporal,linear,320,320,345,320,propagated real-source observation mask,matched,345.0,[],0.4210657542215468,0.42026596691330487,0.26666666666666666,-0.5789965783308005,ok,0.9981005643412617,-0.0019012418742049093,True,18.0,18.0,False,44.0,primary,p0,calibration,1339,block_b,1440,12240,360,3,24,320,,,
C0066,network_volume_forecast,network_volume_forecast|router__general__packet_length_min,temporal,linear,320,320,345,320,propagated real-source observation mask,matched,345.0,[],0.4210657542215468,0.41812001284130995,0.26666666666666666,-0.5789965783308005,ok,0.9930040822586419,-0.007020503909521597,True,18.0,18.0,False,44.0,primary,p0,calibration,1339,row_resample,1440,12240,360,3,24,320,,,
C0067,network_volume_forecast,network_volume_forecast|router__general__packet_length_min,temporal,linear,311,311,336,336,propagated real-source observation mask,matched,336.0,[],0.4132721897748263,0.4132721897748263,0.2648809523809524,-0.5602186040937264,ok,1.0,0.0,True,18.0,18.0,False,44.0,primary,p0,calibration,1339,identity,1440,12240,360,3,24,311,,,
C0067,network_volume_forecast,network_volume_forecast|router__general__packet_length_min,temporal,linear,311,311,336,311,propagated real-source observation mask,matched,336.0,[],0.4132721897748263,0.40546504291135155,0.2648809523809524,-0.5602186040937264,ok,0.9811089469443164,-0.019071768555303695,True,18.0,18.0,False,44.0,primary,p0,calibration,1339,block_a,1440,12240,360,3,24,311,,,
C0067,network_volume_forecast,network_volume_forecast|router__general__packet_length_min,temporal,linear,311,311,336,311,propagated real-source observation mask,matched,336.0,[],0.4132721897748263,0.4060867176377886,0.2648809523809524,-0.5602186040937264,ok,0.9826132212260573,-0.017539703988979364,True,18.0,18.0,False,44.0,primary,p0,calibration,1339,block_b,1440,12240,360,3,24,311,,,
C0067,network_volume_forecast,network_volume_forecast|router__general__packet_length_min,temporal,linear,311,311,336,311,propagated real-source observation mask,matched,336.0,[],0.4132721897748263,0.42190941794157105,0.2648809523809524,-0.5602186040937264,ok,1.0208996113952182,0.020684210543547025,True,18.0,18.0,False,44.0,primary,p0,calibration,1339,row_resample,1440,12240,360,3,24,311,,,
C0071,network_burst_prediction,network_burst_prediction|router__iot_named__mqtt_port_packets,temporal,linear,322,322,347,347,propagated real-source observation mask,matched,,,,,,,single_class,,,,,,,,primary,p0,calibration,1339,identity,1440,12240,360,3,24,322,,,
C0071,network_burst_prediction,network_burst_prediction|router__iot_named__mqtt_port_packets,temporal,linear,322,322,347,322,propagated real-source observation mask,matched,,,,,,,single_class,,,,,,,,primary,p0,calibration,1339,block_a,1440,12240,360,3,24,322,,,
C0071,network_burst_prediction,network_burst_prediction|router__iot_named__mqtt_port_packets,temporal,linear,322,322,347,322,propagated real-source observation mask,matched,,,,,,,single_class,,,,,,,,primary,p0,calibration,1339,block_b,1440,12240,360,3,24,322,,,
C0071,network_burst_prediction,network_burst_prediction|router__iot_named__mqtt_port_packets,temporal,linear,322,322,347,322,propagated real-source observation mask,matched,,,,,,,single_class,,,,,,,,primary,p0,calibration,1339,row_resample,1440,12240,360,3,24,322,,,
C0081,network_volume_forecast,network_volume_forecast|router__iot_named__udp_count,temporal,linear,320,320,345,345,propagated real-source observation mask,matched,345.0,[],0.24342120537820033,0.24342120537820033,0.5449275362318841,0.5532961922580898,ok,1.0,0.0,True,4.0,4.0,False,0.0,primary,p0,calibration,1339,identity,1440,12240,360,3,24,320,,,
C0081,network_volume_forecast,network_volume_forecast|router__iot_named__udp_count,temporal,linear,320,320,345,320,propagated real-source observation mask,matched,345.0,[],0.24342120537820033,0.24340271855999845,0.5449275362318841,0.5532961922580898,ok,0.9999240541999077,-7.594868412058855e-05,True,4.0,4.0,False,0.0,primary,p0,calibration,1339,block_a,1440,12240,360,3,24,320,,,
C0081,network_volume_forecast,network_volume_forecast|router__iot_named__udp_count,temporal,linear,320,320,345,320,propagated real-source observation mask,matched,345.0,[],0.24342120537820033,0.24282152896049505,0.5449275362318841,0.5532961922580898,ok,0.9975364659920504,-0.002466573500809308,True,4.0,4.0,False,0.0,primary,p0,calibration,1339,block_b,1440,12240,360,3,24,320,,,
C0081,network_volume_forecast,network_volume_forecast|router__iot_named__udp_count,temporal,linear,320,320,345,320,propagated real-source observation mask,matched,345.0,[],0.24342120537820033,0.4229680823419273,0.5449275362318841,0.5532961922580898,ok,1.737597518198003,0.5525034224634131,False,4.0,4.0,False,0.0,primary,p0,calibration,1339,row_resample,1440,12240,360,3,24,320,,,
C0082,network_volume_forecast,network_volume_forecast|router__iot_named__udp_count,temporal,linear,311,311,336,336,propagated real-source observation mask,matched,336.0,[],0.18581079769718345,0.18581079769718345,0.5401785714285714,0.6560196802961232,ok,1.0,0.0,True,4.0,4.0,False,0.0,primary,p0,calibration,1339,identity,1440,12240,360,3,24,311,,,
C0082,network_volume_forecast,network_volume_forecast|router__iot_named__udp_count,temporal,linear,311,311,336,311,propagated real-source observation mask,matched,336.0,[],0.18581079769718345,0.19190949152278575,0.5401785714285714,0.6560196802961232,ok,1.032822063632391,0.03229492325045303,True,4.0,4.0,False,0.0,primary,p0,calibration,1339,block_a,1440,12240,360,3,24,311,,,
C0082,network_volume_forecast,network_volume_forecast|router__iot_named__udp_count,temporal,linear,311,311,336,311,propagated real-source observation mask,matched,336.0,[],0.18581079769718345,0.18932555086867167,0.5401785714285714,0.6560196802961232,ok,1.0189157638579014,0.018739085325963814,True,4.0,4.0,False,0.0,primary,p0,calibration,1339,block_b,1440,12240,360,3,24,311,,,
C0082,network_volume_forecast,network_volume_forecast|router__iot_named__udp_count,temporal,linear,311,311,336,311,propagated real-source observation mask,matched,336.0,[],0.18581079769718345,0.4516626030739449,0.5401785714285714,0.6560196802961232,ok,2.430766180822393,0.8882065084055776,False,4.0,4.0,False,0.0,primary,p0,calibration,1339,row_resample,1440,12240,360,3,24,311,,,
C0085,network_volume_forecast,network_volume_forecast|router__iot_named__dns_port_packets,temporal,linear,320,320,345,345,propagated real-source observation mask,matched,345.0,[],0.08245275737754718,0.08245275737754718,0.34202898550724636,0.7589304974978492,ok,1.0,0.0,True,4.0,4.0,False,0.0,primary,p0,calibration,1339,identity,1440,12240,360,3,24,320,,,
C0085,network_volume_forecast,network_volume_forecast|router__iot_named__dns_port_packets,temporal,linear,320,320,345,320,propagated real-source observation mask,matched,345.0,[],0.08245275737754718,0.08249660849571656,0.34202898550724636,0.7589304974978492,ok,1.000531833252933,0.00053169187975089,True,4.0,4.0,False,0.0,primary,p0,calibration,1339,block_a,1440,12240,360,3,24,320,,,
C0085,network_volume_forecast,network_volume_forecast|router__iot_named__dns_port_packets,temporal,linear,320,320,345,320,propagated real-source observation mask,matched,345.0,[],0.08245275737754718,0.08249660849571656,0.34202898550724636,0.7589304974978492,ok,1.000531833252933,0.00053169187975089,True,4.0,4.0,False,0.0,primary,p0,calibration,1339,block_b,1440,12240,360,3,24,320,,,
C0085,network_volume_forecast,network_volume_forecast|router__iot_named__dns_port_packets,temporal,linear,320,320,345,320,propagated real-source observation mask,matched,345.0,[],0.08245275737754718,0.4091443291158284,0.34202898550724636,0.7589304974978492,ok,4.962166725878873,1.6018424852450015,False,4.0,4.0,False,0.0,primary,p0,calibration,1339,row_resample,1440,12240,360,3,24,320,,,
C0086,network_volume_forecast,network_volume_forecast|router__iot_named__dns_port_packets,temporal,linear,311,311,336,336,propagated real-source observation mask,matched,336.0,[],0.087013530853818,0.087013530853818,0.34226190476190477,0.7457691620271056,ok,1.0,0.0,True,4.0,4.0,False,0.0,primary,p0,calibration,1339,identity,1440,12240,360,3,24,311,,,
C0086,network_volume_forecast,network_volume_forecast|router__iot_named__dns_port_packets,temporal,linear,311,311,336,311,propagated real-source observation mask,matched,336.0,[],0.087013530853818,0.10080143707045457,0.34226190476190477,0.7457691620271056,ok,1.158457036294736,0.14708897857009373,False,4.0,4.0,False,0.0,primary,p0,calibration,1339,block_a,1440,12240,360,3,24,311,,,
C0086,network_volume_forecast,network_volume_forecast|router__iot_named__dns_port_packets,temporal,linear,311,311,336,311,propagated real-source observation mask,matched,336.0,[],0.087013530853818,0.10080143707045464,0.34226190476190477,0.7457691620271056,ok,1.1584570362947368,0.14708897857009448,False,4.0,4.0,False,0.0,primary,p0,calibration,1339,block_b,1440,12240,360,3,24,311,,,
C0086,network_volume_forecast,network_volume_forecast|router__iot_named__dns_port_packets,temporal,linear,311,311,336,311,propagated real-source observation mask,matched,336.0,[],0.087013530853818,0.4403641470485978,0.34226190476190477,0.7457691620271056,ok,5.060869760456059,1.6215383579462743,False,4.0,4.0,False,0.0,primary,p0,calibration,1339,row_resample,1440,12240,360,3,24,311,,,
C0034,network_volume_forecast,network_volume_forecast|router__general__packet_length_max,temporal,linear,322,322,347,347,propagated real-source observation mask,matched,347.0,[],6.711936077285827,6.711936077285827,3.4548399347675534,-0.9427632550326578,ok,1.0,0.0,True,129.0,129.0,False,4629.0,primary,p0,calibration,1340,identity,1440,12240,360,2,1,322,,,
C0034,network_volume_forecast,network_volume_forecast|router__general__packet_length_max,temporal,linear,322,322,347,322,propagated real-source observation mask,matched,347.0,[],6.711936077285827,6.581021999711292,3.4548399347675534,-0.9427632550326578,ok,0.9804953330801872,-0.019697393091701886,True,129.0,129.0,False,4629.0,primary,p0,calibration,1340,block_a,1440,12240,360,2,1,322,,,
C0034,network_volume_forecast,network_volume_forecast|router__general__packet_length_max,temporal,linear,322,322,347,322,propagated real-source observation mask,matched,347.0,[],6.711936077285827,6.581102889343677,3.4548399347675534,-0.9427632550326578,ok,0.9805073846896564,-0.01968510181911965,True,129.0,129.0,False,4629.0,primary,p0,calibration,1340,block_b,1440,12240,360,2,1,322,,,
C0034,network_volume_forecast,network_volume_forecast|router__general__packet_length_max,temporal,linear,322,322,347,322,propagated real-source observation mask,matched,347.0,[],6.711936077285827,7.729473132701342,3.4548399347675534,-0.9427632550326578,ok,1.15160112428052,0.1411532560323436,False,129.0,129.0,False,4629.0,primary,p0,calibration,1340,row_resample,1440,12240,360,2,1,322,,,
C0035,network_volume_forecast,network_volume_forecast|router__general__packet_length_max,temporal,linear,320,320,345,345,propagated real-source observation mask,matched,345.0,[],6.7463311640872226,6.7463311640872226,3.4558588922592968,-0.9521431211205362,ok,1.0,0.0,True,129.0,129.0,False,4629.0,primary,p0,calibration,1340,identity,1440,12240,360,2,1,320,,,
C0035,network_volume_forecast,network_volume_forecast|router__general__packet_length_max,temporal,linear,320,320,345,320,propagated real-source observation mask,matched,345.0,[],6.7463311640872226,6.539261733651663,3.4558588922592968,-0.9521431211205362,ok,0.9693063643928639,-0.031174551537046596,True,129.0,129.0,False,4629.0,primary,p0,calibration,1340,block_a,1440,12240,360,2,1,320,,,
C0035,network_volume_forecast,network_volume_forecast|router__general__packet_length_max,temporal,linear,320,320,345,320,propagated real-source observation mask,matched,345.0,[],6.7463311640872226,6.539135006459516,3.4558588922592968,-0.9521431211205362,ok,0.9692875797840055,-0.031193931158978686,True,129.0,129.0,False,4629.0,primary,p0,calibration,1340,block_b,1440,12240,360,2,1,320,,,
C0035,network_volume_forecast,network_volume_forecast|router__general__packet_length_max,temporal,linear,320,320,345,320,propagated real-source observation mask,matched,345.0,[],6.7463311640872226,7.011441246276769,3.4558588922592968,-0.9521431211205362,ok,1.039296926839407,0.03854445265550208,True,129.0,129.0,False,4629.0,primary,p0,calibration,1340,row_resample,1440,12240,360,2,1,320,,,
C0044,network_volume_forecast,network_volume_forecast|router__general__packet_length_mean,temporal,linear,311,311,336,336,propagated real-source observation mask,matched,336.0,[],0.15031106826979507,0.15031106826979507,0.5022830694563375,0.7007443065272155,ok,1.0,0.0,True,105.79799001882498,105.79799001882498,False,518.141124586549,primary,p0,calibration,1340,identity,1440,12240,360,2,1,311,,,
C0044,network_volume_forecast,network_volume_forecast|router__general__packet_length_mean,temporal,linear,311,311,336,311,propagated real-source observation mask,matched,336.0,[],0.15031106826979507,0.14477304448443837,0.5022830694563375,0.7007443065272155,ok,0.9631562475797428,-0.037539629483636074,True,105.79799001882498,105.79799001882498,False,518.141124586549,primary,p0,calibration,1340,block_a,1440,12240,360,2,1,311,,,
C0044,network_volume_forecast,network_volume_forecast|router__general__packet_length_mean,temporal,linear,311,311,336,311,propagated real-source observation mask,matched,336.0,[],0.15031106826979507,0.14469610658501741,0.5022830694563375,0.7007443065272155,ok,0.9626443897351638,-0.03807120876210801,True,105.79799001882498,105.79799001882498,False,518.141124586549,primary,p0,calibration,1340,block_b,1440,12240,360,2,1,311,,,
C0044,network_volume_forecast,network_volume_forecast|router__general__packet_length_mean,temporal,linear,311,311,336,311,propagated real-source observation mask,matched,336.0,[],0.15031106826979507,0.531536566704265,0.5022830694563375,0.7007443065272155,ok,3.53624368998698,1.2630650592522614,False,105.79799001882498,105.79799001882498,False,518.141124586549,primary,p0,calibration,1340,row_resample,1440,12240,360,2,1,311,,,
C0065,network_volume_forecast,network_volume_forecast|router__general__packet_length_min,temporal,linear,322,322,347,347,propagated real-source observation mask,matched,347.0,[],0.4176873500328843,0.4176873500328843,0.26512968299711814,-0.5754077224066398,ok,1.0,0.0,True,18.0,18.0,False,44.0,primary,p0,calibration,1340,identity,1440,12240,360,2,1,322,,,
C0065,network_volume_forecast,network_volume_forecast|router__general__packet_length_min,temporal,linear,322,322,347,322,propagated real-source observation mask,matched,347.0,[],0.4176873500328843,0.41634362861171087,0.26512968299711814,-0.5754077224066398,ok,0.9967829492057453,-0.003222236627206614,True,18.0,18.0,False,44.0,primary,p0,calibration,1340,block_a,1440,12240,360,2,1,322,,,
C0065,network_volume_forecast,network_volume_forecast|router__general__packet_length_min,temporal,linear,322,322,347,322,propagated real-source observation mask,matched,347.0,[],0.4176873500328843,0.4151625820663839,0.26512968299711814,-0.5754077224066398,ok,0.9939553640628531,-0.0060629787032023584,True,18.0,18.0,False,44.0,primary,p0,calibration,1340,block_b,1440,12240,360,2,1,322,,,
C0065,network_volume_forecast,network_volume_forecast|router__general__packet_length_min,temporal,linear,322,322,347,322,propagated real-source observation mask,matched,347.0,[],0.4176873500328843,0.42368221795353855,0.26512968299711814,-0.5754077224066398,ok,1.0143525244903449,0.014250502038507848,True,18.0,18.0,False,44.0,primary,p0,calibration,1340,row_resample,1440,12240,360,2,1,322,,,
C0066,network_volume_forecast,network_volume_forecast|router__general__packet_length_min,temporal,linear,320,320,345,345,propagated real-source observation mask,matched,345.0,[],0.4210657542215468,0.4210657542215468,0.26666666666666666,-0.5789965783308005,ok,1.0,0.0,True,18.0,18.0,False,44.0,primary,p0,calibration,1340,identity,1440,12240,360,2,1,320,,,
C0066,network_volume_forecast,network_volume_forecast|router__general__packet_length_min,temporal,linear,320,320,345,320,propagated real-source observation mask,matched,345.0,[],0.4210657542215468,0.41856982016963845,0.26666666666666666,-0.5789965783308005,ok,0.9940723413697636,-0.005945296935764353,True,18.0,18.0,False,44.0,primary,p0,calibration,1340,block_a,1440,12240,360,2,1,320,,,
C0066,network_volume_forecast,network_volume_forecast|router__general__packet_length_min,temporal,linear,320,320,345,320,propagated real-source observation mask,matched,345.0,[],0.4210657542215468,0.41705824820691156,0.26666666666666666,-0.5789965783308005,ok,0.9904824698412148,-0.009563111292712626,True,18.0,18.0,False,44.0,primary,p0,calibration,1340,block_b,1440,12240,360,2,1,320,,,
C0066,network_volume_forecast,network_volume_forecast|router__general__packet_length_min,temporal,linear,320,320,345,320,propagated real-source observation mask,matched,345.0,[],0.4210657542215468,0.4243908771382839,0.26666666666666666,-0.5789965783308005,ok,1.0078969208096358,0.007865903318602133,True,18.0,18.0,False,44.0,primary,p0,calibration,1340,row_resample,1440,12240,360,2,1,320,,,
C0067,network_volume_forecast,network_volume_forecast|router__general__packet_length_min,temporal,linear,311,311,336,336,propagated real-source observation mask,matched,336.0,[],0.4132721897748263,0.4132721897748263,0.2648809523809524,-0.5602186040937264,ok,1.0,0.0,True,18.0,18.0,False,44.0,primary,p0,calibration,1340,identity,1440,12240,360,2,1,311,,,
C0067,network_volume_forecast,network_volume_forecast|router__general__packet_length_min,temporal,linear,311,311,336,311,propagated real-source observation mask,matched,336.0,[],0.4132721897748263,0.40546504291135155,0.2648809523809524,-0.5602186040937264,ok,0.9811089469443164,-0.019071768555303695,True,18.0,18.0,False,44.0,primary,p0,calibration,1340,block_a,1440,12240,360,2,1,311,,,
C0067,network_volume_forecast,network_volume_forecast|router__general__packet_length_min,temporal,linear,311,311,336,311,propagated real-source observation mask,matched,336.0,[],0.4132721897748263,0.40546504291135155,0.2648809523809524,-0.5602186040937264,ok,0.9811089469443164,-0.019071768555303695,True,18.0,18.0,False,44.0,primary,p0,calibration,1340,block_b,1440,12240,360,2,1,311,,,
C0067,network_volume_forecast,network_volume_forecast|router__general__packet_length_min,temporal,linear,311,311,336,311,propagated real-source observation mask,matched,336.0,[],0.4132721897748263,0.421359557607376,0.2648809523809524,-0.5602186040937264,ok,1.0195691073163091,0.019380094234116806,True,18.0,18.0,False,44.0,primary,p0,calibration,1340,row_resample,1440,12240,360,2,1,311,,,
C0071,network_burst_prediction,network_burst_prediction|router__iot_named__mqtt_port_packets,temporal,linear,322,322,347,347,propagated real-source observation mask,matched,,,,,,,single_class,,,,,,,,primary,p0,calibration,1340,identity,1440,12240,360,2,1,322,,,
C0071,network_burst_prediction,network_burst_prediction|router__iot_named__mqtt_port_packets,temporal,linear,322,322,347,322,propagated real-source observation mask,matched,,,,,,,single_class,,,,,,,,primary,p0,calibration,1340,block_a,1440,12240,360,2,1,322,,,
C0071,network_burst_prediction,network_burst_prediction|router__iot_named__mqtt_port_packets,temporal,linear,322,322,347,322,propagated real-source observation mask,matched,,,,,,,single_class,,,,,,,,primary,p0,calibration,1340,block_b,1440,12240,360,2,1,322,,,
C0071,network_burst_prediction,network_burst_prediction|router__iot_named__mqtt_port_packets,temporal,linear,322,322,347,322,propagated real-source observation mask,matched,,,,,,,single_class,,,,,,,,primary,p0,calibration,1340,row_resample,1440,12240,360,2,1,322,,,
C0081,network_volume_forecast,network_volume_forecast|router__iot_named__udp_count,temporal,linear,320,320,345,345,propagated real-source observation mask,matched,345.0,[],0.24342120537820033,0.24342120537820033,0.5449275362318841,0.5532961922580898,ok,1.0,0.0,True,4.0,4.0,False,0.0,primary,p0,calibration,1340,identity,1440,12240,360,2,1,320,,,
C0081,network_volume_forecast,network_volume_forecast|router__iot_named__udp_count,temporal,linear,320,320,345,320,propagated real-source observation mask,matched,345.0,[],0.24342120537820033,0.24342120537820033,0.5449275362318841,0.5532961922580898,ok,1.0,0.0,True,4.0,4.0,False,0.0,primary,p0,calibration,1340,block_a,1440,12240,360,2,1,320,,,
C0081,network_volume_forecast,network_volume_forecast|router__iot_named__udp_count,temporal,linear,320,320,345,320,propagated real-source observation mask,matched,345.0,[],0.24342120537820033,0.24404390098324302,0.5449275362318841,0.5532961922580898,ok,1.0025580992587528,0.0025548328921181965,True,4.0,4.0,False,0.0,primary,p0,calibration,1340,block_b,1440,12240,360,2,1,320,,,
C0081,network_volume_forecast,network_volume_forecast|router__iot_named__udp_count,temporal,linear,320,320,345,320,propagated real-source observation mask,matched,345.0,[],0.24342120537820033,0.4706012114709476,0.5449275362318841,0.5532961922580898,ok,1.933279439397158,0.6592177523218324,False,4.0,4.0,False,0.0,primary,p0,calibration,1340,row_resample,1440,12240,360,2,1,320,,,
C0082,network_volume_forecast,network_volume_forecast|router__iot_named__udp_count,temporal,linear,311,311,336,336,propagated real-source observation mask,matched,336.0,[],0.18581079769718345,0.18581079769718345,0.5401785714285714,0.6560196802961232,ok,1.0,0.0,True,4.0,4.0,False,0.0,primary,p0,calibration,1340,identity,1440,12240,360,2,1,311,,,
C0082,network_volume_forecast,network_volume_forecast|router__iot_named__udp_count,temporal,linear,311,311,336,311,propagated real-source observation mask,matched,336.0,[],0.18581079769718345,0.19191014471553883,0.5401785714285714,0.6560196802961232,ok,1.032825578997274,0.03229832689472461,True,4.0,4.0,False,0.0,primary,p0,calibration,1340,block_a,1440,12240,360,2,1,311,,,
C0082,network_volume_forecast,network_volume_forecast|router__iot_named__udp_count,temporal,linear,311,311,336,311,propagated real-source observation mask,matched,336.0,[],0.18581079769718345,0.19191014471553883,0.5401785714285714,0.6560196802961232,ok,1.032825578997274,0.03229832689472461,True,4.0,4.0,False,0.0,primary,p0,calibration,1340,block_b,1440,12240,360,2,1,311,,,
C0082,network_volume_forecast,network_volume_forecast|router__iot_named__udp_count,temporal,linear,311,311,336,311,propagated real-source observation mask,matched,336.0,[],0.18581079769718345,0.46395033122587603,0.5401785714285714,0.6560196802961232,ok,2.496896504270853,0.915048562409349,False,4.0,4.0,False,0.0,primary,p0,calibration,1340,row_resample,1440,12240,360,2,1,311,,,
C0085,network_volume_forecast,network_volume_forecast|router__iot_named__dns_port_packets,temporal,linear,320,320,345,345,propagated real-source observation mask,matched,345.0,[],0.08245275737754718,0.08245275737754718,0.34202898550724636,0.7589304974978492,ok,1.0,0.0,True,4.0,4.0,False,0.0,primary,p0,calibration,1340,identity,1440,12240,360,2,1,320,,,
C0085,network_volume_forecast,network_volume_forecast|router__iot_named__dns_port_packets,temporal,linear,320,320,345,320,propagated real-source observation mask,matched,345.0,[],0.08245275737754718,0.08245275737754727,0.34202898550724636,0.7589304974978492,ok,1.000000000000001,1.110223024625156e-15,True,4.0,4.0,False,0.0,primary,p0,calibration,1340,block_a,1440,12240,360,2,1,320,,,
C0085,network_volume_forecast,network_volume_forecast|router__iot_named__dns_port_packets,temporal,linear,320,320,345,320,propagated real-source observation mask,matched,345.0,[],0.08245275737754718,0.08245275737754727,0.34202898550724636,0.7589304974978492,ok,1.000000000000001,1.110223024625156e-15,True,4.0,4.0,False,0.0,primary,p0,calibration,1340,block_b,1440,12240,360,2,1,320,,,
C0085,network_volume_forecast,network_volume_forecast|router__iot_named__dns_port_packets,temporal,linear,320,320,345,320,propagated real-source observation mask,matched,345.0,[],0.08245275737754718,0.4835310668334848,0.34202898550724636,0.7589304974978492,ok,5.8643407717636356,1.7688900754067358,False,4.0,4.0,False,0.0,primary,p0,calibration,1340,row_resample,1440,12240,360,2,1,320,,,
C0086,network_volume_forecast,network_volume_forecast|router__iot_named__dns_port_packets,temporal,linear,311,311,336,336,propagated real-source observation mask,matched,336.0,[],0.087013530853818,0.087013530853818,0.34226190476190477,0.7457691620271056,ok,1.0,0.0,True,4.0,4.0,False,0.0,primary,p0,calibration,1340,identity,1440,12240,360,2,1,311,,,
C0086,network_volume_forecast,network_volume_forecast|router__iot_named__dns_port_packets,temporal,linear,311,311,336,311,propagated real-source observation mask,matched,336.0,[],0.087013530853818,0.10076265629943332,0.34226190476190477,0.7457691620271056,ok,1.1580113496223219,0.14670418015831913,False,4.0,4.0,False,0.0,primary,p0,calibration,1340,block_a,1440,12240,360,2,1,311,,,
C0086,network_volume_forecast,network_volume_forecast|router__iot_named__dns_port_packets,temporal,linear,311,311,336,311,propagated real-source observation mask,matched,336.0,[],0.087013530853818,0.10076265629943332,0.34226190476190477,0.7457691620271056,ok,1.1580113496223219,0.14670418015831913,False,4.0,4.0,False,0.0,primary,p0,calibration,1340,block_b,1440,12240,360,2,1,311,,,
C0086,network_volume_forecast,network_volume_forecast|router__iot_named__dns_port_packets,temporal,linear,311,311,336,311,propagated real-source observation mask,matched,336.0,[],0.087013530853818,0.48205104802079085,0.34226190476190477,0.7457691620271056,ok,5.539955031024228,1.711986383582607,False,4.0,4.0,False,0.0,primary,p0,calibration,1340,row_resample,1440,12240,360,2,1,311,,,
C0034,network_volume_forecast,network_volume_forecast|router__general__packet_length_max,temporal,linear,322,322,347,347,propagated real-source observation mask,matched,347.0,[],6.711936077285827,6.711936077285827,3.4548399347675534,-0.9427632550326578,ok,1.0,0.0,True,129.0,129.0,False,4629.0,primary,p0,calibration,1341,identity,1440,12240,360,8,20,322,,,
C0034,network_volume_forecast,network_volume_forecast|router__general__packet_length_max,temporal,linear,322,322,347,322,propagated real-source observation mask,matched,347.0,[],6.711936077285827,6.569810082532796,3.4548399347675534,-0.9427632550326578,ok,0.9788248885095903,-0.02140252016273323,True,129.0,129.0,False,4629.0,primary,p0,calibration,1341,block_a,1440,12240,360,8,20,322,,,
C0034,network_volume_forecast,network_volume_forecast|router__general__packet_length_max,temporal,linear,322,322,347,322,propagated real-source observation mask,matched,347.0,[],6.711936077285827,7.126351401930154,3.4548399347675534,-0.9427632550326578,ok,1.0617430380552593,0.059911933142662625,True,129.0,129.0,False,4629.0,primary,p0,calibration,1341,block_b,1440,12240,360,8,20,322,,,
C0034,network_volume_forecast,network_volume_forecast|router__general__packet_length_max,temporal,linear,322,322,347,322,propagated real-source observation mask,matched,347.0,[],6.711936077285827,7.1376607245566595,3.4548399347675534,-0.9427632550326578,ok,1.0634279948987515,0.06149764758204816,True,129.0,129.0,False,4629.0,primary,p0,calibration,1341,row_resample,1440,12240,360,8,20,322,,,
C0035,network_volume_forecast,network_volume_forecast|router__general__packet_length_max,temporal,linear,320,320,345,345,propagated real-source observation mask,matched,345.0,[],6.7463311640872226,6.7463311640872226,3.4558588922592968,-0.9521431211205362,ok,1.0,0.0,True,129.0,129.0,False,4629.0,primary,p0,calibration,1341,identity,1440,12240,360,8,20,320,,,
C0035,network_volume_forecast,network_volume_forecast|router__general__packet_length_max,temporal,linear,320,320,345,320,propagated real-source observation mask,matched,345.0,[],6.7463311640872226,6.550070238685345,3.4558588922592968,-0.9521431211205362,ok,0.9709084952060115,-0.02952305281837078,True,129.0,129.0,False,4629.0,primary,p0,calibration,1341,block_a,1440,12240,360,8,20,320,,,
C0035,network_volume_forecast,network_volume_forecast|router__general__packet_length_max,temporal,linear,320,320,345,320,propagated real-source observation mask,matched,345.0,[],6.7463311640872226,7.148542569588279,3.4558588922592968,-0.9521431211205362,ok,1.0596192798305173,0.05790967363578273,True,129.0,129.0,False,4629.0,primary,p0,calibration,1341,block_b,1440,12240,360,8,20,320,,,
C0035,network_volume_forecast,network_volume_forecast|router__general__packet_length_max,temporal,linear,320,320,345,320,propagated real-source observation mask,matched,345.0,[],6.7463311640872226,7.029278967190475,3.4558588922592968,-0.9521431211205362,ok,1.0419409892905154,0.041085309568699505,True,129.0,129.0,False,4629.0,primary,p0,calibration,1341,row_resample,1440,12240,360,8,20,320,,,
C0044,network_volume_forecast,network_volume_forecast|router__general__packet_length_mean,temporal,linear,311,311,336,336,propagated real-source observation mask,matched,336.0,[],0.15031106826979507,0.15031106826979507,0.5022830694563375,0.7007443065272155,ok,1.0,0.0,True,105.79799001882498,105.79799001882498,False,518.141124586549,primary,p0,calibration,1341,identity,1440,12240,360,8,20,311,,,
C0044,network_volume_forecast,network_volume_forecast|router__general__packet_length_mean,temporal,linear,311,311,336,311,propagated real-source observation mask,matched,336.0,[],0.15031106826979507,0.13753031690848866,0.5022830694563375,0.7007443065272155,ok,0.9149713224154186,-0.08886255582026802,True,105.79799001882498,105.79799001882498,False,518.141124586549,primary,p0,calibration,1341,block_a,1440,12240,360,8,20,311,,,
C0044,network_volume_forecast,network_volume_forecast|router__general__packet_length_mean,temporal,linear,311,311,336,311,propagated real-source observation mask,matched,336.0,[],0.15031106826979507,0.15111282846558344,0.5022830694563375,0.7007443065272155,ok,1.0053340063710363,0.005319830944587043,True,105.79799001882498,105.79799001882498,False,518.141124586549,primary,p0,calibration,1341,block_b,1440,12240,360,8,20,311,,,
C0044,network_volume_forecast,network_volume_forecast|router__general__packet_length_mean,temporal,linear,311,311,336,311,propagated real-source observation mask,matched,336.0,[],0.15031106826979507,0.4664602175343601,0.5022830694563375,0.7007443065272155,ok,3.103299197482286,1.1324658028231889,False,105.79799001882498,105.79799001882498,False,518.141124586549,primary,p0,calibration,1341,row_resample,1440,12240,360,8,20,311,,,
C0065,network_volume_forecast,network_volume_forecast|router__general__packet_length_min,temporal,linear,322,322,347,347,propagated real-source observation mask,matched,347.0,[],0.4176873500328843,0.4176873500328843,0.26512968299711814,-0.5754077224066398,ok,1.0,0.0,True,18.0,18.0,False,44.0,primary,p0,calibration,1341,identity,1440,12240,360,8,20,322,,,
C0065,network_volume_forecast,network_volume_forecast|router__general__packet_length_min,temporal,linear,322,322,347,322,propagated real-source observation mask,matched,347.0,[],0.4176873500328843,0.41860539061641466,0.26512968299711814,-0.5754077224066398,ok,1.0021979133039534,0.002195501425926839,True,18.0,18.0,False,44.0,primary,p0,calibration,1341,block_a,1440,12240,360,8,20,322,,,
C0065,network_volume_forecast,network_volume_forecast|router__general__packet_length_min,temporal,linear,322,322,347,322,propagated real-source observation mask,matched,347.0,[],0.4176873500328843,0.4196773828684926,0.26512968299711814,-0.5754077224066398,ok,1.0047644077213533,0.004753093852576558,True,18.0,18.0,False,44.0,primary,p0,calibration,1341,block_b,1440,12240,360,8,20,322,,,
C0065,network_volume_forecast,network_volume_forecast|router__general__packet_length_min,temporal,linear,322,322,347,322,propagated real-source observation mask,matched,347.0,[],0.4176873500328843,0.4004592827818097,0.26512968299711814,-0.5754077224066398,ok,0.9587536772427552,-0.04212109085274074,True,18.0,18.0,False,44.0,primary,p0,calibration,1341,row_resample,1440,12240,360,8,20,322,,,
C0066,network_volume_forecast,network_volume_forecast|router__general__packet_length_min,temporal,linear,320,320,345,345,propagated real-source observation mask,matched,345.0,[],0.4210657542215468,0.4210657542215468,0.26666666666666666,-0.5789965783308005,ok,1.0,0.0,True,18.0,18.0,False,44.0,primary,p0,calibration,1341,identity,1440,12240,360,8,20,320,,,
C0066,network_volume_forecast,network_volume_forecast|router__general__packet_length_min,temporal,linear,320,320,345,320,propagated real-source observation mask,matched,345.0,[],0.4210657542215468,0.41930280720577967,0.26666666666666666,-0.5789965783308005,ok,0.9958131313266585,-0.004195658150154566,True,18.0,18.0,False,44.0,primary,p0,calibration,1341,block_a,1440,12240,360,8,20,320,,,
C0066,network_volume_forecast,network_volume_forecast|router__general__packet_length_min,temporal,linear,320,320,345,320,propagated real-source observation mask,matched,345.0,[],0.4210657542215468,0.4208400769176209,0.26666666666666666,-0.5789965783308005,ok,0.9994640331072682,-0.0005361105743282302,True,18.0,18.0,False,44.0,primary,p0,calibration,1341,block_b,1440,12240,360,8,20,320,,,
C0066,network_volume_forecast,network_volume_forecast|router__general__packet_length_min,temporal,linear,320,320,345,320,propagated real-source observation mask,matched,345.0,[],0.4210657542215468,0.4027746646824115,0.26666666666666666,-0.5789965783308005,ok,0.9565600162070856,-0.04441174642771902,True,18.0,18.0,False,44.0,primary,p0,calibration,1341,row_resample,1440,12240,360,8,20,320,,,
C0067,network_volume_forecast,network_volume_forecast|router__general__packet_length_min,temporal,linear,311,311,336,336,propagated real-source observation mask,matched,336.0,[],0.4132721897748263,0.4132721897748263,0.2648809523809524,-0.5602186040937264,ok,1.0,0.0,True,18.0,18.0,False,44.0,primary,p0,calibration,1341,identity,1440,12240,360,8,20,311,,,
C0067,network_volume_forecast,network_volume_forecast|router__general__packet_length_min,temporal,linear,311,311,336,311,propagated real-source observation mask,matched,336.0,[],0.4132721897748263,0.40875511835850226,0.2648809523809524,-0.5602186040937264,ok,0.9890699845571869,-0.010990186913371525,True,18.0,18.0,False,44.0,primary,p0,calibration,1341,block_a,1440,12240,360,8,20,311,,,
C0067,network_volume_forecast,network_volume_forecast|router__general__packet_length_min,temporal,linear,311,311,336,311,propagated real-source observation mask,matched,336.0,[],0.4132721897748263,0.4080269507228742,0.2648809523809524,-0.5602186040937264,ok,0.9873080280218952,-0.012773203108522934,True,18.0,18.0,False,44.0,primary,p0,calibration,1341,block_b,1440,12240,360,8,20,311,,,
C0067,network_volume_forecast,network_volume_forecast|router__general__packet_length_min,temporal,linear,311,311,336,311,propagated real-source observation mask,matched,336.0,[],0.4132721897748263,0.3973349307166878,0.2648809523809524,-0.5602186040937264,ok,0.9614364105486458,-0.03932685181519815,True,18.0,18.0,False,44.0,primary,p0,calibration,1341,row_resample,1440,12240,360,8,20,311,,,
C0071,network_burst_prediction,network_burst_prediction|router__iot_named__mqtt_port_packets,temporal,linear,322,322,347,347,propagated real-source observation mask,matched,,,,,,,single_class,,,,,,,,primary,p0,calibration,1341,identity,1440,12240,360,8,20,322,,,
C0071,network_burst_prediction,network_burst_prediction|router__iot_named__mqtt_port_packets,temporal,linear,322,322,347,322,propagated real-source observation mask,matched,,,,,,,single_class,,,,,,,,primary,p0,calibration,1341,block_a,1440,12240,360,8,20,322,,,
C0071,network_burst_prediction,network_burst_prediction|router__iot_named__mqtt_port_packets,temporal,linear,322,322,347,322,propagated real-source observation mask,matched,,,,,,,single_class,,,,,,,,primary,p0,calibration,1341,block_b,1440,12240,360,8,20,322,,,
C0071,network_burst_prediction,network_burst_prediction|router__iot_named__mqtt_port_packets,temporal,linear,322,322,347,322,propagated real-source observation mask,matched,,,,,,,single_class,,,,,,,,primary,p0,calibration,1341,row_resample,1440,12240,360,8,20,322,,,
C0081,network_volume_forecast,network_volume_forecast|router__iot_named__udp_count,temporal,linear,320,320,345,345,propagated real-source observation mask,matched,345.0,[],0.24342120537820033,0.24342120537820033,0.5449275362318841,0.5532961922580898,ok,1.0,0.0,True,4.0,4.0,False,0.0,primary,p0,calibration,1341,identity,1440,12240,360,8,20,320,,,
C0081,network_volume_forecast,network_volume_forecast|router__iot_named__udp_count,temporal,linear,320,320,345,320,propagated real-source observation mask,matched,345.0,[],0.24342120537820033,0.2434212053782003,0.5449275362318841,0.5532961922580898,ok,0.9999999999999999,-1.1102230246251565e-16,True,4.0,4.0,False,0.0,primary,p0,calibration,1341,block_a,1440,12240,360,8,20,320,,,
C0081,network_volume_forecast,network_volume_forecast|router__iot_named__udp_count,temporal,linear,320,320,345,320,propagated real-source observation mask,matched,345.0,[],0.24342120537820033,0.24284076233238475,0.5449275362318841,0.5532961922580898,ok,0.9976154787134762,-0.002387368784921044,True,4.0,4.0,False,0.0,primary,p0,calibration,1341,block_b,1440,12240,360,8,20,320,,,
C0081,network_volume_forecast,network_volume_forecast|router__iot_named__udp_count,temporal,linear,320,320,345,320,propagated real-source observation mask,matched,345.0,[],0.24342120537820033,0.46639995122544303,0.5449275362318841,0.5532961922580898,ok,1.916020218948483,0.6502502321800893,False,4.0,4.0,False,0.0,primary,p0,calibration,1341,row_resample,1440,12240,360,8,20,320,,,
C0082,network_volume_forecast,network_volume_forecast|router__iot_named__udp_count,temporal,linear,311,311,336,336,propagated real-source observation mask,matched,336.0,[],0.18581079769718345,0.18581079769718345,0.5401785714285714,0.6560196802961232,ok,1.0,0.0,True,4.0,4.0,False,0.0,primary,p0,calibration,1341,identity,1440,12240,360,8,20,311,,,
C0082,network_volume_forecast,network_volume_forecast|router__iot_named__udp_count,temporal,linear,311,311,336,311,propagated real-source observation mask,matched,336.0,[],0.18581079769718345,0.19191014471553883,0.5401785714285714,0.6560196802961232,ok,1.032825578997274,0.03229832689472461,True,4.0,4.0,False,0.0,primary,p0,calibration,1341,block_a,1440,12240,360,8,20,311,,,
C0082,network_volume_forecast,network_volume_forecast|router__iot_named__udp_count,temporal,linear,311,311,336,311,propagated real-source observation mask,matched,336.0,[],0.18581079769718345,0.18932399109127665,0.5401785714285714,0.6560196802961232,ok,1.018907369418965,0.018730846692493246,True,4.0,4.0,False,0.0,primary,p0,calibration,1341,block_b,1440,12240,360,8,20,311,,,
C0082,network_volume_forecast,network_volume_forecast|router__iot_named__udp_count,temporal,linear,311,311,336,311,propagated real-source observation mask,matched,336.0,[],0.18581079769718345,0.45168163433930614,0.5401785714285714,0.6560196802961232,ok,2.4308686036395657,0.8882486435398396,False,4.0,4.0,False,0.0,primary,p0,calibration,1341,row_resample,1440,12240,360,8,20,311,,,
C0085,network_volume_forecast,network_volume_forecast|router__iot_named__dns_port_packets,temporal,linear,320,320,345,345,propagated real-source observation mask,matched,345.0,[],0.08245275737754718,0.08245275737754718,0.34202898550724636,0.7589304974978492,ok,1.0,0.0,True,4.0,4.0,False,0.0,primary,p0,calibration,1341,identity,1440,12240,360,8,20,320,,,
C0085,network_volume_forecast,network_volume_forecast|router__iot_named__dns_port_packets,temporal,linear,320,320,345,320,propagated real-source observation mask,matched,345.0,[],0.08245275737754718,0.08245275737754727,0.34202898550724636,0.7589304974978492,ok,1.000000000000001,1.110223024625156e-15,True,4.0,4.0,False,0.0,primary,p0,calibration,1341,block_a,1440,12240,360,8,20,320,,,
C0085,network_volume_forecast,network_volume_forecast|router__iot_named__dns_port_packets,temporal,linear,320,320,345,320,propagated real-source observation mask,matched,345.0,[],0.08245275737754718,0.08245275737754727,0.34202898550724636,0.7589304974978492,ok,1.000000000000001,1.110223024625156e-15,True,4.0,4.0,False,0.0,primary,p0,calibration,1341,block_b,1440,12240,360,8,20,320,,,
C0085,network_volume_forecast,network_volume_forecast|router__iot_named__dns_port_packets,temporal,linear,320,320,345,320,propagated real-source observation mask,matched,345.0,[],0.08245275737754718,0.45134576580393404,0.34202898550724636,0.7589304974978492,ok,5.473992382537841,1.7000082190460615,False,4.0,4.0,False,0.0,primary,p0,calibration,1341,row_resample,1440,12240,360,8,20,320,,,
C0086,network_volume_forecast,network_volume_forecast|router__iot_named__dns_port_packets,temporal,linear,311,311,336,336,propagated real-source observation mask,matched,336.0,[],0.087013530853818,0.087013530853818,0.34226190476190477,0.7457691620271056,ok,1.0,0.0,True,4.0,4.0,False,0.0,primary,p0,calibration,1341,identity,1440,12240,360,8,20,311,,,
C0086,network_volume_forecast,network_volume_forecast|router__iot_named__dns_port_packets,temporal,linear,311,311,336,311,propagated real-source observation mask,matched,336.0,[],0.087013530853818,0.10076265629943332,0.34226190476190477,0.7457691620271056,ok,1.1580113496223219,0.14670418015831913,False,4.0,4.0,False,0.0,primary,p0,calibration,1341,block_a,1440,12240,360,8,20,311,,,
C0086,network_volume_forecast,network_volume_forecast|router__iot_named__dns_port_packets,temporal,linear,311,311,336,311,propagated real-source observation mask,matched,336.0,[],0.087013530853818,0.10076265629943332,0.34226190476190477,0.7457691620271056,ok,1.1580113496223219,0.14670418015831913,False,4.0,4.0,False,0.0,primary,p0,calibration,1341,block_b,1440,12240,360,8,20,311,,,
C0086,network_volume_forecast,network_volume_forecast|router__iot_named__dns_port_packets,temporal,linear,311,311,336,311,propagated real-source observation mask,matched,336.0,[],0.087013530853818,0.4348829129747935,0.34226190476190477,0.7457691620271056,ok,4.997876867051782,1.6090131956650573,False,4.0,4.0,False,0.0,primary,p0,calibration,1341,row_resample,1440,12240,360,8,20,311,,,
C0034,network_volume_forecast,network_volume_forecast|router__general__packet_length_max,temporal,linear,322,322,347,347,propagated real-source observation mask,matched,347.0,[],2.702643805586143,2.702643805586143,2.910010462084054,0.0712597632207143,ok,1.0,0.0,True,830.5,830.5,False,5361.0,primary,p1,qualification,1337,identity,4320,9000,360,2,22,322,,,
C0034,network_volume_forecast,network_volume_forecast|router__general__packet_length_max,temporal,linear,322,322,347,322,propagated real-source observation mask,matched,347.0,[],2.702643805586143,2.572019254230961,2.910010462084054,0.0712597632207143,ok,0.9516678627478797,-0.04953918873303132,True,830.5,830.5,False,5361.0,primary,p1,qualification,1337,block_a,4320,9000,360,2,22,322,,,
C0034,network_volume_forecast,network_volume_forecast|router__general__packet_length_max,temporal,linear,322,322,347,322,propagated real-source observation mask,matched,347.0,[],2.702643805586143,2.7126458468266104,2.910010462084054,0.0712597632207143,ok,1.0037008359073416,0.003694004663156597,True,830.5,830.5,False,5361.0,primary,p1,qualification,1337,block_b,4320,9000,360,2,22,322,,,
C0034,network_volume_forecast,network_volume_forecast|router__general__packet_length_max,temporal,linear,322,322,347,322,propagated real-source observation mask,matched,347.0,[],2.702643805586143,3.0461803054645284,2.910010462084054,0.0712597632207143,ok,1.1271112749554062,0.11965796572522688,False,830.5,830.5,False,5361.0,primary,p1,qualification,1337,row_resample,4320,9000,360,2,22,322,,,
C0035,network_volume_forecast,network_volume_forecast|router__general__packet_length_max,temporal,linear,320,320,345,345,propagated real-source observation mask,matched,345.0,[],2.7658506302317827,2.7658506302317827,2.913693033001571,0.050740555403493225,ok,1.0,0.0,True,830.0,830.0,False,5361.0,primary,p1,qualification,1337,identity,4320,9000,360,2,22,320,,,
C0035,network_volume_forecast,network_volume_forecast|router__general__packet_length_max,temporal,linear,320,320,345,320,propagated real-source observation mask,matched,345.0,[],2.7658506302317827,2.618961141370431,2.913693033001571,0.050740555403493225,ok,0.9468917492304918,-0.05457050148455586,True,830.0,830.0,False,5361.0,primary,p1,qualification,1337,block_a,4320,9000,360,2,22,320,,,
C0035,network_volume_forecast,network_volume_forecast|router__general__packet_length_max,temporal,linear,320,320,345,320,propagated real-source observation mask,matched,345.0,[],2.7658506302317827,2.7602357334280407,2.913693033001571,0.050740555403493225,ok,0.9979699204496552,-0.002032142954891733,True,830.0,830.0,False,5361.0,primary,p1,qualification,1337,block_b,4320,9000,360,2,22,320,,,
C0035,network_volume_forecast,network_volume_forecast|router__general__packet_length_max,temporal,linear,320,320,345,320,propagated real-source observation mask,matched,345.0,[],2.7658506302317827,2.93383363705699,2.913693033001571,0.050740555403493225,ok,1.0607346633216885,0.05896174666128332,True,830.0,830.0,False,5361.0,primary,p1,qualification,1337,row_resample,4320,9000,360,2,22,320,,,
C0044,network_volume_forecast,network_volume_forecast|router__general__packet_length_mean,temporal,linear,311,311,336,336,propagated real-source observation mask,matched,336.0,[],0.07298797889545423,0.07298797889545423,0.45720687272758564,0.8403611510473901,ok,1.0,0.0,True,108.3222680553805,108.3222680553805,False,506.2794759825328,primary,p1,qualification,1337,identity,4320,9000,360,2,22,311,,,
C0044,network_volume_forecast,network_volume_forecast|router__general__packet_length_mean,temporal,linear,311,311,336,311,propagated real-source observation mask,matched,336.0,[],0.07298797889545423,0.07049236447993942,0.45720687272758564,0.8403611510473901,ok,0.9658078706482687,-0.03479035621964885,True,108.3222680553805,108.3222680553805,False,506.2794759825328,primary,p1,qualification,1337,block_a,4320,9000,360,2,22,311,,,
C0044,network_volume_forecast,network_volume_forecast|router__general__packet_length_mean,temporal,linear,311,311,336,311,propagated real-source observation mask,matched,336.0,[],0.07298797889545423,0.07221861752790985,0.45720687272758564,0.8403611510473901,ok,0.9894590673808574,-0.010596881767505704,True,108.3222680553805,108.3222680553805,False,506.2794759825328,primary,p1,qualification,1337,block_b,4320,9000,360,2,22,311,,,
C0044,network_volume_forecast,network_volume_forecast|router__general__packet_length_mean,temporal,linear,311,311,336,311,propagated real-source observation mask,matched,336.0,[],0.07298797889545423,0.4456658105115401,0.45720687272758564,0.8403611510473901,ok,6.106016596923423,1.8092746124425365,False,108.3222680553805,108.3222680553805,False,506.2794759825328,primary,p1,qualification,1337,row_resample,4320,9000,360,2,22,311,,,
C0065,network_volume_forecast,network_volume_forecast|router__general__packet_length_min,temporal,linear,322,322,347,347,propagated real-source observation mask,matched,347.0,[],0.4432657346315914,0.4432657346315914,0.2910662824207493,-0.5229030684867546,ok,1.0,0.0,True,18.0,18.0,False,44.0,primary,p1,qualification,1337,identity,4320,9000,360,2,22,322,,,
C0065,network_volume_forecast,network_volume_forecast|router__general__packet_length_min,temporal,linear,322,322,347,322,propagated real-source observation mask,matched,347.0,[],0.4432657346315914,0.4386636089964919,0.2910662824207493,-0.5229030684867546,ok,0.989617682406865,-0.010436589826969102,True,18.0,18.0,False,44.0,primary,p1,qualification,1337,block_a,4320,9000,360,2,22,322,,,
C0065,network_volume_forecast,network_volume_forecast|router__general__packet_length_min,temporal,linear,322,322,347,322,propagated real-source observation mask,matched,347.0,[],0.4432657346315914,0.44131045356376375,0.2910662824207493,-0.5229030684867546,ok,0.9955889189823058,-0.004420838540287524,True,18.0,18.0,False,44.0,primary,p1,qualification,1337,block_b,4320,9000,360,2,22,322,,,
C0065,network_volume_forecast,network_volume_forecast|router__general__packet_length_min,temporal,linear,322,322,347,322,propagated real-source observation mask,matched,347.0,[],0.4432657346315914,0.44166999061083884,0.2910662824207493,-0.5229030684867546,ok,0.9964000284793526,-0.003606467011863403,True,18.0,18.0,False,44.0,primary,p1,qualification,1337,row_resample,4320,9000,360,2,22,322,,,
C0066,network_volume_forecast,network_volume_forecast|router__general__packet_length_min,temporal,linear,320,320,345,345,propagated real-source observation mask,matched,345.0,[],0.43547613815135483,0.43547613815135483,0.2898550724637681,-0.5023926766221741,ok,1.0,0.0,True,18.0,18.0,False,44.0,primary,p1,qualification,1337,identity,4320,9000,360,2,22,320,,,
C0066,network_volume_forecast,network_volume_forecast|router__general__packet_length_min,temporal,linear,320,320,345,320,propagated real-source observation mask,matched,345.0,[],0.43547613815135483,0.43578408534770224,0.2898550724637681,-0.5023926766221741,ok,1.000707150563185,0.0007069006500360799,True,18.0,18.0,False,44.0,primary,p1,qualification,1337,block_a,4320,9000,360,2,22,320,,,
C0066,network_volume_forecast,network_volume_forecast|router__general__packet_length_min,temporal,linear,320,320,345,320,propagated real-source observation mask,matched,345.0,[],0.43547613815135483,0.43900080866282276,0.2898550724637681,-0.5023926766221741,ok,1.0080938315620014,0.008061252183928183,True,18.0,18.0,False,44.0,primary,p1,qualification,1337,block_b,4320,9000,360,2,22,320,,,
C0066,network_volume_forecast,network_volume_forecast|router__general__packet_length_min,temporal,linear,320,320,345,320,propagated real-source observation mask,matched,345.0,[],0.43547613815135483,0.4402623858835466,0.2898550724637681,-0.5023926766221741,ok,1.010990838103116,0.010930877784726347,True,18.0,18.0,False,44.0,primary,p1,qualification,1337,row_resample,4320,9000,360,2,22,320,,,
C0067,network_volume_forecast,network_volume_forecast|router__general__packet_length_min,temporal,linear,311,311,336,336,propagated real-source observation mask,matched,336.0,[],0.41967869657887236,0.41967869657887236,0.29464285714285715,-0.4243640611161728,ok,1.0,0.0,True,18.0,18.0,False,44.0,primary,p1,qualification,1337,identity,4320,9000,360,2,22,311,,,
C0067,network_volume_forecast,network_volume_forecast|router__general__packet_length_min,temporal,linear,311,311,336,311,propagated real-source observation mask,matched,336.0,[],0.41967869657887236,0.4164013064701615,0.29464285714285715,-0.4243640611161728,ok,0.9921907160515236,-0.007839936091515147,True,18.0,18.0,False,44.0,primary,p1,qualification,1337,block_a,4320,9000,360,2,22,311,,,
C0067,network_volume_forecast,network_volume_forecast|router__general__packet_length_min,temporal,linear,311,311,336,311,propagated real-source observation mask,matched,336.0,[],0.41967869657887236,0.4194473116242471,0.29464285714285715,-0.4243640611161728,ok,0.9994486616630497,-0.0005514903798184853,True,18.0,18.0,False,44.0,primary,p1,qualification,1337,block_b,4320,9000,360,2,22,311,,,
C0067,network_volume_forecast,network_volume_forecast|router__general__packet_length_min,temporal,linear,311,311,336,311,propagated real-source observation mask,matched,336.0,[],0.41967869657887236,0.4431310998064873,0.29464285714285715,-0.4243640611161728,ok,1.0558818053401178,0.05437625225855025,True,18.0,18.0,False,44.0,primary,p1,qualification,1337,row_resample,4320,9000,360,2,22,311,,,
C0071,network_burst_prediction,network_burst_prediction|router__iot_named__mqtt_port_packets,temporal,linear,322,322,347,347,propagated real-source observation mask,matched,347.0,[],,,,,single_class,,,,,,,,primary,p1,qualification,1337,identity,4320,9000,360,2,22,322,,,
C0071,network_burst_prediction,network_burst_prediction|router__iot_named__mqtt_port_packets,temporal,linear,322,322,347,322,propagated real-source observation mask,matched,347.0,[],,,,,single_class,,,,,,,,primary,p1,qualification,1337,block_a,4320,9000,360,2,22,322,,,
C0071,network_burst_prediction,network_burst_prediction|router__iot_named__mqtt_port_packets,temporal,linear,322,322,347,322,propagated real-source observation mask,matched,347.0,[],,,,,single_class,,,,,,,,primary,p1,qualification,1337,block_b,4320,9000,360,2,22,322,,,
C0071,network_burst_prediction,network_burst_prediction|router__iot_named__mqtt_port_packets,temporal,linear,322,322,347,322,propagated real-source observation mask,matched,347.0,[],,,,,single_class,,,,,,,,primary,p1,qualification,1337,row_resample,4320,9000,360,2,22,322,,,
C0081,network_volume_forecast,network_volume_forecast|router__iot_named__udp_count,temporal,linear,320,320,345,345,propagated real-source observation mask,matched,345.0,[],0.2097012165961371,0.2097012165961371,0.6057971014492753,0.6538424893508742,ok,1.0,0.0,True,4.0,4.0,False,0.0,primary,p1,qualification,1337,identity,4320,9000,360,2,22,320,,,
C0081,network_volume_forecast,network_volume_forecast|router__iot_named__udp_count,temporal,linear,320,320,345,320,propagated real-source observation mask,matched,345.0,[],0.2097012165961371,0.20994604776096384,0.6057971014492753,0.6538424893508742,ok,1.001167523816985,0.001166842791077862,True,4.0,4.0,False,0.0,primary,p1,qualification,1337,block_a,4320,9000,360,2,22,320,,,
C0081,network_volume_forecast,network_volume_forecast|router__iot_named__udp_count,temporal,linear,320,320,345,320,propagated real-source observation mask,matched,345.0,[],0.2097012165961371,0.20966585806471222,0.6057971014492753,0.6538424893508742,ok,0.9998313861407252,-0.00016862807618970693,True,4.0,4.0,False,0.0,primary,p1,qualification,1337,block_b,4320,9000,360,2,22,320,,,
C0081,network_volume_forecast,network_volume_forecast|router__iot_named__udp_count,temporal,linear,320,320,345,320,propagated real-source observation mask,matched,345.0,[],0.2097012165961371,0.45376336859268324,0.6057971014492753,0.6538424893508742,ok,2.163856633538682,0.7718921081142766,False,4.0,4.0,False,0.0,primary,p1,qualification,1337,row_resample,4320,9000,360,2,22,320,,,
C0082,network_volume_forecast,network_volume_forecast|router__iot_named__udp_count,temporal,linear,311,311,336,336,propagated real-source observation mask,matched,336.0,[],0.16233879491853045,0.16233879491853045,0.6078869047619048,0.7329457278206795,ok,1.0,0.0,True,4.0,4.0,False,0.0,primary,p1,qualification,1337,identity,4320,9000,360,2,22,311,,,
C0082,network_volume_forecast,network_volume_forecast|router__iot_named__udp_count,temporal,linear,311,311,336,311,propagated real-source observation mask,matched,336.0,[],0.16233879491853045,0.16535580151051743,0.6078869047619048,0.7329457278206795,ok,1.0185846309472795,0.01841404694621034,True,4.0,4.0,False,0.0,primary,p1,qualification,1337,block_a,4320,9000,360,2,22,311,,,
C0082,network_volume_forecast,network_volume_forecast|router__iot_named__udp_count,temporal,linear,311,311,336,311,propagated real-source observation mask,matched,336.0,[],0.16233879491853045,0.16493328899466148,0.6078869047619048,0.7329457278206795,ok,1.0159819720075727,0.015855604911827206,True,4.0,4.0,False,0.0,primary,p1,qualification,1337,block_b,4320,9000,360,2,22,311,,,
C0082,network_volume_forecast,network_volume_forecast|router__iot_named__udp_count,temporal,linear,311,311,336,311,propagated real-source observation mask,matched,336.0,[],0.16233879491853045,0.44768450213301714,0.6078869047619048,0.7329457278206795,ok,2.757717293378253,1.0144032699033627,False,4.0,4.0,False,0.0,primary,p1,qualification,1337,row_resample,4320,9000,360,2,22,311,,,
C0085,network_volume_forecast,network_volume_forecast|router__iot_named__dns_port_packets,temporal,linear,320,320,345,345,propagated real-source observation mask,matched,345.0,[],0.03569070967000815,0.03569070967000815,0.34057971014492755,0.8952060013944442,ok,1.0,0.0,True,4.0,4.0,False,0.0,primary,p1,qualification,1337,identity,4320,9000,360,2,22,320,,,
C0085,network_volume_forecast,network_volume_forecast|router__iot_named__dns_port_packets,temporal,linear,320,320,345,320,propagated real-source observation mask,matched,345.0,[],0.03569070967000815,0.03569070967000815,0.34057971014492755,0.8952060013944442,ok,1.0,0.0,True,4.0,4.0,False,0.0,primary,p1,qualification,1337,block_a,4320,9000,360,2,22,320,,,
C0085,network_volume_forecast,network_volume_forecast|router__iot_named__dns_port_packets,temporal,linear,320,320,345,320,propagated real-source observation mask,matched,345.0,[],0.03569070967000815,0.03572660910732885,0.34057971014492755,0.8952060013944442,ok,1.00100584823481,0.001005342708434499,True,4.0,4.0,False,0.0,primary,p1,qualification,1337,block_b,4320,9000,360,2,22,320,,,
C0085,network_volume_forecast,network_volume_forecast|router__iot_named__dns_port_packets,temporal,linear,320,320,345,320,propagated real-source observation mask,matched,345.0,[],0.03569070967000815,0.43596584189183546,0.34057971014492755,0.8952060013944442,ok,12.215107122349801,2.5026734744092605,False,4.0,4.0,False,0.0,primary,p1,qualification,1337,row_resample,4320,9000,360,2,22,320,,,
C0086,network_volume_forecast,network_volume_forecast|router__iot_named__dns_port_packets,temporal,linear,311,311,336,336,propagated real-source observation mask,matched,336.0,[],0.031990796655388745,0.031990796655388745,0.34077380952380953,0.9061230770636628,ok,1.0,0.0,True,4.0,4.0,False,0.0,primary,p1,qualification,1337,identity,4320,9000,360,2,22,311,,,
C0086,network_volume_forecast,network_volume_forecast|router__iot_named__dns_port_packets,temporal,linear,311,311,336,311,propagated real-source observation mask,matched,336.0,[],0.031990796655388745,0.036656986832600685,0.34077380952380953,0.9061230770636628,ok,1.1458603931461,0.13615578988232688,False,4.0,4.0,False,0.0,primary,p1,qualification,1337,block_a,4320,9000,360,2,22,311,,,
C0086,network_volume_forecast,network_volume_forecast|router__iot_named__dns_port_packets,temporal,linear,311,311,336,311,propagated real-source observation mask,matched,336.0,[],0.031990796655388745,0.036694708695918676,0.34077380952380953,0.9061230770636628,ok,1.1470395405028957,0.13718431052855182,False,4.0,4.0,False,0.0,primary,p1,qualification,1337,block_b,4320,9000,360,2,22,311,,,
C0086,network_volume_forecast,network_volume_forecast|router__iot_named__dns_port_packets,temporal,linear,311,311,336,311,propagated real-source observation mask,matched,336.0,[],0.031990796655388745,0.43477516996283244,0.34077380952380953,0.9061230770636628,ok,13.590632788746008,2.609380789900672,False,4.0,4.0,False,0.0,primary,p1,qualification,1337,row_resample,4320,9000,360,2,22,311,,,
C0034,network_volume_forecast,network_volume_forecast|router__general__packet_length_max,temporal,linear,322,322,347,347,propagated real-source observation mask,matched,347.0,[],2.702643805586143,2.702643805586143,2.910010462084054,0.0712597632207143,ok,1.0,0.0,True,830.5,830.5,False,5361.0,primary,p1,qualification,1338,identity,4320,9000,360,14,7,322,,,
C0034,network_volume_forecast,network_volume_forecast|router__general__packet_length_max,temporal,linear,322,322,347,322,propagated real-source observation mask,matched,347.0,[],2.702643805586143,2.6630948755572543,2.910010462084054,0.0712597632207143,ok,0.9853665769987358,-0.014741547654597462,True,830.5,830.5,False,5361.0,primary,p1,qualification,1338,block_a,4320,9000,360,14,7,322,,,
C0034,network_volume_forecast,network_volume_forecast|router__general__packet_length_max,temporal,linear,322,322,347,322,propagated real-source observation mask,matched,347.0,[],2.702643805586143,2.578955558656256,2.910010462084054,0.0712597632207143,ok,0.9542343513139862,-0.046845986428661876,True,830.5,830.5,False,5361.0,primary,p1,qualification,1338,block_b,4320,9000,360,14,7,322,,,
C0034,network_volume_forecast,network_volume_forecast|router__general__packet_length_max,temporal,linear,322,322,347,322,propagated real-source observation mask,matched,347.0,[],2.702643805586143,2.930933395973504,2.910010462084054,0.0712597632207143,ok,1.0844689891858874,0.0810904563032415,True,830.5,830.5,False,5361.0,primary,p1,qualification,1338,row_resample,4320,9000,360,14,7,322,,,
C0035,network_volume_forecast,network_volume_forecast|router__general__packet_length_max,temporal,linear,320,320,345,345,propagated real-source observation mask,matched,345.0,[],2.7658506302317827,2.7658506302317827,2.913693033001571,0.050740555403493225,ok,1.0,0.0,True,830.0,830.0,False,5361.0,primary,p1,qualification,1338,identity,4320,9000,360,14,7,320,,,
C0035,network_volume_forecast,network_volume_forecast|router__general__packet_length_max,temporal,linear,320,320,345,320,propagated real-source observation mask,matched,345.0,[],2.7658506302317827,2.7076490411961474,2.913693033001571,0.050740555403493225,ok,0.9789570743989316,-0.021267483787849203,True,830.0,830.0,False,5361.0,primary,p1,qualification,1338,block_a,4320,9000,360,14,7,320,,,
C0035,network_volume_forecast,network_volume_forecast|router__general__packet_length_max,temporal,linear,320,320,345,320,propagated real-source observation mask,matched,345.0,[],2.7658506302317827,2.626825313513646,2.913693033001571,0.050740555403493225,ok,0.9497350597322437,-0.051572217775437364,True,830.0,830.0,False,5361.0,primary,p1,qualification,1338,block_b,4320,9000,360,14,7,320,,,
C0035,network_volume_forecast,network_volume_forecast|router__general__packet_length_max,temporal,linear,320,320,345,320,propagated real-source observation mask,matched,345.0,[],2.7658506302317827,3.184662815942388,2.913693033001571,0.050740555403493225,ok,1.1514225609773832,0.14099818745477088,False,830.0,830.0,False,5361.0,primary,p1,qualification,1338,row_resample,4320,9000,360,14,7,320,,,
C0044,network_volume_forecast,network_volume_forecast|router__general__packet_length_mean,temporal,linear,311,311,336,336,propagated real-source observation mask,matched,336.0,[],0.07298797889545423,0.07298797889545423,0.45720687272758564,0.8403611510473901,ok,1.0,0.0,True,108.3222680553805,108.3222680553805,False,506.2794759825328,primary,p1,qualification,1338,identity,4320,9000,360,14,7,311,,,
C0044,network_volume_forecast,network_volume_forecast|router__general__packet_length_mean,temporal,linear,311,311,336,311,propagated real-source observation mask,matched,336.0,[],0.07298797889545423,0.0710187475018632,0.45720687272758564,0.8403611510473901,ok,0.9730197845810787,-0.027350863414903104,True,108.3222680553805,108.3222680553805,False,506.2794759825328,primary,p1,qualification,1338,block_a,4320,9000,360,14,7,311,,,
C0044,network_volume_forecast,network_volume_forecast|router__general__packet_length_mean,temporal,linear,311,311,336,311,propagated real-source observation mask,matched,336.0,[],0.07298797889545423,0.07075134990837584,0.45720687272758564,0.8403611510473901,ok,0.9693562005562303,-0.031123138604978465,True,108.3222680553805,108.3222680553805,False,506.2794759825328,primary,p1,qualification,1338,block_b,4320,9000,360,14,7,311,,,
C0044,network_volume_forecast,network_volume_forecast|router__general__packet_length_mean,temporal,linear,311,311,336,311,propagated real-source observation mask,matched,336.0,[],0.07298797889545423,0.46398487391750226,0.45720687272758564,0.8403611510473901,ok,6.357004001742535,1.8495571974558094,False,108.3222680553805,108.3222680553805,False,506.2794759825328,primary,p1,qualification,1338,row_resample,4320,9000,360,14,7,311,,,
C0065,network_volume_forecast,network_volume_forecast|router__general__packet_length_min,temporal,linear,322,322,347,347,propagated real-source observation mask,matched,347.0,[],0.4432657346315914,0.4432657346315914,0.2910662824207493,-0.5229030684867546,ok,1.0,0.0,True,18.0,18.0,False,44.0,primary,p1,qualification,1338,identity,4320,9000,360,14,7,322,,,
C0065,network_volume_forecast,network_volume_forecast|router__general__packet_length_min,temporal,linear,322,322,347,322,propagated real-source observation mask,matched,347.0,[],0.4432657346315914,0.439631137018744,0.2910662824207493,-0.5229030684867546,ok,0.9918004092604447,-0.008233392283062198,True,18.0,18.0,False,44.0,primary,p1,qualification,1338,block_a,4320,9000,360,14,7,322,,,
C0065,network_volume_forecast,network_volume_forecast|router__general__packet_length_min,temporal,linear,322,322,347,322,propagated real-source observation mask,matched,347.0,[],0.4432657346315914,0.4383662489288429,0.2910662824207493,-0.5229030684867546,ok,0.9889468431237515,-0.01111469690931413,True,18.0,18.0,False,44.0,primary,p1,qualification,1338,block_b,4320,9000,360,14,7,322,,,
C0065,network_volume_forecast,network_volume_forecast|router__general__packet_length_min,temporal,linear,322,322,347,322,propagated real-source observation mask,matched,347.0,[],0.4432657346315914,0.4193517473384491,0.2910662824207493,-0.5229030684867546,ok,0.9460504491441961,-0.05545938244712439,True,18.0,18.0,False,44.0,primary,p1,qualification,1338,row_resample,4320,9000,360,14,7,322,,,
C0066,network_volume_forecast,network_volume_forecast|router__general__packet_length_min,temporal,linear,320,320,345,345,propagated real-source observation mask,matched,345.0,[],0.43547613815135483,0.43547613815135483,0.2898550724637681,-0.5023926766221741,ok,1.0,0.0,True,18.0,18.0,False,44.0,primary,p1,qualification,1338,identity,4320,9000,360,14,7,320,,,
C0066,network_volume_forecast,network_volume_forecast|router__general__packet_length_min,temporal,linear,320,320,345,320,propagated real-source observation mask,matched,345.0,[],0.43547613815135483,0.4367134933624061,0.2898550724637681,-0.5023926766221741,ok,1.0028413846423456,0.002837355539352566,True,18.0,18.0,False,44.0,primary,p1,qualification,1338,block_a,4320,9000,360,14,7,320,,,
C0066,network_volume_forecast,network_volume_forecast|router__general__packet_length_min,temporal,linear,320,320,345,320,propagated real-source observation mask,matched,345.0,[],0.43547613815135483,0.43583447601340686,0.2898550724637681,-0.5023926766221741,ok,1.0008228645169244,0.0008225261495253924,True,18.0,18.0,False,44.0,primary,p1,qualification,1338,block_b,4320,9000,360,14,7,320,,,
C0066,network_volume_forecast,network_volume_forecast|router__general__packet_length_min,temporal,linear,320,320,345,320,propagated real-source observation mask,matched,345.0,[],0.43547613815135483,0.4238527629394335,0.2898550724637681,-0.5023926766221741,ok,0.9733088125993221,-0.027053865240199582,True,18.0,18.0,False,44.0,primary,p1,qualification,1338,row_resample,4320,9000,360,14,7,320,,,
C0067,network_volume_forecast,network_volume_forecast|router__general__packet_length_min,temporal,linear,311,311,336,336,propagated real-source observation mask,matched,336.0,[],0.41967869657887236,0.41967869657887236,0.29464285714285715,-0.4243640611161728,ok,1.0,0.0,True,18.0,18.0,False,44.0,primary,p1,qualification,1338,identity,4320,9000,360,14,7,311,,,
C0067,network_volume_forecast,network_volume_forecast|router__general__packet_length_min,temporal,linear,311,311,336,311,propagated real-source observation mask,matched,336.0,[],0.41967869657887236,0.417600124531343,0.29464285714285715,-0.4243640611161728,ok,0.9950472300250801,-0.004965075588194298,True,18.0,18.0,False,44.0,primary,p1,qualification,1338,block_a,4320,9000,360,14,7,311,,,
C0067,network_volume_forecast,network_volume_forecast|router__general__packet_length_min,temporal,linear,311,311,336,311,propagated real-source observation mask,matched,336.0,[],0.41967869657887236,0.41672146366345436,0.29464285714285715,-0.4243640611161728,ok,0.9929535786792976,-0.007071364590339298,True,18.0,18.0,False,44.0,primary,p1,qualification,1338,block_b,4320,9000,360,14,7,311,,,
C0067,network_volume_forecast,network_volume_forecast|router__general__packet_length_min,temporal,linear,311,311,336,311,propagated real-source observation mask,matched,336.0,[],0.41967869657887236,0.4312381312314583,0.29464285714285715,-0.4243640611161728,ok,1.0275435344867774,0.027171035820894862,True,18.0,18.0,False,44.0,primary,p1,qualification,1338,row_resample,4320,9000,360,14,7,311,,,
C0071,network_burst_prediction,network_burst_prediction|router__iot_named__mqtt_port_packets,temporal,linear,322,322,347,347,propagated real-source observation mask,matched,347.0,[],,,,,single_class,,,,,,,,primary,p1,qualification,1338,identity,4320,9000,360,14,7,322,,,
C0071,network_burst_prediction,network_burst_prediction|router__iot_named__mqtt_port_packets,temporal,linear,322,322,347,322,propagated real-source observation mask,matched,347.0,[],,,,,single_class,,,,,,,,primary,p1,qualification,1338,block_a,4320,9000,360,14,7,322,,,
C0071,network_burst_prediction,network_burst_prediction|router__iot_named__mqtt_port_packets,temporal,linear,322,322,347,322,propagated real-source observation mask,matched,347.0,[],,,,,single_class,,,,,,,,primary,p1,qualification,1338,block_b,4320,9000,360,14,7,322,,,
C0071,network_burst_prediction,network_burst_prediction|router__iot_named__mqtt_port_packets,temporal,linear,322,322,347,322,propagated real-source observation mask,matched,347.0,[],,,,,single_class,,,,,,,,primary,p1,qualification,1338,row_resample,4320,9000,360,14,7,322,,,
C0081,network_volume_forecast,network_volume_forecast|router__iot_named__udp_count,temporal,linear,320,320,345,345,propagated real-source observation mask,matched,345.0,[],0.2097012165961371,0.2097012165961371,0.6057971014492753,0.6538424893508742,ok,1.0,0.0,True,4.0,4.0,False,0.0,primary,p1,qualification,1338,identity,4320,9000,360,14,7,320,,,
C0081,network_volume_forecast,network_volume_forecast|router__iot_named__udp_count,temporal,linear,320,320,345,320,propagated real-source observation mask,matched,345.0,[],0.2097012165961371,0.21001264058446276,0.6057971014492753,0.6538424893508742,ok,1.0014850843184444,0.0014839826712857017,True,4.0,4.0,False,0.0,primary,p1,qualification,1338,block_a,4320,9000,360,14,7,320,,,
C0081,network_volume_forecast,network_volume_forecast|router__iot_named__udp_count,temporal,linear,320,320,345,320,propagated real-source observation mask,matched,345.0,[],0.2097012165961371,0.2099437841075635,0.6057971014492753,0.6538424893508742,ok,1.0011567291566723,0.0011560606609640174,True,4.0,4.0,False,0.0,primary,p1,qualification,1338,block_b,4320,9000,360,14,7,320,,,
C0081,network_volume_forecast,network_volume_forecast|router__iot_named__udp_count,temporal,linear,320,320,345,320,propagated real-source observation mask,matched,345.0,[],0.2097012165961371,0.4720022349371845,0.6057971014492753,0.6538424893508742,ok,2.250832124861784,0.811299981116765,False,4.0,4.0,False,0.0,primary,p1,qualification,1338,row_resample,4320,9000,360,14,7,320,,,
C0082,network_volume_forecast,network_volume_forecast|router__iot_named__udp_count,temporal,linear,311,311,336,336,propagated real-source observation mask,matched,336.0,[],0.16233879491853045,0.16233879491853045,0.6078869047619048,0.7329457278206795,ok,1.0,0.0,True,4.0,4.0,False,0.0,primary,p1,qualification,1338,identity,4320,9000,360,14,7,311,,,
C0082,network_volume_forecast,network_volume_forecast|router__iot_named__udp_count,temporal,linear,311,311,336,311,propagated real-source observation mask,matched,336.0,[],0.16233879491853045,0.16519979640347396,0.6078869047619048,0.7329457278206795,ok,1.0176236461923922,0.017470150551107247,True,4.0,4.0,False,0.0,primary,p1,qualification,1338,block_a,4320,9000,360,14,7,311,,,
C0082,network_volume_forecast,network_volume_forecast|router__iot_named__udp_count,temporal,linear,311,311,336,311,propagated real-source observation mask,matched,336.0,[],0.16233879491853045,0.16534605653535128,0.6078869047619048,0.7329457278206795,ok,1.0185246023190575,0.01835511183634086,True,4.0,4.0,False,0.0,primary,p1,qualification,1338,block_b,4320,9000,360,14,7,311,,,
C0082,network_volume_forecast,network_volume_forecast|router__iot_named__udp_count,temporal,linear,311,311,336,311,propagated real-source observation mask,matched,336.0,[],0.16233879491853045,0.4850149288252353,0.6078869047619048,0.7329457278206795,ok,2.9876711174838984,1.0944941934361956,False,4.0,4.0,False,0.0,primary,p1,qualification,1338,row_resample,4320,9000,360,14,7,311,,,
C0085,network_volume_forecast,network_volume_forecast|router__iot_named__dns_port_packets,temporal,linear,320,320,345,345,propagated real-source observation mask,matched,345.0,[],0.03569070967000815,0.03569070967000815,0.34057971014492755,0.8952060013944442,ok,1.0,0.0,True,4.0,4.0,False,0.0,primary,p1,qualification,1338,identity,4320,9000,360,14,7,320,,,
C0085,network_volume_forecast,network_volume_forecast|router__iot_named__dns_port_packets,temporal,linear,320,320,345,320,propagated real-source observation mask,matched,345.0,[],0.03569070967000815,0.03569070967000815,0.34057971014492755,0.8952060013944442,ok,1.0,0.0,True,4.0,4.0,False,0.0,primary,p1,qualification,1338,block_a,4320,9000,360,14,7,320,,,
C0085,network_volume_forecast,network_volume_forecast|router__iot_named__dns_port_packets,temporal,linear,320,320,345,320,propagated real-source observation mask,matched,345.0,[],0.03569070967000815,0.03572660910732885,0.34057971014492755,0.8952060013944442,ok,1.00100584823481,0.001005342708434499,True,4.0,4.0,False,0.0,primary,p1,qualification,1338,block_b,4320,9000,360,14,7,320,,,
C0085,network_volume_forecast,network_volume_forecast|router__iot_named__dns_port_packets,temporal,linear,320,320,345,320,propagated real-source observation mask,matched,345.0,[],0.03569070967000815,0.4727872796393674,0.34057971014492755,0.8952060013944442,ok,13.246788422272902,2.5837551398279834,False,4.0,4.0,False,0.0,primary,p1,qualification,1338,row_resample,4320,9000,360,14,7,320,,,
C0086,network_volume_forecast,network_volume_forecast|router__iot_named__dns_port_packets,temporal,linear,311,311,336,336,propagated real-source observation mask,matched,336.0,[],0.031990796655388745,0.031990796655388745,0.34077380952380953,0.9061230770636628,ok,1.0,0.0,True,4.0,4.0,False,0.0,primary,p1,qualification,1338,identity,4320,9000,360,14,7,311,,,
C0086,network_volume_forecast,network_volume_forecast|router__iot_named__dns_port_packets,temporal,linear,311,311,336,311,propagated real-source observation mask,matched,336.0,[],0.031990796655388745,0.036656986832600685,0.34077380952380953,0.9061230770636628,ok,1.1458603931461,0.13615578988232688,False,4.0,4.0,False,0.0,primary,p1,qualification,1338,block_a,4320,9000,360,14,7,311,,,
C0086,network_volume_forecast,network_volume_forecast|router__iot_named__dns_port_packets,temporal,linear,311,311,336,311,propagated real-source observation mask,matched,336.0,[],0.031990796655388745,0.036694708695918676,0.34077380952380953,0.9061230770636628,ok,1.1470395405028957,0.13718431052855182,False,4.0,4.0,False,0.0,primary,p1,qualification,1338,block_b,4320,9000,360,14,7,311,,,
C0086,network_volume_forecast,network_volume_forecast|router__iot_named__dns_port_packets,temporal,linear,311,311,336,311,propagated real-source observation mask,matched,336.0,[],0.031990796655388745,0.5019424163168473,0.34077380952380953,0.9061230770636628,ok,15.690213086090708,2.753037147665512,False,4.0,4.0,False,0.0,primary,p1,qualification,1338,row_resample,4320,9000,360,14,7,311,,,
C0034,network_volume_forecast,network_volume_forecast|router__general__packet_length_max,temporal,linear,322,322,347,347,propagated real-source observation mask,matched,347.0,[],2.702643805586143,2.702643805586143,2.910010462084054,0.0712597632207143,ok,1.0,0.0,True,830.5,830.5,False,5361.0,primary,p1,qualification,1339,identity,4320,9000,360,3,24,322,,,
C0034,network_volume_forecast,network_volume_forecast|router__general__packet_length_max,temporal,linear,322,322,347,322,propagated real-source observation mask,matched,347.0,[],2.702643805586143,2.5741647749940304,2.910010462084054,0.0712597632207143,ok,0.9524617227299592,-0.04870535889904343,True,830.5,830.5,False,5361.0,primary,p1,qualification,1339,block_a,4320,9000,360,3,24,322,,,
C0034,network_volume_forecast,network_volume_forecast|router__general__packet_length_max,temporal,linear,322,322,347,322,propagated real-source observation mask,matched,347.0,[],2.702643805586143,2.7078262180318253,2.910010462084054,0.0712597632207143,ok,1.0019175343916837,0.0019156982694557513,True,830.5,830.5,False,5361.0,primary,p1,qualification,1339,block_b,4320,9000,360,3,24,322,,,
C0034,network_volume_forecast,network_volume_forecast|router__general__packet_length_max,temporal,linear,322,322,347,322,propagated real-source observation mask,matched,347.0,[],2.702643805586143,3.0050132968175403,2.910010462084054,0.0712597632207143,ok,1.1118791498185683,0.10605151170177293,False,830.5,830.5,False,5361.0,primary,p1,qualification,1339,row_resample,4320,9000,360,3,24,322,,,
C0035,network_volume_forecast,network_volume_forecast|router__general__packet_length_max,temporal,linear,320,320,345,345,propagated real-source observation mask,matched,345.0,[],2.7658506302317827,2.7658506302317827,2.913693033001571,0.050740555403493225,ok,1.0,0.0,True,830.0,830.0,False,5361.0,primary,p1,qualification,1339,identity,4320,9000,360,3,24,320,,,
C0035,network_volume_forecast,network_volume_forecast|router__general__packet_length_max,temporal,linear,320,320,345,320,propagated real-source observation mask,matched,345.0,[],2.7658506302317827,2.6201161612493267,2.913693033001571,0.050740555403493225,ok,0.9473093494675657,-0.0541295765541178,True,830.0,830.0,False,5361.0,primary,p1,qualification,1339,block_a,4320,9000,360,3,24,320,,,
C0035,network_volume_forecast,network_volume_forecast|router__general__packet_length_max,temporal,linear,320,320,345,320,propagated real-source observation mask,matched,345.0,[],2.7658506302317827,2.7554789930597656,2.913693033001571,0.050740555403493225,ok,0.9962501094387921,-0.0037569390269859356,True,830.0,830.0,False,5361.0,primary,p1,qualification,1339,block_b,4320,9000,360,3,24,320,,,
C0035,network_volume_forecast,network_volume_forecast|router__general__packet_length_max,temporal,linear,320,320,345,320,propagated real-source observation mask,matched,345.0,[],2.7658506302317827,2.8048153774433313,2.913693033001571,0.050740555403493225,ok,1.0140877988079506,0.01398948801620059,True,830.0,830.0,False,5361.0,primary,p1,qualification,1339,row_resample,4320,9000,360,3,24,320,,,
C0044,network_volume_forecast,network_volume_forecast|router__general__packet_length_mean,temporal,linear,311,311,336,336,propagated real-source observation mask,matched,336.0,[],0.07298797889545423,0.07298797889545423,0.45720687272758564,0.8403611510473901,ok,1.0,0.0,True,108.3222680553805,108.3222680553805,False,506.2794759825328,primary,p1,qualification,1339,identity,4320,9000,360,3,24,311,,,
C0044,network_volume_forecast,network_volume_forecast|router__general__packet_length_mean,temporal,linear,311,311,336,311,propagated real-source observation mask,matched,336.0,[],0.07298797889545423,0.07061047978626829,0.45720687272758564,0.8403611510473901,ok,0.9674261550303865,-0.03311618254113127,True,108.3222680553805,108.3222680553805,False,506.2794759825328,primary,p1,qualification,1339,block_a,4320,9000,360,3,24,311,,,
C0044,network_volume_forecast,network_volume_forecast|router__general__packet_length_mean,temporal,linear,311,311,336,311,propagated real-source observation mask,matched,336.0,[],0.07298797889545423,0.0724004612016709,0.45720687272758564,0.8403611510473901,ok,0.9919504868791493,-0.008082085363142925,True,108.3222680553805,108.3222680553805,False,506.2794759825328,primary,p1,qualification,1339,block_b,4320,9000,360,3,24,311,,,
C0044,network_volume_forecast,network_volume_forecast|router__general__packet_length_mean,temporal,linear,311,311,336,311,propagated real-source observation mask,matched,336.0,[],0.07298797889545423,0.4623861876312394,0.45720687272758564,0.8403611510473901,ok,6.335100582707563,1.8461056909489635,False,108.3222680553805,108.3222680553805,False,506.2794759825328,primary,p1,qualification,1339,row_resample,4320,9000,360,3,24,311,,,
C0065,network_volume_forecast,network_volume_forecast|router__general__packet_length_min,temporal,linear,322,322,347,347,propagated real-source observation mask,matched,347.0,[],0.4432657346315914,0.4432657346315914,0.2910662824207493,-0.5229030684867546,ok,1.0,0.0,True,18.0,18.0,False,44.0,primary,p1,qualification,1339,identity,4320,9000,360,3,24,322,,,
C0065,network_volume_forecast,network_volume_forecast|router__general__packet_length_min,temporal,linear,322,322,347,322,propagated real-source observation mask,matched,347.0,[],0.4432657346315914,0.43709652006430677,0.2910662824207493,-0.5229030684867546,ok,0.9860823562813579,-0.014015402227251315,True,18.0,18.0,False,44.0,primary,p1,qualification,1339,block_a,4320,9000,360,3,24,322,,,
C0065,network_volume_forecast,network_volume_forecast|router__general__packet_length_min,temporal,linear,322,322,347,322,propagated real-source observation mask,matched,347.0,[],0.4432657346315914,0.44160677234110185,0.2910662824207493,-0.5229030684867546,ok,0.9962574091320902,-0.0037496118844481605,True,18.0,18.0,False,44.0,primary,p1,qualification,1339,block_b,4320,9000,360,3,24,322,,,
C0065,network_volume_forecast,network_volume_forecast|router__general__packet_length_min,temporal,linear,322,322,347,322,propagated real-source observation mask,matched,347.0,[],0.4432657346315914,0.437513306608299,0.2910662824207493,-0.5229030684867546,ok,0.9870226196751405,-0.013062322207267352,True,18.0,18.0,False,44.0,primary,p1,qualification,1339,row_resample,4320,9000,360,3,24,322,,,
C0066,network_volume_forecast,network_volume_forecast|router__general__packet_length_min,temporal,linear,320,320,345,345,propagated real-source observation mask,matched,345.0,[],0.43547613815135483,0.43547613815135483,0.2898550724637681,-0.5023926766221741,ok,1.0,0.0,True,18.0,18.0,False,44.0,primary,p1,qualification,1339,identity,4320,9000,360,3,24,320,,,
C0066,network_volume_forecast,network_volume_forecast|router__general__packet_length_min,temporal,linear,320,320,345,320,propagated real-source observation mask,matched,345.0,[],0.43547613815135483,0.434389650161006,0.2898550724637681,-0.5023926766221741,ok,0.9975050573495,-0.0024980602064096453,True,18.0,18.0,False,44.0,primary,p1,qualification,1339,block_a,4320,9000,360,3,24,320,,,
C0066,network_volume_forecast,network_volume_forecast|router__general__packet_length_min,temporal,linear,320,320,345,320,propagated real-source observation mask,matched,345.0,[],0.43547613815135483,0.43763294102717154,0.2898550724637681,-0.5023926766221741,ok,1.0049527464006929,0.004940521898861176,True,18.0,18.0,False,44.0,primary,p1,qualification,1339,block_b,4320,9000,360,3,24,320,,,
C0066,network_volume_forecast,network_volume_forecast|router__general__packet_length_min,temporal,linear,320,320,345,320,propagated real-source observation mask,matched,345.0,[],0.43547613815135483,0.4376716193907036,0.2898550724637681,-0.5023926766221741,ok,1.005041564960755,0.005028898825718936,True,18.0,18.0,False,44.0,primary,p1,qualification,1339,row_resample,4320,9000,360,3,24,320,,,
C0067,network_volume_forecast,network_volume_forecast|router__general__packet_length_min,temporal,linear,311,311,336,336,propagated real-source observation mask,matched,336.0,[],0.41967869657887236,0.41967869657887236,0.29464285714285715,-0.4243640611161728,ok,1.0,0.0,True,18.0,18.0,False,44.0,primary,p1,qualification,1339,identity,4320,9000,360,3,24,311,,,
C0067,network_volume_forecast,network_volume_forecast|router__general__packet_length_min,temporal,linear,311,311,336,311,propagated real-source observation mask,matched,336.0,[],0.41967869657887236,0.4164013064701615,0.29464285714285715,-0.4243640611161728,ok,0.9921907160515236,-0.007839936091515147,True,18.0,18.0,False,44.0,primary,p1,qualification,1339,block_a,4320,9000,360,3,24,311,,,
C0067,network_volume_forecast,network_volume_forecast|router__general__packet_length_min,temporal,linear,311,311,336,311,propagated real-source observation mask,matched,336.0,[],0.41967869657887236,0.4212346201233305,0.29464285714285715,-0.4243640611161728,ok,1.003707416071251,0.0037005605432600557,True,18.0,18.0,False,44.0,primary,p1,qualification,1339,block_b,4320,9000,360,3,24,311,,,
C0067,network_volume_forecast,network_volume_forecast|router__general__packet_length_min,temporal,linear,311,311,336,311,propagated real-source observation mask,matched,336.0,[],0.41967869657887236,0.4429761446729953,0.29464285714285715,-0.4243640611161728,ok,1.0555125820872933,0.05402650873475694,True,18.0,18.0,False,44.0,primary,p1,qualification,1339,row_resample,4320,9000,360,3,24,311,,,
C0071,network_burst_prediction,network_burst_prediction|router__iot_named__mqtt_port_packets,temporal,linear,322,322,347,347,propagated real-source observation mask,matched,347.0,[],,,,,single_class,,,,,,,,primary,p1,qualification,1339,identity,4320,9000,360,3,24,322,,,
C0071,network_burst_prediction,network_burst_prediction|router__iot_named__mqtt_port_packets,temporal,linear,322,322,347,322,propagated real-source observation mask,matched,347.0,[],,,,,single_class,,,,,,,,primary,p1,qualification,1339,block_a,4320,9000,360,3,24,322,,,
C0071,network_burst_prediction,network_burst_prediction|router__iot_named__mqtt_port_packets,temporal,linear,322,322,347,322,propagated real-source observation mask,matched,347.0,[],,,,,single_class,,,,,,,,primary,p1,qualification,1339,block_b,4320,9000,360,3,24,322,,,
C0071,network_burst_prediction,network_burst_prediction|router__iot_named__mqtt_port_packets,temporal,linear,322,322,347,322,propagated real-source observation mask,matched,347.0,[],,,,,single_class,,,,,,,,primary,p1,qualification,1339,row_resample,4320,9000,360,3,24,322,,,
C0081,network_volume_forecast,network_volume_forecast|router__iot_named__udp_count,temporal,linear,320,320,345,345,propagated real-source observation mask,matched,345.0,[],0.2097012165961371,0.2097012165961371,0.6057971014492753,0.6538424893508742,ok,1.0,0.0,True,4.0,4.0,False,0.0,primary,p1,qualification,1339,identity,4320,9000,360,3,24,320,,,
C0081,network_volume_forecast,network_volume_forecast|router__iot_named__udp_count,temporal,linear,320,320,345,320,propagated real-source observation mask,matched,345.0,[],0.2097012165961371,0.20994604776096384,0.6057971014492753,0.6538424893508742,ok,1.001167523816985,0.001166842791077862,True,4.0,4.0,False,0.0,primary,p1,qualification,1339,block_a,4320,9000,360,3,24,320,,,
C0081,network_volume_forecast,network_volume_forecast|router__iot_named__udp_count,temporal,linear,320,320,345,320,propagated real-source observation mask,matched,345.0,[],0.2097012165961371,0.20966286292308886,0.6057971014492753,0.6538424893508742,ok,0.999817103240168,-0.00018291348748399492,True,4.0,4.0,False,0.0,primary,p1,qualification,1339,block_b,4320,9000,360,3,24,320,,,
C0081,network_volume_forecast,network_volume_forecast|router__iot_named__udp_count,temporal,linear,320,320,345,320,propagated real-source observation mask,matched,345.0,[],0.2097012165961371,0.4220082399020045,0.6057971014492753,0.6538424893508742,ok,2.0124262832234723,0.6993411001855313,False,4.0,4.0,False,0.0,primary,p1,qualification,1339,row_resample,4320,9000,360,3,24,320,,,
C0082,network_volume_forecast,network_volume_forecast|router__iot_named__udp_count,temporal,linear,311,311,336,336,propagated real-source observation mask,matched,336.0,[],0.16233879491853045,0.16233879491853045,0.6078869047619048,0.7329457278206795,ok,1.0,0.0,True,4.0,4.0,False,0.0,primary,p1,qualification,1339,identity,4320,9000,360,3,24,311,,,
C0082,network_volume_forecast,network_volume_forecast|router__iot_named__udp_count,temporal,linear,311,311,336,311,propagated real-source observation mask,matched,336.0,[],0.16233879491853045,0.1653558015105174,0.6078869047619048,0.7329457278206795,ok,1.0185846309472792,0.01841404694621012,True,4.0,4.0,False,0.0,primary,p1,qualification,1339,block_a,4320,9000,360,3,24,311,,,
C0082,network_volume_forecast,network_volume_forecast|router__iot_named__udp_count,temporal,linear,311,311,336,311,propagated real-source observation mask,matched,336.0,[],0.16233879491853045,0.16475689208859262,0.6078869047619048,0.7329457278206795,ok,1.0148953746470502,0.014785528015260537,True,4.0,4.0,False,0.0,primary,p1,qualification,1339,block_b,4320,9000,360,3,24,311,,,
C0082,network_volume_forecast,network_volume_forecast|router__iot_named__udp_count,temporal,linear,311,311,336,311,propagated real-source observation mask,matched,336.0,[],0.16233879491853045,0.40172505968833,0.6078869047619048,0.7329457278206795,ok,2.4746091030793673,0.90608244539736,False,4.0,4.0,False,0.0,primary,p1,qualification,1339,row_resample,4320,9000,360,3,24,311,,,
C0085,network_volume_forecast,network_volume_forecast|router__iot_named__dns_port_packets,temporal,linear,320,320,345,345,propagated real-source observation mask,matched,345.0,[],0.03569070967000815,0.03569070967000815,0.34057971014492755,0.8952060013944442,ok,1.0,0.0,True,4.0,4.0,False,0.0,primary,p1,qualification,1339,identity,4320,9000,360,3,24,320,,,
C0085,network_volume_forecast,network_volume_forecast|router__iot_named__dns_port_packets,temporal,linear,320,320,345,320,propagated real-source observation mask,matched,345.0,[],0.03569070967000815,0.03569070967000815,0.34057971014492755,0.8952060013944442,ok,1.0,0.0,True,4.0,4.0,False,0.0,primary,p1,qualification,1339,block_a,4320,9000,360,3,24,320,,,
C0085,network_volume_forecast,network_volume_forecast|router__iot_named__dns_port_packets,temporal,linear,320,320,345,320,propagated real-source observation mask,matched,345.0,[],0.03569070967000815,0.03569070967000815,0.34057971014492755,0.8952060013944442,ok,1.0,0.0,True,4.0,4.0,False,0.0,primary,p1,qualification,1339,block_b,4320,9000,360,3,24,320,,,
C0085,network_volume_forecast,network_volume_forecast|router__iot_named__dns_port_packets,temporal,linear,320,320,345,320,propagated real-source observation mask,matched,345.0,[],0.03569070967000815,0.4132080060595781,0.34057971014492755,0.8952060013944442,ok,11.577466794021408,2.449060691221078,False,4.0,4.0,False,0.0,primary,p1,qualification,1339,row_resample,4320,9000,360,3,24,320,,,
C0086,network_volume_forecast,network_volume_forecast|router__iot_named__dns_port_packets,temporal,linear,311,311,336,336,propagated real-source observation mask,matched,336.0,[],0.031990796655388745,0.031990796655388745,0.34077380952380953,0.9061230770636628,ok,1.0,0.0,True,4.0,4.0,False,0.0,primary,p1,qualification,1339,identity,4320,9000,360,3,24,311,,,
C0086,network_volume_forecast,network_volume_forecast|router__iot_named__dns_port_packets,temporal,linear,311,311,336,311,propagated real-source observation mask,matched,336.0,[],0.031990796655388745,0.036656986832600685,0.34077380952380953,0.9061230770636628,ok,1.1458603931461,0.13615578988232688,False,4.0,4.0,False,0.0,primary,p1,qualification,1339,block_a,4320,9000,360,3,24,311,,,
C0086,network_volume_forecast,network_volume_forecast|router__iot_named__dns_port_packets,temporal,linear,311,311,336,311,propagated real-source observation mask,matched,336.0,[],0.031990796655388745,0.036656986832600685,0.34077380952380953,0.9061230770636628,ok,1.1458603931461,0.13615578988232688,False,4.0,4.0,False,0.0,primary,p1,qualification,1339,block_b,4320,9000,360,3,24,311,,,
C0086,network_volume_forecast,network_volume_forecast|router__iot_named__dns_port_packets,temporal,linear,311,311,336,311,propagated real-source observation mask,matched,336.0,[],0.031990796655388745,0.398133163856271,0.34077380952380953,0.9061230770636628,ok,12.445240677968762,2.5213382749631084,False,4.0,4.0,False,0.0,primary,p1,qualification,1339,row_resample,4320,9000,360,3,24,311,,,
C0034,network_volume_forecast,network_volume_forecast|router__general__packet_length_max,temporal,linear,322,322,347,347,propagated real-source observation mask,matched,347.0,[],2.702643805586143,2.702643805586143,2.910010462084054,0.0712597632207143,ok,1.0,0.0,True,830.5,830.5,False,5361.0,primary,p1,qualification,1340,identity,4320,9000,360,2,1,322,,,
C0034,network_volume_forecast,network_volume_forecast|router__general__packet_length_max,temporal,linear,322,322,347,322,propagated real-source observation mask,matched,347.0,[],2.702643805586143,2.572019254230961,2.910010462084054,0.0712597632207143,ok,0.9516678627478797,-0.04953918873303132,True,830.5,830.5,False,5361.0,primary,p1,qualification,1340,block_a,4320,9000,360,2,1,322,,,
C0034,network_volume_forecast,network_volume_forecast|router__general__packet_length_max,temporal,linear,322,322,347,322,propagated real-source observation mask,matched,347.0,[],2.702643805586143,2.5698713342895743,2.910010462084054,0.0712597632207143,ok,0.9508731150504781,-0.05037464799819639,True,830.5,830.5,False,5361.0,primary,p1,qualification,1340,block_b,4320,9000,360,2,1,322,,,
C0034,network_volume_forecast,network_volume_forecast|router__general__packet_length_max,temporal,linear,322,322,347,322,propagated real-source observation mask,matched,347.0,[],2.702643805586143,2.8539152431503014,2.910010462084054,0.0712597632207143,ok,1.055971651629228,0.054461339875655344,True,830.5,830.5,False,5361.0,primary,p1,qualification,1340,row_resample,4320,9000,360,2,1,322,,,
C0035,network_volume_forecast,network_volume_forecast|router__general__packet_length_max,temporal,linear,320,320,345,345,propagated real-source observation mask,matched,345.0,[],2.7658506302317827,2.7658506302317827,2.913693033001571,0.050740555403493225,ok,1.0,0.0,True,830.0,830.0,False,5361.0,primary,p1,qualification,1340,identity,4320,9000,360,2,1,320,,,
C0035,network_volume_forecast,network_volume_forecast|router__general__packet_length_max,temporal,linear,320,320,345,320,propagated real-source observation mask,matched,345.0,[],2.7658506302317827,2.618961141370431,2.913693033001571,0.050740555403493225,ok,0.9468917492304918,-0.05457050148455586,True,830.0,830.0,False,5361.0,primary,p1,qualification,1340,block_a,4320,9000,360,2,1,320,,,
C0035,network_volume_forecast,network_volume_forecast|router__general__packet_length_max,temporal,linear,320,320,345,320,propagated real-source observation mask,matched,345.0,[],2.7658506302317827,2.6174538938728924,2.913693033001571,0.050740555403493225,ok,0.9463468002440701,-0.05514618065781469,True,830.0,830.0,False,5361.0,primary,p1,qualification,1340,block_b,4320,9000,360,2,1,320,,,
C0035,network_volume_forecast,network_volume_forecast|router__general__packet_length_max,temporal,linear,320,320,345,320,propagated real-source observation mask,matched,345.0,[],2.7658506302317827,2.9773589761492065,2.913693033001571,0.050740555403493225,ok,1.0764713551793283,0.07368842825257652,True,830.0,830.0,False,5361.0,primary,p1,qualification,1340,row_resample,4320,9000,360,2,1,320,,,
C0044,network_volume_forecast,network_volume_forecast|router__general__packet_length_mean,temporal,linear,311,311,336,336,propagated real-source observation mask,matched,336.0,[],0.07298797889545423,0.07298797889545423,0.45720687272758564,0.8403611510473901,ok,1.0,0.0,True,108.3222680553805,108.3222680553805,False,506.2794759825328,primary,p1,qualification,1340,identity,4320,9000,360,2,1,311,,,
C0044,network_volume_forecast,network_volume_forecast|router__general__packet_length_mean,temporal,linear,311,311,336,311,propagated real-source observation mask,matched,336.0,[],0.07298797889545423,0.07049236447993942,0.45720687272758564,0.8403611510473901,ok,0.9658078706482687,-0.03479035621964885,True,108.3222680553805,108.3222680553805,False,506.2794759825328,primary,p1,qualification,1340,block_a,4320,9000,360,2,1,311,,,
C0044,network_volume_forecast,network_volume_forecast|router__general__packet_length_mean,temporal,linear,311,311,336,311,propagated real-source observation mask,matched,336.0,[],0.07298797889545423,0.07004149153633696,0.45720687272758564,0.8403611510473901,ok,0.9596305117129256,-0.04120695223934001,True,108.3222680553805,108.3222680553805,False,506.2794759825328,primary,p1,qualification,1340,block_b,4320,9000,360,2,1,311,,,
C0044,network_volume_forecast,network_volume_forecast|router__general__packet_length_mean,temporal,linear,311,311,336,311,propagated real-source observation mask,matched,336.0,[],0.07298797889545423,0.465810472634864,0.45720687272758564,0.8403611510473901,ok,6.382016322195698,1.8534840853889294,False,108.3222680553805,108.3222680553805,False,506.2794759825328,primary,p1,qualification,1340,row_resample,4320,9000,360,2,1,311,,,
C0065,network_volume_forecast,network_volume_forecast|router__general__packet_length_min,temporal,linear,322,322,347,347,propagated real-source observation mask,matched,347.0,[],0.4432657346315914,0.4432657346315914,0.2910662824207493,-0.5229030684867546,ok,1.0,0.0,True,18.0,18.0,False,44.0,primary,p1,qualification,1340,identity,4320,9000,360,2,1,322,,,
C0065,network_volume_forecast,network_volume_forecast|router__general__packet_length_min,temporal,linear,322,322,347,322,propagated real-source observation mask,matched,347.0,[],0.4432657346315914,0.4386636089964919,0.2910662824207493,-0.5229030684867546,ok,0.989617682406865,-0.010436589826969102,True,18.0,18.0,False,44.0,primary,p1,qualification,1340,block_a,4320,9000,360,2,1,322,,,
C0065,network_volume_forecast,network_volume_forecast|router__general__packet_length_min,temporal,linear,322,322,347,322,propagated real-source observation mask,matched,347.0,[],0.4432657346315914,0.4386636089964919,0.2910662824207493,-0.5229030684867546,ok,0.989617682406865,-0.010436589826969102,True,18.0,18.0,False,44.0,primary,p1,qualification,1340,block_b,4320,9000,360,2,1,322,,,
C0065,network_volume_forecast,network_volume_forecast|router__general__packet_length_min,temporal,linear,322,322,347,322,propagated real-source observation mask,matched,347.0,[],0.4432657346315914,0.43710341997291136,0.2910662824207493,-0.5229030684867546,ok,0.9860979223584658,-0.013999616573904236,True,18.0,18.0,False,44.0,primary,p1,qualification,1340,row_resample,4320,9000,360,2,1,322,,,
C0066,network_volume_forecast,network_volume_forecast|router__general__packet_length_min,temporal,linear,320,320,345,345,propagated real-source observation mask,matched,345.0,[],0.43547613815135483,0.43547613815135483,0.2898550724637681,-0.5023926766221741,ok,1.0,0.0,True,18.0,18.0,False,44.0,primary,p1,qualification,1340,identity,4320,9000,360,2,1,320,,,
C0066,network_volume_forecast,network_volume_forecast|router__general__packet_length_min,temporal,linear,320,320,345,320,propagated real-source observation mask,matched,345.0,[],0.43547613815135483,0.43578408534770224,0.2898550724637681,-0.5023926766221741,ok,1.000707150563185,0.0007069006500360799,True,18.0,18.0,False,44.0,primary,p1,qualification,1340,block_a,4320,9000,360,2,1,320,,,
C0066,network_volume_forecast,network_volume_forecast|router__general__packet_length_min,temporal,linear,320,320,345,320,propagated real-source observation mask,matched,345.0,[],0.43547613815135483,0.43701220359965687,0.2898550724637681,-0.5023926766221741,ok,1.0035273240339249,0.0035211176169186566,True,18.0,18.0,False,44.0,primary,p1,qualification,1340,block_b,4320,9000,360,2,1,320,,,
C0066,network_volume_forecast,network_volume_forecast|router__general__packet_length_min,temporal,linear,320,320,345,320,propagated real-source observation mask,matched,345.0,[],0.43547613815135483,0.43405997387787015,0.2898550724637681,-0.5023926766221741,ok,0.9967480094787824,-0.0032572897341716783,True,18.0,18.0,False,44.0,primary,p1,qualification,1340,row_resample,4320,9000,360,2,1,320,,,
C0067,network_volume_forecast,network_volume_forecast|router__general__packet_length_min,temporal,linear,311,311,336,336,propagated real-source observation mask,matched,336.0,[],0.41967869657887236,0.41967869657887236,0.29464285714285715,-0.4243640611161728,ok,1.0,0.0,True,18.0,18.0,False,44.0,primary,p1,qualification,1340,identity,4320,9000,360,2,1,311,,,
C0067,network_volume_forecast,network_volume_forecast|router__general__packet_length_min,temporal,linear,311,311,336,311,propagated real-source observation mask,matched,336.0,[],0.41967869657887236,0.4164013064701615,0.29464285714285715,-0.4243640611161728,ok,0.9921907160515236,-0.007839936091515147,True,18.0,18.0,False,44.0,primary,p1,qualification,1340,block_a,4320,9000,360,2,1,311,,,
C0067,network_volume_forecast,network_volume_forecast|router__general__packet_length_min,temporal,linear,311,311,336,311,propagated real-source observation mask,matched,336.0,[],0.41967869657887236,0.41608957028943155,0.29464285714285715,-0.4243640611161728,ok,0.9914479188038408,-0.008588860083364938,True,18.0,18.0,False,44.0,primary,p1,qualification,1340,block_b,4320,9000,360,2,1,311,,,
C0067,network_volume_forecast,network_volume_forecast|router__general__packet_length_min,temporal,linear,311,311,336,311,propagated real-source observation mask,matched,336.0,[],0.41967869657887236,0.4385995467460765,0.29464285714285715,-0.4243640611161728,ok,1.0450841329842155,0.044097392208757726,True,18.0,18.0,False,44.0,primary,p1,qualification,1340,row_resample,4320,9000,360,2,1,311,,,
C0071,network_burst_prediction,network_burst_prediction|router__iot_named__mqtt_port_packets,temporal,linear,322,322,347,347,propagated real-source observation mask,matched,347.0,[],,,,,single_class,,,,,,,,primary,p1,qualification,1340,identity,4320,9000,360,2,1,322,,,
C0071,network_burst_prediction,network_burst_prediction|router__iot_named__mqtt_port_packets,temporal,linear,322,322,347,322,propagated real-source observation mask,matched,347.0,[],,,,,single_class,,,,,,,,primary,p1,qualification,1340,block_a,4320,9000,360,2,1,322,,,
C0071,network_burst_prediction,network_burst_prediction|router__iot_named__mqtt_port_packets,temporal,linear,322,322,347,322,propagated real-source observation mask,matched,347.0,[],,,,,single_class,,,,,,,,primary,p1,qualification,1340,block_b,4320,9000,360,2,1,322,,,
C0071,network_burst_prediction,network_burst_prediction|router__iot_named__mqtt_port_packets,temporal,linear,322,322,347,322,propagated real-source observation mask,matched,347.0,[],,,,,single_class,,,,,,,,primary,p1,qualification,1340,row_resample,4320,9000,360,2,1,322,,,
C0081,network_volume_forecast,network_volume_forecast|router__iot_named__udp_count,temporal,linear,320,320,345,345,propagated real-source observation mask,matched,345.0,[],0.2097012165961371,0.2097012165961371,0.6057971014492753,0.6538424893508742,ok,1.0,0.0,True,4.0,4.0,False,0.0,primary,p1,qualification,1340,identity,4320,9000,360,2,1,320,,,
C0081,network_volume_forecast,network_volume_forecast|router__iot_named__udp_count,temporal,linear,320,320,345,320,propagated real-source observation mask,matched,345.0,[],0.2097012165961371,0.20994604776096384,0.6057971014492753,0.6538424893508742,ok,1.001167523816985,0.001166842791077862,True,4.0,4.0,False,0.0,primary,p1,qualification,1340,block_a,4320,9000,360,2,1,320,,,
C0081,network_volume_forecast,network_volume_forecast|router__iot_named__udp_count,temporal,linear,320,320,345,320,propagated real-source observation mask,matched,345.0,[],0.2097012165961371,0.2099437841075635,0.6057971014492753,0.6538424893508742,ok,1.0011567291566723,0.0011560606609640174,True,4.0,4.0,False,0.0,primary,p1,qualification,1340,block_b,4320,9000,360,2,1,320,,,
C0081,network_volume_forecast,network_volume_forecast|router__iot_named__udp_count,temporal,linear,320,320,345,320,propagated real-source observation mask,matched,345.0,[],0.2097012165961371,0.3989071293169433,0.6057971014492753,0.6538424893508742,ok,1.9022642586056009,0.6430448916992354,False,4.0,4.0,False,0.0,primary,p1,qualification,1340,row_resample,4320,9000,360,2,1,320,,,
C0082,network_volume_forecast,network_volume_forecast|router__iot_named__udp_count,temporal,linear,311,311,336,336,propagated real-source observation mask,matched,336.0,[],0.16233879491853045,0.16233879491853045,0.6078869047619048,0.7329457278206795,ok,1.0,0.0,True,4.0,4.0,False,0.0,primary,p1,qualification,1340,identity,4320,9000,360,2,1,311,,,
C0082,network_volume_forecast,network_volume_forecast|router__iot_named__udp_count,temporal,linear,311,311,336,311,propagated real-source observation mask,matched,336.0,[],0.16233879491853045,0.16535580151051743,0.6078869047619048,0.7329457278206795,ok,1.0185846309472795,0.01841404694621034,True,4.0,4.0,False,0.0,primary,p1,qualification,1340,block_a,4320,9000,360,2,1,311,,,
C0082,network_volume_forecast,network_volume_forecast|router__iot_named__udp_count,temporal,linear,311,311,336,311,propagated real-source observation mask,matched,336.0,[],0.16233879491853045,0.1653460565353513,0.6078869047619048,0.7329457278206795,ok,1.0185246023190577,0.01835511183634108,True,4.0,4.0,False,0.0,primary,p1,qualification,1340,block_b,4320,9000,360,2,1,311,,,
C0082,network_volume_forecast,network_volume_forecast|router__iot_named__udp_count,temporal,linear,311,311,336,311,propagated real-source observation mask,matched,336.0,[],0.16233879491853045,0.42777119592464363,0.6078869047619048,0.7329457278206795,ok,2.6350521829321214,0.9689029855665396,False,4.0,4.0,False,0.0,primary,p1,qualification,1340,row_resample,4320,9000,360,2,1,311,,,
C0085,network_volume_forecast,network_volume_forecast|router__iot_named__dns_port_packets,temporal,linear,320,320,345,345,propagated real-source observation mask,matched,345.0,[],0.03569070967000815,0.03569070967000815,0.34057971014492755,0.8952060013944442,ok,1.0,0.0,True,4.0,4.0,False,0.0,primary,p1,qualification,1340,identity,4320,9000,360,2,1,320,,,
C0085,network_volume_forecast,network_volume_forecast|router__iot_named__dns_port_packets,temporal,linear,320,320,345,320,propagated real-source observation mask,matched,345.0,[],0.03569070967000815,0.03569070967000815,0.34057971014492755,0.8952060013944442,ok,1.0,0.0,True,4.0,4.0,False,0.0,primary,p1,qualification,1340,block_a,4320,9000,360,2,1,320,,,
C0085,network_volume_forecast,network_volume_forecast|router__iot_named__dns_port_packets,temporal,linear,320,320,345,320,propagated real-source observation mask,matched,345.0,[],0.03569070967000815,0.03572660910732885,0.34057971014492755,0.8952060013944442,ok,1.00100584823481,0.001005342708434499,True,4.0,4.0,False,0.0,primary,p1,qualification,1340,block_b,4320,9000,360,2,1,320,,,
C0085,network_volume_forecast,network_volume_forecast|router__iot_named__dns_port_packets,temporal,linear,320,320,345,320,propagated real-source observation mask,matched,345.0,[],0.03569070967000815,0.4069791654886556,0.34057971014492755,0.8952060013944442,ok,11.402944050469554,2.433871572100837,False,4.0,4.0,False,0.0,primary,p1,qualification,1340,row_resample,4320,9000,360,2,1,320,,,
C0086,network_volume_forecast,network_volume_forecast|router__iot_named__dns_port_packets,temporal,linear,311,311,336,336,propagated real-source observation mask,matched,336.0,[],0.031990796655388745,0.031990796655388745,0.34077380952380953,0.9061230770636628,ok,1.0,0.0,True,4.0,4.0,False,0.0,primary,p1,qualification,1340,identity,4320,9000,360,2,1,311,,,
C0086,network_volume_forecast,network_volume_forecast|router__iot_named__dns_port_packets,temporal,linear,311,311,336,311,propagated real-source observation mask,matched,336.0,[],0.031990796655388745,0.036656986832600685,0.34077380952380953,0.9061230770636628,ok,1.1458603931461,0.13615578988232688,False,4.0,4.0,False,0.0,primary,p1,qualification,1340,block_a,4320,9000,360,2,1,311,,,
C0086,network_volume_forecast,network_volume_forecast|router__iot_named__dns_port_packets,temporal,linear,311,311,336,311,propagated real-source observation mask,matched,336.0,[],0.031990796655388745,0.036694708695918676,0.34077380952380953,0.9061230770636628,ok,1.1470395405028957,0.13718431052855182,False,4.0,4.0,False,0.0,primary,p1,qualification,1340,block_b,4320,9000,360,2,1,311,,,
C0086,network_volume_forecast,network_volume_forecast|router__iot_named__dns_port_packets,temporal,linear,311,311,336,311,propagated real-source observation mask,matched,336.0,[],0.031990796655388745,0.4211170713099743,0.34077380952380953,0.9061230770636628,ok,13.163694416438938,2.5774626172321145,False,4.0,4.0,False,0.0,primary,p1,qualification,1340,row_resample,4320,9000,360,2,1,311,,,
C0034,network_volume_forecast,network_volume_forecast|router__general__packet_length_max,temporal,linear,322,322,347,347,propagated real-source observation mask,matched,347.0,[],2.702643805586143,2.702643805586143,2.910010462084054,0.0712597632207143,ok,1.0,0.0,True,830.5,830.5,False,5361.0,primary,p1,qualification,1341,identity,4320,9000,360,8,20,322,,,
C0034,network_volume_forecast,network_volume_forecast|router__general__packet_length_max,temporal,linear,322,322,347,322,propagated real-source observation mask,matched,347.0,[],2.702643805586143,2.6537641992843906,2.910010462084054,0.0712597632207143,ok,0.9819141515427515,-0.01825139650342619,True,830.5,830.5,False,5361.0,primary,p1,qualification,1341,block_a,4320,9000,360,8,20,322,,,
C0034,network_volume_forecast,network_volume_forecast|router__general__packet_length_max,temporal,linear,322,322,347,322,propagated real-source observation mask,matched,347.0,[],2.702643805586143,2.7125379621359094,2.910010462084054,0.0712597632207143,ok,1.0036609177018874,0.0036542328528312027,True,830.5,830.5,False,5361.0,primary,p1,qualification,1341,block_b,4320,9000,360,8,20,322,,,
C0034,network_volume_forecast,network_volume_forecast|router__general__packet_length_max,temporal,linear,322,322,347,322,propagated real-source observation mask,matched,347.0,[],2.702643805586143,2.951256774030541,2.910010462084054,0.0712597632207143,ok,1.0919888029382694,0.08800062355061003,True,830.5,830.5,False,5361.0,primary,p1,qualification,1341,row_resample,4320,9000,360,8,20,322,,,
C0035,network_volume_forecast,network_volume_forecast|router__general__packet_length_max,temporal,linear,320,320,345,345,propagated real-source observation mask,matched,345.0,[],2.7658506302317827,2.7658506302317827,2.913693033001571,0.050740555403493225,ok,1.0,0.0,True,830.0,830.0,False,5361.0,primary,p1,qualification,1341,identity,4320,9000,360,8,20,320,,,
C0035,network_volume_forecast,network_volume_forecast|router__general__packet_length_max,temporal,linear,320,320,345,320,propagated real-source observation mask,matched,345.0,[],2.7658506302317827,2.6288143365559264,2.913693033001571,0.050740555403493225,ok,0.9504541958347287,-0.05081530776269874,True,830.0,830.0,False,5361.0,primary,p1,qualification,1341,block_a,4320,9000,360,8,20,320,,,
C0035,network_volume_forecast,network_volume_forecast|router__general__packet_length_max,temporal,linear,320,320,345,320,propagated real-source observation mask,matched,345.0,[],2.7658506302317827,2.758267177225953,2.913693033001571,0.050740555403493225,ok,0.9972581841828552,-0.002745581478874669,True,830.0,830.0,False,5361.0,primary,p1,qualification,1341,block_b,4320,9000,360,8,20,320,,,
C0035,network_volume_forecast,network_volume_forecast|router__general__packet_length_max,temporal,linear,320,320,345,320,propagated real-source observation mask,matched,345.0,[],2.7658506302317827,3.2885197208970465,2.913693033001571,0.050740555403493225,ok,1.1889722767210547,0.1730893009700789,False,830.0,830.0,False,5361.0,primary,p1,qualification,1341,row_resample,4320,9000,360,8,20,320,,,
C0044,network_volume_forecast,network_volume_forecast|router__general__packet_length_mean,temporal,linear,311,311,336,336,propagated real-source observation mask,matched,336.0,[],0.07298797889545423,0.07298797889545423,0.45720687272758564,0.8403611510473901,ok,1.0,0.0,True,108.3222680553805,108.3222680553805,False,506.2794759825328,primary,p1,qualification,1341,identity,4320,9000,360,8,20,311,,,
C0044,network_volume_forecast,network_volume_forecast|router__general__packet_length_mean,temporal,linear,311,311,336,311,propagated real-source observation mask,matched,336.0,[],0.07298797889545423,0.07075230506146962,0.45720687272758564,0.8403611510473901,ok,0.9693692870001659,-0.03110963855660153,True,108.3222680553805,108.3222680553805,False,506.2794759825328,primary,p1,qualification,1341,block_a,4320,9000,360,8,20,311,,,
C0044,network_volume_forecast,network_volume_forecast|router__general__packet_length_mean,temporal,linear,311,311,336,311,propagated real-source observation mask,matched,336.0,[],0.07298797889545423,0.07228154970654994,0.45720687272758564,0.8403611510473901,ok,0.9903212940049189,-0.009725849106112868,True,108.3222680553805,108.3222680553805,False,506.2794759825328,primary,p1,qualification,1341,block_b,4320,9000,360,8,20,311,,,
C0044,network_volume_forecast,network_volume_forecast|router__general__packet_length_mean,temporal,linear,311,311,336,311,propagated real-source observation mask,matched,336.0,[],0.07298797889545423,0.3926287387115601,0.45720687272758564,0.8403611510473901,ok,5.379361706589377,1.682569725237301,False,108.3222680553805,108.3222680553805,False,506.2794759825328,primary,p1,qualification,1341,row_resample,4320,9000,360,8,20,311,,,
C0065,network_volume_forecast,network_volume_forecast|router__general__packet_length_min,temporal,linear,322,322,347,347,propagated real-source observation mask,matched,347.0,[],0.4432657346315914,0.4432657346315914,0.2910662824207493,-0.5229030684867546,ok,1.0,0.0,True,18.0,18.0,False,44.0,primary,p1,qualification,1341,identity,4320,9000,360,8,20,322,,,
C0065,network_volume_forecast,network_volume_forecast|router__general__packet_length_min,temporal,linear,322,322,347,322,propagated real-source observation mask,matched,347.0,[],0.4432657346315914,0.43755139397734305,0.2910662824207493,-0.5229030684867546,ok,0.9871085441355,-0.012975271800497127,True,18.0,18.0,False,44.0,primary,p1,qualification,1341,block_a,4320,9000,360,8,20,322,,,
C0065,network_volume_forecast,network_volume_forecast|router__general__packet_length_min,temporal,linear,322,322,347,322,propagated real-source observation mask,matched,347.0,[],0.4432657346315914,0.4403611968163156,0.2910662824207493,-0.5229030684867546,ok,0.9934474118156463,-0.00657415063516545,True,18.0,18.0,False,44.0,primary,p1,qualification,1341,block_b,4320,9000,360,8,20,322,,,
C0065,network_volume_forecast,network_volume_forecast|router__general__packet_length_min,temporal,linear,322,322,347,322,propagated real-source observation mask,matched,347.0,[],0.4432657346315914,0.4484990551829456,0.2910662824207493,-0.5229030684867546,ok,1.0118062826482712,0.011737132234035916,True,18.0,18.0,False,44.0,primary,p1,qualification,1341,row_resample,4320,9000,360,8,20,322,,,
C0066,network_volume_forecast,network_volume_forecast|router__general__packet_length_min,temporal,linear,320,320,345,345,propagated real-source observation mask,matched,345.0,[],0.43547613815135483,0.43547613815135483,0.2898550724637681,-0.5023926766221741,ok,1.0,0.0,True,18.0,18.0,False,44.0,primary,p1,qualification,1341,identity,4320,9000,360,8,20,320,,,
C0066,network_volume_forecast,network_volume_forecast|router__general__packet_length_min,temporal,linear,320,320,345,320,propagated real-source observation mask,matched,345.0,[],0.43547613815135483,0.43566894975072196,0.2898550724637681,-0.5023926766221741,ok,1.0004427604235346,0.00044266243406115423,True,18.0,18.0,False,44.0,primary,p1,qualification,1341,block_a,4320,9000,360,8,20,320,,,
C0066,network_volume_forecast,network_volume_forecast|router__general__packet_length_min,temporal,linear,320,320,345,320,propagated real-source observation mask,matched,345.0,[],0.43547613815135483,0.43900080866282276,0.2898550724637681,-0.5023926766221741,ok,1.0080938315620014,0.008061252183928183,True,18.0,18.0,False,44.0,primary,p1,qualification,1341,block_b,4320,9000,360,8,20,320,,,
C0066,network_volume_forecast,network_volume_forecast|router__general__packet_length_min,temporal,linear,320,320,345,320,propagated real-source observation mask,matched,345.0,[],0.43547613815135483,0.4412255008782938,0.2898550724637681,-0.5023926766221741,ok,1.0132024747701347,0.013116081671155265,True,18.0,18.0,False,44.0,primary,p1,qualification,1341,row_resample,4320,9000,360,8,20,320,,,
C0067,network_volume_forecast,network_volume_forecast|router__general__packet_length_min,temporal,linear,311,311,336,336,propagated real-source observation mask,matched,336.0,[],0.41967869657887236,0.41967869657887236,0.29464285714285715,-0.4243640611161728,ok,1.0,0.0,True,18.0,18.0,False,44.0,primary,p1,qualification,1341,identity,4320,9000,360,8,20,311,,,
C0067,network_volume_forecast,network_volume_forecast|router__general__packet_length_min,temporal,linear,311,311,336,311,propagated real-source observation mask,matched,336.0,[],0.41967869657887236,0.4164013064701615,0.29464285714285715,-0.4243640611161728,ok,0.9921907160515236,-0.007839936091515147,True,18.0,18.0,False,44.0,primary,p1,qualification,1341,block_a,4320,9000,360,8,20,311,,,
C0067,network_volume_forecast,network_volume_forecast|router__general__packet_length_min,temporal,linear,311,311,336,311,propagated real-source observation mask,matched,336.0,[],0.41967869657887236,0.41910127042618756,0.29464285714285715,-0.4243640611161728,ok,0.9986241232700352,-0.0013768241174447501,True,18.0,18.0,False,44.0,primary,p1,qualification,1341,block_b,4320,9000,360,8,20,311,,,
C0067,network_volume_forecast,network_volume_forecast|router__general__packet_length_min,temporal,linear,311,311,336,311,propagated real-source observation mask,matched,336.0,[],0.41967869657887236,0.44016046526752123,0.29464285714285715,-0.4243640611161728,ok,1.0488034509628716,0.047649943853693755,True,18.0,18.0,False,44.0,primary,p1,qualification,1341,row_resample,4320,9000,360,8,20,311,,,
C0071,network_burst_prediction,network_burst_prediction|router__iot_named__mqtt_port_packets,temporal,linear,322,322,347,347,propagated real-source observation mask,matched,347.0,[],,,,,single_class,,,,,,,,primary,p1,qualification,1341,identity,4320,9000,360,8,20,322,,,
C0071,network_burst_prediction,network_burst_prediction|router__iot_named__mqtt_port_packets,temporal,linear,322,322,347,322,propagated real-source observation mask,matched,347.0,[],,,,,single_class,,,,,,,,primary,p1,qualification,1341,block_a,4320,9000,360,8,20,322,,,
C0071,network_burst_prediction,network_burst_prediction|router__iot_named__mqtt_port_packets,temporal,linear,322,322,347,322,propagated real-source observation mask,matched,347.0,[],,,,,single_class,,,,,,,,primary,p1,qualification,1341,block_b,4320,9000,360,8,20,322,,,
C0071,network_burst_prediction,network_burst_prediction|router__iot_named__mqtt_port_packets,temporal,linear,322,322,347,322,propagated real-source observation mask,matched,347.0,[],,,,,single_class,,,,,,,,primary,p1,qualification,1341,row_resample,4320,9000,360,8,20,322,,,
C0081,network_volume_forecast,network_volume_forecast|router__iot_named__udp_count,temporal,linear,320,320,345,345,propagated real-source observation mask,matched,345.0,[],0.2097012165961371,0.2097012165961371,0.6057971014492753,0.6538424893508742,ok,1.0,0.0,True,4.0,4.0,False,0.0,primary,p1,qualification,1341,identity,4320,9000,360,8,20,320,,,
C0081,network_volume_forecast,network_volume_forecast|router__iot_named__udp_count,temporal,linear,320,320,345,320,propagated real-source observation mask,matched,345.0,[],0.2097012165961371,0.20994604776096384,0.6057971014492753,0.6538424893508742,ok,1.001167523816985,0.001166842791077862,True,4.0,4.0,False,0.0,primary,p1,qualification,1341,block_a,4320,9000,360,8,20,320,,,
C0081,network_volume_forecast,network_volume_forecast|router__iot_named__udp_count,temporal,linear,320,320,345,320,propagated real-source observation mask,matched,345.0,[],0.2097012165961371,0.21004460970745217,0.6057971014492753,0.6538424893508742,ok,1.0016375351411355,0.0016361958423661423,True,4.0,4.0,False,0.0,primary,p1,qualification,1341,block_b,4320,9000,360,8,20,320,,,
C0081,network_volume_forecast,network_volume_forecast|router__iot_named__udp_count,temporal,linear,320,320,345,320,propagated real-source observation mask,matched,345.0,[],0.2097012165961371,0.4028457565421118,0.6057971014492753,0.6538424893508742,ok,1.9210463490917706,0.6528700110808672,False,4.0,4.0,False,0.0,primary,p1,qualification,1341,row_resample,4320,9000,360,8,20,320,,,
C0082,network_volume_forecast,network_volume_forecast|router__iot_named__udp_count,temporal,linear,311,311,336,336,propagated real-source observation mask,matched,336.0,[],0.16233879491853045,0.16233879491853045,0.6078869047619048,0.7329457278206795,ok,1.0,0.0,True,4.0,4.0,False,0.0,primary,p1,qualification,1341,identity,4320,9000,360,8,20,311,,,
C0082,network_volume_forecast,network_volume_forecast|router__iot_named__udp_count,temporal,linear,311,311,336,311,propagated real-source observation mask,matched,336.0,[],0.16233879491853045,0.16535580151051743,0.6078869047619048,0.7329457278206795,ok,1.0185846309472795,0.01841404694621034,True,4.0,4.0,False,0.0,primary,p1,qualification,1341,block_a,4320,9000,360,8,20,311,,,
C0082,network_volume_forecast,network_volume_forecast|router__iot_named__udp_count,temporal,linear,311,311,336,311,propagated real-source observation mask,matched,336.0,[],0.16233879491853045,0.165199796403474,0.6078869047619048,0.7329457278206795,ok,1.0176236461923924,0.017470150551107465,True,4.0,4.0,False,0.0,primary,p1,qualification,1341,block_b,4320,9000,360,8,20,311,,,
C0082,network_volume_forecast,network_volume_forecast|router__iot_named__udp_count,temporal,linear,311,311,336,311,propagated real-source observation mask,matched,336.0,[],0.16233879491853045,0.4594886208277632,0.6078869047619048,0.7329457278206795,ok,2.8304301572421866,1.0404286991299725,False,4.0,4.0,False,0.0,primary,p1,qualification,1341,row_resample,4320,9000,360,8,20,311,,,
C0085,network_volume_forecast,network_volume_forecast|router__iot_named__dns_port_packets,temporal,linear,320,320,345,345,propagated real-source observation mask,matched,345.0,[],0.03569070967000815,0.03569070967000815,0.34057971014492755,0.8952060013944442,ok,1.0,0.0,True,4.0,4.0,False,0.0,primary,p1,qualification,1341,identity,4320,9000,360,8,20,320,,,
C0085,network_volume_forecast,network_volume_forecast|router__iot_named__dns_port_packets,temporal,linear,320,320,345,320,propagated real-source observation mask,matched,345.0,[],0.03569070967000815,0.03569070967000815,0.34057971014492755,0.8952060013944442,ok,1.0,0.0,True,4.0,4.0,False,0.0,primary,p1,qualification,1341,block_a,4320,9000,360,8,20,320,,,
C0085,network_volume_forecast,network_volume_forecast|router__iot_named__dns_port_packets,temporal,linear,320,320,345,320,propagated real-source observation mask,matched,345.0,[],0.03569070967000815,0.03569070967000815,0.34057971014492755,0.8952060013944442,ok,1.0,0.0,True,4.0,4.0,False,0.0,primary,p1,qualification,1341,block_b,4320,9000,360,8,20,320,,,
C0085,network_volume_forecast,network_volume_forecast|router__iot_named__dns_port_packets,temporal,linear,320,320,345,320,propagated real-source observation mask,matched,345.0,[],0.03569070967000815,0.41054233312776856,0.34057971014492755,0.8952060013944442,ok,11.502778648101755,2.4425886277574786,False,4.0,4.0,False,0.0,primary,p1,qualification,1341,row_resample,4320,9000,360,8,20,320,,,
C0086,network_volume_forecast,network_volume_forecast|router__iot_named__dns_port_packets,temporal,linear,311,311,336,336,propagated real-source observation mask,matched,336.0,[],0.031990796655388745,0.031990796655388745,0.34077380952380953,0.9061230770636628,ok,1.0,0.0,True,4.0,4.0,False,0.0,primary,p1,qualification,1341,identity,4320,9000,360,8,20,311,,,
C0086,network_volume_forecast,network_volume_forecast|router__iot_named__dns_port_packets,temporal,linear,311,311,336,311,propagated real-source observation mask,matched,336.0,[],0.031990796655388745,0.036656986832600685,0.34077380952380953,0.9061230770636628,ok,1.1458603931461,0.13615578988232688,False,4.0,4.0,False,0.0,primary,p1,qualification,1341,block_a,4320,9000,360,8,20,311,,,
C0086,network_volume_forecast,network_volume_forecast|router__iot_named__dns_port_packets,temporal,linear,311,311,336,311,propagated real-source observation mask,matched,336.0,[],0.031990796655388745,0.036656986832600685,0.34077380952380953,0.9061230770636628,ok,1.1458603931461,0.13615578988232688,False,4.0,4.0,False,0.0,primary,p1,qualification,1341,block_b,4320,9000,360,8,20,311,,,
C0086,network_volume_forecast,network_volume_forecast|router__iot_named__dns_port_packets,temporal,linear,311,311,336,311,propagated real-source observation mask,matched,336.0,[],0.031990796655388745,0.45184607947746713,0.34077380952380953,0.9061230770636628,ok,14.124252182427446,2.647893332793988,False,4.0,4.0,False,0.0,primary,p1,qualification,1341,row_resample,4320,9000,360,8,20,311,,,
C0034,network_volume_forecast,network_volume_forecast|router__general__packet_length_max,temporal,linear,322,322,347,347,propagated real-source observation mask,matched,347.0,[],3.1543957657685824,3.1543957657685824,2.6637400267777593,-0.1841980576401645,ok,1.0,0.0,True,579.0,579.0,False,4631.0,primary,p2,calibration,1337,identity,1800,8280,360,2,22,322,,,
C0034,network_volume_forecast,network_volume_forecast|router__general__packet_length_max,temporal,linear,322,322,347,322,propagated real-source observation mask,matched,347.0,[],3.1543957657685824,3.254659909935905,2.6637400267777593,-0.1841980576401645,ok,1.0317855309265205,0.031290826592386724,True,579.0,579.0,False,4631.0,primary,p2,calibration,1337,block_a,1800,8280,360,2,22,322,,,
C0034,network_volume_forecast,network_volume_forecast|router__general__packet_length_max,temporal,linear,322,322,347,322,propagated real-source observation mask,matched,347.0,[],3.1543957657685824,3.064354303103878,2.6637400267777593,-0.1841980576401645,ok,0.9714552423504267,-0.028960081889410457,True,579.0,579.0,False,4631.0,primary,p2,calibration,1337,block_b,1800,8280,360,2,22,322,,,
C0034,network_volume_forecast,network_volume_forecast|router__general__packet_length_max,temporal,linear,322,322,347,322,propagated real-source observation mask,matched,347.0,[],3.1543957657685824,3.457661205681543,2.6637400267777593,-0.1841980576401645,ok,1.0961405804572746,0.09179544714091496,True,579.0,579.0,False,4631.0,primary,p2,calibration,1337,row_resample,1800,8280,360,2,22,322,,,
C0035,network_volume_forecast,network_volume_forecast|router__general__packet_length_max,temporal,linear,320,320,345,345,propagated real-source observation mask,matched,345.0,[],3.2366983562985774,3.2366983562985774,2.655497251374313,-0.2188671461149028,ok,1.0,0.0,True,580.0,580.0,False,4631.0,primary,p2,calibration,1337,identity,1800,8280,360,2,22,320,,,
C0035,network_volume_forecast,network_volume_forecast|router__general__packet_length_max,temporal,linear,320,320,345,320,propagated real-source observation mask,matched,345.0,[],3.2366983562985774,3.2240638510509196,2.655497251374313,-0.2188671461149028,ok,0.9960964835592198,-0.00391115504584202,True,580.0,580.0,False,4631.0,primary,p2,calibration,1337,block_a,1800,8280,360,2,22,320,,,
C0035,network_volume_forecast,network_volume_forecast|router__general__packet_length_max,temporal,linear,320,320,345,320,propagated real-source observation mask,matched,345.0,[],3.2366983562985774,3.0150963701982025,2.655497251374313,-0.2188671461149028,ok,0.9315345572227514,-0.0709219911608297,True,580.0,580.0,False,4631.0,primary,p2,calibration,1337,block_b,1800,8280,360,2,22,320,,,
C0035,network_volume_forecast,network_volume_forecast|router__general__packet_length_max,temporal,linear,320,320,345,320,propagated real-source observation mask,matched,345.0,[],3.2366983562985774,3.194019396701796,2.655497251374313,-0.2188671461149028,ok,0.9868140447769164,-0.013273661780350363,True,580.0,580.0,False,4631.0,primary,p2,calibration,1337,row_resample,1800,8280,360,2,22,320,,,
C0044,network_volume_forecast,network_volume_forecast|router__general__packet_length_mean,temporal,linear,311,311,336,336,propagated real-source observation mask,matched,336.0,[],0.09841896101605763,0.09841896101605763,0.48443953971028286,0.7968395373447082,ok,1.0,0.0,True,110.18071393773658,110.18071393773658,False,518.731843575419,primary,p2,calibration,1337,identity,1800,8280,360,2,22,311,,,
C0044,network_volume_forecast,network_volume_forecast|router__general__packet_length_mean,temporal,linear,311,311,336,311,propagated real-source observation mask,matched,336.0,[],0.09841896101605763,0.1001782539691117,0.48443953971028286,0.7968395373447082,ok,1.0178755489276812,0.017717660092922704,True,110.18071393773658,110.18071393773658,False,518.731843575419,primary,p2,calibration,1337,block_a,1800,8280,360,2,22,311,,,
C0044,network_volume_forecast,network_volume_forecast|router__general__packet_length_mean,temporal,linear,311,311,336,311,propagated real-source observation mask,matched,336.0,[],0.09841896101605763,0.09963164314424601,0.48443953971028286,0.7968395373447082,ok,1.012321631072599,0.012246337637478953,True,110.18071393773658,110.18071393773658,False,518.731843575419,primary,p2,calibration,1337,block_b,1800,8280,360,2,22,311,,,
C0044,network_volume_forecast,network_volume_forecast|router__general__packet_length_mean,temporal,linear,311,311,336,311,propagated real-source observation mask,matched,336.0,[],0.09841896101605763,0.5161717842402357,0.48443953971028286,0.7968395373447082,ok,5.244637607544132,1.6572061465239851,False,110.18071393773658,110.18071393773658,False,518.731843575419,primary,p2,calibration,1337,row_resample,1800,8280,360,2,22,311,,,
C0065,network_volume_forecast,network_volume_forecast|router__general__packet_length_min,temporal,linear,322,322,347,347,propagated real-source observation mask,matched,347.0,[],0.44410596791184315,0.44410596791184315,0.34293948126801155,-0.29499807449924004,ok,1.0,0.0,True,18.0,18.0,False,44.0,primary,p2,calibration,1337,identity,1800,8280,360,2,22,322,,,
C0065,network_volume_forecast,network_volume_forecast|router__general__packet_length_min,temporal,linear,322,322,347,322,propagated real-source observation mask,matched,347.0,[],0.44410596791184315,0.448822358889347,0.34293948126801155,-0.29499807449924004,ok,1.0106199675714336,0.010563971815682222,True,18.0,18.0,False,44.0,primary,p2,calibration,1337,block_a,1800,8280,360,2,22,322,,,
C0065,network_volume_forecast,network_volume_forecast|router__general__packet_length_min,temporal,linear,322,322,347,322,propagated real-source observation mask,matched,347.0,[],0.44410596791184315,0.4530078497065082,0.34293948126801155,-0.29499807449924004,ok,1.0200444993714475,0.019846253179309464,True,18.0,18.0,False,44.0,primary,p2,calibration,1337,block_b,1800,8280,360,2,22,322,,,
C0065,network_volume_forecast,network_volume_forecast|router__general__packet_length_min,temporal,linear,322,322,347,322,propagated real-source observation mask,matched,347.0,[],0.44410596791184315,0.4642571268828522,0.34293948126801155,-0.29499807449924004,ok,1.045374663767205,0.04437535108105074,True,18.0,18.0,False,44.0,primary,p2,calibration,1337,row_resample,1800,8280,360,2,22,322,,,
C0066,network_volume_forecast,network_volume_forecast|router__general__packet_length_min,temporal,linear,320,320,345,345,propagated real-source observation mask,matched,345.0,[],0.45034004601224153,0.45034004601224153,0.34202898550724636,-0.3166721684256215,ok,1.0,0.0,True,18.0,18.0,False,44.0,primary,p2,calibration,1337,identity,1800,8280,360,2,22,320,,,
C0066,network_volume_forecast,network_volume_forecast|router__general__packet_length_min,temporal,linear,320,320,345,320,propagated real-source observation mask,matched,345.0,[],0.45034004601224153,0.44974934996039223,0.34202898550724636,-0.3166721684256215,ok,0.9986883332781974,-0.001312527709565499,True,18.0,18.0,False,44.0,primary,p2,calibration,1337,block_a,1800,8280,360,2,22,320,,,
C0066,network_volume_forecast,network_volume_forecast|router__general__packet_length_min,temporal,linear,320,320,345,320,propagated real-source observation mask,matched,345.0,[],0.45034004601224153,0.4539996170905862,0.34202898550724636,-0.3166721684256215,ok,1.0081262395177826,0.008093399424449029,True,18.0,18.0,False,44.0,primary,p2,calibration,1337,block_b,1800,8280,360,2,22,320,,,
C0066,network_volume_forecast,network_volume_forecast|router__general__packet_length_min,temporal,linear,320,320,345,320,propagated real-source observation mask,matched,345.0,[],0.45034004601224153,0.4616633181332491,0.34202898550724636,-0.3166721684256215,ok,1.0251438268065989,0.024832921582310732,True,18.0,18.0,False,44.0,primary,p2,calibration,1337,row_resample,1800,8280,360,2,22,320,,,
C0067,network_volume_forecast,network_volume_forecast|router__general__packet_length_min,temporal,linear,311,311,336,336,propagated real-source observation mask,matched,336.0,[],0.43790283883364733,0.43790283883364733,0.34821428571428575,-0.2575671269068845,ok,1.0,0.0,True,18.0,18.0,False,44.0,primary,p2,calibration,1337,identity,1800,8280,360,2,22,311,,,
C0067,network_volume_forecast,network_volume_forecast|router__general__packet_length_min,temporal,linear,311,311,336,311,propagated real-source observation mask,matched,336.0,[],0.43790283883364733,0.43617453108545673,0.34821428571428575,-0.2575671269068845,ok,0.9960532163874664,-0.003954592716978244,True,18.0,18.0,False,44.0,primary,p2,calibration,1337,block_a,1800,8280,360,2,22,311,,,
C0067,network_volume_forecast,network_volume_forecast|router__general__packet_length_min,temporal,linear,311,311,336,311,propagated real-source observation mask,matched,336.0,[],0.43790283883364733,0.4366821776695204,0.34821428571428575,-0.2575671269068845,ok,0.9972124840127135,-0.002791408344998561,True,18.0,18.0,False,44.0,primary,p2,calibration,1337,block_b,1800,8280,360,2,22,311,,,
C0067,network_volume_forecast,network_volume_forecast|router__general__packet_length_min,temporal,linear,311,311,336,311,propagated real-source observation mask,matched,336.0,[],0.43790283883364733,0.4642995916207267,0.34821428571428575,-0.2575671269068845,ok,1.0602799307202186,0.05853295884462757,True,18.0,18.0,False,44.0,primary,p2,calibration,1337,row_resample,1800,8280,360,2,22,311,,,
C0071,network_burst_prediction,network_burst_prediction|router__iot_named__mqtt_port_packets,temporal,linear,322,322,347,347,propagated real-source observation mask,matched,,,,,,,single_class,,,,,,,,primary,p2,calibration,1337,identity,1800,8280,360,2,22,322,,,
C0071,network_burst_prediction,network_burst_prediction|router__iot_named__mqtt_port_packets,temporal,linear,322,322,347,322,propagated real-source observation mask,matched,,,,,,,single_class,,,,,,,,primary,p2,calibration,1337,block_a,1800,8280,360,2,22,322,,,
C0071,network_burst_prediction,network_burst_prediction|router__iot_named__mqtt_port_packets,temporal,linear,322,322,347,322,propagated real-source observation mask,matched,,,,,,,single_class,,,,,,,,primary,p2,calibration,1337,block_b,1800,8280,360,2,22,322,,,
C0071,network_burst_prediction,network_burst_prediction|router__iot_named__mqtt_port_packets,temporal,linear,322,322,347,322,propagated real-source observation mask,matched,,,,,,,single_class,,,,,,,,primary,p2,calibration,1337,row_resample,1800,8280,360,2,22,322,,,
C0081,network_volume_forecast,network_volume_forecast|router__iot_named__udp_count,temporal,linear,320,320,345,345,propagated real-source observation mask,matched,345.0,[],0.18500515306861862,0.18500515306861862,0.4855072463768116,0.6189446100974721,ok,1.0,0.0,True,4.0,4.0,False,0.0,primary,p2,calibration,1337,identity,1800,8280,360,2,22,320,,,
C0081,network_volume_forecast,network_volume_forecast|router__iot_named__udp_count,temporal,linear,320,320,345,320,propagated real-source observation mask,matched,345.0,[],0.18500515306861862,0.18711292772470264,0.4855072463768116,0.6189446100974721,ok,1.0113930591722613,0.011328647046032678,True,4.0,4.0,False,0.0,primary,p2,calibration,1337,block_a,1800,8280,360,2,22,320,,,
C0081,network_volume_forecast,network_volume_forecast|router__iot_named__udp_count,temporal,linear,320,320,345,320,propagated real-source observation mask,matched,345.0,[],0.18500515306861862,0.1861772173593703,0.4855072463768116,0.6189446100974721,ok,1.0063353061864009,0.0063153224916371615,True,4.0,4.0,False,0.0,primary,p2,calibration,1337,block_b,1800,8280,360,2,22,320,,,
C0081,network_volume_forecast,network_volume_forecast|router__iot_named__udp_count,temporal,linear,320,320,345,320,propagated real-source observation mask,matched,345.0,[],0.18500515306861862,0.4693782913994609,0.4855072463768116,0.6189446100974721,ok,2.537109283790425,0.9310253556808968,False,4.0,4.0,False,0.0,primary,p2,calibration,1337,row_resample,1800,8280,360,2,22,320,,,
C0082,network_volume_forecast,network_volume_forecast|router__iot_named__udp_count,temporal,linear,311,311,336,336,propagated real-source observation mask,matched,336.0,[],0.17496239318234602,0.17496239318234602,0.4806547619047619,0.6359915535029829,ok,1.0,0.0,True,4.0,4.0,False,0.0,primary,p2,calibration,1337,identity,1800,8280,360,2,22,311,,,
C0082,network_volume_forecast,network_volume_forecast|router__iot_named__udp_count,temporal,linear,311,311,336,311,propagated real-source observation mask,matched,336.0,[],0.17496239318234602,0.1796582006220814,0.4806547619047619,0.6359915535029829,ok,1.0268389529562585,0.026485105559659695,True,4.0,4.0,False,0.0,primary,p2,calibration,1337,block_a,1800,8280,360,2,22,311,,,
C0082,network_volume_forecast,network_volume_forecast|router__iot_named__udp_count,temporal,linear,311,311,336,311,propagated real-source observation mask,matched,336.0,[],0.17496239318234602,0.18024952986419057,0.4806547619047619,0.6359915535029829,ok,1.0302187034920944,0.029771113189450322,True,4.0,4.0,False,0.0,primary,p2,calibration,1337,block_b,1800,8280,360,2,22,311,,,
C0082,network_volume_forecast,network_volume_forecast|router__iot_named__udp_count,temporal,linear,311,311,336,311,propagated real-source observation mask,matched,336.0,[],0.17496239318234602,0.4806345636810245,0.4806547619047619,0.6359915535029829,ok,2.7470735564305326,1.0105361837588376,False,4.0,4.0,False,0.0,primary,p2,calibration,1337,row_resample,1800,8280,360,2,22,311,,,
C0085,network_volume_forecast,network_volume_forecast|router__iot_named__dns_port_packets,temporal,linear,320,320,345,345,propagated real-source observation mask,matched,345.0,[],0.1249891603538244,0.1249891603538244,0.3507246376811594,0.6436259477514924,ok,1.0,0.0,True,4.0,4.0,False,0.0,primary,p2,calibration,1337,identity,1800,8280,360,2,22,320,,,
C0085,network_volume_forecast,network_volume_forecast|router__iot_named__dns_port_packets,temporal,linear,320,320,345,320,propagated real-source observation mask,matched,345.0,[],0.1249891603538244,0.11827614353940273,0.3507246376811594,0.6436259477514924,ok,0.9462912080102132,-0.05520492642285853,True,4.0,4.0,False,0.0,primary,p2,calibration,1337,block_a,1800,8280,360,2,22,320,,,
C0085,network_volume_forecast,network_volume_forecast|router__iot_named__dns_port_packets,temporal,linear,320,320,345,320,propagated real-source observation mask,matched,345.0,[],0.1249891603538244,0.1249891603538244,0.3507246376811594,0.6436259477514924,ok,1.0,0.0,True,4.0,4.0,False,0.0,primary,p2,calibration,1337,block_b,1800,8280,360,2,22,320,,,
C0085,network_volume_forecast,network_volume_forecast|router__iot_named__dns_port_packets,temporal,linear,320,320,345,320,propagated real-source observation mask,matched,345.0,[],0.1249891603538244,0.4787004865593628,0.3507246376811594,0.6436259477514924,ok,3.829936013685011,1.34284809644334,False,4.0,4.0,False,0.0,primary,p2,calibration,1337,row_resample,1800,8280,360,2,22,320,,,
C0086,network_volume_forecast,network_volume_forecast|router__iot_named__dns_port_packets,temporal,linear,311,311,336,336,propagated real-source observation mask,matched,336.0,[],0.11680521248046097,0.11680521248046097,0.35119047619047616,0.6674021068352975,ok,1.0,0.0,True,4.0,4.0,False,0.0,primary,p2,calibration,1337,identity,1800,8280,360,2,22,311,,,
C0086,network_volume_forecast,network_volume_forecast|router__iot_named__dns_port_packets,temporal,linear,311,311,336,311,propagated real-source observation mask,matched,336.0,[],0.11680521248046097,0.1209616082858963,0.35119047619047616,0.6674021068352975,ok,1.0355839925048773,0.03496551155762517,True,4.0,4.0,False,0.0,primary,p2,calibration,1337,block_a,1800,8280,360,2,22,311,,,
C0086,network_volume_forecast,network_volume_forecast|router__iot_named__dns_port_packets,temporal,linear,311,311,336,311,propagated real-source observation mask,matched,336.0,[],0.11680521248046097,0.12774438817267056,0.35119047619047616,0.6674021068352975,ok,1.0936531466353823,0.089523603121108,True,4.0,4.0,False,0.0,primary,p2,calibration,1337,block_b,1800,8280,360,2,22,311,,,
C0086,network_volume_forecast,network_volume_forecast|router__iot_named__dns_port_packets,temporal,linear,311,311,336,311,propagated real-source observation mask,matched,336.0,[],0.11680521248046097,0.49420327902719563,0.35119047619047616,0.6674021068352975,ok,4.231003638727727,1.442439231753568,False,4.0,4.0,False,0.0,primary,p2,calibration,1337,row_resample,1800,8280,360,2,22,311,,,
C0034,network_volume_forecast,network_volume_forecast|router__general__packet_length_max,temporal,linear,322,322,347,347,propagated real-source observation mask,matched,347.0,[],3.1543957657685824,3.1543957657685824,2.6637400267777593,-0.1841980576401645,ok,1.0,0.0,True,579.0,579.0,False,4631.0,primary,p2,calibration,1338,identity,1800,8280,360,14,7,322,,,
C0034,network_volume_forecast,network_volume_forecast|router__general__packet_length_max,temporal,linear,322,322,347,322,propagated real-source observation mask,matched,347.0,[],3.1543957657685824,3.2642225555416773,2.6637400267777593,-0.1841980576401645,ok,1.0348170609930853,0.03422465843105377,True,579.0,579.0,False,4631.0,primary,p2,calibration,1338,block_a,1800,8280,360,14,7,322,,,
C0034,network_volume_forecast,network_volume_forecast|router__general__packet_length_max,temporal,linear,322,322,347,322,propagated real-source observation mask,matched,347.0,[],3.1543957657685824,3.256326220972299,2.6637400267777593,-0.1841980576401645,ok,1.0323137813935281,0.03180267258292366,True,579.0,579.0,False,4631.0,primary,p2,calibration,1338,block_b,1800,8280,360,14,7,322,,,
C0034,network_volume_forecast,network_volume_forecast|router__general__packet_length_max,temporal,linear,322,322,347,322,propagated real-source observation mask,matched,347.0,[],3.1543957657685824,3.087004799519164,2.6637400267777593,-0.1841980576401645,ok,0.9786358557221185,-0.02159566098419431,True,579.0,579.0,False,4631.0,primary,p2,calibration,1338,row_resample,1800,8280,360,14,7,322,,,
C0035,network_volume_forecast,network_volume_forecast|router__general__packet_length_max,temporal,linear,320,320,345,345,propagated real-source observation mask,matched,345.0,[],3.2366983562985774,3.2366983562985774,2.655497251374313,-0.2188671461149028,ok,1.0,0.0,True,580.0,580.0,False,4631.0,primary,p2,calibration,1338,identity,1800,8280,360,14,7,320,,,
C0035,network_volume_forecast,network_volume_forecast|router__general__packet_length_max,temporal,linear,320,320,345,320,propagated real-source observation mask,matched,345.0,[],3.2366983562985774,3.230391342462831,2.655497251374313,-0.2188671461149028,ok,0.998051405122917,-0.0019504958579763256,True,580.0,580.0,False,4631.0,primary,p2,calibration,1338,block_a,1800,8280,360,14,7,320,,,
C0035,network_volume_forecast,network_volume_forecast|router__general__packet_length_max,temporal,linear,320,320,345,320,propagated real-source observation mask,matched,345.0,[],3.2366983562985774,3.222469191088335,2.655497251374313,-0.2188671461149028,ok,0.9956038025036987,-0.004405889187336832,True,580.0,580.0,False,4631.0,primary,p2,calibration,1338,block_b,1800,8280,360,14,7,320,,,
C0035,network_volume_forecast,network_volume_forecast|router__general__packet_length_max,temporal,linear,320,320,345,320,propagated real-source observation mask,matched,345.0,[],3.2366983562985774,3.292446562169871,2.655497251374313,-0.2188671461149028,ok,1.0172237878648185,0.017077139924336855,True,580.0,580.0,False,4631.0,primary,p2,calibration,1338,row_resample,1800,8280,360,14,7,320,,,
C0044,network_volume_forecast,network_volume_forecast|router__general__packet_length_mean,temporal,linear,311,311,336,336,propagated real-source observation mask,matched,336.0,[],0.09841896101605763,0.09841896101605763,0.48443953971028286,0.7968395373447082,ok,1.0,0.0,True,110.18071393773658,110.18071393773658,False,518.731843575419,primary,p2,calibration,1338,identity,1800,8280,360,14,7,311,,,
C0044,network_volume_forecast,network_volume_forecast|router__general__packet_length_mean,temporal,linear,311,311,336,311,propagated real-source observation mask,matched,336.0,[],0.09841896101605763,0.09921356890661757,0.48443953971028286,0.7968395373447082,ok,1.008073727687801,0.008041309521812708,True,110.18071393773658,110.18071393773658,False,518.731843575419,primary,p2,calibration,1338,block_a,1800,8280,360,14,7,311,,,
C0044,network_volume_forecast,network_volume_forecast|router__general__packet_length_mean,temporal,linear,311,311,336,311,propagated real-source observation mask,matched,336.0,[],0.09841896101605763,0.09861090997210589,0.48443953971028286,0.7968395373447082,ok,1.0019503249583883,0.0019484255439159933,True,110.18071393773658,110.18071393773658,False,518.731843575419,primary,p2,calibration,1338,block_b,1800,8280,360,14,7,311,,,
C0044,network_volume_forecast,network_volume_forecast|router__general__packet_length_mean,temporal,linear,311,311,336,311,propagated real-source observation mask,matched,336.0,[],0.09841896101605763,0.4583640128917004,0.48443953971028286,0.7968395373447082,ok,4.657273437553519,1.5384301776627562,False,110.18071393773658,110.18071393773658,False,518.731843575419,primary,p2,calibration,1338,row_resample,1800,8280,360,14,7,311,,,
C0065,network_volume_forecast,network_volume_forecast|router__general__packet_length_min,temporal,linear,322,322,347,347,propagated real-source observation mask,matched,347.0,[],0.44410596791184315,0.44410596791184315,0.34293948126801155,-0.29499807449924004,ok,1.0,0.0,True,18.0,18.0,False,44.0,primary,p2,calibration,1338,identity,1800,8280,360,14,7,322,,,
C0065,network_volume_forecast,network_volume_forecast|router__general__packet_length_min,temporal,linear,322,322,347,322,propagated real-source observation mask,matched,347.0,[],0.44410596791184315,0.45090332535608874,0.34293948126801155,-0.29499807449924004,ok,1.0153057106532621,0.015189759906151103,True,18.0,18.0,False,44.0,primary,p2,calibration,1338,block_a,1800,8280,360,14,7,322,,,
C0065,network_volume_forecast,network_volume_forecast|router__general__packet_length_min,temporal,linear,322,322,347,322,propagated real-source observation mask,matched,347.0,[],0.44410596791184315,0.4499497645300488,0.34293948126801155,-0.29499807449924004,ok,1.013158563587161,0.013072741731085923,True,18.0,18.0,False,44.0,primary,p2,calibration,1338,block_b,1800,8280,360,14,7,322,,,
C0065,network_volume_forecast,network_volume_forecast|router__general__packet_length_min,temporal,linear,322,322,347,322,propagated real-source observation mask,matched,347.0,[],0.44410596791184315,0.44671367698898024,0.34293948126801155,-0.29499807449924004,ok,1.0058718172363195,0.0058546453049964885,True,18.0,18.0,False,44.0,primary,p2,calibration,1338,row_resample,1800,8280,360,14,7,322,,,
C0066,network_volume_forecast,network_volume_forecast|router__general__packet_length_min,temporal,linear,320,320,345,345,propagated real-source observation mask,matched,345.0,[],0.45034004601224153,0.45034004601224153,0.34202898550724636,-0.3166721684256215,ok,1.0,0.0,True,18.0,18.0,False,44.0,primary,p2,calibration,1338,identity,1800,8280,360,14,7,320,,,
C0066,network_volume_forecast,network_volume_forecast|router__general__packet_length_min,temporal,linear,320,320,345,320,propagated real-source observation mask,matched,345.0,[],0.45034004601224153,0.45178824565831427,0.34202898550724636,-0.3166721684256215,ok,1.0032157913978481,0.0032106317991936477,True,18.0,18.0,False,44.0,primary,p2,calibration,1338,block_a,1800,8280,360,14,7,320,,,
C0066,network_volume_forecast,network_volume_forecast|router__general__packet_length_min,temporal,linear,320,320,345,320,propagated real-source observation mask,matched,345.0,[],0.45034004601224153,0.45081191674294074,0.34202898550724636,-0.3166721684256215,ok,1.0010478098380937,0.0010472612685295962,True,18.0,18.0,False,44.0,primary,p2,calibration,1338,block_b,1800,8280,360,14,7,320,,,
C0066,network_volume_forecast,network_volume_forecast|router__general__packet_length_min,temporal,linear,320,320,345,320,propagated real-source observation mask,matched,345.0,[],0.45034004601224153,0.4456608495605568,0.34202898550724636,-0.3166721684256215,ok,0.9896096372216528,-0.010444719449203388,True,18.0,18.0,False,44.0,primary,p2,calibration,1338,row_resample,1800,8280,360,14,7,320,,,
C0067,network_volume_forecast,network_volume_forecast|router__general__packet_length_min,temporal,linear,311,311,336,336,propagated real-source observation mask,matched,336.0,[],0.43790283883364733,0.43790283883364733,0.34821428571428575,-0.2575671269068845,ok,1.0,0.0,True,18.0,18.0,False,44.0,primary,p2,calibration,1338,identity,1800,8280,360,14,7,311,,,
C0067,network_volume_forecast,network_volume_forecast|router__general__packet_length_min,temporal,linear,311,311,336,311,propagated real-source observation mask,matched,336.0,[],0.43790283883364733,0.43628941895362316,0.34821428571428575,-0.2575671269068845,ok,0.9963155756552721,-0.003691228554309172,True,18.0,18.0,False,44.0,primary,p2,calibration,1338,block_a,1800,8280,360,14,7,311,,,
C0067,network_volume_forecast,network_volume_forecast|router__general__packet_length_min,temporal,linear,311,311,336,311,propagated real-source observation mask,matched,336.0,[],0.43790283883364733,0.4351561547352962,0.34821428571428575,-0.2575671269068845,ok,0.9937276403467332,-0.0062921135467473785,True,18.0,18.0,False,44.0,primary,p2,calibration,1338,block_b,1800,8280,360,14,7,311,,,
C0067,network_volume_forecast,network_volume_forecast|router__general__packet_length_min,temporal,linear,311,311,336,311,propagated real-source observation mask,matched,336.0,[],0.43790283883364733,0.44562882443614754,0.34821428571428575,-0.2575671269068845,ok,1.0176431503003687,0.01748931669483904,True,18.0,18.0,False,44.0,primary,p2,calibration,1338,row_resample,1800,8280,360,14,7,311,,,
C0071,network_burst_prediction,network_burst_prediction|router__iot_named__mqtt_port_packets,temporal,linear,322,322,347,347,propagated real-source observation mask,matched,,,,,,,single_class,,,,,,,,primary,p2,calibration,1338,identity,1800,8280,360,14,7,322,,,
C0071,network_burst_prediction,network_burst_prediction|router__iot_named__mqtt_port_packets,temporal,linear,322,322,347,322,propagated real-source observation mask,matched,,,,,,,single_class,,,,,,,,primary,p2,calibration,1338,block_a,1800,8280,360,14,7,322,,,
C0071,network_burst_prediction,network_burst_prediction|router__iot_named__mqtt_port_packets,temporal,linear,322,322,347,322,propagated real-source observation mask,matched,,,,,,,single_class,,,,,,,,primary,p2,calibration,1338,block_b,1800,8280,360,14,7,322,,,
C0071,network_burst_prediction,network_burst_prediction|router__iot_named__mqtt_port_packets,temporal,linear,322,322,347,322,propagated real-source observation mask,matched,,,,,,,single_class,,,,,,,,primary,p2,calibration,1338,row_resample,1800,8280,360,14,7,322,,,
C0081,network_volume_forecast,network_volume_forecast|router__iot_named__udp_count,temporal,linear,320,320,345,345,propagated real-source observation mask,matched,345.0,[],0.18500515306861862,0.18500515306861862,0.4855072463768116,0.6189446100974721,ok,1.0,0.0,True,4.0,4.0,False,0.0,primary,p2,calibration,1338,identity,1800,8280,360,14,7,320,,,
C0081,network_volume_forecast,network_volume_forecast|router__iot_named__udp_count,temporal,linear,320,320,345,320,propagated real-source observation mask,matched,345.0,[],0.18500515306861862,0.19197985840565143,0.4855072463768116,0.6189446100974721,ok,1.0377000598164197,0.03700678327236245,True,4.0,4.0,False,0.0,primary,p2,calibration,1338,block_a,1800,8280,360,14,7,320,,,
C0081,network_volume_forecast,network_volume_forecast|router__iot_named__udp_count,temporal,linear,320,320,345,320,propagated real-source observation mask,matched,345.0,[],0.18500515306861862,0.19197985840565143,0.4855072463768116,0.6189446100974721,ok,1.0377000598164197,0.03700678327236245,True,4.0,4.0,False,0.0,primary,p2,calibration,1338,block_b,1800,8280,360,14,7,320,,,
C0081,network_volume_forecast,network_volume_forecast|router__iot_named__udp_count,temporal,linear,320,320,345,320,propagated real-source observation mask,matched,345.0,[],0.18500515306861862,0.4577155501086487,0.4855072463768116,0.6189446100974721,ok,2.474069194920649,0.905864242423415,False,4.0,4.0,False,0.0,primary,p2,calibration,1338,row_resample,1800,8280,360,14,7,320,,,
C0082,network_volume_forecast,network_volume_forecast|router__iot_named__udp_count,temporal,linear,311,311,336,336,propagated real-source observation mask,matched,336.0,[],0.17496239318234602,0.17496239318234602,0.4806547619047619,0.6359915535029829,ok,1.0,0.0,True,4.0,4.0,False,0.0,primary,p2,calibration,1338,identity,1800,8280,360,14,7,311,,,
C0082,network_volume_forecast,network_volume_forecast|router__iot_named__udp_count,temporal,linear,311,311,336,311,propagated real-source observation mask,matched,336.0,[],0.17496239318234602,0.18415620741074498,0.4806547619047619,0.6359915535029829,ok,1.0525473735308202,0.051213296042047385,True,4.0,4.0,False,0.0,primary,p2,calibration,1338,block_a,1800,8280,360,14,7,311,,,
C0082,network_volume_forecast,network_volume_forecast|router__iot_named__udp_count,temporal,linear,311,311,336,311,propagated real-source observation mask,matched,336.0,[],0.17496239318234602,0.1796582006220814,0.4806547619047619,0.6359915535029829,ok,1.0268389529562585,0.026485105559659695,True,4.0,4.0,False,0.0,primary,p2,calibration,1338,block_b,1800,8280,360,14,7,311,,,
C0082,network_volume_forecast,network_volume_forecast|router__iot_named__udp_count,temporal,linear,311,311,336,311,propagated real-source observation mask,matched,336.0,[],0.17496239318234602,0.4697492357050611,0.4806547619047619,0.6359915535029829,ok,2.684858312468828,0.9876279565382092,False,4.0,4.0,False,0.0,primary,p2,calibration,1338,row_resample,1800,8280,360,14,7,311,,,
C0085,network_volume_forecast,network_volume_forecast|router__iot_named__dns_port_packets,temporal,linear,320,320,345,345,propagated real-source observation mask,matched,345.0,[],0.1249891603538244,0.1249891603538244,0.3507246376811594,0.6436259477514924,ok,1.0,0.0,True,4.0,4.0,False,0.0,primary,p2,calibration,1338,identity,1800,8280,360,14,7,320,,,
C0085,network_volume_forecast,network_volume_forecast|router__iot_named__dns_port_packets,temporal,linear,320,320,345,320,propagated real-source observation mask,matched,345.0,[],0.1249891603538244,0.12764835327578702,0.3507246376811594,0.6436259477514924,ok,1.021275388317154,0.021052226924346672,True,4.0,4.0,False,0.0,primary,p2,calibration,1338,block_a,1800,8280,360,14,7,320,,,
C0085,network_volume_forecast,network_volume_forecast|router__iot_named__dns_port_packets,temporal,linear,320,320,345,320,propagated real-source observation mask,matched,345.0,[],0.1249891603538244,0.127648353275787,0.3507246376811594,0.6436259477514924,ok,1.0212753883171537,0.021052226924346454,True,4.0,4.0,False,0.0,primary,p2,calibration,1338,block_b,1800,8280,360,14,7,320,,,
C0085,network_volume_forecast,network_volume_forecast|router__iot_named__dns_port_packets,temporal,linear,320,320,345,320,propagated real-source observation mask,matched,345.0,[],0.1249891603538244,0.4604470540913824,0.3507246376811594,0.6436259477514924,ok,3.683895889755001,1.3039708578838014,False,4.0,4.0,False,0.0,primary,p2,calibration,1338,row_resample,1800,8280,360,14,7,320,,,
C0086,network_volume_forecast,network_volume_forecast|router__iot_named__dns_port_packets,temporal,linear,311,311,336,336,propagated real-source observation mask,matched,336.0,[],0.11680521248046097,0.11680521248046097,0.35119047619047616,0.6674021068352975,ok,1.0,0.0,True,4.0,4.0,False,0.0,primary,p2,calibration,1338,identity,1800,8280,360,14,7,311,,,
C0086,network_volume_forecast,network_volume_forecast|router__iot_named__dns_port_packets,temporal,linear,311,311,336,311,propagated real-source observation mask,matched,336.0,[],0.11680521248046097,0.13043871878996982,0.35119047619047616,0.6674021068352975,ok,1.1167200163416462,0.1103958318559767,False,4.0,4.0,False,0.0,primary,p2,calibration,1338,block_a,1800,8280,360,14,7,311,,,
C0086,network_volume_forecast,network_volume_forecast|router__iot_named__dns_port_packets,temporal,linear,311,311,336,311,propagated real-source observation mask,matched,336.0,[],0.11680521248046097,0.1209616082858964,0.35119047619047616,0.6674021068352975,ok,1.0355839925048782,0.03496551155762603,True,4.0,4.0,False,0.0,primary,p2,calibration,1338,block_b,1800,8280,360,14,7,311,,,
C0086,network_volume_forecast,network_volume_forecast|router__iot_named__dns_port_packets,temporal,linear,311,311,336,311,propagated real-source observation mask,matched,336.0,[],0.11680521248046097,0.4834680181846317,0.35119047619047616,0.6674021068352975,ok,4.139096260498697,1.4204774694419642,False,4.0,4.0,False,0.0,primary,p2,calibration,1338,row_resample,1800,8280,360,14,7,311,,,
C0034,network_volume_forecast,network_volume_forecast|router__general__packet_length_max,temporal,linear,322,322,347,347,propagated real-source observation mask,matched,347.0,[],3.1543957657685824,3.1543957657685824,2.6637400267777593,-0.1841980576401645,ok,1.0,0.0,True,579.0,579.0,False,4631.0,primary,p2,calibration,1339,identity,1800,8280,360,3,24,322,,,
C0034,network_volume_forecast,network_volume_forecast|router__general__packet_length_max,temporal,linear,322,322,347,322,propagated real-source observation mask,matched,347.0,[],3.1543957657685824,3.255492521899854,2.6637400267777593,-0.1841980576401645,ok,1.0320494838435845,0.03154661537067006,True,579.0,579.0,False,4631.0,primary,p2,calibration,1339,block_a,1800,8280,360,3,24,322,,,
C0034,network_volume_forecast,network_volume_forecast|router__general__packet_length_max,temporal,linear,322,322,347,322,propagated real-source observation mask,matched,347.0,[],3.1543957657685824,3.0650344868085013,2.6637400267777593,-0.1841980576401645,ok,0.971670872777022,-0.02873814011650981,True,579.0,579.0,False,4631.0,primary,p2,calibration,1339,block_b,1800,8280,360,3,24,322,,,
C0034,network_volume_forecast,network_volume_forecast|router__general__packet_length_max,temporal,linear,322,322,347,322,propagated real-source observation mask,matched,347.0,[],3.1543957657685824,3.448287679627297,2.6637400267777593,-0.1841980576401645,ok,1.093169004678494,0.08908082183273743,True,579.0,579.0,False,4631.0,primary,p2,calibration,1339,row_resample,1800,8280,360,3,24,322,,,
C0035,network_volume_forecast,network_volume_forecast|router__general__packet_length_max,temporal,linear,320,320,345,345,propagated real-source observation mask,matched,345.0,[],3.2366983562985774,3.2366983562985774,2.655497251374313,-0.2188671461149028,ok,1.0,0.0,True,580.0,580.0,False,4631.0,primary,p2,calibration,1339,identity,1800,8280,360,3,24,320,,,
C0035,network_volume_forecast,network_volume_forecast|router__general__packet_length_max,temporal,linear,320,320,345,320,propagated real-source observation mask,matched,345.0,[],3.2366983562985774,3.22493783792249,2.655497251374313,-0.2188671461149028,ok,0.9963665077552866,-0.003640109411471877,True,580.0,580.0,False,4631.0,primary,p2,calibration,1339,block_a,1800,8280,360,3,24,320,,,
C0035,network_volume_forecast,network_volume_forecast|router__general__packet_length_max,temporal,linear,320,320,345,320,propagated real-source observation mask,matched,345.0,[],3.2366983562985774,3.0159441743676063,2.655497251374313,-0.2188671461149028,ok,0.9317964920946723,-0.07064084426131097,True,580.0,580.0,False,4631.0,primary,p2,calibration,1339,block_b,1800,8280,360,3,24,320,,,
C0035,network_volume_forecast,network_volume_forecast|router__general__packet_length_max,temporal,linear,320,320,345,320,propagated real-source observation mask,matched,345.0,[],3.2366983562985774,3.253529155562961,2.655497251374313,-0.2188671461149028,ok,1.0051999900551842,0.005186516793929771,True,580.0,580.0,False,4631.0,primary,p2,calibration,1339,row_resample,1800,8280,360,3,24,320,,,
C0044,network_volume_forecast,network_volume_forecast|router__general__packet_length_mean,temporal,linear,311,311,336,336,propagated real-source observation mask,matched,336.0,[],0.09841896101605763,0.09841896101605763,0.48443953971028286,0.7968395373447082,ok,1.0,0.0,True,110.18071393773658,110.18071393773658,False,518.731843575419,primary,p2,calibration,1339,identity,1800,8280,360,3,24,311,,,
C0044,network_volume_forecast,network_volume_forecast|router__general__packet_length_mean,temporal,linear,311,311,336,311,propagated real-source observation mask,matched,336.0,[],0.09841896101605763,0.10022753915562263,0.48443953971028286,0.7968395373447082,ok,1.0183763181494054,0.01820951401327157,True,110.18071393773658,110.18071393773658,False,518.731843575419,primary,p2,calibration,1339,block_a,1800,8280,360,3,24,311,,,
C0044,network_volume_forecast,network_volume_forecast|router__general__packet_length_mean,temporal,linear,311,311,336,311,propagated real-source observation mask,matched,336.0,[],0.09841896101605763,0.09961796233418044,0.48443953971028286,0.7968395373447082,ok,1.0121826252354684,0.012109014303219725,True,110.18071393773658,110.18071393773658,False,518.731843575419,primary,p2,calibration,1339,block_b,1800,8280,360,3,24,311,,,
C0044,network_volume_forecast,network_volume_forecast|router__general__packet_length_mean,temporal,linear,311,311,336,311,propagated real-source observation mask,matched,336.0,[],0.09841896101605763,0.4895267548847384,0.48443953971028286,0.7968395373447082,ok,4.973906956860368,1.6042056393076563,False,110.18071393773658,110.18071393773658,False,518.731843575419,primary,p2,calibration,1339,row_resample,1800,8280,360,3,24,311,,,
C0065,network_volume_forecast,network_volume_forecast|router__general__packet_length_min,temporal,linear,322,322,347,347,propagated real-source observation mask,matched,347.0,[],0.44410596791184315,0.44410596791184315,0.34293948126801155,-0.29499807449924004,ok,1.0,0.0,True,18.0,18.0,False,44.0,primary,p2,calibration,1339,identity,1800,8280,360,3,24,322,,,
C0065,network_volume_forecast,network_volume_forecast|router__general__packet_length_min,temporal,linear,322,322,347,322,propagated real-source observation mask,matched,347.0,[],0.44410596791184315,0.4497607824224475,0.34293948126801155,-0.29499807449924004,ok,1.0127330297703336,0.0126526463770396,True,18.0,18.0,False,44.0,primary,p2,calibration,1339,block_a,1800,8280,360,3,24,322,,,
C0065,network_volume_forecast,network_volume_forecast|router__general__packet_length_min,temporal,linear,322,322,347,322,propagated real-source observation mask,matched,347.0,[],0.44410596791184315,0.4539231248629968,0.34293948126801155,-0.29499807449924004,ok,1.0221054380271295,0.02186465478402862,True,18.0,18.0,False,44.0,primary,p2,calibration,1339,block_b,1800,8280,360,3,24,322,,,
C0065,network_volume_forecast,network_volume_forecast|router__general__packet_length_min,temporal,linear,322,322,347,322,propagated real-source observation mask,matched,347.0,[],0.44410596791184315,0.4483228311906704,0.34293948126801155,-0.29499807449924004,ok,1.0094951736376223,0.009450377815911145,True,18.0,18.0,False,44.0,primary,p2,calibration,1339,row_resample,1800,8280,360,3,24,322,,,
C0066,network_volume_forecast,network_volume_forecast|router__general__packet_length_min,temporal,linear,320,320,345,345,propagated real-source observation mask,matched,345.0,[],0.45034004601224153,0.45034004601224153,0.34202898550724636,-0.3166721684256215,ok,1.0,0.0,True,18.0,18.0,False,44.0,primary,p2,calibration,1339,identity,1800,8280,360,3,24,320,,,
C0066,network_volume_forecast,network_volume_forecast|router__general__packet_length_min,temporal,linear,320,320,345,320,propagated real-source observation mask,matched,345.0,[],0.45034004601224153,0.4505930136390315,0.34202898550724636,-0.3166721684256215,ok,1.0005617258092634,0.0005615681003776656,True,18.0,18.0,False,44.0,primary,p2,calibration,1339,block_a,1800,8280,360,3,24,320,,,
C0066,network_volume_forecast,network_volume_forecast|router__general__packet_length_min,temporal,linear,320,320,345,320,propagated real-source observation mask,matched,345.0,[],0.45034004601224153,0.4528055091597939,0.34202898550724636,-0.3166721684256215,ok,1.0054746700174324,0.005459738483556068,True,18.0,18.0,False,44.0,primary,p2,calibration,1339,block_b,1800,8280,360,3,24,320,,,
C0066,network_volume_forecast,network_volume_forecast|router__general__packet_length_min,temporal,linear,320,320,345,320,propagated real-source observation mask,matched,345.0,[],0.45034004601224153,0.448860129540486,0.34202898550724636,-0.3166721684256215,ok,0.9967137799872337,-0.0032916314925469678,True,18.0,18.0,False,44.0,primary,p2,calibration,1339,row_resample,1800,8280,360,3,24,320,,,
C0067,network_volume_forecast,network_volume_forecast|router__general__packet_length_min,temporal,linear,311,311,336,336,propagated real-source observation mask,matched,336.0,[],0.43790283883364733,0.43790283883364733,0.34821428571428575,-0.2575671269068845,ok,1.0,0.0,True,18.0,18.0,False,44.0,primary,p2,calibration,1339,identity,1800,8280,360,3,24,311,,,
C0067,network_volume_forecast,network_volume_forecast|router__general__packet_length_min,temporal,linear,311,311,336,311,propagated real-source observation mask,matched,336.0,[],0.43790283883364733,0.43617453108545673,0.34821428571428575,-0.2575671269068845,ok,0.9960532163874664,-0.003954592716978244,True,18.0,18.0,False,44.0,primary,p2,calibration,1339,block_a,1800,8280,360,3,24,311,,,
C0067,network_volume_forecast,network_volume_forecast|router__general__packet_length_min,temporal,linear,311,311,336,311,propagated real-source observation mask,matched,336.0,[],0.43790283883364733,0.4366821776695204,0.34821428571428575,-0.2575671269068845,ok,0.9972124840127135,-0.002791408344998561,True,18.0,18.0,False,44.0,primary,p2,calibration,1339,block_b,1800,8280,360,3,24,311,,,
C0067,network_volume_forecast,network_volume_forecast|router__general__packet_length_min,temporal,linear,311,311,336,311,propagated real-source observation mask,matched,336.0,[],0.43790283883364733,0.45080813829184496,0.34821428571428575,-0.2575671269068845,ok,1.0294706914724985,0.02904477837963881,True,18.0,18.0,False,44.0,primary,p2,calibration,1339,row_resample,1800,8280,360,3,24,311,,,
C0071,network_burst_prediction,network_burst_prediction|router__iot_named__mqtt_port_packets,temporal,linear,322,322,347,347,propagated real-source observation mask,matched,,,,,,,single_class,,,,,,,,primary,p2,calibration,1339,identity,1800,8280,360,3,24,322,,,
C0071,network_burst_prediction,network_burst_prediction|router__iot_named__mqtt_port_packets,temporal,linear,322,322,347,322,propagated real-source observation mask,matched,,,,,,,single_class,,,,,,,,primary,p2,calibration,1339,block_a,1800,8280,360,3,24,322,,,
C0071,network_burst_prediction,network_burst_prediction|router__iot_named__mqtt_port_packets,temporal,linear,322,322,347,322,propagated real-source observation mask,matched,,,,,,,single_class,,,,,,,,primary,p2,calibration,1339,block_b,1800,8280,360,3,24,322,,,
C0071,network_burst_prediction,network_burst_prediction|router__iot_named__mqtt_port_packets,temporal,linear,322,322,347,322,propagated real-source observation mask,matched,,,,,,,single_class,,,,,,,,primary,p2,calibration,1339,row_resample,1800,8280,360,3,24,322,,,
C0081,network_volume_forecast,network_volume_forecast|router__iot_named__udp_count,temporal,linear,320,320,345,345,propagated real-source observation mask,matched,345.0,[],0.18500515306861862,0.18500515306861862,0.4855072463768116,0.6189446100974721,ok,1.0,0.0,True,4.0,4.0,False,0.0,primary,p2,calibration,1339,identity,1800,8280,360,3,24,320,,,
C0081,network_volume_forecast,network_volume_forecast|router__iot_named__udp_count,temporal,linear,320,320,345,320,propagated real-source observation mask,matched,345.0,[],0.18500515306861862,0.18711388448973235,0.4855072463768116,0.6189446100974721,ok,1.0113982307310738,0.011333760335612623,True,4.0,4.0,False,0.0,primary,p2,calibration,1339,block_a,1800,8280,360,3,24,320,,,
C0081,network_volume_forecast,network_volume_forecast|router__iot_named__udp_count,temporal,linear,320,320,345,320,propagated real-source observation mask,matched,345.0,[],0.18500515306861862,0.18612327136436269,0.4855072463768116,0.6189446100974721,ok,1.00604371433551,0.00602552434729367,True,4.0,4.0,False,0.0,primary,p2,calibration,1339,block_b,1800,8280,360,3,24,320,,,
C0081,network_volume_forecast,network_volume_forecast|router__iot_named__udp_count,temporal,linear,320,320,345,320,propagated real-source observation mask,matched,345.0,[],0.18500515306861862,0.44861287622915635,0.4855072463768116,0.6189446100974721,ok,2.4248669228297945,0.8857766457000489,False,4.0,4.0,False,0.0,primary,p2,calibration,1339,row_resample,1800,8280,360,3,24,320,,,
C0082,network_volume_forecast,network_volume_forecast|router__iot_named__udp_count,temporal,linear,311,311,336,336,propagated real-source observation mask,matched,336.0,[],0.17496239318234602,0.17496239318234602,0.4806547619047619,0.6359915535029829,ok,1.0,0.0,True,4.0,4.0,False,0.0,primary,p2,calibration,1339,identity,1800,8280,360,3,24,311,,,
C0082,network_volume_forecast,network_volume_forecast|router__iot_named__udp_count,temporal,linear,311,311,336,311,propagated real-source observation mask,matched,336.0,[],0.17496239318234602,0.17959183488452096,0.4806547619047619,0.6359915535029829,ok,1.0264596386570348,0.026115637324413358,True,4.0,4.0,False,0.0,primary,p2,calibration,1339,block_a,1800,8280,360,3,24,311,,,
C0082,network_volume_forecast,network_volume_forecast|router__iot_named__udp_count,temporal,linear,311,311,336,311,propagated real-source observation mask,matched,336.0,[],0.17496239318234602,0.18060903320561852,0.4806547619047619,0.6359915535029829,ok,1.0322734498572363,0.03176360275270632,True,4.0,4.0,False,0.0,primary,p2,calibration,1339,block_b,1800,8280,360,3,24,311,,,
C0082,network_volume_forecast,network_volume_forecast|router__iot_named__udp_count,temporal,linear,311,311,336,311,propagated real-source observation mask,matched,336.0,[],0.17496239318234602,0.4692023027787807,0.4806547619047619,0.6359915535029829,ok,2.681732309695704,0.9864629699212825,False,4.0,4.0,False,0.0,primary,p2,calibration,1339,row_resample,1800,8280,360,3,24,311,,,
C0085,network_volume_forecast,network_volume_forecast|router__iot_named__dns_port_packets,temporal,linear,320,320,345,345,propagated real-source observation mask,matched,345.0,[],0.1249891603538244,0.1249891603538244,0.3507246376811594,0.6436259477514924,ok,1.0,0.0,True,4.0,4.0,False,0.0,primary,p2,calibration,1339,identity,1800,8280,360,3,24,320,,,
C0085,network_volume_forecast,network_volume_forecast|router__iot_named__dns_port_packets,temporal,linear,320,320,345,320,propagated real-source observation mask,matched,345.0,[],0.1249891603538244,0.11830843646142455,0.3507246376811594,0.6436259477514924,ok,0.9465495737911369,-0.054931933802441255,True,4.0,4.0,False,0.0,primary,p2,calibration,1339,block_a,1800,8280,360,3,24,320,,,
C0085,network_volume_forecast,network_volume_forecast|router__iot_named__dns_port_packets,temporal,linear,320,320,345,320,propagated real-source observation mask,matched,345.0,[],0.1249891603538244,0.12500820141126884,0.3507246376811594,0.6436259477514924,ok,1.0001523416701938,0.00015233006737998617,True,4.0,4.0,False,0.0,primary,p2,calibration,1339,block_b,1800,8280,360,3,24,320,,,
C0085,network_volume_forecast,network_volume_forecast|router__iot_named__dns_port_packets,temporal,linear,320,320,345,320,propagated real-source observation mask,matched,345.0,[],0.1249891603538244,0.44981129747757687,0.3507246376811594,0.6436259477514924,ok,3.598802457783001,1.2806011395057422,False,4.0,4.0,False,0.0,primary,p2,calibration,1339,row_resample,1800,8280,360,3,24,320,,,
C0086,network_volume_forecast,network_volume_forecast|router__iot_named__dns_port_packets,temporal,linear,311,311,336,336,propagated real-source observation mask,matched,336.0,[],0.11680521248046097,0.11680521248046097,0.35119047619047616,0.6674021068352975,ok,1.0,0.0,True,4.0,4.0,False,0.0,primary,p2,calibration,1339,identity,1800,8280,360,3,24,311,,,
C0086,network_volume_forecast,network_volume_forecast|router__iot_named__dns_port_packets,temporal,linear,311,311,336,311,propagated real-source observation mask,matched,336.0,[],0.11680521248046097,0.12099252383466115,0.35119047619047616,0.6674021068352975,ok,1.035848668610578,0.03522106039791279,True,4.0,4.0,False,0.0,primary,p2,calibration,1339,block_a,1800,8280,360,3,24,311,,,
C0086,network_volume_forecast,network_volume_forecast|router__iot_named__dns_port_packets,temporal,linear,311,311,336,311,propagated real-source observation mask,matched,336.0,[],0.11680521248046097,0.12776086562519945,0.35119047619047616,0.6674021068352975,ok,1.0937942144197643,0.08965258248499046,True,4.0,4.0,False,0.0,primary,p2,calibration,1339,block_b,1800,8280,360,3,24,311,,,
C0086,network_volume_forecast,network_volume_forecast|router__iot_named__dns_port_packets,temporal,linear,311,311,336,311,propagated real-source observation mask,matched,336.0,[],0.11680521248046097,0.4539322126066595,0.35119047619047616,0.6674021068352975,ok,3.8862324973946922,1.3574401786546486,False,4.0,4.0,False,0.0,primary,p2,calibration,1339,row_resample,1800,8280,360,3,24,311,,,
C0034,network_volume_forecast,network_volume_forecast|router__general__packet_length_max,temporal,linear,322,322,347,347,propagated real-source observation mask,matched,347.0,[],3.1543957657685824,3.1543957657685824,2.6637400267777593,-0.1841980576401645,ok,1.0,0.0,True,579.0,579.0,False,4631.0,primary,p2,calibration,1340,identity,1800,8280,360,2,1,322,,,
C0034,network_volume_forecast,network_volume_forecast|router__general__packet_length_max,temporal,linear,322,322,347,322,propagated real-source observation mask,matched,347.0,[],3.1543957657685824,3.254659909935905,2.6637400267777593,-0.1841980576401645,ok,1.0317855309265205,0.031290826592386724,True,579.0,579.0,False,4631.0,primary,p2,calibration,1340,block_a,1800,8280,360,2,1,322,,,
C0034,network_volume_forecast,network_volume_forecast|router__general__packet_length_max,temporal,linear,322,322,347,322,propagated real-source observation mask,matched,347.0,[],3.1543957657685824,3.2507103818576644,2.6637400267777593,-0.1841980576401645,ok,1.030533459730794,0.030076590234933545,True,579.0,579.0,False,4631.0,primary,p2,calibration,1340,block_b,1800,8280,360,2,1,322,,,
C0034,network_volume_forecast,network_volume_forecast|router__general__packet_length_max,temporal,linear,322,322,347,322,propagated real-source observation mask,matched,347.0,[],3.1543957657685824,3.0872705578982673,2.6637400267777593,-0.1841980576401645,ok,0.9787201058919885,-0.021509575293523542,True,579.0,579.0,False,4631.0,primary,p2,calibration,1340,row_resample,1800,8280,360,2,1,322,,,
C0035,network_volume_forecast,network_volume_forecast|router__general__packet_length_max,temporal,linear,320,320,345,345,propagated real-source observation mask,matched,345.0,[],3.2366983562985774,3.2366983562985774,2.655497251374313,-0.2188671461149028,ok,1.0,0.0,True,580.0,580.0,False,4631.0,primary,p2,calibration,1340,identity,1800,8280,360,2,1,320,,,
C0035,network_volume_forecast,network_volume_forecast|router__general__packet_length_max,temporal,linear,320,320,345,320,propagated real-source observation mask,matched,345.0,[],3.2366983562985774,3.2240638510509196,2.655497251374313,-0.2188671461149028,ok,0.9960964835592198,-0.00391115504584202,True,580.0,580.0,False,4631.0,primary,p2,calibration,1340,block_a,1800,8280,360,2,1,320,,,
C0035,network_volume_forecast,network_volume_forecast|router__general__packet_length_max,temporal,linear,320,320,345,320,propagated real-source observation mask,matched,345.0,[],3.2366983562985774,3.2240894271495883,2.655497251374313,-0.2188671461149028,ok,0.9961043854690839,-0.0039032222013312143,True,580.0,580.0,False,4631.0,primary,p2,calibration,1340,block_b,1800,8280,360,2,1,320,,,
C0035,network_volume_forecast,network_volume_forecast|router__general__packet_length_max,temporal,linear,320,320,345,320,propagated real-source observation mask,matched,345.0,[],3.2366983562985774,3.10169801431418,2.655497251374313,-0.2188671461149028,ok,0.9582907249538134,-0.04260407632497176,True,580.0,580.0,False,4631.0,primary,p2,calibration,1340,row_resample,1800,8280,360,2,1,320,,,
C0044,network_volume_forecast,network_volume_forecast|router__general__packet_length_mean,temporal,linear,311,311,336,336,propagated real-source observation mask,matched,336.0,[],0.09841896101605763,0.09841896101605763,0.48443953971028286,0.7968395373447082,ok,1.0,0.0,True,110.18071393773658,110.18071393773658,False,518.731843575419,primary,p2,calibration,1340,identity,1800,8280,360,2,1,311,,,
C0044,network_volume_forecast,network_volume_forecast|router__general__packet_length_mean,temporal,linear,311,311,336,311,propagated real-source observation mask,matched,336.0,[],0.09841896101605763,0.1001782539691117,0.48443953971028286,0.7968395373447082,ok,1.0178755489276812,0.017717660092922704,True,110.18071393773658,110.18071393773658,False,518.731843575419,primary,p2,calibration,1340,block_a,1800,8280,360,2,1,311,,,
C0044,network_volume_forecast,network_volume_forecast|router__general__packet_length_mean,temporal,linear,311,311,336,311,propagated real-source observation mask,matched,336.0,[],0.09841896101605763,0.09725734920780388,0.48443953971028286,0.7968395373447082,ok,0.9881972762538692,-0.011872928844404109,True,110.18071393773658,110.18071393773658,False,518.731843575419,primary,p2,calibration,1340,block_b,1800,8280,360,2,1,311,,,
C0044,network_volume_forecast,network_volume_forecast|router__general__packet_length_mean,temporal,linear,311,311,336,311,propagated real-source observation mask,matched,336.0,[],0.09841896101605763,0.46869511170919576,0.48443953971028286,0.7968395373447082,ok,4.762244052065592,1.5607189966602155,False,110.18071393773658,110.18071393773658,False,518.731843575419,primary,p2,calibration,1340,row_resample,1800,8280,360,2,1,311,,,
C0065,network_volume_forecast,network_volume_forecast|router__general__packet_length_min,temporal,linear,322,322,347,347,propagated real-source observation mask,matched,347.0,[],0.44410596791184315,0.44410596791184315,0.34293948126801155,-0.29499807449924004,ok,1.0,0.0,True,18.0,18.0,False,44.0,primary,p2,calibration,1340,identity,1800,8280,360,2,1,322,,,
C0065,network_volume_forecast,network_volume_forecast|router__general__packet_length_min,temporal,linear,322,322,347,322,propagated real-source observation mask,matched,347.0,[],0.44410596791184315,0.448822358889347,0.34293948126801155,-0.29499807449924004,ok,1.0106199675714336,0.010563971815682222,True,18.0,18.0,False,44.0,primary,p2,calibration,1340,block_a,1800,8280,360,2,1,322,,,
C0065,network_volume_forecast,network_volume_forecast|router__general__packet_length_min,temporal,linear,322,322,347,322,propagated real-source observation mask,matched,347.0,[],0.44410596791184315,0.44880411650676394,0.34293948126801155,-0.29499807449924004,ok,1.0105788909277917,0.010523325994540218,True,18.0,18.0,False,44.0,primary,p2,calibration,1340,block_b,1800,8280,360,2,1,322,,,
C0065,network_volume_forecast,network_volume_forecast|router__general__packet_length_min,temporal,linear,322,322,347,322,propagated real-source observation mask,matched,347.0,[],0.44410596791184315,0.4439670762988355,0.34293948126801155,-0.29499807449924004,ok,0.9996872556933636,-0.0003127932213358762,True,18.0,18.0,False,44.0,primary,p2,calibration,1340,row_resample,1800,8280,360,2,1,322,,,
C0066,network_volume_forecast,network_volume_forecast|router__general__packet_length_min,temporal,linear,320,320,345,345,propagated real-source observation mask,matched,345.0,[],0.45034004601224153,0.45034004601224153,0.34202898550724636,-0.3166721684256215,ok,1.0,0.0,True,18.0,18.0,False,44.0,primary,p2,calibration,1340,identity,1800,8280,360,2,1,320,,,
C0066,network_volume_forecast,network_volume_forecast|router__general__packet_length_min,temporal,linear,320,320,345,320,propagated real-source observation mask,matched,345.0,[],0.45034004601224153,0.44974934996039223,0.34202898550724636,-0.3166721684256215,ok,0.9986883332781974,-0.001312527709565499,True,18.0,18.0,False,44.0,primary,p2,calibration,1340,block_a,1800,8280,360,2,1,320,,,
C0066,network_volume_forecast,network_volume_forecast|router__general__packet_length_min,temporal,linear,320,320,345,320,propagated real-source observation mask,matched,345.0,[],0.45034004601224153,0.4498341461101171,0.34202898550724636,-0.3166721684256215,ok,0.9988766268809443,-0.0011240045755898853,True,18.0,18.0,False,44.0,primary,p2,calibration,1340,block_b,1800,8280,360,2,1,320,,,
C0066,network_volume_forecast,network_volume_forecast|router__general__packet_length_min,temporal,linear,320,320,345,320,propagated real-source observation mask,matched,345.0,[],0.45034004601224153,0.4422665981431646,0.34202898550724636,-0.3166721684256215,ok,0.9820725517515769,-0.01809009173603325,True,18.0,18.0,False,44.0,primary,p2,calibration,1340,row_resample,1800,8280,360,2,1,320,,,
C0067,network_volume_forecast,network_volume_forecast|router__general__packet_length_min,temporal,linear,311,311,336,336,propagated real-source observation mask,matched,336.0,[],0.43790283883364733,0.43790283883364733,0.34821428571428575,-0.2575671269068845,ok,1.0,0.0,True,18.0,18.0,False,44.0,primary,p2,calibration,1340,identity,1800,8280,360,2,1,311,,,
C0067,network_volume_forecast,network_volume_forecast|router__general__packet_length_min,temporal,linear,311,311,336,311,propagated real-source observation mask,matched,336.0,[],0.43790283883364733,0.43617453108545673,0.34821428571428575,-0.2575671269068845,ok,0.9960532163874664,-0.003954592716978244,True,18.0,18.0,False,44.0,primary,p2,calibration,1340,block_a,1800,8280,360,2,1,311,,,
C0067,network_volume_forecast,network_volume_forecast|router__general__packet_length_min,temporal,linear,311,311,336,311,propagated real-source observation mask,matched,336.0,[],0.43790283883364733,0.4366821776695204,0.34821428571428575,-0.2575671269068845,ok,0.9972124840127135,-0.002791408344998561,True,18.0,18.0,False,44.0,primary,p2,calibration,1340,block_b,1800,8280,360,2,1,311,,,
C0067,network_volume_forecast,network_volume_forecast|router__general__packet_length_min,temporal,linear,311,311,336,311,propagated real-source observation mask,matched,336.0,[],0.43790283883364733,0.4439487391501833,0.34821428571428575,-0.2575671269068845,ok,1.0138064880616877,0.013712046780837553,True,18.0,18.0,False,44.0,primary,p2,calibration,1340,row_resample,1800,8280,360,2,1,311,,,
C0071,network_burst_prediction,network_burst_prediction|router__iot_named__mqtt_port_packets,temporal,linear,322,322,347,347,propagated real-source observation mask,matched,,,,,,,single_class,,,,,,,,primary,p2,calibration,1340,identity,1800,8280,360,2,1,322,,,
C0071,network_burst_prediction,network_burst_prediction|router__iot_named__mqtt_port_packets,temporal,linear,322,322,347,322,propagated real-source observation mask,matched,,,,,,,single_class,,,,,,,,primary,p2,calibration,1340,block_a,1800,8280,360,2,1,322,,,
C0071,network_burst_prediction,network_burst_prediction|router__iot_named__mqtt_port_packets,temporal,linear,322,322,347,322,propagated real-source observation mask,matched,,,,,,,single_class,,,,,,,,primary,p2,calibration,1340,block_b,1800,8280,360,2,1,322,,,
C0071,network_burst_prediction,network_burst_prediction|router__iot_named__mqtt_port_packets,temporal,linear,322,322,347,322,propagated real-source observation mask,matched,,,,,,,single_class,,,,,,,,primary,p2,calibration,1340,row_resample,1800,8280,360,2,1,322,,,
C0081,network_volume_forecast,network_volume_forecast|router__iot_named__udp_count,temporal,linear,320,320,345,345,propagated real-source observation mask,matched,345.0,[],0.18500515306861862,0.18500515306861862,0.4855072463768116,0.6189446100974721,ok,1.0,0.0,True,4.0,4.0,False,0.0,primary,p2,calibration,1340,identity,1800,8280,360,2,1,320,,,
C0081,network_volume_forecast,network_volume_forecast|router__iot_named__udp_count,temporal,linear,320,320,345,320,propagated real-source observation mask,matched,345.0,[],0.18500515306861862,0.18711292772470264,0.4855072463768116,0.6189446100974721,ok,1.0113930591722613,0.011328647046032678,True,4.0,4.0,False,0.0,primary,p2,calibration,1340,block_a,1800,8280,360,2,1,320,,,
C0081,network_volume_forecast,network_volume_forecast|router__iot_named__udp_count,temporal,linear,320,320,345,320,propagated real-source observation mask,matched,345.0,[],0.18500515306861862,0.18711292772470264,0.4855072463768116,0.6189446100974721,ok,1.0113930591722613,0.011328647046032678,True,4.0,4.0,False,0.0,primary,p2,calibration,1340,block_b,1800,8280,360,2,1,320,,,
C0081,network_volume_forecast,network_volume_forecast|router__iot_named__udp_count,temporal,linear,320,320,345,320,propagated real-source observation mask,matched,345.0,[],0.18500515306861862,0.4617419695117554,0.4855072463768116,0.6189446100974721,ok,2.4958330179078567,0.9146225483926247,False,4.0,4.0,False,0.0,primary,p2,calibration,1340,row_resample,1800,8280,360,2,1,320,,,
C0082,network_volume_forecast,network_volume_forecast|router__iot_named__udp_count,temporal,linear,311,311,336,336,propagated real-source observation mask,matched,336.0,[],0.17496239318234602,0.17496239318234602,0.4806547619047619,0.6359915535029829,ok,1.0,0.0,True,4.0,4.0,False,0.0,primary,p2,calibration,1340,identity,1800,8280,360,2,1,311,,,
C0082,network_volume_forecast,network_volume_forecast|router__iot_named__udp_count,temporal,linear,311,311,336,311,propagated real-source observation mask,matched,336.0,[],0.17496239318234602,0.1796582006220814,0.4806547619047619,0.6359915535029829,ok,1.0268389529562585,0.026485105559659695,True,4.0,4.0,False,0.0,primary,p2,calibration,1340,block_a,1800,8280,360,2,1,311,,,
C0082,network_volume_forecast,network_volume_forecast|router__iot_named__udp_count,temporal,linear,311,311,336,311,propagated real-source observation mask,matched,336.0,[],0.17496239318234602,0.1796582006220814,0.4806547619047619,0.6359915535029829,ok,1.0268389529562585,0.026485105559659695,True,4.0,4.0,False,0.0,primary,p2,calibration,1340,block_b,1800,8280,360,2,1,311,,,
C0082,network_volume_forecast,network_volume_forecast|router__iot_named__udp_count,temporal,linear,311,311,336,311,propagated real-source observation mask,matched,336.0,[],0.17496239318234602,0.4658931959585784,0.4806547619047619,0.6359915535029829,ok,2.6628190634831106,0.9793853599057722,False,4.0,4.0,False,0.0,primary,p2,calibration,1340,row_resample,1800,8280,360,2,1,311,,,
C0085,network_volume_forecast,network_volume_forecast|router__iot_named__dns_port_packets,temporal,linear,320,320,345,345,propagated real-source observation mask,matched,345.0,[],0.1249891603538244,0.1249891603538244,0.3507246376811594,0.6436259477514924,ok,1.0,0.0,True,4.0,4.0,False,0.0,primary,p2,calibration,1340,identity,1800,8280,360,2,1,320,,,
C0085,network_volume_forecast,network_volume_forecast|router__iot_named__dns_port_packets,temporal,linear,320,320,345,320,propagated real-source observation mask,matched,345.0,[],0.1249891603538244,0.11827614353940273,0.3507246376811594,0.6436259477514924,ok,0.9462912080102132,-0.05520492642285853,True,4.0,4.0,False,0.0,primary,p2,calibration,1340,block_a,1800,8280,360,2,1,320,,,
C0085,network_volume_forecast,network_volume_forecast|router__iot_named__dns_port_packets,temporal,linear,320,320,345,320,propagated real-source observation mask,matched,345.0,[],0.1249891603538244,0.11827614353940277,0.3507246376811594,0.6436259477514924,ok,0.9462912080102135,-0.055204926422858173,True,4.0,4.0,False,0.0,primary,p2,calibration,1340,block_b,1800,8280,360,2,1,320,,,
C0085,network_volume_forecast,network_volume_forecast|router__iot_named__dns_port_packets,temporal,linear,320,320,345,320,propagated real-source observation mask,matched,345.0,[],0.1249891603538244,0.48582947193737475,0.3507246376811594,0.6436259477514924,ok,3.886972842781477,1.3576306651673866,False,4.0,4.0,False,0.0,primary,p2,calibration,1340,row_resample,1800,8280,360,2,1,320,,,
C0086,network_volume_forecast,network_volume_forecast|router__iot_named__dns_port_packets,temporal,linear,311,311,336,336,propagated real-source observation mask,matched,336.0,[],0.11680521248046097,0.11680521248046097,0.35119047619047616,0.6674021068352975,ok,1.0,0.0,True,4.0,4.0,False,0.0,primary,p2,calibration,1340,identity,1800,8280,360,2,1,311,,,
C0086,network_volume_forecast,network_volume_forecast|router__iot_named__dns_port_packets,temporal,linear,311,311,336,311,propagated real-source observation mask,matched,336.0,[],0.11680521248046097,0.1209616082858963,0.35119047619047616,0.6674021068352975,ok,1.0355839925048773,0.03496551155762517,True,4.0,4.0,False,0.0,primary,p2,calibration,1340,block_a,1800,8280,360,2,1,311,,,
C0086,network_volume_forecast,network_volume_forecast|router__iot_named__dns_port_packets,temporal,linear,311,311,336,311,propagated real-source observation mask,matched,336.0,[],0.11680521248046097,0.1209616082858964,0.35119047619047616,0.6674021068352975,ok,1.0355839925048782,0.03496551155762603,True,4.0,4.0,False,0.0,primary,p2,calibration,1340,block_b,1800,8280,360,2,1,311,,,
C0086,network_volume_forecast,network_volume_forecast|router__iot_named__dns_port_packets,temporal,linear,311,311,336,311,propagated real-source observation mask,matched,336.0,[],0.11680521248046097,0.4571049513117671,0.35119047619047616,0.6674021068352975,ok,3.9133951439729717,1.3644053204894635,False,4.0,4.0,False,0.0,primary,p2,calibration,1340,row_resample,1800,8280,360,2,1,311,,,
C0034,network_volume_forecast,network_volume_forecast|router__general__packet_length_max,temporal,linear,322,322,347,347,propagated real-source observation mask,matched,347.0,[],3.1543957657685824,3.1543957657685824,2.6637400267777593,-0.1841980576401645,ok,1.0,0.0,True,579.0,579.0,False,4631.0,primary,p2,calibration,1341,identity,1800,8280,360,8,20,322,,,
C0034,network_volume_forecast,network_volume_forecast|router__general__packet_length_max,temporal,linear,322,322,347,322,propagated real-source observation mask,matched,347.0,[],3.1543957657685824,3.258788568374293,2.6637400267777593,-0.1841980576401645,ok,1.0330943896573088,0.03255856026835998,True,579.0,579.0,False,4631.0,primary,p2,calibration,1341,block_a,1800,8280,360,8,20,322,,,
C0034,network_volume_forecast,network_volume_forecast|router__general__packet_length_max,temporal,linear,322,322,347,322,propagated real-source observation mask,matched,347.0,[],3.1543957657685824,3.071308887738028,2.6637400267777593,-0.1841980576401645,ok,0.9736599703397364,-0.026693142718812336,True,579.0,579.0,False,4631.0,primary,p2,calibration,1341,block_b,1800,8280,360,8,20,322,,,
C0034,network_volume_forecast,network_volume_forecast|router__general__packet_length_max,temporal,linear,322,322,347,322,propagated real-source observation mask,matched,347.0,[],3.1543957657685824,2.9938747093156635,2.6637400267777593,-0.1841980576401645,ok,0.9491119477793849,-0.05222852338906531,True,579.0,579.0,False,4631.0,primary,p2,calibration,1341,row_resample,1800,8280,360,8,20,322,,,
C0035,network_volume_forecast,network_volume_forecast|router__general__packet_length_max,temporal,linear,320,320,345,345,propagated real-source observation mask,matched,345.0,[],3.2366983562985774,3.2366983562985774,2.655497251374313,-0.2188671461149028,ok,1.0,0.0,True,580.0,580.0,False,4631.0,primary,p2,calibration,1341,identity,1800,8280,360,8,20,320,,,
C0035,network_volume_forecast,network_volume_forecast|router__general__packet_length_max,temporal,linear,320,320,345,320,propagated real-source observation mask,matched,345.0,[],3.2366983562985774,3.225146054527437,2.655497251374313,-0.2188671461149028,ok,0.9964308376933984,-0.0035755469628304714,True,580.0,580.0,False,4631.0,primary,p2,calibration,1341,block_a,1800,8280,360,8,20,320,,,
C0035,network_volume_forecast,network_volume_forecast|router__general__packet_length_max,temporal,linear,320,320,345,320,propagated real-source observation mask,matched,345.0,[],3.2366983562985774,3.0218501181473565,2.655497251374313,-0.2188671461149028,ok,0.933621173646556,-0.06868451869696415,True,580.0,580.0,False,4631.0,primary,p2,calibration,1341,block_b,1800,8280,360,8,20,320,,,
C0035,network_volume_forecast,network_volume_forecast|router__general__packet_length_max,temporal,linear,320,320,345,320,propagated real-source observation mask,matched,345.0,[],3.2366983562985774,2.892275629870613,2.655497251374313,-0.2188671461149028,ok,0.8935882530549313,-0.1125101769548542,True,580.0,580.0,False,4631.0,primary,p2,calibration,1341,row_resample,1800,8280,360,8,20,320,,,
C0044,network_volume_forecast,network_volume_forecast|router__general__packet_length_mean,temporal,linear,311,311,336,336,propagated real-source observation mask,matched,336.0,[],0.09841896101605763,0.09841896101605763,0.48443953971028286,0.7968395373447082,ok,1.0,0.0,True,110.18071393773658,110.18071393773658,False,518.731843575419,primary,p2,calibration,1341,identity,1800,8280,360,8,20,311,,,
C0044,network_volume_forecast,network_volume_forecast|router__general__packet_length_mean,temporal,linear,311,311,336,311,propagated real-source observation mask,matched,336.0,[],0.09841896101605763,0.09862565379038168,0.48443953971028286,0.7968395373447082,ok,1.0021001316432343,0.0020979294495003424,True,110.18071393773658,110.18071393773658,False,518.731843575419,primary,p2,calibration,1341,block_a,1800,8280,360,8,20,311,,,
C0044,network_volume_forecast,network_volume_forecast|router__general__packet_length_mean,temporal,linear,311,311,336,311,propagated real-source observation mask,matched,336.0,[],0.09841896101605763,0.09954688601436369,0.48443953971028286,0.7968395373447082,ok,1.011460444071565,0.011395270653941672,True,110.18071393773658,110.18071393773658,False,518.731843575419,primary,p2,calibration,1341,block_b,1800,8280,360,8,20,311,,,
C0044,network_volume_forecast,network_volume_forecast|router__general__packet_length_mean,temporal,linear,311,311,336,311,propagated real-source observation mask,matched,336.0,[],0.09841896101605763,0.5113826694187112,0.48443953971028286,0.7968395373447082,ok,5.19597711801973,1.6478846950303212,False,110.18071393773658,110.18071393773658,False,518.731843575419,primary,p2,calibration,1341,row_resample,1800,8280,360,8,20,311,,,
C0065,network_volume_forecast,network_volume_forecast|router__general__packet_length_min,temporal,linear,322,322,347,347,propagated real-source observation mask,matched,347.0,[],0.44410596791184315,0.44410596791184315,0.34293948126801155,-0.29499807449924004,ok,1.0,0.0,True,18.0,18.0,False,44.0,primary,p2,calibration,1341,identity,1800,8280,360,8,20,322,,,
C0065,network_volume_forecast,network_volume_forecast|router__general__packet_length_min,temporal,linear,322,322,347,322,propagated real-source observation mask,matched,347.0,[],0.44410596791184315,0.4499497645300488,0.34293948126801155,-0.29499807449924004,ok,1.013158563587161,0.013072741731085923,True,18.0,18.0,False,44.0,primary,p2,calibration,1341,block_a,1800,8280,360,8,20,322,,,
C0065,network_volume_forecast,network_volume_forecast|router__general__packet_length_min,temporal,linear,322,322,347,322,propagated real-source observation mask,matched,347.0,[],0.44410596791184315,0.4519606907719845,0.34293948126801155,-0.29499807449924004,ok,1.017686596055157,0.017532008307707,True,18.0,18.0,False,44.0,primary,p2,calibration,1341,block_b,1800,8280,360,8,20,322,,,
C0065,network_volume_forecast,network_volume_forecast|router__general__packet_length_min,temporal,linear,322,322,347,322,propagated real-source observation mask,matched,347.0,[],0.44410596791184315,0.43670344559712926,0.34293948126801155,-0.29499807449924004,ok,0.983331630625186,-0.01680884988548783,True,18.0,18.0,False,44.0,primary,p2,calibration,1341,row_resample,1800,8280,360,8,20,322,,,
C0066,network_volume_forecast,network_volume_forecast|router__general__packet_length_min,temporal,linear,320,320,345,345,propagated real-source observation mask,matched,345.0,[],0.45034004601224153,0.45034004601224153,0.34202898550724636,-0.3166721684256215,ok,1.0,0.0,True,18.0,18.0,False,44.0,primary,p2,calibration,1341,identity,1800,8280,360,8,20,320,,,
C0066,network_volume_forecast,network_volume_forecast|router__general__packet_length_min,temporal,linear,320,320,345,320,propagated real-source observation mask,matched,345.0,[],0.45034004601224153,0.45081191674294074,0.34202898550724636,-0.3166721684256215,ok,1.0010478098380937,0.0010472612685295962,True,18.0,18.0,False,44.0,primary,p2,calibration,1341,block_a,1800,8280,360,8,20,320,,,
C0066,network_volume_forecast,network_volume_forecast|router__general__packet_length_min,temporal,linear,320,320,345,320,propagated real-source observation mask,matched,345.0,[],0.45034004601224153,0.4518744835254892,0.34202898550724636,-0.3166721684256215,ok,1.00340728639799,0.003401494749831581,True,18.0,18.0,False,44.0,primary,p2,calibration,1341,block_b,1800,8280,360,8,20,320,,,
C0066,network_volume_forecast,network_volume_forecast|router__general__packet_length_min,temporal,linear,320,320,345,320,propagated real-source observation mask,matched,345.0,[],0.45034004601224153,0.437862121314732,0.34202898550724636,-0.3166721684256215,ok,0.972292216053177,-0.028098885903418813,True,18.0,18.0,False,44.0,primary,p2,calibration,1341,row_resample,1800,8280,360,8,20,320,,,
C0067,network_volume_forecast,network_volume_forecast|router__general__packet_length_min,temporal,linear,311,311,336,336,propagated real-source observation mask,matched,336.0,[],0.43790283883364733,0.43790283883364733,0.34821428571428575,-0.2575671269068845,ok,1.0,0.0,True,18.0,18.0,False,44.0,primary,p2,calibration,1341,identity,1800,8280,360,8,20,311,,,
C0067,network_volume_forecast,network_volume_forecast|router__general__packet_length_min,temporal,linear,311,311,336,311,propagated real-source observation mask,matched,336.0,[],0.43790283883364733,0.4351561547352962,0.34821428571428575,-0.2575671269068845,ok,0.9937276403467332,-0.0062921135467473785,True,18.0,18.0,False,44.0,primary,p2,calibration,1341,block_a,1800,8280,360,8,20,311,,,
C0067,network_volume_forecast,network_volume_forecast|router__general__packet_length_min,temporal,linear,311,311,336,311,propagated real-source observation mask,matched,336.0,[],0.43790283883364733,0.43484804331041305,0.34821428571428575,-0.2575671269068845,ok,0.9930240335244898,-0.007000412284745514,True,18.0,18.0,False,44.0,primary,p2,calibration,1341,block_b,1800,8280,360,8,20,311,,,
C0067,network_volume_forecast,network_volume_forecast|router__general__packet_length_min,temporal,linear,311,311,336,311,propagated real-source observation mask,matched,336.0,[],0.43790283883364733,0.4411756545506476,0.34821428571428575,-0.2575671269068845,ok,1.007473839917817,0.007446049159478459,True,18.0,18.0,False,44.0,primary,p2,calibration,1341,row_resample,1800,8280,360,8,20,311,,,
C0071,network_burst_prediction,network_burst_prediction|router__iot_named__mqtt_port_packets,temporal,linear,322,322,347,347,propagated real-source observation mask,matched,,,,,,,single_class,,,,,,,,primary,p2,calibration,1341,identity,1800,8280,360,8,20,322,,,
C0071,network_burst_prediction,network_burst_prediction|router__iot_named__mqtt_port_packets,temporal,linear,322,322,347,322,propagated real-source observation mask,matched,,,,,,,single_class,,,,,,,,primary,p2,calibration,1341,block_a,1800,8280,360,8,20,322,,,
C0071,network_burst_prediction,network_burst_prediction|router__iot_named__mqtt_port_packets,temporal,linear,322,322,347,322,propagated real-source observation mask,matched,,,,,,,single_class,,,,,,,,primary,p2,calibration,1341,block_b,1800,8280,360,8,20,322,,,
C0071,network_burst_prediction,network_burst_prediction|router__iot_named__mqtt_port_packets,temporal,linear,322,322,347,322,propagated real-source observation mask,matched,,,,,,,single_class,,,,,,,,primary,p2,calibration,1341,row_resample,1800,8280,360,8,20,322,,,
C0081,network_volume_forecast,network_volume_forecast|router__iot_named__udp_count,temporal,linear,320,320,345,345,propagated real-source observation mask,matched,345.0,[],0.18500515306861862,0.18500515306861862,0.4855072463768116,0.6189446100974721,ok,1.0,0.0,True,4.0,4.0,False,0.0,primary,p2,calibration,1341,identity,1800,8280,360,8,20,320,,,
C0081,network_volume_forecast,network_volume_forecast|router__iot_named__udp_count,temporal,linear,320,320,345,320,propagated real-source observation mask,matched,345.0,[],0.18500515306861862,0.19197985840565152,0.4855072463768116,0.6189446100974721,ok,1.03770005981642,0.037006783272362884,True,4.0,4.0,False,0.0,primary,p2,calibration,1341,block_a,1800,8280,360,8,20,320,,,
C0081,network_volume_forecast,network_volume_forecast|router__iot_named__udp_count,temporal,linear,320,320,345,320,propagated real-source observation mask,matched,345.0,[],0.18500515306861862,0.19197985840565143,0.4855072463768116,0.6189446100974721,ok,1.0377000598164197,0.03700678327236245,True,4.0,4.0,False,0.0,primary,p2,calibration,1341,block_b,1800,8280,360,8,20,320,,,
C0081,network_volume_forecast,network_volume_forecast|router__iot_named__udp_count,temporal,linear,320,320,345,320,propagated real-source observation mask,matched,345.0,[],0.18500515306861862,0.48280366940665675,0.4855072463768116,0.6189446100974721,ok,2.609676873311655,0.9592264103414695,False,4.0,4.0,False,0.0,primary,p2,calibration,1341,row_resample,1800,8280,360,8,20,320,,,
C0082,network_volume_forecast,network_volume_forecast|router__iot_named__udp_count,temporal,linear,311,311,336,336,propagated real-source observation mask,matched,336.0,[],0.17496239318234602,0.17496239318234602,0.4806547619047619,0.6359915535029829,ok,1.0,0.0,True,4.0,4.0,False,0.0,primary,p2,calibration,1341,identity,1800,8280,360,8,20,311,,,
C0082,network_volume_forecast,network_volume_forecast|router__iot_named__udp_count,temporal,linear,311,311,336,311,propagated real-source observation mask,matched,336.0,[],0.17496239318234602,0.1796582006220814,0.4806547619047619,0.6359915535029829,ok,1.0268389529562585,0.026485105559659695,True,4.0,4.0,False,0.0,primary,p2,calibration,1341,block_a,1800,8280,360,8,20,311,,,
C0082,network_volume_forecast,network_volume_forecast|router__iot_named__udp_count,temporal,linear,311,311,336,311,propagated real-source observation mask,matched,336.0,[],0.17496239318234602,0.18397401097877047,0.4806547619047619,0.6359915535029829,ok,1.0515060272811456,0.050223448223262454,True,4.0,4.0,False,0.0,primary,p2,calibration,1341,block_b,1800,8280,360,8,20,311,,,
C0082,network_volume_forecast,network_volume_forecast|router__iot_named__udp_count,temporal,linear,311,311,336,311,propagated real-source observation mask,matched,336.0,[],0.17496239318234602,0.47646764888667203,0.4806547619047619,0.6359915535029829,ok,2.7232574967701595,1.0018287728528463,False,4.0,4.0,False,0.0,primary,p2,calibration,1341,row_resample,1800,8280,360,8,20,311,,,
C0085,network_volume_forecast,network_volume_forecast|router__iot_named__dns_port_packets,temporal,linear,320,320,345,345,propagated real-source observation mask,matched,345.0,[],0.1249891603538244,0.1249891603538244,0.3507246376811594,0.6436259477514924,ok,1.0,0.0,True,4.0,4.0,False,0.0,primary,p2,calibration,1341,identity,1800,8280,360,8,20,320,,,
C0085,network_volume_forecast,network_volume_forecast|router__iot_named__dns_port_packets,temporal,linear,320,320,345,320,propagated real-source observation mask,matched,345.0,[],0.1249891603538244,0.12764835327578702,0.3507246376811594,0.6436259477514924,ok,1.021275388317154,0.021052226924346672,True,4.0,4.0,False,0.0,primary,p2,calibration,1341,block_a,1800,8280,360,8,20,320,,,
C0085,network_volume_forecast,network_volume_forecast|router__iot_named__dns_port_packets,temporal,linear,320,320,345,320,propagated real-source observation mask,matched,345.0,[],0.1249891603538244,0.12764835327578702,0.3507246376811594,0.6436259477514924,ok,1.021275388317154,0.021052226924346672,True,4.0,4.0,False,0.0,primary,p2,calibration,1341,block_b,1800,8280,360,8,20,320,,,
C0085,network_volume_forecast,network_volume_forecast|router__iot_named__dns_port_packets,temporal,linear,320,320,345,320,propagated real-source observation mask,matched,345.0,[],0.1249891603538244,0.49644891705282057,0.3507246376811594,0.6436259477514924,ok,3.971935771449722,1.3792535757223063,False,4.0,4.0,False,0.0,primary,p2,calibration,1341,row_resample,1800,8280,360,8,20,320,,,
C0086,network_volume_forecast,network_volume_forecast|router__iot_named__dns_port_packets,temporal,linear,311,311,336,336,propagated real-source observation mask,matched,336.0,[],0.11680521248046097,0.11680521248046097,0.35119047619047616,0.6674021068352975,ok,1.0,0.0,True,4.0,4.0,False,0.0,primary,p2,calibration,1341,identity,1800,8280,360,8,20,311,,,
C0086,network_volume_forecast,network_volume_forecast|router__iot_named__dns_port_packets,temporal,linear,311,311,336,311,propagated real-source observation mask,matched,336.0,[],0.11680521248046097,0.1209616082858963,0.35119047619047616,0.6674021068352975,ok,1.0355839925048773,0.03496551155762517,True,4.0,4.0,False,0.0,primary,p2,calibration,1341,block_a,1800,8280,360,8,20,311,,,
C0086,network_volume_forecast,network_volume_forecast|router__iot_named__dns_port_packets,temporal,linear,311,311,336,311,propagated real-source observation mask,matched,336.0,[],0.11680521248046097,0.13043871878996985,0.35119047619047616,0.6674021068352975,ok,1.1167200163416464,0.11039583185597691,False,4.0,4.0,False,0.0,primary,p2,calibration,1341,block_b,1800,8280,360,8,20,311,,,
C0086,network_volume_forecast,network_volume_forecast|router__iot_named__dns_port_packets,temporal,linear,311,311,336,311,propagated real-source observation mask,matched,336.0,[],0.11680521248046097,0.48240226609187314,0.35119047619047616,0.6674021068352975,ok,4.129972077851995,1.4182706461394319,False,4.0,4.0,False,0.0,primary,p2,calibration,1341,row_resample,1800,8280,360,8,20,311,,,
C0034,network_volume_forecast,network_volume_forecast|router__general__packet_length_max,temporal,linear,322,322,347,347,propagated real-source observation mask,matched,347.0,[],1.928476523767521,1.928476523767521,2.0379272266961137,0.053706875051683825,ok,1.0,0.0,True,535.0,535.0,False,3829.0,primary,p3,qualification,1337,identity,2520,9360,360,2,22,322,,,
C0034,network_volume_forecast,network_volume_forecast|router__general__packet_length_max,temporal,linear,322,322,347,322,propagated real-source observation mask,matched,347.0,[],1.928476523767521,2.0979166881678037,2.0379272266961137,0.053706875051683825,ok,1.0878621867116434,0.08421447378552861,True,535.0,535.0,False,3829.0,primary,p3,qualification,1337,block_a,2520,9360,360,2,22,322,,,
C0034,network_volume_forecast,network_volume_forecast|router__general__packet_length_max,temporal,linear,322,322,347,322,propagated real-source observation mask,matched,347.0,[],1.928476523767521,2.1150521884917612,2.0379272266961137,0.053706875051683825,ok,1.0967476982088127,0.09234916232372335,True,535.0,535.0,False,3829.0,primary,p3,qualification,1337,block_b,2520,9360,360,2,22,322,,,
C0034,network_volume_forecast,network_volume_forecast|router__general__packet_length_max,temporal,linear,322,322,347,322,propagated real-source observation mask,matched,347.0,[],1.928476523767521,1.9968763350298928,2.0379272266961137,0.053706875051683825,ok,1.0354683141948464,0.034853801863208494,True,535.0,535.0,False,3829.0,primary,p3,qualification,1337,row_resample,2520,9360,360,2,22,322,,,
C0035,network_volume_forecast,network_volume_forecast|router__general__packet_length_max,temporal,linear,320,320,345,345,propagated real-source observation mask,matched,345.0,[],2.065794938991359,2.065794938991359,2.0354273330624406,-0.014919523500368853,ok,1.0,0.0,True,535.0,535.0,False,3829.0,primary,p3,qualification,1337,identity,2520,9360,360,2,22,320,,,
C0035,network_volume_forecast,network_volume_forecast|router__general__packet_length_max,temporal,linear,320,320,345,320,propagated real-source observation mask,matched,345.0,[],2.065794938991359,2.0737273776369016,2.0354273330624406,-0.014919523500368853,ok,1.0038398964465542,0.0038325428628493176,True,535.0,535.0,False,3829.0,primary,p3,qualification,1337,block_a,2520,9360,360,2,22,320,,,
C0035,network_volume_forecast,network_volume_forecast|router__general__packet_length_max,temporal,linear,320,320,345,320,propagated real-source observation mask,matched,345.0,[],2.065794938991359,2.082063460225148,2.0354273330624406,-0.014919523500368853,ok,1.007875186896204,0.007844339458928103,True,535.0,535.0,False,3829.0,primary,p3,qualification,1337,block_b,2520,9360,360,2,22,320,,,
C0035,network_volume_forecast,network_volume_forecast|router__general__packet_length_max,temporal,linear,320,320,345,320,propagated real-source observation mask,matched,345.0,[],2.065794938991359,2.191500611444585,2.0354273330624406,-0.014919523500368853,ok,1.0608509925552452,0.05907140919916011,True,535.0,535.0,False,3829.0,primary,p3,qualification,1337,row_resample,2520,9360,360,2,22,320,,,
C0044,network_volume_forecast,network_volume_forecast|router__general__packet_length_mean,temporal,linear,311,311,336,336,propagated real-source observation mask,matched,336.0,[],0.07548921262966485,0.07548921262966485,0.47950103607836064,0.842567154292179,ok,1.0,0.0,True,103.97121875146905,103.97121875146905,False,511.9097909790979,primary,p3,qualification,1337,identity,2520,9360,360,2,22,311,,,
C0044,network_volume_forecast,network_volume_forecast|router__general__packet_length_mean,temporal,linear,311,311,336,311,propagated real-source observation mask,matched,336.0,[],0.07548921262966485,0.07554981099657276,0.47950103607836064,0.842567154292179,ok,1.0008027420713101,0.0008024200462174915,True,103.97121875146905,103.97121875146905,False,511.9097909790979,primary,p3,qualification,1337,block_a,2520,9360,360,2,22,311,,,
C0044,network_volume_forecast,network_volume_forecast|router__general__packet_length_mean,temporal,linear,311,311,336,311,propagated real-source observation mask,matched,336.0,[],0.07548921262966485,0.07592463566690001,0.47950103607836064,0.842567154292179,ok,1.0057680166750613,0.005751445358763135,True,103.97121875146905,103.97121875146905,False,511.9097909790979,primary,p3,qualification,1337,block_b,2520,9360,360,2,22,311,,,
C0044,network_volume_forecast,network_volume_forecast|router__general__packet_length_mean,temporal,linear,311,311,336,311,propagated real-source observation mask,matched,336.0,[],0.07548921262966485,0.47627915882537464,0.47950103607836064,0.842567154292179,ok,6.30923468710564,1.8420143834772302,False,103.97121875146905,103.97121875146905,False,511.9097909790979,primary,p3,qualification,1337,row_resample,2520,9360,360,2,22,311,,,
C0065,network_volume_forecast,network_volume_forecast|router__general__packet_length_min,temporal,linear,322,322,347,347,propagated real-source observation mask,matched,347.0,[],0.46810828710964597,0.46810828710964597,0.38904899135446686,-0.2032116713114604,ok,1.0,0.0,True,18.0,18.0,False,44.0,primary,p3,qualification,1337,identity,2520,9360,360,2,22,322,,,
C0065,network_volume_forecast,network_volume_forecast|router__general__packet_length_min,temporal,linear,322,322,347,322,propagated real-source observation mask,matched,347.0,[],0.46810828710964597,0.46936425809107996,0.38904899135446686,-0.2032116713114604,ok,1.0026830778604434,0.002679484832521655,True,18.0,18.0,False,44.0,primary,p3,qualification,1337,block_a,2520,9360,360,2,22,322,,,
C0065,network_volume_forecast,network_volume_forecast|router__general__packet_length_min,temporal,linear,322,322,347,322,propagated real-source observation mask,matched,347.0,[],0.46810828710964597,0.46487429155675586,0.38904899135446686,-0.2032116713114604,ok,0.9930913516339167,-0.006932623565161772,True,18.0,18.0,False,44.0,primary,p3,qualification,1337,block_b,2520,9360,360,2,22,322,,,
C0065,network_volume_forecast,network_volume_forecast|router__general__packet_length_min,temporal,linear,322,322,347,322,propagated real-source observation mask,matched,347.0,[],0.46810828710964597,0.46827107682868685,0.38904899135446686,-0.2032116713114604,ok,1.0003477608141613,0.0003477003593848532,True,18.0,18.0,False,44.0,primary,p3,qualification,1337,row_resample,2520,9360,360,2,22,322,,,
C0066,network_volume_forecast,network_volume_forecast|router__general__packet_length_min,temporal,linear,320,320,345,345,propagated real-source observation mask,matched,345.0,[],0.4706093227441537,0.4706093227441537,0.391304347826087,-0.20266826923505935,ok,1.0,0.0,True,18.0,18.0,False,44.0,primary,p3,qualification,1337,identity,2520,9360,360,2,22,320,,,
C0066,network_volume_forecast,network_volume_forecast|router__general__packet_length_min,temporal,linear,320,320,345,320,propagated real-source observation mask,matched,345.0,[],0.4706093227441537,0.4738262543831925,0.391304347826087,-0.20266826923505935,ok,1.0068356734207489,0.006812416131193908,True,18.0,18.0,False,44.0,primary,p3,qualification,1337,block_a,2520,9360,360,2,22,320,,,
C0066,network_volume_forecast,network_volume_forecast|router__general__packet_length_min,temporal,linear,320,320,345,320,propagated real-source observation mask,matched,345.0,[],0.4706093227441537,0.47186885691370306,0.391304347826087,-0.20266826923505935,ok,1.0026763901790237,0.0026728150244135634,True,18.0,18.0,False,44.0,primary,p3,qualification,1337,block_b,2520,9360,360,2,22,320,,,
C0066,network_volume_forecast,network_volume_forecast|router__general__packet_length_min,temporal,linear,320,320,345,320,propagated real-source observation mask,matched,345.0,[],0.4706093227441537,0.4689462852296592,0.391304347826087,-0.20266826923505935,ok,0.9964662036340521,-0.0035400549731048584,True,18.0,18.0,False,44.0,primary,p3,qualification,1337,row_resample,2520,9360,360,2,22,320,,,
C0067,network_volume_forecast,network_volume_forecast|router__general__packet_length_min,temporal,linear,311,311,336,336,propagated real-source observation mask,matched,336.0,[],0.44849854643358916,0.44849854643358916,0.3898809523809524,-0.15034741680676303,ok,1.0,0.0,True,18.0,18.0,False,44.0,primary,p3,qualification,1337,identity,2520,9360,360,2,22,311,,,
C0067,network_volume_forecast,network_volume_forecast|router__general__packet_length_min,temporal,linear,311,311,336,311,propagated real-source observation mask,matched,336.0,[],0.44849854643358916,0.44896942750242846,0.3898809523809524,-0.15034741680676303,ok,1.001049905451386,0.0010493546861247787,True,18.0,18.0,False,44.0,primary,p3,qualification,1337,block_a,2520,9360,360,2,22,311,,,
C0067,network_volume_forecast,network_volume_forecast|router__general__packet_length_min,temporal,linear,311,311,336,311,propagated real-source observation mask,matched,336.0,[],0.44849854643358916,0.4473577020424249,0.3898809523809524,-0.15034741680676303,ok,0.9974563030354588,-0.0025469376583934413,True,18.0,18.0,False,44.0,primary,p3,qualification,1337,block_b,2520,9360,360,2,22,311,,,
C0067,network_volume_forecast,network_volume_forecast|router__general__packet_length_min,temporal,linear,311,311,336,311,propagated real-source observation mask,matched,336.0,[],0.44849854643358916,0.4692514162664109,0.3898809523809524,-0.15034741680676303,ok,1.0462718775742894,0.045233253068197934,True,18.0,18.0,False,44.0,primary,p3,qualification,1337,row_resample,2520,9360,360,2,22,311,,,
C0071,network_burst_prediction,network_burst_prediction|router__iot_named__mqtt_port_packets,temporal,linear,322,322,347,347,propagated real-source observation mask,matched,347.0,[],,,,,single_class,,,,,,,,primary,p3,qualification,1337,identity,2520,9360,360,2,22,322,,,
C0071,network_burst_prediction,network_burst_prediction|router__iot_named__mqtt_port_packets,temporal,linear,322,322,347,322,propagated real-source observation mask,matched,347.0,[],,,,,single_class,,,,,,,,primary,p3,qualification,1337,block_a,2520,9360,360,2,22,322,,,
C0071,network_burst_prediction,network_burst_prediction|router__iot_named__mqtt_port_packets,temporal,linear,322,322,347,322,propagated real-source observation mask,matched,347.0,[],,,,,single_class,,,,,,,,primary,p3,qualification,1337,block_b,2520,9360,360,2,22,322,,,
C0071,network_burst_prediction,network_burst_prediction|router__iot_named__mqtt_port_packets,temporal,linear,322,322,347,322,propagated real-source observation mask,matched,347.0,[],,,,,single_class,,,,,,,,primary,p3,qualification,1337,row_resample,2520,9360,360,2,22,322,,,
C0081,network_volume_forecast,network_volume_forecast|router__iot_named__udp_count,temporal,linear,320,320,345,345,propagated real-source observation mask,matched,345.0,[],0.30964588554623224,0.30964588554623224,0.8183574879227052,0.621625157567473,ok,1.0,0.0,True,3.0,3.0,False,0.0,primary,p3,qualification,1337,identity,2520,9360,360,2,22,320,,,
C0081,network_volume_forecast,network_volume_forecast|router__iot_named__udp_count,temporal,linear,320,320,345,320,propagated real-source observation mask,matched,345.0,[],0.30964588554623224,0.31138003044749935,0.8183574879227052,0.621625157567473,ok,1.0056004131887881,0.005584789181632552,True,3.0,3.0,False,0.0,primary,p3,qualification,1337,block_a,2520,9360,360,2,22,320,,,
C0081,network_volume_forecast,network_volume_forecast|router__iot_named__udp_count,temporal,linear,320,320,345,320,propagated real-source observation mask,matched,345.0,[],0.30964588554623224,0.3124560818444699,0.8183574879227052,0.621625157567473,ok,1.0090755163540452,0.00903458134001473,True,3.0,3.0,False,0.0,primary,p3,qualification,1337,block_b,2520,9360,360,2,22,320,,,
C0081,network_volume_forecast,network_volume_forecast|router__iot_named__udp_count,temporal,linear,320,320,345,320,propagated real-source observation mask,matched,345.0,[],0.30964588554623224,0.5339709567660219,0.8183574879227052,0.621625157567473,ok,1.7244568124135349,0.5449121095401577,False,3.0,3.0,False,0.0,primary,p3,qualification,1337,row_resample,2520,9360,360,2,22,320,,,
C0082,network_volume_forecast,network_volume_forecast|router__iot_named__udp_count,temporal,linear,311,311,336,336,propagated real-source observation mask,matched,336.0,[],0.31589777347677933,0.31589777347677933,0.8204365079365079,0.6149637779146389,ok,1.0,0.0,True,3.0,3.0,False,0.0,primary,p3,qualification,1337,identity,2520,9360,360,2,22,311,,,
C0082,network_volume_forecast,network_volume_forecast|router__iot_named__udp_count,temporal,linear,311,311,336,311,propagated real-source observation mask,matched,336.0,[],0.31589777347677933,0.31470249484123625,0.8204365079365079,0.6149637779146389,ok,0.9962162486224964,-0.0037909278731835267,True,3.0,3.0,False,0.0,primary,p3,qualification,1337,block_a,2520,9360,360,2,22,311,,,
C0082,network_volume_forecast,network_volume_forecast|router__iot_named__udp_count,temporal,linear,311,311,336,311,propagated real-source observation mask,matched,336.0,[],0.31589777347677933,0.31662274504585347,0.8204365079365079,0.6149637779146389,ok,1.0022949562483303,0.0022923268583609773,True,3.0,3.0,False,0.0,primary,p3,qualification,1337,block_b,2520,9360,360,2,22,311,,,
C0082,network_volume_forecast,network_volume_forecast|router__iot_named__udp_count,temporal,linear,311,311,336,311,propagated real-source observation mask,matched,336.0,[],0.31589777347677933,0.5756843925682954,0.8204365079365079,0.6149637779146389,ok,1.8223755939533781,0.6001409213654946,False,3.0,3.0,False,0.0,primary,p3,qualification,1337,row_resample,2520,9360,360,2,22,311,,,
C0085,network_volume_forecast,network_volume_forecast|router__iot_named__dns_port_packets,temporal,linear,320,320,345,345,propagated real-source observation mask,matched,345.0,[],0.11764569085068145,0.11764569085068145,0.34202898550724636,0.6560359038687703,ok,1.0,0.0,True,4.0,4.0,False,0.0,primary,p3,qualification,1337,identity,2520,9360,360,2,22,320,,,
C0085,network_volume_forecast,network_volume_forecast|router__iot_named__dns_port_packets,temporal,linear,320,320,345,320,propagated real-source observation mask,matched,345.0,[],0.11764569085068145,0.1283587321657197,0.34202898550724636,0.6560359038687703,ok,1.0910619100246983,0.08715145136806274,True,4.0,4.0,False,0.0,primary,p3,qualification,1337,block_a,2520,9360,360,2,22,320,,,
C0085,network_volume_forecast,network_volume_forecast|router__iot_named__dns_port_packets,temporal,linear,320,320,345,320,propagated real-source observation mask,matched,345.0,[],0.11764569085068145,0.12846034662819633,0.34202898550724636,0.6560359038687703,ok,1.0919256429990376,0.08794278251259054,True,4.0,4.0,False,0.0,primary,p3,qualification,1337,block_b,2520,9360,360,2,22,320,,,
C0085,network_volume_forecast,network_volume_forecast|router__iot_named__dns_port_packets,temporal,linear,320,320,345,320,propagated real-source observation mask,matched,345.0,[],0.11764569085068145,0.45064478364437727,0.34202898550724636,0.6560359038687703,ok,3.830525201440193,1.3430019221046932,False,4.0,4.0,False,0.0,primary,p3,qualification,1337,row_resample,2520,9360,360,2,22,320,,,
C0086,network_volume_forecast,network_volume_forecast|router__iot_named__dns_port_packets,temporal,linear,311,311,336,336,propagated real-source observation mask,matched,336.0,[],0.15119137746030253,0.15119137746030253,0.34226190476190477,0.5582582362898987,ok,1.0,0.0,True,4.0,4.0,False,0.0,primary,p3,qualification,1337,identity,2520,9360,360,2,22,311,,,
C0086,network_volume_forecast,network_volume_forecast|router__iot_named__dns_port_packets,temporal,linear,311,311,336,311,propagated real-source observation mask,matched,336.0,[],0.15119137746030253,0.15311784517714835,0.34226190476190477,0.5582582362898987,ok,1.0127419152415067,0.012661420093243789,True,4.0,4.0,False,0.0,primary,p3,qualification,1337,block_a,2520,9360,360,2,22,311,,,
C0086,network_volume_forecast,network_volume_forecast|router__iot_named__dns_port_packets,temporal,linear,311,311,336,311,propagated real-source observation mask,matched,336.0,[],0.15119137746030253,0.1532172473221975,0.34226190476190477,0.5582582362898987,ok,1.0133993743289156,0.013310396661529883,True,4.0,4.0,False,0.0,primary,p3,qualification,1337,block_b,2520,9360,360,2,22,311,,,
C0086,network_volume_forecast,network_volume_forecast|router__iot_named__dns_port_packets,temporal,linear,311,311,336,311,propagated real-source observation mask,matched,336.0,[],0.15119137746030253,0.4677711760690671,0.34226190476190477,0.5582582362898987,ok,3.0939011465246233,1.1294328015837776,False,4.0,4.0,False,0.0,primary,p3,qualification,1337,row_resample,2520,9360,360,2,22,311,,,
C0034,network_volume_forecast,network_volume_forecast|router__general__packet_length_max,temporal,linear,322,322,347,347,propagated real-source observation mask,matched,347.0,[],1.928476523767521,1.928476523767521,2.0379272266961137,0.053706875051683825,ok,1.0,0.0,True,535.0,535.0,False,3829.0,primary,p3,qualification,1338,identity,2520,9360,360,14,7,322,,,
C0034,network_volume_forecast,network_volume_forecast|router__general__packet_length_max,temporal,linear,322,322,347,322,propagated real-source observation mask,matched,347.0,[],1.928476523767521,2.132600530448781,2.0379272266961137,0.053706875051683825,ok,1.1058472862726263,0.10061181605537813,False,535.0,535.0,False,3829.0,primary,p3,qualification,1338,block_a,2520,9360,360,14,7,322,,,
C0034,network_volume_forecast,network_volume_forecast|router__general__packet_length_max,temporal,linear,322,322,347,322,propagated real-source observation mask,matched,347.0,[],1.928476523767521,2.1288011697736304,2.0379272266961137,0.053706875051683825,ok,1.1038771504538465,0.09882866490036506,False,535.0,535.0,False,3829.0,primary,p3,qualification,1338,block_b,2520,9360,360,14,7,322,,,
C0034,network_volume_forecast,network_volume_forecast|router__general__packet_length_max,temporal,linear,322,322,347,322,propagated real-source observation mask,matched,347.0,[],1.928476523767521,2.269929575367144,2.0379272266961137,0.053706875051683825,ok,1.177058443487065,0.16301848166481636,False,535.0,535.0,False,3829.0,primary,p3,qualification,1338,row_resample,2520,9360,360,14,7,322,,,
C0035,network_volume_forecast,network_volume_forecast|router__general__packet_length_max,temporal,linear,320,320,345,345,propagated real-source observation mask,matched,345.0,[],2.065794938991359,2.065794938991359,2.0354273330624406,-0.014919523500368853,ok,1.0,0.0,True,535.0,535.0,False,3829.0,primary,p3,qualification,1338,identity,2520,9360,360,14,7,320,,,
C0035,network_volume_forecast,network_volume_forecast|router__general__packet_length_max,temporal,linear,320,320,345,320,propagated real-source observation mask,matched,345.0,[],2.065794938991359,2.093120589868896,2.0354273330624406,-0.014919523500368853,ok,1.0132276686140391,0.013140946919027714,True,535.0,535.0,False,3829.0,primary,p3,qualification,1338,block_a,2520,9360,360,14,7,320,,,
C0035,network_volume_forecast,network_volume_forecast|router__general__packet_length_max,temporal,linear,320,320,345,320,propagated real-source observation mask,matched,345.0,[],2.065794938991359,2.076956899426877,2.0354273330624406,-0.014919523500368853,ok,1.0054032276993419,0.005388682634564234,True,535.0,535.0,False,3829.0,primary,p3,qualification,1338,block_b,2520,9360,360,14,7,320,,,
C0035,network_volume_forecast,network_volume_forecast|router__general__packet_length_max,temporal,linear,320,320,345,320,propagated real-source observation mask,matched,345.0,[],2.065794938991359,2.060021523416848,2.0354273330624406,-0.014919523500368853,ok,0.9972052329756749,-0.0027986796773547154,True,535.0,535.0,False,3829.0,primary,p3,qualification,1338,row_resample,2520,9360,360,14,7,320,,,
C0044,network_volume_forecast,network_volume_forecast|router__general__packet_length_mean,temporal,linear,311,311,336,336,propagated real-source observation mask,matched,336.0,[],0.07548921262966485,0.07548921262966485,0.47950103607836064,0.842567154292179,ok,1.0,0.0,True,103.97121875146905,103.97121875146905,False,511.9097909790979,primary,p3,qualification,1338,identity,2520,9360,360,14,7,311,,,
C0044,network_volume_forecast,network_volume_forecast|router__general__packet_length_mean,temporal,linear,311,311,336,311,propagated real-source observation mask,matched,336.0,[],0.07548921262966485,0.07468946253962105,0.47950103607836064,0.842567154292179,ok,0.989405769881755,-0.01065074850778196,True,103.97121875146905,103.97121875146905,False,511.9097909790979,primary,p3,qualification,1338,block_a,2520,9360,360,14,7,311,,,
C0044,network_volume_forecast,network_volume_forecast|router__general__packet_length_mean,temporal,linear,311,311,336,311,propagated real-source observation mask,matched,336.0,[],0.07548921262966485,0.07407538205566473,0.47950103607836064,0.842567154292179,ok,0.9812710912625876,-0.018906515836173546,True,103.97121875146905,103.97121875146905,False,511.9097909790979,primary,p3,qualification,1338,block_b,2520,9360,360,14,7,311,,,
C0044,network_volume_forecast,network_volume_forecast|router__general__packet_length_mean,temporal,linear,311,311,336,311,propagated real-source observation mask,matched,336.0,[],0.07548921262966485,0.5170519032645396,0.47950103607836064,0.842567154292179,ok,6.849348208214782,1.9241534956614539,False,103.97121875146905,103.97121875146905,False,511.9097909790979,primary,p3,qualification,1338,row_resample,2520,9360,360,14,7,311,,,
C0065,network_volume_forecast,network_volume_forecast|router__general__packet_length_min,temporal,linear,322,322,347,347,propagated real-source observation mask,matched,347.0,[],0.46810828710964597,0.46810828710964597,0.38904899135446686,-0.2032116713114604,ok,1.0,0.0,True,18.0,18.0,False,44.0,primary,p3,qualification,1338,identity,2520,9360,360,14,7,322,,,
C0065,network_volume_forecast,network_volume_forecast|router__general__packet_length_min,temporal,linear,322,322,347,322,propagated real-source observation mask,matched,347.0,[],0.46810828710964597,0.46614002223995044,0.38904899135446686,-0.2032116713114604,ok,0.9957952787337976,-0.004213585964448993,True,18.0,18.0,False,44.0,primary,p3,qualification,1338,block_a,2520,9360,360,14,7,322,,,
C0065,network_volume_forecast,network_volume_forecast|router__general__packet_length_min,temporal,linear,322,322,347,322,propagated real-source observation mask,matched,347.0,[],0.46810828710964597,0.4685166800569396,0.38904899135446686,-0.2032116713114604,ok,1.0008724326369338,0.000872052288783508,True,18.0,18.0,False,44.0,primary,p3,qualification,1338,block_b,2520,9360,360,14,7,322,,,
C0065,network_volume_forecast,network_volume_forecast|router__general__packet_length_min,temporal,linear,322,322,347,322,propagated real-source observation mask,matched,347.0,[],0.46810828710964597,0.46787877685721835,0.38904899135446686,-0.2032116713114604,ok,0.9995097069230611,-0.0004904133098907727,True,18.0,18.0,False,44.0,primary,p3,qualification,1338,row_resample,2520,9360,360,14,7,322,,,
C0066,network_volume_forecast,network_volume_forecast|router__general__packet_length_min,temporal,linear,320,320,345,345,propagated real-source observation mask,matched,345.0,[],0.4706093227441537,0.4706093227441537,0.391304347826087,-0.20266826923505935,ok,1.0,0.0,True,18.0,18.0,False,44.0,primary,p3,qualification,1338,identity,2520,9360,360,14,7,320,,,
C0066,network_volume_forecast,network_volume_forecast|router__general__packet_length_min,temporal,linear,320,320,345,320,propagated real-source observation mask,matched,345.0,[],0.4706093227441537,0.4708594326192032,0.391304347826087,-0.20266826923505935,ok,1.0005314596693307,0.000531318494657478,True,18.0,18.0,False,44.0,primary,p3,qualification,1338,block_a,2520,9360,360,14,7,320,,,
C0066,network_volume_forecast,network_volume_forecast|router__general__packet_length_min,temporal,linear,320,320,345,320,propagated real-source observation mask,matched,345.0,[],0.4706093227441537,0.4738485802433231,0.391304347826087,-0.20266826923505935,ok,1.006883113747686,0.006859533263186828,True,18.0,18.0,False,44.0,primary,p3,qualification,1338,block_b,2520,9360,360,14,7,320,,,
C0066,network_volume_forecast,network_volume_forecast|router__general__packet_length_min,temporal,linear,320,320,345,320,propagated real-source observation mask,matched,345.0,[],0.4706093227441537,0.4624882206209083,0.391304347826087,-0.20266826923505935,ok,0.9827434312692942,-0.017407198732732797,True,18.0,18.0,False,44.0,primary,p3,qualification,1338,row_resample,2520,9360,360,14,7,320,,,
C0067,network_volume_forecast,network_volume_forecast|router__general__packet_length_min,temporal,linear,311,311,336,336,propagated real-source observation mask,matched,336.0,[],0.44849854643358916,0.44849854643358916,0.3898809523809524,-0.15034741680676303,ok,1.0,0.0,True,18.0,18.0,False,44.0,primary,p3,qualification,1338,identity,2520,9360,360,14,7,311,,,
C0067,network_volume_forecast,network_volume_forecast|router__general__packet_length_min,temporal,linear,311,311,336,311,propagated real-source observation mask,matched,336.0,[],0.44849854643358916,0.44632549017707457,0.3898809523809524,-0.15034741680676303,ok,0.9951548198454722,-0.004856956092986404,True,18.0,18.0,False,44.0,primary,p3,qualification,1338,block_a,2520,9360,360,14,7,311,,,
C0067,network_volume_forecast,network_volume_forecast|router__general__packet_length_min,temporal,linear,311,311,336,311,propagated real-source observation mask,matched,336.0,[],0.44849854643358916,0.44776964007463843,0.3898809523809524,-0.15034741680676303,ok,0.9983747854597369,-0.0016265366340655928,True,18.0,18.0,False,44.0,primary,p3,qualification,1338,block_b,2520,9360,360,14,7,311,,,
C0067,network_volume_forecast,network_volume_forecast|router__general__packet_length_min,temporal,linear,311,311,336,311,propagated real-source observation mask,matched,336.0,[],0.44849854643358916,0.45940420432595314,0.3898809523809524,-0.15034741680676303,ok,1.024315926950231,0.024025001446398395,True,18.0,18.0,False,44.0,primary,p3,qualification,1338,row_resample,2520,9360,360,14,7,311,,,
C0071,network_burst_prediction,network_burst_prediction|router__iot_named__mqtt_port_packets,temporal,linear,322,322,347,347,propagated real-source observation mask,matched,347.0,[],,,,,single_class,,,,,,,,primary,p3,qualification,1338,identity,2520,9360,360,14,7,322,,,
C0071,network_burst_prediction,network_burst_prediction|router__iot_named__mqtt_port_packets,temporal,linear,322,322,347,322,propagated real-source observation mask,matched,347.0,[],,,,,single_class,,,,,,,,primary,p3,qualification,1338,block_a,2520,9360,360,14,7,322,,,
C0071,network_burst_prediction,network_burst_prediction|router__iot_named__mqtt_port_packets,temporal,linear,322,322,347,322,propagated real-source observation mask,matched,347.0,[],,,,,single_class,,,,,,,,primary,p3,qualification,1338,block_b,2520,9360,360,14,7,322,,,
C0071,network_burst_prediction,network_burst_prediction|router__iot_named__mqtt_port_packets,temporal,linear,322,322,347,322,propagated real-source observation mask,matched,347.0,[],,,,,single_class,,,,,,,,primary,p3,qualification,1338,row_resample,2520,9360,360,14,7,322,,,
C0081,network_volume_forecast,network_volume_forecast|router__iot_named__udp_count,temporal,linear,320,320,345,345,propagated real-source observation mask,matched,345.0,[],0.30964588554623224,0.30964588554623224,0.8183574879227052,0.621625157567473,ok,1.0,0.0,True,3.0,3.0,False,0.0,primary,p3,qualification,1338,identity,2520,9360,360,14,7,320,,,
C0081,network_volume_forecast,network_volume_forecast|router__iot_named__udp_count,temporal,linear,320,320,345,320,propagated real-source observation mask,matched,345.0,[],0.30964588554623224,0.31116268775305134,0.8183574879227052,0.621625157567473,ok,1.0048985059308746,0.0048865472877863275,True,3.0,3.0,False,0.0,primary,p3,qualification,1338,block_a,2520,9360,360,14,7,320,,,
C0081,network_volume_forecast,network_volume_forecast|router__iot_named__udp_count,temporal,linear,320,320,345,320,propagated real-source observation mask,matched,345.0,[],0.30964588554623224,0.31106906055907907,0.8183574879227052,0.621625157567473,ok,1.0045961373274386,0.004585607340787773,True,3.0,3.0,False,0.0,primary,p3,qualification,1338,block_b,2520,9360,360,14,7,320,,,
C0081,network_volume_forecast,network_volume_forecast|router__iot_named__udp_count,temporal,linear,320,320,345,320,propagated real-source observation mask,matched,345.0,[],0.30964588554623224,0.5152740433132733,0.8183574879227052,0.621625157567473,ok,1.6640752141895954,0.5092695422125832,False,3.0,3.0,False,0.0,primary,p3,qualification,1338,row_resample,2520,9360,360,14,7,320,,,
C0082,network_volume_forecast,network_volume_forecast|router__iot_named__udp_count,temporal,linear,311,311,336,336,propagated real-source observation mask,matched,336.0,[],0.31589777347677933,0.31589777347677933,0.8204365079365079,0.6149637779146389,ok,1.0,0.0,True,3.0,3.0,False,0.0,primary,p3,qualification,1338,identity,2520,9360,360,14,7,311,,,
C0082,network_volume_forecast,network_volume_forecast|router__iot_named__udp_count,temporal,linear,311,311,336,311,propagated real-source observation mask,matched,336.0,[],0.31589777347677933,0.3145400155082917,0.8204365079365079,0.6149637779146389,ok,0.9957019071279164,-0.004307356225951222,True,3.0,3.0,False,0.0,primary,p3,qualification,1338,block_a,2520,9360,360,14,7,311,,,
C0082,network_volume_forecast,network_volume_forecast|router__iot_named__udp_count,temporal,linear,311,311,336,311,propagated real-source observation mask,matched,336.0,[],0.31589777347677933,0.3147073704518549,0.8204365079365079,0.6149637779146389,ok,0.9962316827629937,-0.0037754352319410594,True,3.0,3.0,False,0.0,primary,p3,qualification,1338,block_b,2520,9360,360,14,7,311,,,
C0082,network_volume_forecast,network_volume_forecast|router__iot_named__udp_count,temporal,linear,311,311,336,311,propagated real-source observation mask,matched,336.0,[],0.31589777347677933,0.5541286213888778,0.8204365079365079,0.6149637779146389,ok,1.7541390535619272,0.5619781687791112,False,3.0,3.0,False,0.0,primary,p3,qualification,1338,row_resample,2520,9360,360,14,7,311,,,
C0085,network_volume_forecast,network_volume_forecast|router__iot_named__dns_port_packets,temporal,linear,320,320,345,345,propagated real-source observation mask,matched,345.0,[],0.11764569085068145,0.11764569085068145,0.34202898550724636,0.6560359038687703,ok,1.0,0.0,True,4.0,4.0,False,0.0,primary,p3,qualification,1338,identity,2520,9360,360,14,7,320,,,
C0085,network_volume_forecast,network_volume_forecast|router__iot_named__dns_port_packets,temporal,linear,320,320,345,320,propagated real-source observation mask,matched,345.0,[],0.11764569085068145,0.1283587321657197,0.34202898550724636,0.6560359038687703,ok,1.0910619100246983,0.08715145136806274,True,4.0,4.0,False,0.0,primary,p3,qualification,1338,block_a,2520,9360,360,14,7,320,,,
C0085,network_volume_forecast,network_volume_forecast|router__iot_named__dns_port_packets,temporal,linear,320,320,345,320,propagated real-source observation mask,matched,345.0,[],0.11764569085068145,0.1284603466281963,0.34202898550724636,0.6560359038687703,ok,1.0919256429990374,0.08794278251259033,True,4.0,4.0,False,0.0,primary,p3,qualification,1338,block_b,2520,9360,360,14,7,320,,,
C0085,network_volume_forecast,network_volume_forecast|router__iot_named__dns_port_packets,temporal,linear,320,320,345,320,propagated real-source observation mask,matched,345.0,[],0.11764569085068145,0.41333369887322663,0.34202898550724636,0.6560359038687703,ok,3.5133772931627307,1.2565777666522358,False,4.0,4.0,False,0.0,primary,p3,qualification,1338,row_resample,2520,9360,360,14,7,320,,,
C0086,network_volume_forecast,network_volume_forecast|router__iot_named__dns_port_packets,temporal,linear,311,311,336,336,propagated real-source observation mask,matched,336.0,[],0.15119137746030253,0.15119137746030253,0.34226190476190477,0.5582582362898987,ok,1.0,0.0,True,4.0,4.0,False,0.0,primary,p3,qualification,1338,identity,2520,9360,360,14,7,311,,,
C0086,network_volume_forecast,network_volume_forecast|router__iot_named__dns_port_packets,temporal,linear,311,311,336,311,propagated real-source observation mask,matched,336.0,[],0.15119137746030253,0.15311784517714835,0.34226190476190477,0.5582582362898987,ok,1.0127419152415067,0.012661420093243789,True,4.0,4.0,False,0.0,primary,p3,qualification,1338,block_a,2520,9360,360,14,7,311,,,
C0086,network_volume_forecast,network_volume_forecast|router__iot_named__dns_port_packets,temporal,linear,311,311,336,311,propagated real-source observation mask,matched,336.0,[],0.15119137746030253,0.1532172473221976,0.34226190476190477,0.5582582362898987,ok,1.0133993743289162,0.01331039666153054,True,4.0,4.0,False,0.0,primary,p3,qualification,1338,block_b,2520,9360,360,14,7,311,,,
C0086,network_volume_forecast,network_volume_forecast|router__iot_named__dns_port_packets,temporal,linear,311,311,336,311,propagated real-source observation mask,matched,336.0,[],0.15119137746030253,0.45905157599234936,0.34226190476190477,0.5582582362898987,ok,3.0362285449306126,1.110616135004005,False,4.0,4.0,False,0.0,primary,p3,qualification,1338,row_resample,2520,9360,360,14,7,311,,,
C0034,network_volume_forecast,network_volume_forecast|router__general__packet_length_max,temporal,linear,322,322,347,347,propagated real-source observation mask,matched,347.0,[],1.928476523767521,1.928476523767521,2.0379272266961137,0.053706875051683825,ok,1.0,0.0,True,535.0,535.0,False,3829.0,primary,p3,qualification,1339,identity,2520,9360,360,3,24,322,,,
C0034,network_volume_forecast,network_volume_forecast|router__general__packet_length_max,temporal,linear,322,322,347,322,propagated real-source observation mask,matched,347.0,[],1.928476523767521,2.110241127157498,2.0379272266961137,0.053706875051683825,ok,1.0942529510470147,0.09007189395250524,True,535.0,535.0,False,3829.0,primary,p3,qualification,1339,block_a,2520,9360,360,3,24,322,,,
C0034,network_volume_forecast,network_volume_forecast|router__general__packet_length_max,temporal,linear,322,322,347,322,propagated real-source observation mask,matched,347.0,[],1.928476523767521,2.1187701613134986,2.0379272266961137,0.053706875051683825,ok,1.0986756308416008,0.09410548248563654,True,535.0,535.0,False,3829.0,primary,p3,qualification,1339,block_b,2520,9360,360,3,24,322,,,
C0034,network_volume_forecast,network_volume_forecast|router__general__packet_length_max,temporal,linear,322,322,347,322,propagated real-source observation mask,matched,347.0,[],1.928476523767521,2.340798767237545,2.0379272266961137,0.053706875051683825,ok,1.2138072402688629,0.19376189936216923,False,535.0,535.0,False,3829.0,primary,p3,qualification,1339,row_resample,2520,9360,360,3,24,322,,,
C0035,network_volume_forecast,network_volume_forecast|router__general__packet_length_max,temporal,linear,320,320,345,345,propagated real-source observation mask,matched,345.0,[],2.065794938991359,2.065794938991359,2.0354273330624406,-0.014919523500368853,ok,1.0,0.0,True,535.0,535.0,False,3829.0,primary,p3,qualification,1339,identity,2520,9360,360,3,24,320,,,
C0035,network_volume_forecast,network_volume_forecast|router__general__packet_length_max,temporal,linear,320,320,345,320,propagated real-source observation mask,matched,345.0,[],2.065794938991359,2.0564300619019176,2.0354273330624406,-0.014919523500368853,ok,0.9954666956953561,-0.0045436108889876725,True,535.0,535.0,False,3829.0,primary,p3,qualification,1339,block_a,2520,9360,360,3,24,320,,,
C0035,network_volume_forecast,network_volume_forecast|router__general__packet_length_max,temporal,linear,320,320,345,320,propagated real-source observation mask,matched,345.0,[],2.065794938991359,2.0776526111419704,2.0354273330624406,-0.014919523500368853,ok,1.0057400044538793,0.005723593398055494,True,535.0,535.0,False,3829.0,primary,p3,qualification,1339,block_b,2520,9360,360,3,24,320,,,
C0035,network_volume_forecast,network_volume_forecast|router__general__packet_length_max,temporal,linear,320,320,345,320,propagated real-source observation mask,matched,345.0,[],2.065794938991359,2.24546266436374,2.0354273330624406,-0.014919523500368853,ok,1.0869726815480074,0.08339647585270477,True,535.0,535.0,False,3829.0,primary,p3,qualification,1339,row_resample,2520,9360,360,3,24,320,,,
C0044,network_volume_forecast,network_volume_forecast|router__general__packet_length_mean,temporal,linear,311,311,336,336,propagated real-source observation mask,matched,336.0,[],0.07548921262966485,0.07548921262966485,0.47950103607836064,0.842567154292179,ok,1.0,0.0,True,103.97121875146905,103.97121875146905,False,511.9097909790979,primary,p3,qualification,1339,identity,2520,9360,360,3,24,311,,,
C0044,network_volume_forecast,network_volume_forecast|router__general__packet_length_mean,temporal,linear,311,311,336,311,propagated real-source observation mask,matched,336.0,[],0.07548921262966485,0.07427544789146857,0.47950103607836064,0.842567154292179,ok,0.9839213485488216,-0.0162093154610466,True,103.97121875146905,103.97121875146905,False,511.9097909790979,primary,p3,qualification,1339,block_a,2520,9360,360,3,24,311,,,
C0044,network_volume_forecast,network_volume_forecast|router__general__packet_length_mean,temporal,linear,311,311,336,311,propagated real-source observation mask,matched,336.0,[],0.07548921262966485,0.0760381810280125,0.47950103607836064,0.842567154292179,ok,1.007272143651051,0.007245829112797995,True,103.97121875146905,103.97121875146905,False,511.9097909790979,primary,p3,qualification,1339,block_b,2520,9360,360,3,24,311,,,
C0044,network_volume_forecast,network_volume_forecast|router__general__packet_length_mean,temporal,linear,311,311,336,311,propagated real-source observation mask,matched,336.0,[],0.07548921262966485,0.4625958846586199,0.47950103607836064,0.842567154292179,ok,6.127973369228579,1.8128640866763308,False,103.97121875146905,103.97121875146905,False,511.9097909790979,primary,p3,qualification,1339,row_resample,2520,9360,360,3,24,311,,,
C0065,network_volume_forecast,network_volume_forecast|router__general__packet_length_min,temporal,linear,322,322,347,347,propagated real-source observation mask,matched,347.0,[],0.46810828710964597,0.46810828710964597,0.38904899135446686,-0.2032116713114604,ok,1.0,0.0,True,18.0,18.0,False,44.0,primary,p3,qualification,1339,identity,2520,9360,360,3,24,322,,,
C0065,network_volume_forecast,network_volume_forecast|router__general__packet_length_min,temporal,linear,322,322,347,322,propagated real-source observation mask,matched,347.0,[],0.46810828710964597,0.46953278617000355,0.38904899135446686,-0.2032116713114604,ok,1.0030430972909137,0.003038476442440242,True,18.0,18.0,False,44.0,primary,p3,qualification,1339,block_a,2520,9360,360,3,24,322,,,
C0065,network_volume_forecast,network_volume_forecast|router__general__packet_length_min,temporal,linear,322,322,347,322,propagated real-source observation mask,matched,347.0,[],0.46810828710964597,0.46536454296688656,0.38904899135446686,-0.2032116713114604,ok,0.9941386550541526,-0.005878590047478568,True,18.0,18.0,False,44.0,primary,p3,qualification,1339,block_b,2520,9360,360,3,24,322,,,
C0065,network_volume_forecast,network_volume_forecast|router__general__packet_length_min,temporal,linear,322,322,347,322,propagated real-source observation mask,matched,347.0,[],0.46810828710964597,0.4771764559888192,0.38904899135446686,-0.2032116713114604,ok,1.0193719468953755,0.019186699313610493,True,18.0,18.0,False,44.0,primary,p3,qualification,1339,row_resample,2520,9360,360,3,24,322,,,
C0066,network_volume_forecast,network_volume_forecast|router__general__packet_length_min,temporal,linear,320,320,345,345,propagated real-source observation mask,matched,345.0,[],0.4706093227441537,0.4706093227441537,0.391304347826087,-0.20266826923505935,ok,1.0,0.0,True,18.0,18.0,False,44.0,primary,p3,qualification,1339,identity,2520,9360,360,3,24,320,,,
C0066,network_volume_forecast,network_volume_forecast|router__general__packet_length_min,temporal,linear,320,320,345,320,propagated real-source observation mask,matched,345.0,[],0.4706093227441537,0.474077327045767,0.391304347826087,-0.20266826923505935,ok,1.0073691789218946,0.007342159183894426,True,18.0,18.0,False,44.0,primary,p3,qualification,1339,block_a,2520,9360,360,3,24,320,,,
C0066,network_volume_forecast,network_volume_forecast|router__general__packet_length_min,temporal,linear,320,320,345,320,propagated real-source observation mask,matched,345.0,[],0.4706093227441537,0.4711101454158897,0.391304347826087,-0.20266826923505935,ok,1.0010642004897303,0.0010636346298125079,True,18.0,18.0,False,44.0,primary,p3,qualification,1339,block_b,2520,9360,360,3,24,320,,,
C0066,network_volume_forecast,network_volume_forecast|router__general__packet_length_min,temporal,linear,320,320,345,320,propagated real-source observation mask,matched,345.0,[],0.4706093227441537,0.47556689713785644,0.391304347826087,-0.20266826923505935,ok,1.010534373532583,0.010479273643789934,True,18.0,18.0,False,44.0,primary,p3,qualification,1339,row_resample,2520,9360,360,3,24,320,,,
C0067,network_volume_forecast,network_volume_forecast|router__general__packet_length_min,temporal,linear,311,311,336,336,propagated real-source observation mask,matched,336.0,[],0.44849854643358916,0.44849854643358916,0.3898809523809524,-0.15034741680676303,ok,1.0,0.0,True,18.0,18.0,False,44.0,primary,p3,qualification,1339,identity,2520,9360,360,3,24,311,,,
C0067,network_volume_forecast,network_volume_forecast|router__general__packet_length_min,temporal,linear,311,311,336,311,propagated real-source observation mask,matched,336.0,[],0.44849854643358916,0.44891556381792036,0.3898809523809524,-0.15034741680676303,ok,1.000929807660799,0.0009293756574220073,True,18.0,18.0,False,44.0,primary,p3,qualification,1339,block_a,2520,9360,360,3,24,311,,,
C0067,network_volume_forecast,network_volume_forecast|router__general__packet_length_min,temporal,linear,311,311,336,311,propagated real-source observation mask,matched,336.0,[],0.44849854643358916,0.44838991390777533,0.3898809523809524,-0.15034741680676303,ok,0.9997577862254456,-0.00024224311304820202,True,18.0,18.0,False,44.0,primary,p3,qualification,1339,block_b,2520,9360,360,3,24,311,,,
C0067,network_volume_forecast,network_volume_forecast|router__general__packet_length_min,temporal,linear,311,311,336,311,propagated real-source observation mask,matched,336.0,[],0.44849854643358916,0.4703247007324284,0.3898809523809524,-0.15034741680676303,ok,1.0486649387660192,0.047517868254621946,True,18.0,18.0,False,44.0,primary,p3,qualification,1339,row_resample,2520,9360,360,3,24,311,,,
C0071,network_burst_prediction,network_burst_prediction|router__iot_named__mqtt_port_packets,temporal,linear,322,322,347,347,propagated real-source observation mask,matched,347.0,[],,,,,single_class,,,,,,,,primary,p3,qualification,1339,identity,2520,9360,360,3,24,322,,,
C0071,network_burst_prediction,network_burst_prediction|router__iot_named__mqtt_port_packets,temporal,linear,322,322,347,322,propagated real-source observation mask,matched,347.0,[],,,,,single_class,,,,,,,,primary,p3,qualification,1339,block_a,2520,9360,360,3,24,322,,,
C0071,network_burst_prediction,network_burst_prediction|router__iot_named__mqtt_port_packets,temporal,linear,322,322,347,322,propagated real-source observation mask,matched,347.0,[],,,,,single_class,,,,,,,,primary,p3,qualification,1339,block_b,2520,9360,360,3,24,322,,,
C0071,network_burst_prediction,network_burst_prediction|router__iot_named__mqtt_port_packets,temporal,linear,322,322,347,322,propagated real-source observation mask,matched,347.0,[],,,,,single_class,,,,,,,,primary,p3,qualification,1339,row_resample,2520,9360,360,3,24,322,,,
C0081,network_volume_forecast,network_volume_forecast|router__iot_named__udp_count,temporal,linear,320,320,345,345,propagated real-source observation mask,matched,345.0,[],0.30964588554623224,0.30964588554623224,0.8183574879227052,0.621625157567473,ok,1.0,0.0,True,3.0,3.0,False,0.0,primary,p3,qualification,1339,identity,2520,9360,360,3,24,320,,,
C0081,network_volume_forecast,network_volume_forecast|router__iot_named__udp_count,temporal,linear,320,320,345,320,propagated real-source observation mask,matched,345.0,[],0.30964588554623224,0.31119700714006554,0.8183574879227052,0.621625157567473,ok,1.0050093402374685,0.00499683523647761,True,3.0,3.0,False,0.0,primary,p3,qualification,1339,block_a,2520,9360,360,3,24,320,,,
C0081,network_volume_forecast,network_volume_forecast|router__iot_named__udp_count,temporal,linear,320,320,345,320,propagated real-source observation mask,matched,345.0,[],0.30964588554623224,0.3124560818444698,0.8183574879227052,0.621625157567473,ok,1.009075516354045,0.00903458134001451,True,3.0,3.0,False,0.0,primary,p3,qualification,1339,block_b,2520,9360,360,3,24,320,,,
C0081,network_volume_forecast,network_volume_forecast|router__iot_named__udp_count,temporal,linear,320,320,345,320,propagated real-source observation mask,matched,345.0,[],0.30964588554623224,0.5267832179383296,0.8183574879227052,0.621625157567473,ok,1.70124404207424,0.5313597728902588,False,3.0,3.0,False,0.0,primary,p3,qualification,1339,row_resample,2520,9360,360,3,24,320,,,
C0082,network_volume_forecast,network_volume_forecast|router__iot_named__udp_count,temporal,linear,311,311,336,336,propagated real-source observation mask,matched,336.0,[],0.31589777347677933,0.31589777347677933,0.8204365079365079,0.6149637779146389,ok,1.0,0.0,True,3.0,3.0,False,0.0,primary,p3,qualification,1339,identity,2520,9360,360,3,24,311,,,
C0082,network_volume_forecast,network_volume_forecast|router__iot_named__udp_count,temporal,linear,311,311,336,311,propagated real-source observation mask,matched,336.0,[],0.31589777347677933,0.3147073704518549,0.8204365079365079,0.6149637779146389,ok,0.9962316827629937,-0.0037754352319410594,True,3.0,3.0,False,0.0,primary,p3,qualification,1339,block_a,2520,9360,360,3,24,311,,,
C0082,network_volume_forecast,network_volume_forecast|router__iot_named__udp_count,temporal,linear,311,311,336,311,propagated real-source observation mask,matched,336.0,[],0.31589777347677933,0.3168035595867504,0.8204365079365079,0.6149637779146389,ok,1.0028673393294354,0.0028632363532324805,True,3.0,3.0,False,0.0,primary,p3,qualification,1339,block_b,2520,9360,360,3,24,311,,,
C0082,network_volume_forecast,network_volume_forecast|router__iot_named__udp_count,temporal,linear,311,311,336,311,propagated real-source observation mask,matched,336.0,[],0.31589777347677933,0.5615996680394265,0.8204365079365079,0.6149637779146389,ok,1.7777892571335516,0.5753706020203374,False,3.0,3.0,False,0.0,primary,p3,qualification,1339,row_resample,2520,9360,360,3,24,311,,,
C0085,network_volume_forecast,network_volume_forecast|router__iot_named__dns_port_packets,temporal,linear,320,320,345,345,propagated real-source observation mask,matched,345.0,[],0.11764569085068145,0.11764569085068145,0.34202898550724636,0.6560359038687703,ok,1.0,0.0,True,4.0,4.0,False,0.0,primary,p3,qualification,1339,identity,2520,9360,360,3,24,320,,,
C0085,network_volume_forecast,network_volume_forecast|router__iot_named__dns_port_packets,temporal,linear,320,320,345,320,propagated real-source observation mask,matched,345.0,[],0.11764569085068145,0.12846034662819633,0.34202898550724636,0.6560359038687703,ok,1.0919256429990376,0.08794278251259054,True,4.0,4.0,False,0.0,primary,p3,qualification,1339,block_a,2520,9360,360,3,24,320,,,
C0085,network_volume_forecast,network_volume_forecast|router__iot_named__dns_port_packets,temporal,linear,320,320,345,320,propagated real-source observation mask,matched,345.0,[],0.11764569085068145,0.1284603466281963,0.34202898550724636,0.6560359038687703,ok,1.0919256429990374,0.08794278251259033,True,4.0,4.0,False,0.0,primary,p3,qualification,1339,block_b,2520,9360,360,3,24,320,,,
C0085,network_volume_forecast,network_volume_forecast|router__iot_named__dns_port_packets,temporal,linear,320,320,345,320,propagated real-source observation mask,matched,345.0,[],0.11764569085068145,0.42514368790922524,0.34202898550724636,0.6560359038687703,ok,3.61376336723482,1.2847497133342638,False,4.0,4.0,False,0.0,primary,p3,qualification,1339,row_resample,2520,9360,360,3,24,320,,,
C0086,network_volume_forecast,network_volume_forecast|router__iot_named__dns_port_packets,temporal,linear,311,311,336,336,propagated real-source observation mask,matched,336.0,[],0.15119137746030253,0.15119137746030253,0.34226190476190477,0.5582582362898987,ok,1.0,0.0,True,4.0,4.0,False,0.0,primary,p3,qualification,1339,identity,2520,9360,360,3,24,311,,,
C0086,network_volume_forecast,network_volume_forecast|router__iot_named__dns_port_packets,temporal,linear,311,311,336,311,propagated real-source observation mask,matched,336.0,[],0.15119137746030253,0.1532172473221976,0.34226190476190477,0.5582582362898987,ok,1.0133993743289162,0.01331039666153054,True,4.0,4.0,False,0.0,primary,p3,qualification,1339,block_a,2520,9360,360,3,24,311,,,
C0086,network_volume_forecast,network_volume_forecast|router__iot_named__dns_port_packets,temporal,linear,311,311,336,311,propagated real-source observation mask,matched,336.0,[],0.15119137746030253,0.15321724732219763,0.34226190476190477,0.5582582362898987,ok,1.0133993743289165,0.01331039666153076,True,4.0,4.0,False,0.0,primary,p3,qualification,1339,block_b,2520,9360,360,3,24,311,,,
C0086,network_volume_forecast,network_volume_forecast|router__iot_named__dns_port_packets,temporal,linear,311,311,336,311,propagated real-source observation mask,matched,336.0,[],0.15119137746030253,0.46209529278647565,0.34226190476190477,0.5582582362898987,ok,3.0563600950577055,1.117224696515002,False,4.0,4.0,False,0.0,primary,p3,qualification,1339,row_resample,2520,9360,360,3,24,311,,,
C0034,network_volume_forecast,network_volume_forecast|router__general__packet_length_max,temporal,linear,322,322,347,347,propagated real-source observation mask,matched,347.0,[],1.928476523767521,1.928476523767521,2.0379272266961137,0.053706875051683825,ok,1.0,0.0,True,535.0,535.0,False,3829.0,primary,p3,qualification,1340,identity,2520,9360,360,2,1,322,,,
C0034,network_volume_forecast,network_volume_forecast|router__general__packet_length_max,temporal,linear,322,322,347,322,propagated real-source observation mask,matched,347.0,[],1.928476523767521,2.0979166881678037,2.0379272266961137,0.053706875051683825,ok,1.0878621867116434,0.08421447378552861,True,535.0,535.0,False,3829.0,primary,p3,qualification,1340,block_a,2520,9360,360,2,1,322,,,
C0034,network_volume_forecast,network_volume_forecast|router__general__packet_length_max,temporal,linear,322,322,347,322,propagated real-source observation mask,matched,347.0,[],1.928476523767521,2.094975968223145,2.0379272266961137,0.053706875051683825,ok,1.0863372939227418,0.08281175701320188,True,535.0,535.0,False,3829.0,primary,p3,qualification,1340,block_b,2520,9360,360,2,1,322,,,
C0034,network_volume_forecast,network_volume_forecast|router__general__packet_length_max,temporal,linear,322,322,347,322,propagated real-source observation mask,matched,347.0,[],1.928476523767521,2.1711710831106177,2.0379272266961137,0.053706875051683825,ok,1.1258478163213324,0.1185363663394086,False,535.0,535.0,False,3829.0,primary,p3,qualification,1340,row_resample,2520,9360,360,2,1,322,,,
C0035,network_volume_forecast,network_volume_forecast|router__general__packet_length_max,temporal,linear,320,320,345,345,propagated real-source observation mask,matched,345.0,[],2.065794938991359,2.065794938991359,2.0354273330624406,-0.014919523500368853,ok,1.0,0.0,True,535.0,535.0,False,3829.0,primary,p3,qualification,1340,identity,2520,9360,360,2,1,320,,,
C0035,network_volume_forecast,network_volume_forecast|router__general__packet_length_max,temporal,linear,320,320,345,320,propagated real-source observation mask,matched,345.0,[],2.065794938991359,2.0737273776369016,2.0354273330624406,-0.014919523500368853,ok,1.0038398964465542,0.0038325428628493176,True,535.0,535.0,False,3829.0,primary,p3,qualification,1340,block_a,2520,9360,360,2,1,320,,,
C0035,network_volume_forecast,network_volume_forecast|router__general__packet_length_max,temporal,linear,320,320,345,320,propagated real-source observation mask,matched,345.0,[],2.065794938991359,2.072270867579075,2.0354273330624406,-0.014919523500368853,ok,1.0031348361182828,0.003129932764340038,True,535.0,535.0,False,3829.0,primary,p3,qualification,1340,block_b,2520,9360,360,2,1,320,,,
C0035,network_volume_forecast,network_volume_forecast|router__general__packet_length_max,temporal,linear,320,320,345,320,propagated real-source observation mask,matched,345.0,[],2.065794938991359,2.1141387119684336,2.0354273330624406,-0.014919523500368853,ok,1.0234020192733548,0.023132390489658292,True,535.0,535.0,False,3829.0,primary,p3,qualification,1340,row_resample,2520,9360,360,2,1,320,,,
C0044,network_volume_forecast,network_volume_forecast|router__general__packet_length_mean,temporal,linear,311,311,336,336,propagated real-source observation mask,matched,336.0,[],0.07548921262966485,0.07548921262966485,0.47950103607836064,0.842567154292179,ok,1.0,0.0,True,103.97121875146905,103.97121875146905,False,511.9097909790979,primary,p3,qualification,1340,identity,2520,9360,360,2,1,311,,,
C0044,network_volume_forecast,network_volume_forecast|router__general__packet_length_mean,temporal,linear,311,311,336,311,propagated real-source observation mask,matched,336.0,[],0.07548921262966485,0.07554981099657276,0.47950103607836064,0.842567154292179,ok,1.0008027420713101,0.0008024200462174915,True,103.97121875146905,103.97121875146905,False,511.9097909790979,primary,p3,qualification,1340,block_a,2520,9360,360,2,1,311,,,
C0044,network_volume_forecast,network_volume_forecast|router__general__packet_length_mean,temporal,linear,311,311,336,311,propagated real-source observation mask,matched,336.0,[],0.07548921262966485,0.07554834303107034,0.47950103607836064,0.842567154292179,ok,1.0007832960411918,0.0007829894249514322,True,103.97121875146905,103.97121875146905,False,511.9097909790979,primary,p3,qualification,1340,block_b,2520,9360,360,2,1,311,,,
C0044,network_volume_forecast,network_volume_forecast|router__general__packet_length_mean,temporal,linear,311,311,336,311,propagated real-source observation mask,matched,336.0,[],0.07548921262966485,0.4614692366249589,0.47950103607836064,0.842567154292179,ok,6.11304874630016,1.81042562521734,False,103.97121875146905,103.97121875146905,False,511.9097909790979,primary,p3,qualification,1340,row_resample,2520,9360,360,2,1,311,,,
C0065,network_volume_forecast,network_volume_forecast|router__general__packet_length_min,temporal,linear,322,322,347,347,propagated real-source observation mask,matched,347.0,[],0.46810828710964597,0.46810828710964597,0.38904899135446686,-0.2032116713114604,ok,1.0,0.0,True,18.0,18.0,False,44.0,primary,p3,qualification,1340,identity,2520,9360,360,2,1,322,,,
C0065,network_volume_forecast,network_volume_forecast|router__general__packet_length_min,temporal,linear,322,322,347,322,propagated real-source observation mask,matched,347.0,[],0.46810828710964597,0.46936425809107996,0.38904899135446686,-0.2032116713114604,ok,1.0026830778604434,0.002679484832521655,True,18.0,18.0,False,44.0,primary,p3,qualification,1340,block_a,2520,9360,360,2,1,322,,,
C0065,network_volume_forecast,network_volume_forecast|router__general__packet_length_min,temporal,linear,322,322,347,322,propagated real-source observation mask,matched,347.0,[],0.46810828710964597,0.4697004029110931,0.38904899135446686,-0.2032116713114604,ok,1.0034011698687877,0.0033953989720475514,True,18.0,18.0,False,44.0,primary,p3,qualification,1340,block_b,2520,9360,360,2,1,322,,,
C0065,network_volume_forecast,network_volume_forecast|router__general__packet_length_min,temporal,linear,322,322,347,322,propagated real-source observation mask,matched,347.0,[],0.46810828710964597,0.472410693479348,0.38904899135446686,-0.2032116713114604,ok,1.0091910493537029,0.00914906869440767,True,18.0,18.0,False,44.0,primary,p3,qualification,1340,row_resample,2520,9360,360,2,1,322,,,
C0066,network_volume_forecast,network_volume_forecast|router__general__packet_length_min,temporal,linear,320,320,345,345,propagated real-source observation mask,matched,345.0,[],0.4706093227441537,0.4706093227441537,0.391304347826087,-0.20266826923505935,ok,1.0,0.0,True,18.0,18.0,False,44.0,primary,p3,qualification,1340,identity,2520,9360,360,2,1,320,,,
C0066,network_volume_forecast,network_volume_forecast|router__general__packet_length_min,temporal,linear,320,320,345,320,propagated real-source observation mask,matched,345.0,[],0.4706093227441537,0.4738262543831925,0.391304347826087,-0.20266826923505935,ok,1.0068356734207489,0.006812416131193908,True,18.0,18.0,False,44.0,primary,p3,qualification,1340,block_a,2520,9360,360,2,1,320,,,
C0066,network_volume_forecast,network_volume_forecast|router__general__packet_length_min,temporal,linear,320,320,345,320,propagated real-source observation mask,matched,345.0,[],0.4706093227441537,0.4738262543831925,0.391304347826087,-0.20266826923505935,ok,1.0068356734207489,0.006812416131193908,True,18.0,18.0,False,44.0,primary,p3,qualification,1340,block_b,2520,9360,360,2,1,320,,,
C0066,network_volume_forecast,network_volume_forecast|router__general__packet_length_min,temporal,linear,320,320,345,320,propagated real-source observation mask,matched,345.0,[],0.4706093227441537,0.47134608221590135,0.391304347826087,-0.20266826923505935,ok,1.001565543724148,0.0015643195380831815,True,18.0,18.0,False,44.0,primary,p3,qualification,1340,row_resample,2520,9360,360,2,1,320,,,
C0067,network_volume_forecast,network_volume_forecast|router__general__packet_length_min,temporal,linear,311,311,336,336,propagated real-source observation mask,matched,336.0,[],0.44849854643358916,0.44849854643358916,0.3898809523809524,-0.15034741680676303,ok,1.0,0.0,True,18.0,18.0,False,44.0,primary,p3,qualification,1340,identity,2520,9360,360,2,1,311,,,
C0067,network_volume_forecast,network_volume_forecast|router__general__packet_length_min,temporal,linear,311,311,336,311,propagated real-source observation mask,matched,336.0,[],0.44849854643358916,0.44896942750242846,0.3898809523809524,-0.15034741680676303,ok,1.001049905451386,0.0010493546861247787,True,18.0,18.0,False,44.0,primary,p3,qualification,1340,block_a,2520,9360,360,2,1,311,,,
C0067,network_volume_forecast,network_volume_forecast|router__general__packet_length_min,temporal,linear,311,311,336,311,propagated real-source observation mask,matched,336.0,[],0.44849854643358916,0.44896942750242846,0.3898809523809524,-0.15034741680676303,ok,1.001049905451386,0.0010493546861247787,True,18.0,18.0,False,44.0,primary,p3,qualification,1340,block_b,2520,9360,360,2,1,311,,,
C0067,network_volume_forecast,network_volume_forecast|router__general__packet_length_min,temporal,linear,311,311,336,311,propagated real-source observation mask,matched,336.0,[],0.44849854643358916,0.47115525491354127,0.3898809523809524,-0.15034741680676303,ok,1.050516793555109,0.0492822274246481,True,18.0,18.0,False,44.0,primary,p3,qualification,1340,row_resample,2520,9360,360,2,1,311,,,
C0071,network_burst_prediction,network_burst_prediction|router__iot_named__mqtt_port_packets,temporal,linear,322,322,347,347,propagated real-source observation mask,matched,347.0,[],,,,,single_class,,,,,,,,primary,p3,qualification,1340,identity,2520,9360,360,2,1,322,,,
C0071,network_burst_prediction,network_burst_prediction|router__iot_named__mqtt_port_packets,temporal,linear,322,322,347,322,propagated real-source observation mask,matched,347.0,[],,,,,single_class,,,,,,,,primary,p3,qualification,1340,block_a,2520,9360,360,2,1,322,,,
C0071,network_burst_prediction,network_burst_prediction|router__iot_named__mqtt_port_packets,temporal,linear,322,322,347,322,propagated real-source observation mask,matched,347.0,[],,,,,single_class,,,,,,,,primary,p3,qualification,1340,block_b,2520,9360,360,2,1,322,,,
C0071,network_burst_prediction,network_burst_prediction|router__iot_named__mqtt_port_packets,temporal,linear,322,322,347,322,propagated real-source observation mask,matched,347.0,[],,,,,single_class,,,,,,,,primary,p3,qualification,1340,row_resample,2520,9360,360,2,1,322,,,
C0081,network_volume_forecast,network_volume_forecast|router__iot_named__udp_count,temporal,linear,320,320,345,345,propagated real-source observation mask,matched,345.0,[],0.30964588554623224,0.30964588554623224,0.8183574879227052,0.621625157567473,ok,1.0,0.0,True,3.0,3.0,False,0.0,primary,p3,qualification,1340,identity,2520,9360,360,2,1,320,,,
C0081,network_volume_forecast,network_volume_forecast|router__iot_named__udp_count,temporal,linear,320,320,345,320,propagated real-source observation mask,matched,345.0,[],0.30964588554623224,0.31138003044749935,0.8183574879227052,0.621625157567473,ok,1.0056004131887881,0.005584789181632552,True,3.0,3.0,False,0.0,primary,p3,qualification,1340,block_a,2520,9360,360,2,1,320,,,
C0081,network_volume_forecast,network_volume_forecast|router__iot_named__udp_count,temporal,linear,320,320,345,320,propagated real-source observation mask,matched,345.0,[],0.30964588554623224,0.31119700714006554,0.8183574879227052,0.621625157567473,ok,1.0050093402374685,0.00499683523647761,True,3.0,3.0,False,0.0,primary,p3,qualification,1340,block_b,2520,9360,360,2,1,320,,,
C0081,network_volume_forecast,network_volume_forecast|router__iot_named__udp_count,temporal,linear,320,320,345,320,propagated real-source observation mask,matched,345.0,[],0.30964588554623224,0.5490143811851935,0.8183574879227052,0.621625157567473,ok,1.7730394841730326,0.5726952965412467,False,3.0,3.0,False,0.0,primary,p3,qualification,1340,row_resample,2520,9360,360,2,1,320,,,
C0082,network_volume_forecast,network_volume_forecast|router__iot_named__udp_count,temporal,linear,311,311,336,336,propagated real-source observation mask,matched,336.0,[],0.31589777347677933,0.31589777347677933,0.8204365079365079,0.6149637779146389,ok,1.0,0.0,True,3.0,3.0,False,0.0,primary,p3,qualification,1340,identity,2520,9360,360,2,1,311,,,
C0082,network_volume_forecast,network_volume_forecast|router__iot_named__udp_count,temporal,linear,311,311,336,311,propagated real-source observation mask,matched,336.0,[],0.31589777347677933,0.31470249484123625,0.8204365079365079,0.6149637779146389,ok,0.9962162486224964,-0.0037909278731835267,True,3.0,3.0,False,0.0,primary,p3,qualification,1340,block_a,2520,9360,360,2,1,311,,,
C0082,network_volume_forecast,network_volume_forecast|router__iot_named__udp_count,temporal,linear,311,311,336,311,propagated real-source observation mask,matched,336.0,[],0.31589777347677933,0.3147073704518549,0.8204365079365079,0.6149637779146389,ok,0.9962316827629937,-0.0037754352319410594,True,3.0,3.0,False,0.0,primary,p3,qualification,1340,block_b,2520,9360,360,2,1,311,,,
C0082,network_volume_forecast,network_volume_forecast|router__iot_named__udp_count,temporal,linear,311,311,336,311,propagated real-source observation mask,matched,336.0,[],0.31589777347677933,0.5836319666765969,0.8204365079365079,0.6149637779146389,ok,1.84753428380684,0.6138519305323681,False,3.0,3.0,False,0.0,primary,p3,qualification,1340,row_resample,2520,9360,360,2,1,311,,,
C0085,network_volume_forecast,network_volume_forecast|router__iot_named__dns_port_packets,temporal,linear,320,320,345,345,propagated real-source observation mask,matched,345.0,[],0.11764569085068145,0.11764569085068145,0.34202898550724636,0.6560359038687703,ok,1.0,0.0,True,4.0,4.0,False,0.0,primary,p3,qualification,1340,identity,2520,9360,360,2,1,320,,,
C0085,network_volume_forecast,network_volume_forecast|router__iot_named__dns_port_packets,temporal,linear,320,320,345,320,propagated real-source observation mask,matched,345.0,[],0.11764569085068145,0.1283587321657197,0.34202898550724636,0.6560359038687703,ok,1.0910619100246983,0.08715145136806274,True,4.0,4.0,False,0.0,primary,p3,qualification,1340,block_a,2520,9360,360,2,1,320,,,
C0085,network_volume_forecast,network_volume_forecast|router__iot_named__dns_port_packets,temporal,linear,320,320,345,320,propagated real-source observation mask,matched,345.0,[],0.11764569085068145,0.1284603466281963,0.34202898550724636,0.6560359038687703,ok,1.0919256429990374,0.08794278251259033,True,4.0,4.0,False,0.0,primary,p3,qualification,1340,block_b,2520,9360,360,2,1,320,,,
C0085,network_volume_forecast,network_volume_forecast|router__iot_named__dns_port_packets,temporal,linear,320,320,345,320,propagated real-source observation mask,matched,345.0,[],0.11764569085068145,0.4721291718448712,0.34202898550724636,0.6560359038687703,ok,4.013144624600897,1.389575129658788,False,4.0,4.0,False,0.0,primary,p3,qualification,1340,row_resample,2520,9360,360,2,1,320,,,
C0086,network_volume_forecast,network_volume_forecast|router__iot_named__dns_port_packets,temporal,linear,311,311,336,336,propagated real-source observation mask,matched,336.0,[],0.15119137746030253,0.15119137746030253,0.34226190476190477,0.5582582362898987,ok,1.0,0.0,True,4.0,4.0,False,0.0,primary,p3,qualification,1340,identity,2520,9360,360,2,1,311,,,
C0086,network_volume_forecast,network_volume_forecast|router__iot_named__dns_port_packets,temporal,linear,311,311,336,311,propagated real-source observation mask,matched,336.0,[],0.15119137746030253,0.15311784517714835,0.34226190476190477,0.5582582362898987,ok,1.0127419152415067,0.012661420093243789,True,4.0,4.0,False,0.0,primary,p3,qualification,1340,block_a,2520,9360,360,2,1,311,,,
C0086,network_volume_forecast,network_volume_forecast|router__iot_named__dns_port_packets,temporal,linear,311,311,336,311,propagated real-source observation mask,matched,336.0,[],0.15119137746030253,0.1532172473221976,0.34226190476190477,0.5582582362898987,ok,1.0133993743289162,0.01331039666153054,True,4.0,4.0,False,0.0,primary,p3,qualification,1340,block_b,2520,9360,360,2,1,311,,,
C0086,network_volume_forecast,network_volume_forecast|router__iot_named__dns_port_packets,temporal,linear,311,311,336,311,propagated real-source observation mask,matched,336.0,[],0.15119137746030253,0.48666573469830043,0.34226190476190477,0.5582582362898987,ok,3.2188722853992218,1.1690310762885883,False,4.0,4.0,False,0.0,primary,p3,qualification,1340,row_resample,2520,9360,360,2,1,311,,,
C0034,network_volume_forecast,network_volume_forecast|router__general__packet_length_max,temporal,linear,322,322,347,347,propagated real-source observation mask,matched,347.0,[],1.928476523767521,1.928476523767521,2.0379272266961137,0.053706875051683825,ok,1.0,0.0,True,535.0,535.0,False,3829.0,primary,p3,qualification,1341,identity,2520,9360,360,8,20,322,,,
C0034,network_volume_forecast,network_volume_forecast|router__general__packet_length_max,temporal,linear,322,322,347,322,propagated real-source observation mask,matched,347.0,[],1.928476523767521,2.136629933851311,2.0379272266961137,0.053706875051683825,ok,1.1079367093757182,0.10249946519153755,False,535.0,535.0,False,3829.0,primary,p3,qualification,1341,block_a,2520,9360,360,8,20,322,,,
C0034,network_volume_forecast,network_volume_forecast|router__general__packet_length_max,temporal,linear,322,322,347,322,propagated real-source observation mask,matched,347.0,[],1.928476523767521,2.1176564934612876,2.0379272266961137,0.053706875051683825,ok,1.0980981450187322,0.0935797243556762,True,535.0,535.0,False,3829.0,primary,p3,qualification,1341,block_b,2520,9360,360,8,20,322,,,
C0034,network_volume_forecast,network_volume_forecast|router__general__packet_length_max,temporal,linear,322,322,347,322,propagated real-source observation mask,matched,347.0,[],1.928476523767521,2.229989110268584,2.0379272266961137,0.053706875051683825,ok,1.1563475535144292,0.1452663768925723,False,535.0,535.0,False,3829.0,primary,p3,qualification,1341,row_resample,2520,9360,360,8,20,322,,,
C0035,network_volume_forecast,network_volume_forecast|router__general__packet_length_max,temporal,linear,320,320,345,345,propagated real-source observation mask,matched,345.0,[],2.065794938991359,2.065794938991359,2.0354273330624406,-0.014919523500368853,ok,1.0,0.0,True,535.0,535.0,False,3829.0,primary,p3,qualification,1341,identity,2520,9360,360,8,20,320,,,
C0035,network_volume_forecast,network_volume_forecast|router__general__packet_length_max,temporal,linear,320,320,345,320,propagated real-source observation mask,matched,345.0,[],2.065794938991359,2.0815629506273807,2.0354273330624406,-0.014919523500368853,ok,1.0076329026363675,0.007603919425625592,True,535.0,535.0,False,3829.0,primary,p3,qualification,1341,block_a,2520,9360,360,8,20,320,,,
C0035,network_volume_forecast,network_volume_forecast|router__general__packet_length_max,temporal,linear,320,320,345,320,propagated real-source observation mask,matched,345.0,[],2.065794938991359,2.0777460927091265,2.0354273330624406,-0.014919523500368853,ok,1.0057852565577505,0.005768586224897808,True,535.0,535.0,False,3829.0,primary,p3,qualification,1341,block_b,2520,9360,360,8,20,320,,,
C0035,network_volume_forecast,network_volume_forecast|router__general__packet_length_max,temporal,linear,320,320,345,320,propagated real-source observation mask,matched,345.0,[],2.065794938991359,2.145609849509347,2.0354273330624406,-0.014919523500368853,ok,1.038636414975902,0.03790871341164908,True,535.0,535.0,False,3829.0,primary,p3,qualification,1341,row_resample,2520,9360,360,8,20,320,,,
C0044,network_volume_forecast,network_volume_forecast|router__general__packet_length_mean,temporal,linear,311,311,336,336,propagated real-source observation mask,matched,336.0,[],0.07548921262966485,0.07548921262966485,0.47950103607836064,0.842567154292179,ok,1.0,0.0,True,103.97121875146905,103.97121875146905,False,511.9097909790979,primary,p3,qualification,1341,identity,2520,9360,360,8,20,311,,,
C0044,network_volume_forecast,network_volume_forecast|router__general__packet_length_mean,temporal,linear,311,311,336,311,propagated real-source observation mask,matched,336.0,[],0.07548921262966485,0.07388776673952484,0.47950103607836064,0.842567154292179,ok,0.9787857650867762,-0.021442490749067573,True,103.97121875146905,103.97121875146905,False,511.9097909790979,primary,p3,qualification,1341,block_a,2520,9360,360,8,20,311,,,
C0044,network_volume_forecast,network_volume_forecast|router__general__packet_length_mean,temporal,linear,311,311,336,311,propagated real-source observation mask,matched,336.0,[],0.07548921262966485,0.07581944432886772,0.47950103607836064,0.842567154292179,ok,1.0043745548231233,0.0043650142718300615,True,103.97121875146905,103.97121875146905,False,511.9097909790979,primary,p3,qualification,1341,block_b,2520,9360,360,8,20,311,,,
C0044,network_volume_forecast,network_volume_forecast|router__general__packet_length_mean,temporal,linear,311,311,336,311,propagated real-source observation mask,matched,336.0,[],0.07548921262966485,0.49764776169067537,0.47950103607836064,0.842567154292179,ok,6.592302984163273,1.8859027539543407,False,103.97121875146905,103.97121875146905,False,511.9097909790979,primary,p3,qualification,1341,row_resample,2520,9360,360,8,20,311,,,
C0065,network_volume_forecast,network_volume_forecast|router__general__packet_length_min,temporal,linear,322,322,347,347,propagated real-source observation mask,matched,347.0,[],0.46810828710964597,0.46810828710964597,0.38904899135446686,-0.2032116713114604,ok,1.0,0.0,True,18.0,18.0,False,44.0,primary,p3,qualification,1341,identity,2520,9360,360,8,20,322,,,
C0065,network_volume_forecast,network_volume_forecast|router__general__packet_length_min,temporal,linear,322,322,347,322,propagated real-source observation mask,matched,347.0,[],0.46810828710964597,0.4675005739438759,0.38904899135446686,-0.2032116713114604,ok,0.9987017679829545,-0.0012990754502909183,True,18.0,18.0,False,44.0,primary,p3,qualification,1341,block_a,2520,9360,360,8,20,322,,,
C0065,network_volume_forecast,network_volume_forecast|router__general__packet_length_min,temporal,linear,322,322,347,322,propagated real-source observation mask,matched,347.0,[],0.46810828710964597,0.46575974043271295,0.38904899135446686,-0.2032116713114604,ok,0.9949828987403017,-0.005029729166922548,True,18.0,18.0,False,44.0,primary,p3,qualification,1341,block_b,2520,9360,360,8,20,322,,,
C0065,network_volume_forecast,network_volume_forecast|router__general__packet_length_min,temporal,linear,322,322,347,322,propagated real-source observation mask,matched,347.0,[],0.46810828710964597,0.4674034248287327,0.38904899135446686,-0.2032116713114604,ok,0.9984942324237294,-0.0015069023835812686,True,18.0,18.0,False,44.0,primary,p3,qualification,1341,row_resample,2520,9360,360,8,20,322,,,
C0066,network_volume_forecast,network_volume_forecast|router__general__packet_length_min,temporal,linear,320,320,345,345,propagated real-source observation mask,matched,345.0,[],0.4706093227441537,0.4706093227441537,0.391304347826087,-0.20266826923505935,ok,1.0,0.0,True,18.0,18.0,False,44.0,primary,p3,qualification,1341,identity,2520,9360,360,8,20,320,,,
C0066,network_volume_forecast,network_volume_forecast|router__general__packet_length_min,temporal,linear,320,320,345,320,propagated real-source observation mask,matched,345.0,[],0.4706093227441537,0.4728424777946531,0.391304347826087,-0.20266826923505935,ok,1.0047452418440794,0.004734018674431846,True,18.0,18.0,False,44.0,primary,p3,qualification,1341,block_a,2520,9360,360,8,20,320,,,
C0066,network_volume_forecast,network_volume_forecast|router__general__packet_length_min,temporal,linear,320,320,345,320,propagated real-source observation mask,matched,345.0,[],0.4706093227441537,0.47160406627774293,0.391304347826087,-0.20266826923505935,ok,1.0021137352906415,0.0021115044951896854,True,18.0,18.0,False,44.0,primary,p3,qualification,1341,block_b,2520,9360,360,8,20,320,,,
C0066,network_volume_forecast,network_volume_forecast|router__general__packet_length_min,temporal,linear,320,320,345,320,propagated real-source observation mask,matched,345.0,[],0.4706093227441537,0.4667186823833125,0.391304347826087,-0.20266826923505935,ok,0.9917327596951233,-0.008301603459367556,True,18.0,18.0,False,44.0,primary,p3,qualification,1341,row_resample,2520,9360,360,8,20,320,,,
C0067,network_volume_forecast,network_volume_forecast|router__general__packet_length_min,temporal,linear,311,311,336,336,propagated real-source observation mask,matched,336.0,[],0.44849854643358916,0.44849854643358916,0.3898809523809524,-0.15034741680676303,ok,1.0,0.0,True,18.0,18.0,False,44.0,primary,p3,qualification,1341,identity,2520,9360,360,8,20,311,,,
C0067,network_volume_forecast,network_volume_forecast|router__general__packet_length_min,temporal,linear,311,311,336,311,propagated real-source observation mask,matched,336.0,[],0.44849854643358916,0.44746633456823887,0.3898809523809524,-0.15034741680676303,ok,0.9976985168100134,-0.0023041356729683006,True,18.0,18.0,False,44.0,primary,p3,qualification,1341,block_a,2520,9360,360,8,20,311,,,
C0067,network_volume_forecast,network_volume_forecast|router__general__packet_length_min,temporal,linear,311,311,336,311,propagated real-source observation mask,matched,336.0,[],0.44849854643358916,0.4484442301706822,0.3898809523809524,-0.15034741680676303,ok,0.9998788931127227,-0.00012111422130850256,True,18.0,18.0,False,44.0,primary,p3,qualification,1341,block_b,2520,9360,360,8,20,311,,,
C0067,network_volume_forecast,network_volume_forecast|router__general__packet_length_min,temporal,linear,311,311,336,311,propagated real-source observation mask,matched,336.0,[],0.44849854643358916,0.4654546736586561,0.3898809523809524,-0.15034741680676303,ok,1.037806426263586,0.037109280130813944,True,18.0,18.0,False,44.0,primary,p3,qualification,1341,row_resample,2520,9360,360,8,20,311,,,
C0071,network_burst_prediction,network_burst_prediction|router__iot_named__mqtt_port_packets,temporal,linear,322,322,347,347,propagated real-source observation mask,matched,347.0,[],,,,,single_class,,,,,,,,primary,p3,qualification,1341,identity,2520,9360,360,8,20,322,,,
C0071,network_burst_prediction,network_burst_prediction|router__iot_named__mqtt_port_packets,temporal,linear,322,322,347,322,propagated real-source observation mask,matched,347.0,[],,,,,single_class,,,,,,,,primary,p3,qualification,1341,block_a,2520,9360,360,8,20,322,,,
C0071,network_burst_prediction,network_burst_prediction|router__iot_named__mqtt_port_packets,temporal,linear,322,322,347,322,propagated real-source observation mask,matched,347.0,[],,,,,single_class,,,,,,,,primary,p3,qualification,1341,block_b,2520,9360,360,8,20,322,,,
C0071,network_burst_prediction,network_burst_prediction|router__iot_named__mqtt_port_packets,temporal,linear,322,322,347,322,propagated real-source observation mask,matched,347.0,[],,,,,single_class,,,,,,,,primary,p3,qualification,1341,row_resample,2520,9360,360,8,20,322,,,
C0081,network_volume_forecast,network_volume_forecast|router__iot_named__udp_count,temporal,linear,320,320,345,345,propagated real-source observation mask,matched,345.0,[],0.30964588554623224,0.30964588554623224,0.8183574879227052,0.621625157567473,ok,1.0,0.0,True,3.0,3.0,False,0.0,primary,p3,qualification,1341,identity,2520,9360,360,8,20,320,,,
C0081,network_volume_forecast,network_volume_forecast|router__iot_named__udp_count,temporal,linear,320,320,345,320,propagated real-source observation mask,matched,345.0,[],0.30964588554623224,0.3112497825618044,0.8183574879227052,0.621625157567473,ok,1.0051797782255134,0.005166409319719771,True,3.0,3.0,False,0.0,primary,p3,qualification,1341,block_a,2520,9360,360,8,20,320,,,
C0081,network_volume_forecast,network_volume_forecast|router__iot_named__udp_count,temporal,linear,320,320,345,320,propagated real-source observation mask,matched,345.0,[],0.30964588554623224,0.31116268775305134,0.8183574879227052,0.621625157567473,ok,1.0048985059308746,0.0048865472877863275,True,3.0,3.0,False,0.0,primary,p3,qualification,1341,block_b,2520,9360,360,8,20,320,,,
C0081,network_volume_forecast,network_volume_forecast|router__iot_named__udp_count,temporal,linear,320,320,345,320,propagated real-source observation mask,matched,345.0,[],0.30964588554623224,0.5462264868950996,0.8183574879227052,0.621625157567473,ok,1.7640359920543631,0.5676043610353837,False,3.0,3.0,False,0.0,primary,p3,qualification,1341,row_resample,2520,9360,360,8,20,320,,,
C0082,network_volume_forecast,network_volume_forecast|router__iot_named__udp_count,temporal,linear,311,311,336,336,propagated real-source observation mask,matched,336.0,[],0.31589777347677933,0.31589777347677933,0.8204365079365079,0.6149637779146389,ok,1.0,0.0,True,3.0,3.0,False,0.0,primary,p3,qualification,1341,identity,2520,9360,360,8,20,311,,,
C0082,network_volume_forecast,network_volume_forecast|router__iot_named__udp_count,temporal,linear,311,311,336,311,propagated real-source observation mask,matched,336.0,[],0.31589777347677933,0.3147024948412363,0.8204365079365079,0.6149637779146389,ok,0.9962162486224966,-0.003790927873183304,True,3.0,3.0,False,0.0,primary,p3,qualification,1341,block_a,2520,9360,360,8,20,311,,,
C0082,network_volume_forecast,network_volume_forecast|router__iot_named__udp_count,temporal,linear,311,311,336,311,propagated real-source observation mask,matched,336.0,[],0.31589777347677933,0.3145400155082917,0.8204365079365079,0.6149637779146389,ok,0.9957019071279164,-0.004307356225951222,True,3.0,3.0,False,0.0,primary,p3,qualification,1341,block_b,2520,9360,360,8,20,311,,,
C0082,network_volume_forecast,network_volume_forecast|router__iot_named__udp_count,temporal,linear,311,311,336,311,propagated real-source observation mask,matched,336.0,[],0.31589777347677933,0.5676610213352938,0.8204365079365079,0.6149637779146389,ok,1.7969769621596299,0.5861057875520921,False,3.0,3.0,False,0.0,primary,p3,qualification,1341,row_resample,2520,9360,360,8,20,311,,,
C0085,network_volume_forecast,network_volume_forecast|router__iot_named__dns_port_packets,temporal,linear,320,320,345,345,propagated real-source observation mask,matched,345.0,[],0.11764569085068145,0.11764569085068145,0.34202898550724636,0.6560359038687703,ok,1.0,0.0,True,4.0,4.0,False,0.0,primary,p3,qualification,1341,identity,2520,9360,360,8,20,320,,,
C0085,network_volume_forecast,network_volume_forecast|router__iot_named__dns_port_packets,temporal,linear,320,320,345,320,propagated real-source observation mask,matched,345.0,[],0.11764569085068145,0.1283587321657197,0.34202898550724636,0.6560359038687703,ok,1.0910619100246983,0.08715145136806274,True,4.0,4.0,False,0.0,primary,p3,qualification,1341,block_a,2520,9360,360,8,20,320,,,
C0085,network_volume_forecast,network_volume_forecast|router__iot_named__dns_port_packets,temporal,linear,320,320,345,320,propagated real-source observation mask,matched,345.0,[],0.11764569085068145,0.1283587321657197,0.34202898550724636,0.6560359038687703,ok,1.0910619100246983,0.08715145136806274,True,4.0,4.0,False,0.0,primary,p3,qualification,1341,block_b,2520,9360,360,8,20,320,,,
C0085,network_volume_forecast,network_volume_forecast|router__iot_named__dns_port_packets,temporal,linear,320,320,345,320,propagated real-source observation mask,matched,345.0,[],0.11764569085068145,0.4542805503878444,0.34202898550724636,0.6560359038687703,ok,3.861429578108623,1.351037471934465,False,4.0,4.0,False,0.0,primary,p3,qualification,1341,row_resample,2520,9360,360,8,20,320,,,
C0086,network_volume_forecast,network_volume_forecast|router__iot_named__dns_port_packets,temporal,linear,311,311,336,336,propagated real-source observation mask,matched,336.0,[],0.15119137746030253,0.15119137746030253,0.34226190476190477,0.5582582362898987,ok,1.0,0.0,True,4.0,4.0,False,0.0,primary,p3,qualification,1341,identity,2520,9360,360,8,20,311,,,
C0086,network_volume_forecast,network_volume_forecast|router__iot_named__dns_port_packets,temporal,linear,311,311,336,311,propagated real-source observation mask,matched,336.0,[],0.15119137746030253,0.15311784517714835,0.34226190476190477,0.5582582362898987,ok,1.0127419152415067,0.012661420093243789,True,4.0,4.0,False,0.0,primary,p3,qualification,1341,block_a,2520,9360,360,8,20,311,,,
C0086,network_volume_forecast,network_volume_forecast|router__iot_named__dns_port_packets,temporal,linear,311,311,336,311,propagated real-source observation mask,matched,336.0,[],0.15119137746030253,0.15311784517714835,0.34226190476190477,0.5582582362898987,ok,1.0127419152415067,0.012661420093243789,True,4.0,4.0,False,0.0,primary,p3,qualification,1341,block_b,2520,9360,360,8,20,311,,,
C0086,network_volume_forecast,network_volume_forecast|router__iot_named__dns_port_packets,temporal,linear,311,311,336,311,propagated real-source observation mask,matched,336.0,[],0.15119137746030253,0.47771351818169544,0.34226190476190477,0.5582582362898987,ok,3.1596611275476074,1.1504647837305568,False,4.0,4.0,False,0.0,primary,p3,qualification,1341,row_resample,2520,9360,360,8,20,311,,,
C0034,network_volume_forecast,network_volume_forecast|router__general__packet_length_max,temporal,linear,322,322,347,347,propagated real-source observation mask,matched,347.0,[],0.46650648202068346,0.46650648202068346,0.46851184121907974,0.004280274311057514,ok,1.0,0.0,True,1572.5,1572.5,False,3830.0,primary,p4,calibration,1337,identity,2880,12960,360,2,22,322,,,
C0034,network_volume_forecast,network_volume_forecast|router__general__packet_length_max,temporal,linear,322,322,347,322,propagated real-source observation mask,matched,347.0,[],0.46650648202068346,0.4745669777910455,0.46851184121907974,0.004280274311057514,ok,1.0172784218033752,0.017130847350468183,True,1572.5,1572.5,False,3830.0,primary,p4,calibration,1337,block_a,2880,12960,360,2,22,322,,,
C0034,network_volume_forecast,network_volume_forecast|router__general__packet_length_max,temporal,linear,322,322,347,322,propagated real-source observation mask,matched,347.0,[],0.46650648202068346,0.48504730567640203,0.46851184121907974,0.004280274311057514,ok,1.0397439786375713,0.038974508460442425,True,1572.5,1572.5,False,3830.0,primary,p4,calibration,1337,block_b,2880,12960,360,2,22,322,,,
C0034,network_volume_forecast,network_volume_forecast|router__general__packet_length_max,temporal,linear,322,322,347,322,propagated real-source observation mask,matched,347.0,[],0.46650648202068346,0.5046026179135247,0.46851184121907974,0.004280274311057514,ok,1.0816626078330722,0.07849930909237232,True,1572.5,1572.5,False,3830.0,primary,p4,calibration,1337,row_resample,2880,12960,360,2,22,322,,,
C0035,network_volume_forecast,network_volume_forecast|router__general__packet_length_max,temporal,linear,320,320,345,345,propagated real-source observation mask,matched,345.0,[],0.46482119403808325,0.46482119403808325,0.4676789467861489,0.006110501162611439,ok,1.0,0.0,True,1572.0,1572.0,False,3830.0,primary,p4,calibration,1337,identity,2880,12960,360,2,22,320,,,
C0035,network_volume_forecast,network_volume_forecast|router__general__packet_length_max,temporal,linear,320,320,345,320,propagated real-source observation mask,matched,345.0,[],0.46482119403808325,0.4861264591273983,0.4676789467861489,0.006110501162611439,ok,1.0458353994236536,0.04481599133237049,True,1572.0,1572.0,False,3830.0,primary,p4,calibration,1337,block_a,2880,12960,360,2,22,320,,,
C0035,network_volume_forecast,network_volume_forecast|router__general__packet_length_max,temporal,linear,320,320,345,320,propagated real-source observation mask,matched,345.0,[],0.46482119403808325,0.49453366237762786,0.4676789467861489,0.006110501162611439,ok,1.0639223613738882,0.06196241962354865,True,1572.0,1572.0,False,3830.0,primary,p4,calibration,1337,block_b,2880,12960,360,2,22,320,,,
C0035,network_volume_forecast,network_volume_forecast|router__general__packet_length_max,temporal,linear,320,320,345,320,propagated real-source observation mask,matched,345.0,[],0.46482119403808325,0.4928038643092631,0.4676789467861489,0.006110501162611439,ok,1.060200934531585,0.05845845103843638,True,1572.0,1572.0,False,3830.0,primary,p4,calibration,1337,row_resample,2880,12960,360,2,22,320,,,
C0044,network_volume_forecast,network_volume_forecast|router__general__packet_length_mean,temporal,linear,311,311,336,336,propagated real-source observation mask,matched,336.0,[],0.08403230503493549,0.08403230503493549,0.5274612729574155,0.8406853557915714,ok,1.0,0.0,True,101.10233710667501,101.10233710667501,False,512.2995594713657,primary,p4,calibration,1337,identity,2880,12960,360,2,22,311,,,
C0044,network_volume_forecast,network_volume_forecast|router__general__packet_length_mean,temporal,linear,311,311,336,311,propagated real-source observation mask,matched,336.0,[],0.08403230503493549,0.08600848062760325,0.5274612729574155,0.8406853557915714,ok,1.0235168557121714,0.023244594681373406,True,101.10233710667501,101.10233710667501,False,512.2995594713657,primary,p4,calibration,1337,block_a,2880,12960,360,2,22,311,,,
C0044,network_volume_forecast,network_volume_forecast|router__general__packet_length_mean,temporal,linear,311,311,336,311,propagated real-source observation mask,matched,336.0,[],0.08403230503493549,0.08528345910343325,0.5274612729574155,0.8406853557915714,ok,1.0148889652375668,0.014779212655192518,True,101.10233710667501,101.10233710667501,False,512.2995594713657,primary,p4,calibration,1337,block_b,2880,12960,360,2,22,311,,,
C0044,network_volume_forecast,network_volume_forecast|router__general__packet_length_mean,temporal,linear,311,311,336,311,propagated real-source observation mask,matched,336.0,[],0.08403230503493549,0.48434719897825124,0.5274612729574155,0.8406853557915714,ok,5.763821411026264,1.7516006941434432,False,101.10233710667501,101.10233710667501,False,512.2995594713657,primary,p4,calibration,1337,row_resample,2880,12960,360,2,22,311,,,
C0065,network_volume_forecast,network_volume_forecast|router__general__packet_length_min,temporal,linear,322,322,347,347,propagated real-source observation mask,matched,347.0,[],0.449643030451687,0.449643030451687,0.32052513608709576,-0.4028323517488696,ok,1.0,0.0,True,18.0,18.0,False,44.0,primary,p4,calibration,1337,identity,2880,12960,360,2,22,322,,,
C0065,network_volume_forecast,network_volume_forecast|router__general__packet_length_min,temporal,linear,322,322,347,322,propagated real-source observation mask,matched,347.0,[],0.449643030451687,0.4483650924974746,0.32052513608709576,-0.4028323517488696,ok,0.9971578833259604,-0.002846163156502811,True,18.0,18.0,False,44.0,primary,p4,calibration,1337,block_a,2880,12960,360,2,22,322,,,
C0065,network_volume_forecast,network_volume_forecast|router__general__packet_length_min,temporal,linear,322,322,347,322,propagated real-source observation mask,matched,347.0,[],0.449643030451687,0.45313409084946055,0.32052513608709576,-0.4028323517488696,ok,1.007764070965954,0.007734085672265674,True,18.0,18.0,False,44.0,primary,p4,calibration,1337,block_b,2880,12960,360,2,22,322,,,
C0065,network_volume_forecast,network_volume_forecast|router__general__packet_length_min,temporal,linear,322,322,347,322,propagated real-source observation mask,matched,347.0,[],0.449643030451687,0.4504657123019365,0.32052513608709576,-0.4028323517488696,ok,1.0018296332746959,0.0018279615345396152,True,18.0,18.0,False,44.0,primary,p4,calibration,1337,row_resample,2880,12960,360,2,22,322,,,
C0066,network_volume_forecast,network_volume_forecast|router__general__packet_length_min,temporal,linear,320,320,345,345,propagated real-source observation mask,matched,345.0,[],0.4488470751510179,0.4488470751510179,0.31948470209339774,-0.40490944389507116,ok,1.0,0.0,True,18.0,18.0,False,44.0,primary,p4,calibration,1337,identity,2880,12960,360,2,22,320,,,
C0066,network_volume_forecast,network_volume_forecast|router__general__packet_length_min,temporal,linear,320,320,345,320,propagated real-source observation mask,matched,345.0,[],0.4488470751510179,0.44650472926794155,0.31948470209339774,-0.40490944389507116,ok,0.9947814166277272,-0.0052322477382999695,True,18.0,18.0,False,44.0,primary,p4,calibration,1337,block_a,2880,12960,360,2,22,320,,,
C0066,network_volume_forecast,network_volume_forecast|router__general__packet_length_min,temporal,linear,320,320,345,320,propagated real-source observation mask,matched,345.0,[],0.4488470751510179,0.4526371474332286,0.31948470209339774,-0.40490944389507116,ok,1.0084440168868996,0.00840856560399383,True,18.0,18.0,False,44.0,primary,p4,calibration,1337,block_b,2880,12960,360,2,22,320,,,
C0066,network_volume_forecast,network_volume_forecast|router__general__packet_length_min,temporal,linear,320,320,345,320,propagated real-source observation mask,matched,345.0,[],0.4488470751510179,0.45090679934670497,0.31948470209339774,-0.40490944389507116,ok,1.0045889219507425,0.004578424949436778,True,18.0,18.0,False,44.0,primary,p4,calibration,1337,row_resample,2880,12960,360,2,22,320,,,
C0067,network_volume_forecast,network_volume_forecast|router__general__packet_length_min,temporal,linear,311,311,336,336,propagated real-source observation mask,matched,336.0,[],0.4225377451668949,0.4225377451668949,0.31613756613756616,-0.33656290939821143,ok,1.0,0.0,True,18.0,18.0,False,44.0,primary,p4,calibration,1337,identity,2880,12960,360,2,22,311,,,
C0067,network_volume_forecast,network_volume_forecast|router__general__packet_length_min,temporal,linear,311,311,336,311,propagated real-source observation mask,matched,336.0,[],0.4225377451668949,0.4233247653148615,0.31613756613756616,-0.33656290939821143,ok,1.001862603180352,0.0018608706860142451,True,18.0,18.0,False,44.0,primary,p4,calibration,1337,block_a,2880,12960,360,2,22,311,,,
C0067,network_volume_forecast,network_volume_forecast|router__general__packet_length_min,temporal,linear,311,311,336,311,propagated real-source observation mask,matched,336.0,[],0.4225377451668949,0.42744919373980866,0.31613756613756616,-0.33656290939821143,ok,1.0116236919165027,0.011556655781122442,True,18.0,18.0,False,44.0,primary,p4,calibration,1337,block_b,2880,12960,360,2,22,311,,,
C0067,network_volume_forecast,network_volume_forecast|router__general__packet_length_min,temporal,linear,311,311,336,311,propagated real-source observation mask,matched,336.0,[],0.4225377451668949,0.4546862546052761,0.31613756613756616,-0.33656290939821143,ok,1.0760843494009822,0.07332885030372945,True,18.0,18.0,False,44.0,primary,p4,calibration,1337,row_resample,2880,12960,360,2,22,311,,,
C0071,network_burst_prediction,network_burst_prediction|router__iot_named__mqtt_port_packets,temporal,linear,322,322,347,347,propagated real-source observation mask,matched,347.0,[],0.3949642888185443,0.3949642888185443,0.3961120171498704,0.0028974842510063135,ok,1.0,0.0,True,,,,0.037267080745341616,primary,p4,calibration,1337,identity,2880,12960,360,2,22,322,0.48558671737063697,0.008813928902573431,0.4265129682997118
C0071,network_burst_prediction,network_burst_prediction|router__iot_named__mqtt_port_packets,temporal,linear,322,322,347,322,propagated real-source observation mask,matched,347.0,[],0.3949642888185443,0.3977885551538412,0.3961120171498704,0.0028974842510063135,ok,1.0071506878349563,0.007125242893913391,True,,,,0.037267080745341616,primary,p4,calibration,1337,block_a,2880,12960,360,2,22,322,0.48558671737063697,0.008813928902573431,0.4265129682997118
C0071,network_burst_prediction,network_burst_prediction|router__iot_named__mqtt_port_packets,temporal,linear,322,322,347,322,propagated real-source observation mask,matched,347.0,[],0.3949642888185443,0.3955874744863493,0.3961120171498704,0.0028974842510063135,ok,1.0015778278832983,0.0015765844206917883,True,,,,0.037267080745341616,primary,p4,calibration,1337,block_b,2880,12960,360,2,22,322,0.48558671737063697,0.008813928902573431,0.4265129682997118
C0071,network_burst_prediction,network_burst_prediction|router__iot_named__mqtt_port_packets,temporal,linear,322,322,347,322,propagated real-source observation mask,matched,347.0,[],0.3949642888185443,0.4090163493950711,0.3961120171498704,0.0028974842510063135,ok,1.035578053445188,0.03495977655518922,True,,,,0.037267080745341616,primary,p4,calibration,1337,row_resample,2880,12960,360,2,22,322,0.48558671737063697,0.008813928902573431,0.4265129682997118
C0081,network_volume_forecast,network_volume_forecast|router__iot_named__udp_count,temporal,linear,320,320,345,345,propagated real-source observation mask,matched,345.0,[],0.2773247886412593,0.2773247886412593,0.6789855072463769,0.5915600764941965,ok,1.0,0.0,True,4.0,4.0,False,0.0,primary,p4,calibration,1337,identity,2880,12960,360,2,22,320,,,
C0081,network_volume_forecast,network_volume_forecast|router__iot_named__udp_count,temporal,linear,320,320,345,320,propagated real-source observation mask,matched,345.0,[],0.2773247886412593,0.277225039567873,0.6789855072463769,0.5915600764941965,ok,0.9996403167784782,-0.0003597479230468897,True,4.0,4.0,False,0.0,primary,p4,calibration,1337,block_a,2880,12960,360,2,22,320,,,
C0081,network_volume_forecast,network_volume_forecast|router__iot_named__udp_count,temporal,linear,320,320,345,320,propagated real-source observation mask,matched,345.0,[],0.2773247886412593,0.2769348861475411,0.6789855072463769,0.5915600764941965,ok,0.9985940582678219,-0.0014069309955951233,True,4.0,4.0,False,0.0,primary,p4,calibration,1337,block_b,2880,12960,360,2,22,320,,,
C0081,network_volume_forecast,network_volume_forecast|router__iot_named__udp_count,temporal,linear,320,320,345,320,propagated real-source observation mask,matched,345.0,[],0.2773247886412593,0.521053309212114,0.6789855072463769,0.5915600764941965,ok,1.87885587784991,0.6306630159728044,False,4.0,4.0,False,0.0,primary,p4,calibration,1337,row_resample,2880,12960,360,2,22,320,,,
C0082,network_volume_forecast,network_volume_forecast|router__iot_named__udp_count,temporal,linear,311,311,336,336,propagated real-source observation mask,matched,336.0,[],0.19958850580437615,0.19958850580437615,0.6808035714285714,0.7068339324578343,ok,1.0,0.0,True,4.0,4.0,False,0.0,primary,p4,calibration,1337,identity,2880,12960,360,2,22,311,,,
C0082,network_volume_forecast,network_volume_forecast|router__iot_named__udp_count,temporal,linear,311,311,336,311,propagated real-source observation mask,matched,336.0,[],0.19958850580437615,0.2011635838201647,0.6808035714285714,0.7068339324578343,ok,1.0078916268722025,0.0078606508456288,True,4.0,4.0,False,0.0,primary,p4,calibration,1337,block_a,2880,12960,360,2,22,311,,,
C0082,network_volume_forecast,network_volume_forecast|router__iot_named__udp_count,temporal,linear,311,311,336,311,propagated real-source observation mask,matched,336.0,[],0.19958850580437615,0.2002765698760878,0.6808035714285714,0.7068339324578343,ok,1.003447413311396,0.0034414846040220267,True,4.0,4.0,False,0.0,primary,p4,calibration,1337,block_b,2880,12960,360,2,22,311,,,
C0082,network_volume_forecast,network_volume_forecast|router__iot_named__udp_count,temporal,linear,311,311,336,311,propagated real-source observation mask,matched,336.0,[],0.19958850580437615,0.45237882107361777,0.6808035714285714,0.7068339324578343,ok,2.2665574816067338,0.8182621524743633,False,4.0,4.0,False,0.0,primary,p4,calibration,1337,row_resample,2880,12960,360,2,22,311,,,
C0085,network_volume_forecast,network_volume_forecast|router__iot_named__dns_port_packets,temporal,linear,320,320,345,345,propagated real-source observation mask,matched,345.0,[],0.06967556379578249,0.06967556379578249,0.34202898550724636,0.79628754652928,ok,1.0,0.0,True,4.0,4.0,False,0.0,primary,p4,calibration,1337,identity,2880,12960,360,2,22,320,,,
C0085,network_volume_forecast,network_volume_forecast|router__iot_named__dns_port_packets,temporal,linear,320,320,345,320,propagated real-source observation mask,matched,345.0,[],0.06967556379578249,0.07235534400133498,0.34202898550724636,0.79628754652928,ok,1.0384608327448466,0.03773964840357948,True,4.0,4.0,False,0.0,primary,p4,calibration,1337,block_a,2880,12960,360,2,22,320,,,
C0085,network_volume_forecast,network_volume_forecast|router__iot_named__dns_port_packets,temporal,linear,320,320,345,320,propagated real-source observation mask,matched,345.0,[],0.06967556379578249,0.07235534400133498,0.34202898550724636,0.79628754652928,ok,1.0384608327448466,0.03773964840357948,True,4.0,4.0,False,0.0,primary,p4,calibration,1337,block_b,2880,12960,360,2,22,320,,,
C0085,network_volume_forecast,network_volume_forecast|router__iot_named__dns_port_packets,temporal,linear,320,320,345,320,propagated real-source observation mask,matched,345.0,[],0.06967556379578249,0.5081792616942594,0.34202898550724636,0.79628754652928,ok,7.293507709298505,1.9869845975530334,False,4.0,4.0,False,0.0,primary,p4,calibration,1337,row_resample,2880,12960,360,2,22,320,,,
C0086,network_volume_forecast,network_volume_forecast|router__iot_named__dns_port_packets,temporal,linear,311,311,336,336,propagated real-source observation mask,matched,336.0,[],0.08888324320728729,0.08888324320728729,0.34226190476190477,0.7403063502813171,ok,1.0,0.0,True,4.0,4.0,False,0.0,primary,p4,calibration,1337,identity,2880,12960,360,2,22,311,,,
C0086,network_volume_forecast,network_volume_forecast|router__iot_named__dns_port_packets,temporal,linear,311,311,336,311,propagated real-source observation mask,matched,336.0,[],0.08888324320728729,0.0916286051752064,0.34226190476190477,0.7403063502813171,ok,1.0308872839115082,0.030419872105245594,True,4.0,4.0,False,0.0,primary,p4,calibration,1337,block_a,2880,12960,360,2,22,311,,,
C0086,network_volume_forecast,network_volume_forecast|router__iot_named__dns_port_packets,temporal,linear,311,311,336,311,propagated real-source observation mask,matched,336.0,[],0.08888324320728729,0.0916286051752064,0.34226190476190477,0.7403063502813171,ok,1.0308872839115082,0.030419872105245594,True,4.0,4.0,False,0.0,primary,p4,calibration,1337,block_b,2880,12960,360,2,22,311,,,
C0086,network_volume_forecast,network_volume_forecast|router__iot_named__dns_port_packets,temporal,linear,311,311,336,311,propagated real-source observation mask,matched,336.0,[],0.08888324320728729,0.4215370937291809,0.34226190476190477,0.7403063502813171,ok,4.742593525149634,1.5565841432756264,False,4.0,4.0,False,0.0,primary,p4,calibration,1337,row_resample,2880,12960,360,2,22,311,,,
C0034,network_volume_forecast,network_volume_forecast|router__general__packet_length_max,temporal,linear,322,322,347,347,propagated real-source observation mask,matched,347.0,[],0.46650648202068346,0.46650648202068346,0.46851184121907974,0.004280274311057514,ok,1.0,0.0,True,1572.5,1572.5,False,3830.0,primary,p4,calibration,1338,identity,2880,12960,360,14,7,322,,,
C0034,network_volume_forecast,network_volume_forecast|router__general__packet_length_max,temporal,linear,322,322,347,322,propagated real-source observation mask,matched,347.0,[],0.46650648202068346,0.47935720441591845,0.46851184121907974,0.004280274311057514,ok,1.02754671776386,0.02717413376472396,True,1572.5,1572.5,False,3830.0,primary,p4,calibration,1338,block_a,2880,12960,360,14,7,322,,,
C0034,network_volume_forecast,network_volume_forecast|router__general__packet_length_max,temporal,linear,322,322,347,322,propagated real-source observation mask,matched,347.0,[],0.46650648202068346,0.47830266139891997,0.46851184121907974,0.004280274311057514,ok,1.0252862068006883,0.02497179976101917,True,1572.5,1572.5,False,3830.0,primary,p4,calibration,1338,block_b,2880,12960,360,14,7,322,,,
C0034,network_volume_forecast,network_volume_forecast|router__general__packet_length_max,temporal,linear,322,322,347,322,propagated real-source observation mask,matched,347.0,[],0.46650648202068346,0.5337931022816329,0.46851184121907974,0.004280274311057514,ok,1.1442351239568975,0.13473639977398474,False,1572.5,1572.5,False,3830.0,primary,p4,calibration,1338,row_resample,2880,12960,360,14,7,322,,,
C0035,network_volume_forecast,network_volume_forecast|router__general__packet_length_max,temporal,linear,320,320,345,345,propagated real-source observation mask,matched,345.0,[],0.46482119403808325,0.46482119403808325,0.4676789467861489,0.006110501162611439,ok,1.0,0.0,True,1572.0,1572.0,False,3830.0,primary,p4,calibration,1338,identity,2880,12960,360,14,7,320,,,
C0035,network_volume_forecast,network_volume_forecast|router__general__packet_length_max,temporal,linear,320,320,345,320,propagated real-source observation mask,matched,345.0,[],0.46482119403808325,0.4897174250451827,0.4676789467861489,0.006110501162611439,ok,1.0535608774436813,0.052175738490697274,True,1572.0,1572.0,False,3830.0,primary,p4,calibration,1338,block_a,2880,12960,360,14,7,320,,,
C0035,network_volume_forecast,network_volume_forecast|router__general__packet_length_max,temporal,linear,320,320,345,320,propagated real-source observation mask,matched,345.0,[],0.46482119403808325,0.48884412205860156,0.4676789467861489,0.006110501162611439,ok,1.0516820840543473,0.050390867174200785,True,1572.0,1572.0,False,3830.0,primary,p4,calibration,1338,block_b,2880,12960,360,14,7,320,,,
C0035,network_volume_forecast,network_volume_forecast|router__general__packet_length_max,temporal,linear,320,320,345,320,propagated real-source observation mask,matched,345.0,[],0.46482119403808325,0.532543517020783,0.4676789467861489,0.006110501162611439,ok,1.145695428374015,0.1360118136624847,False,1572.0,1572.0,False,3830.0,primary,p4,calibration,1338,row_resample,2880,12960,360,14,7,320,,,
C0044,network_volume_forecast,network_volume_forecast|router__general__packet_length_mean,temporal,linear,311,311,336,336,propagated real-source observation mask,matched,336.0,[],0.08403230503493549,0.08403230503493549,0.5274612729574155,0.8406853557915714,ok,1.0,0.0,True,101.10233710667501,101.10233710667501,False,512.2995594713657,primary,p4,calibration,1338,identity,2880,12960,360,14,7,311,,,
C0044,network_volume_forecast,network_volume_forecast|router__general__packet_length_mean,temporal,linear,311,311,336,311,propagated real-source observation mask,matched,336.0,[],0.08403230503493549,0.085349783758577,0.5274612729574155,0.8406853557915714,ok,1.0156782409228664,0.015556606993734432,True,101.10233710667501,101.10233710667501,False,512.2995594713657,primary,p4,calibration,1338,block_a,2880,12960,360,14,7,311,,,
C0044,network_volume_forecast,network_volume_forecast|router__general__packet_length_mean,temporal,linear,311,311,336,311,propagated real-source observation mask,matched,336.0,[],0.08403230503493549,0.08525292529502035,0.5274612729574155,0.8406853557915714,ok,1.014525607259939,0.014421121226822143,True,101.10233710667501,101.10233710667501,False,512.2995594713657,primary,p4,calibration,1338,block_b,2880,12960,360,14,7,311,,,
C0044,network_volume_forecast,network_volume_forecast|router__general__packet_length_mean,temporal,linear,311,311,336,311,propagated real-source observation mask,matched,336.0,[],0.08403230503493549,0.5366489920476615,0.5274612729574155,0.8406853557915714,ok,6.386222439388705,1.8541429260362094,False,101.10233710667501,101.10233710667501,False,512.2995594713657,primary,p4,calibration,1338,row_resample,2880,12960,360,14,7,311,,,
C0065,network_volume_forecast,network_volume_forecast|router__general__packet_length_min,temporal,linear,322,322,347,347,propagated real-source observation mask,matched,347.0,[],0.449643030451687,0.449643030451687,0.32052513608709576,-0.4028323517488696,ok,1.0,0.0,True,18.0,18.0,False,44.0,primary,p4,calibration,1338,identity,2880,12960,360,14,7,322,,,
C0065,network_volume_forecast,network_volume_forecast|router__general__packet_length_min,temporal,linear,322,322,347,322,propagated real-source observation mask,matched,347.0,[],0.449643030451687,0.4520996438170808,0.32052513608709576,-0.4028323517488696,ok,1.0054634747989444,0.005448604159492447,True,18.0,18.0,False,44.0,primary,p4,calibration,1338,block_a,2880,12960,360,14,7,322,,,
C0065,network_volume_forecast,network_volume_forecast|router__general__packet_length_min,temporal,linear,322,322,347,322,propagated real-source observation mask,matched,347.0,[],0.449643030451687,0.4499180364428098,0.32052513608709576,-0.4028323517488696,ok,1.000611609593607,0.0006114226366854498,True,18.0,18.0,False,44.0,primary,p4,calibration,1338,block_b,2880,12960,360,14,7,322,,,
C0065,network_volume_forecast,network_volume_forecast|router__general__packet_length_min,temporal,linear,322,322,347,322,propagated real-source observation mask,matched,347.0,[],0.449643030451687,0.4501658795034593,0.32052513608709576,-0.4028323517488696,ok,1.0011628091983258,0.0011621336593411814,True,18.0,18.0,False,44.0,primary,p4,calibration,1338,row_resample,2880,12960,360,14,7,322,,,
C0066,network_volume_forecast,network_volume_forecast|router__general__packet_length_min,temporal,linear,320,320,345,345,propagated real-source observation mask,matched,345.0,[],0.4488470751510179,0.4488470751510179,0.31948470209339774,-0.40490944389507116,ok,1.0,0.0,True,18.0,18.0,False,44.0,primary,p4,calibration,1338,identity,2880,12960,360,14,7,320,,,
C0066,network_volume_forecast,network_volume_forecast|router__general__packet_length_min,temporal,linear,320,320,345,320,propagated real-source observation mask,matched,345.0,[],0.4488470751510179,0.45150142616463523,0.31948470209339774,-0.40490944389507116,ok,1.005913709057198,0.005896291713459991,True,18.0,18.0,False,44.0,primary,p4,calibration,1338,block_a,2880,12960,360,14,7,320,,,
C0066,network_volume_forecast,network_volume_forecast|router__general__packet_length_min,temporal,linear,320,320,345,320,propagated real-source observation mask,matched,345.0,[],0.4488470751510179,0.447855807407682,0.31948470209339774,-0.40490944389507116,ok,0.9977915245565488,-0.002210917721813727,True,18.0,18.0,False,44.0,primary,p4,calibration,1338,block_b,2880,12960,360,14,7,320,,,
C0066,network_volume_forecast,network_volume_forecast|router__general__packet_length_min,temporal,linear,320,320,345,320,propagated real-source observation mask,matched,345.0,[],0.4488470751510179,0.44703190187490766,0.31948470209339774,-0.40490944389507116,ok,0.9959559204535319,-0.004052278949648993,True,18.0,18.0,False,44.0,primary,p4,calibration,1338,row_resample,2880,12960,360,14,7,320,,,
C0067,network_volume_forecast,network_volume_forecast|router__general__packet_length_min,temporal,linear,311,311,336,336,propagated real-source observation mask,matched,336.0,[],0.4225377451668949,0.4225377451668949,0.31613756613756616,-0.33656290939821143,ok,1.0,0.0,True,18.0,18.0,False,44.0,primary,p4,calibration,1338,identity,2880,12960,360,14,7,311,,,
C0067,network_volume_forecast,network_volume_forecast|router__general__packet_length_min,temporal,linear,311,311,336,311,propagated real-source observation mask,matched,336.0,[],0.4225377451668949,0.4268550861320687,0.31613756613756616,-0.33656290939821143,ok,1.010217645676763,0.010165798407439659,True,18.0,18.0,False,44.0,primary,p4,calibration,1338,block_a,2880,12960,360,14,7,311,,,
C0067,network_volume_forecast,network_volume_forecast|router__general__packet_length_min,temporal,linear,311,311,336,311,propagated real-source observation mask,matched,336.0,[],0.4225377451668949,0.42568229226189763,0.31613756613756616,-0.33656290939821143,ok,1.0074420501623131,0.007414494735134574,True,18.0,18.0,False,44.0,primary,p4,calibration,1338,block_b,2880,12960,360,14,7,311,,,
C0067,network_volume_forecast,network_volume_forecast|router__general__packet_length_min,temporal,linear,311,311,336,311,propagated real-source observation mask,matched,336.0,[],0.4225377451668949,0.444113456601551,0.31613756613756616,-0.33656290939821143,ok,1.0510622108473033,0.049801282195653385,True,18.0,18.0,False,44.0,primary,p4,calibration,1338,row_resample,2880,12960,360,14,7,311,,,
C0071,network_burst_prediction,network_burst_prediction|router__iot_named__mqtt_port_packets,temporal,linear,322,322,347,347,propagated real-source observation mask,matched,347.0,[],0.3949642888185443,0.3949642888185443,0.3961120171498704,0.0028974842510063135,ok,1.0,0.0,True,,,,0.037267080745341616,primary,p4,calibration,1338,identity,2880,12960,360,14,7,322,0.48558671737063697,0.008813928902573431,0.4265129682997118
C0071,network_burst_prediction,network_burst_prediction|router__iot_named__mqtt_port_packets,temporal,linear,322,322,347,322,propagated real-source observation mask,matched,347.0,[],0.3949642888185443,0.3972054211481382,0.3961120171498704,0.0028974842510063135,ok,1.0056742657324738,0.0056582277273397345,True,,,,0.037267080745341616,primary,p4,calibration,1338,block_a,2880,12960,360,14,7,322,0.48558671737063697,0.008813928902573431,0.4265129682997118
C0071,network_burst_prediction,network_burst_prediction|router__iot_named__mqtt_port_packets,temporal,linear,322,322,347,322,propagated real-source observation mask,matched,347.0,[],0.3949642888185443,0.39759269149701215,0.3961120171498704,0.0028974842510063135,ok,1.0066547856423431,0.006632740306977133,True,,,,0.037267080745341616,primary,p4,calibration,1338,block_b,2880,12960,360,14,7,322,0.48558671737063697,0.008813928902573431,0.4265129682997118
C0071,network_burst_prediction,network_burst_prediction|router__iot_named__mqtt_port_packets,temporal,linear,322,322,347,322,propagated real-source observation mask,matched,347.0,[],0.3949642888185443,0.3965833852831662,0.3961120171498704,0.0028974842510063135,ok,1.0040993490056156,0.004090969566837433,True,,,,0.037267080745341616,primary,p4,calibration,1338,row_resample,2880,12960,360,14,7,322,0.48558671737063697,0.008813928902573431,0.4265129682997118
C0081,network_volume_forecast,network_volume_forecast|router__iot_named__udp_count,temporal,linear,320,320,345,345,propagated real-source observation mask,matched,345.0,[],0.2773247886412593,0.2773247886412593,0.6789855072463769,0.5915600764941965,ok,1.0,0.0,True,4.0,4.0,False,0.0,primary,p4,calibration,1338,identity,2880,12960,360,14,7,320,,,
C0081,network_volume_forecast,network_volume_forecast|router__iot_named__udp_count,temporal,linear,320,320,345,320,propagated real-source observation mask,matched,345.0,[],0.2773247886412593,0.27711210692275706,0.6789855072463769,0.5915600764941965,ok,0.9992330951749958,-0.0007671990469459315,True,4.0,4.0,False,0.0,primary,p4,calibration,1338,block_a,2880,12960,360,14,7,320,,,
C0081,network_volume_forecast,network_volume_forecast|router__iot_named__udp_count,temporal,linear,320,320,345,320,propagated real-source observation mask,matched,345.0,[],0.2773247886412593,0.27714311586214724,0.6789855072463769,0.5915600764941965,ok,0.9993449096995541,-0.0006553049658519987,True,4.0,4.0,False,0.0,primary,p4,calibration,1338,block_b,2880,12960,360,14,7,320,,,
C0081,network_volume_forecast,network_volume_forecast|router__iot_named__udp_count,temporal,linear,320,320,345,320,propagated real-source observation mask,matched,345.0,[],0.2773247886412593,0.4615136818398789,0.6789855072463769,0.5915600764941965,ok,1.6641631067350489,0.5093223584697133,False,4.0,4.0,False,0.0,primary,p4,calibration,1338,row_resample,2880,12960,360,14,7,320,,,
C0082,network_volume_forecast,network_volume_forecast|router__iot_named__udp_count,temporal,linear,311,311,336,336,propagated real-source observation mask,matched,336.0,[],0.19958850580437615,0.19958850580437615,0.6808035714285714,0.7068339324578343,ok,1.0,0.0,True,4.0,4.0,False,0.0,primary,p4,calibration,1338,identity,2880,12960,360,14,7,311,,,
C0082,network_volume_forecast,network_volume_forecast|router__iot_named__udp_count,temporal,linear,311,311,336,311,propagated real-source observation mask,matched,336.0,[],0.19958850580437615,0.20033626045715805,0.6808035714285714,0.7068339324578343,ok,1.00374648154095,0.0037394809585687373,True,4.0,4.0,False,0.0,primary,p4,calibration,1338,block_a,2880,12960,360,14,7,311,,,
C0082,network_volume_forecast,network_volume_forecast|router__iot_named__udp_count,temporal,linear,311,311,336,311,propagated real-source observation mask,matched,336.0,[],0.19958850580437615,0.20044030176608532,0.6808035714285714,0.7068339324578343,ok,1.0042677606021262,0.004258679539879392,True,4.0,4.0,False,0.0,primary,p4,calibration,1338,block_b,2880,12960,360,14,7,311,,,
C0082,network_volume_forecast,network_volume_forecast|router__iot_named__udp_count,temporal,linear,311,311,336,311,propagated real-source observation mask,matched,336.0,[],0.19958850580437615,0.5017415236683603,0.6808035714285714,0.7068339324578343,ok,2.513879853182203,0.921827317929049,False,4.0,4.0,False,0.0,primary,p4,calibration,1338,row_resample,2880,12960,360,14,7,311,,,
C0085,network_volume_forecast,network_volume_forecast|router__iot_named__dns_port_packets,temporal,linear,320,320,345,345,propagated real-source observation mask,matched,345.0,[],0.06967556379578249,0.06967556379578249,0.34202898550724636,0.79628754652928,ok,1.0,0.0,True,4.0,4.0,False,0.0,primary,p4,calibration,1338,identity,2880,12960,360,14,7,320,,,
C0085,network_volume_forecast,network_volume_forecast|router__iot_named__dns_port_packets,temporal,linear,320,320,345,320,propagated real-source observation mask,matched,345.0,[],0.06967556379578249,0.072355344001335,0.34202898550724636,0.79628754652928,ok,1.038460832744847,0.037739648403579906,True,4.0,4.0,False,0.0,primary,p4,calibration,1338,block_a,2880,12960,360,14,7,320,,,
C0085,network_volume_forecast,network_volume_forecast|router__iot_named__dns_port_packets,temporal,linear,320,320,345,320,propagated real-source observation mask,matched,345.0,[],0.06967556379578249,0.07235534400133498,0.34202898550724636,0.79628754652928,ok,1.0384608327448466,0.03773964840357948,True,4.0,4.0,False,0.0,primary,p4,calibration,1338,block_b,2880,12960,360,14,7,320,,,
C0085,network_volume_forecast,network_volume_forecast|router__iot_named__dns_port_packets,temporal,linear,320,320,345,320,propagated real-source observation mask,matched,345.0,[],0.06967556379578249,0.43472926375562276,0.34202898550724636,0.79628754652928,ok,6.239336147028597,1.8308737900277354,False,4.0,4.0,False,0.0,primary,p4,calibration,1338,row_resample,2880,12960,360,14,7,320,,,
C0086,network_volume_forecast,network_volume_forecast|router__iot_named__dns_port_packets,temporal,linear,311,311,336,336,propagated real-source observation mask,matched,336.0,[],0.08888324320728729,0.08888324320728729,0.34226190476190477,0.7403063502813171,ok,1.0,0.0,True,4.0,4.0,False,0.0,primary,p4,calibration,1338,identity,2880,12960,360,14,7,311,,,
C0086,network_volume_forecast,network_volume_forecast|router__iot_named__dns_port_packets,temporal,linear,311,311,336,311,propagated real-source observation mask,matched,336.0,[],0.08888324320728729,0.0916286051752064,0.34226190476190477,0.7403063502813171,ok,1.0308872839115082,0.030419872105245594,True,4.0,4.0,False,0.0,primary,p4,calibration,1338,block_a,2880,12960,360,14,7,311,,,
C0086,network_volume_forecast,network_volume_forecast|router__iot_named__dns_port_packets,temporal,linear,311,311,336,311,propagated real-source observation mask,matched,336.0,[],0.08888324320728729,0.0916286051752064,0.34226190476190477,0.7403063502813171,ok,1.0308872839115082,0.030419872105245594,True,4.0,4.0,False,0.0,primary,p4,calibration,1338,block_b,2880,12960,360,14,7,311,,,
C0086,network_volume_forecast,network_volume_forecast|router__iot_named__dns_port_packets,temporal,linear,311,311,336,311,propagated real-source observation mask,matched,336.0,[],0.08888324320728729,0.49692397545067957,0.34226190476190477,0.7403063502813171,ok,5.590749814245506,1.7211134130993626,False,4.0,4.0,False,0.0,primary,p4,calibration,1338,row_resample,2880,12960,360,14,7,311,,,
C0034,network_volume_forecast,network_volume_forecast|router__general__packet_length_max,temporal,linear,322,322,347,347,propagated real-source observation mask,matched,347.0,[],0.46650648202068346,0.46650648202068346,0.46851184121907974,0.004280274311057514,ok,1.0,0.0,True,1572.5,1572.5,False,3830.0,primary,p4,calibration,1339,identity,2880,12960,360,3,24,322,,,
C0034,network_volume_forecast,network_volume_forecast|router__general__packet_length_max,temporal,linear,322,322,347,322,propagated real-source observation mask,matched,347.0,[],0.46650648202068346,0.4762269244575224,0.46851184121907974,0.004280274311057514,ok,1.0208366717537014,0.020622557486728452,True,1572.5,1572.5,False,3830.0,primary,p4,calibration,1339,block_a,2880,12960,360,3,24,322,,,
C0034,network_volume_forecast,network_volume_forecast|router__general__packet_length_max,temporal,linear,322,322,347,322,propagated real-source observation mask,matched,347.0,[],0.46650648202068346,0.48549892498684893,0.46851184121907974,0.004280274311057514,ok,1.0407120666017313,0.039905158292000066,True,1572.5,1572.5,False,3830.0,primary,p4,calibration,1339,block_b,2880,12960,360,3,24,322,,,
C0034,network_volume_forecast,network_volume_forecast|router__general__packet_length_max,temporal,linear,322,322,347,322,propagated real-source observation mask,matched,347.0,[],0.46650648202068346,0.4806182797748264,0.46851184121907974,0.004280274311057514,ok,1.0302499499964446,0.029801442701427757,True,1572.5,1572.5,False,3830.0,primary,p4,calibration,1339,row_resample,2880,12960,360,3,24,322,,,
C0035,network_volume_forecast,network_volume_forecast|router__general__packet_length_max,temporal,linear,320,320,345,345,propagated real-source observation mask,matched,345.0,[],0.46482119403808325,0.46482119403808325,0.4676789467861489,0.006110501162611439,ok,1.0,0.0,True,1572.0,1572.0,False,3830.0,primary,p4,calibration,1339,identity,2880,12960,360,3,24,320,,,
C0035,network_volume_forecast,network_volume_forecast|router__general__packet_length_max,temporal,linear,320,320,345,320,propagated real-source observation mask,matched,345.0,[],0.46482119403808325,0.48715437074538703,0.4676789467861489,0.006110501162611439,ok,1.0480468123952928,0.04692825321737003,True,1572.0,1572.0,False,3830.0,primary,p4,calibration,1339,block_a,2880,12960,360,3,24,320,,,
C0035,network_volume_forecast,network_volume_forecast|router__general__packet_length_max,temporal,linear,320,320,345,320,propagated real-source observation mask,matched,345.0,[],0.46482119403808325,0.4949470662909367,0.4676789467861489,0.006110501162611439,ok,1.0648117440410543,0.0627980173777752,True,1572.0,1572.0,False,3830.0,primary,p4,calibration,1339,block_b,2880,12960,360,3,24,320,,,
C0035,network_volume_forecast,network_volume_forecast|router__general__packet_length_max,temporal,linear,320,320,345,320,propagated real-source observation mask,matched,345.0,[],0.46482119403808325,0.5042013194419876,0.4676789467861489,0.006110501162611439,ok,1.084721019413495,0.08132282896561097,True,1572.0,1572.0,False,3830.0,primary,p4,calibration,1339,row_resample,2880,12960,360,3,24,320,,,
C0044,network_volume_forecast,network_volume_forecast|router__general__packet_length_mean,temporal,linear,311,311,336,336,propagated real-source observation mask,matched,336.0,[],0.08403230503493549,0.08403230503493549,0.5274612729574155,0.8406853557915714,ok,1.0,0.0,True,101.10233710667501,101.10233710667501,False,512.2995594713657,primary,p4,calibration,1339,identity,2880,12960,360,3,24,311,,,
C0044,network_volume_forecast,network_volume_forecast|router__general__packet_length_mean,temporal,linear,311,311,336,311,propagated real-source observation mask,matched,336.0,[],0.08403230503493549,0.08603481362543812,0.5274612729574155,0.8406853557915714,ok,1.0238302232655656,0.02355071527915478,True,101.10233710667501,101.10233710667501,False,512.2995594713657,primary,p4,calibration,1339,block_a,2880,12960,360,3,24,311,,,
C0044,network_volume_forecast,network_volume_forecast|router__general__packet_length_mean,temporal,linear,311,311,336,311,propagated real-source observation mask,matched,336.0,[],0.08403230503493549,0.08545673444729311,0.5274612729574155,0.8406853557915714,ok,1.0169509739351483,0.01680890935100652,True,101.10233710667501,101.10233710667501,False,512.2995594713657,primary,p4,calibration,1339,block_b,2880,12960,360,3,24,311,,,
C0044,network_volume_forecast,network_volume_forecast|router__general__packet_length_mean,temporal,linear,311,311,336,311,propagated real-source observation mask,matched,336.0,[],0.08403230503493549,0.5210567042991957,0.5274612729574155,0.8406853557915714,ok,6.2006713261354935,1.8246575645983127,False,101.10233710667501,101.10233710667501,False,512.2995594713657,primary,p4,calibration,1339,row_resample,2880,12960,360,3,24,311,,,
C0065,network_volume_forecast,network_volume_forecast|router__general__packet_length_min,temporal,linear,322,322,347,347,propagated real-source observation mask,matched,347.0,[],0.449643030451687,0.449643030451687,0.32052513608709576,-0.4028323517488696,ok,1.0,0.0,True,18.0,18.0,False,44.0,primary,p4,calibration,1339,identity,2880,12960,360,3,24,322,,,
C0065,network_volume_forecast,network_volume_forecast|router__general__packet_length_min,temporal,linear,322,322,347,322,propagated real-source observation mask,matched,347.0,[],0.449643030451687,0.4474246040728827,0.32052513608709576,-0.4028323517488696,ok,0.9950662498280562,-0.00494596129831157,True,18.0,18.0,False,44.0,primary,p4,calibration,1339,block_a,2880,12960,360,3,24,322,,,
C0065,network_volume_forecast,network_volume_forecast|router__general__packet_length_min,temporal,linear,322,322,347,322,propagated real-source observation mask,matched,347.0,[],0.449643030451687,0.4543430640452539,0.32052513608709576,-0.4028323517488696,ok,1.010452810952825,0.010398558060407412,True,18.0,18.0,False,44.0,primary,p4,calibration,1339,block_b,2880,12960,360,3,24,322,,,
C0065,network_volume_forecast,network_volume_forecast|router__general__packet_length_min,temporal,linear,322,322,347,322,propagated real-source observation mask,matched,347.0,[],0.449643030451687,0.4633996970115704,0.32052513608709576,-0.4028323517488696,ok,1.030594639810305,0.030135955860527155,True,18.0,18.0,False,44.0,primary,p4,calibration,1339,row_resample,2880,12960,360,3,24,322,,,
C0066,network_volume_forecast,network_volume_forecast|router__general__packet_length_min,temporal,linear,320,320,345,345,propagated real-source observation mask,matched,345.0,[],0.4488470751510179,0.4488470751510179,0.31948470209339774,-0.40490944389507116,ok,1.0,0.0,True,18.0,18.0,False,44.0,primary,p4,calibration,1339,identity,2880,12960,360,3,24,320,,,
C0066,network_volume_forecast,network_volume_forecast|router__general__packet_length_min,temporal,linear,320,320,345,320,propagated real-source observation mask,matched,345.0,[],0.4488470751510179,0.44659559503600604,0.31948470209339774,-0.40490944389507116,ok,0.9949838592258748,-0.0050287638386633275,True,18.0,18.0,False,44.0,primary,p4,calibration,1339,block_a,2880,12960,360,3,24,320,,,
C0066,network_volume_forecast,network_volume_forecast|router__general__packet_length_min,temporal,linear,320,320,345,320,propagated real-source observation mask,matched,345.0,[],0.4488470751510179,0.4527823824128586,0.31948470209339774,-0.40490944389507116,ok,1.008767590299027,0.008729378168972082,True,18.0,18.0,False,44.0,primary,p4,calibration,1339,block_b,2880,12960,360,3,24,320,,,
C0066,network_volume_forecast,network_volume_forecast|router__general__packet_length_min,temporal,linear,320,320,345,320,propagated real-source observation mask,matched,345.0,[],0.4488470751510179,0.4594997636273951,0.31948470209339774,-0.40490944389507116,ok,1.0237334474615725,0.023456187518725392,True,18.0,18.0,False,44.0,primary,p4,calibration,1339,row_resample,2880,12960,360,3,24,320,,,
C0067,network_volume_forecast,network_volume_forecast|router__general__packet_length_min,temporal,linear,311,311,336,336,propagated real-source observation mask,matched,336.0,[],0.4225377451668949,0.4225377451668949,0.31613756613756616,-0.33656290939821143,ok,1.0,0.0,True,18.0,18.0,False,44.0,primary,p4,calibration,1339,identity,2880,12960,360,3,24,311,,,
C0067,network_volume_forecast,network_volume_forecast|router__general__packet_length_min,temporal,linear,311,311,336,311,propagated real-source observation mask,matched,336.0,[],0.4225377451668949,0.42389420671485256,0.31613756613756616,-0.33656290939821143,ok,1.003210273078496,0.003205131153593141,True,18.0,18.0,False,44.0,primary,p4,calibration,1339,block_a,2880,12960,360,3,24,311,,,
C0067,network_volume_forecast,network_volume_forecast|router__general__packet_length_min,temporal,linear,311,311,336,311,propagated real-source observation mask,matched,336.0,[],0.4225377451668949,0.4286071502223828,0.31613756613756616,-0.33656290939821143,ok,1.0143641724908874,0.014261985160384847,True,18.0,18.0,False,44.0,primary,p4,calibration,1339,block_b,2880,12960,360,3,24,311,,,
C0067,network_volume_forecast,network_volume_forecast|router__general__packet_length_min,temporal,linear,311,311,336,311,propagated real-source observation mask,matched,336.0,[],0.4225377451668949,0.4630022347441579,0.31613756613756616,-0.33656290939821143,ok,1.0957653843712358,0.09145310025585361,True,18.0,18.0,False,44.0,primary,p4,calibration,1339,row_resample,2880,12960,360,3,24,311,,,
C0071,network_burst_prediction,network_burst_prediction|router__iot_named__mqtt_port_packets,temporal,linear,322,322,347,347,propagated real-source observation mask,matched,347.0,[],0.3949642888185443,0.3949642888185443,0.3961120171498704,0.0028974842510063135,ok,1.0,0.0,True,,,,0.037267080745341616,primary,p4,calibration,1339,identity,2880,12960,360,3,24,322,0.48558671737063697,0.008813928902573431,0.4265129682997118
C0071,network_burst_prediction,network_burst_prediction|router__iot_named__mqtt_port_packets,temporal,linear,322,322,347,322,propagated real-source observation mask,matched,347.0,[],0.3949642888185443,0.39754421795308115,0.3961120171498704,0.0028974842510063135,ok,1.0065320567139227,0.006510815281450082,True,,,,0.037267080745341616,primary,p4,calibration,1339,block_a,2880,12960,360,3,24,322,0.48558671737063697,0.008813928902573431,0.4265129682997118
C0071,network_burst_prediction,network_burst_prediction|router__iot_named__mqtt_port_packets,temporal,linear,322,322,347,322,propagated real-source observation mask,matched,347.0,[],0.3949642888185443,0.3955184164824092,0.3961120171498704,0.0028974842510063135,ok,1.0014029816860721,0.0014019984268220913,True,,,,0.037267080745341616,primary,p4,calibration,1339,block_b,2880,12960,360,3,24,322,0.48558671737063697,0.008813928902573431,0.4265129682997118
C0071,network_burst_prediction,network_burst_prediction|router__iot_named__mqtt_port_packets,temporal,linear,322,322,347,322,propagated real-source observation mask,matched,347.0,[],0.3949642888185443,0.41116320414554913,0.3961120171498704,0.0028974842510063135,ok,1.0410136201818667,0.040194873295431234,True,,,,0.037267080745341616,primary,p4,calibration,1339,row_resample,2880,12960,360,3,24,322,0.48558671737063697,0.008813928902573431,0.4265129682997118
C0081,network_volume_forecast,network_volume_forecast|router__iot_named__udp_count,temporal,linear,320,320,345,345,propagated real-source observation mask,matched,345.0,[],0.2773247886412593,0.2773247886412593,0.6789855072463769,0.5915600764941965,ok,1.0,0.0,True,4.0,4.0,False,0.0,primary,p4,calibration,1339,identity,2880,12960,360,3,24,320,,,
C0081,network_volume_forecast,network_volume_forecast|router__iot_named__udp_count,temporal,linear,320,320,345,320,propagated real-source observation mask,matched,345.0,[],0.2773247886412593,0.27728991961398713,0.6789855072463769,0.5915600764941965,ok,0.9998742664604812,-0.00012574144464294832,True,4.0,4.0,False,0.0,primary,p4,calibration,1339,block_a,2880,12960,360,3,24,320,,,
C0081,network_volume_forecast,network_volume_forecast|router__iot_named__udp_count,temporal,linear,320,320,345,320,propagated real-source observation mask,matched,345.0,[],0.2773247886412593,0.276985359822333,0.6789855072463769,0.5915600764941965,ok,0.9987760602988672,-0.001224689327055821,True,4.0,4.0,False,0.0,primary,p4,calibration,1339,block_b,2880,12960,360,3,24,320,,,
C0081,network_volume_forecast,network_volume_forecast|router__iot_named__udp_count,temporal,linear,320,320,345,320,propagated real-source observation mask,matched,345.0,[],0.2773247886412593,0.48447786665768916,0.6789855072463769,0.5915600764941965,ok,1.7469692090323672,0.5578824059435725,False,4.0,4.0,False,0.0,primary,p4,calibration,1339,row_resample,2880,12960,360,3,24,320,,,
C0082,network_volume_forecast,network_volume_forecast|router__iot_named__udp_count,temporal,linear,311,311,336,336,propagated real-source observation mask,matched,336.0,[],0.19958850580437615,0.19958850580437615,0.6808035714285714,0.7068339324578343,ok,1.0,0.0,True,4.0,4.0,False,0.0,primary,p4,calibration,1339,identity,2880,12960,360,3,24,311,,,
C0082,network_volume_forecast,network_volume_forecast|router__iot_named__udp_count,temporal,linear,311,311,336,311,propagated real-source observation mask,matched,336.0,[],0.19958850580437615,0.20112590867437216,0.6808035714285714,0.7068339324578343,ok,1.0077028627665707,0.007673347191888978,True,4.0,4.0,False,0.0,primary,p4,calibration,1339,block_a,2880,12960,360,3,24,311,,,
C0082,network_volume_forecast,network_volume_forecast|router__iot_named__udp_count,temporal,linear,311,311,336,311,propagated real-source observation mask,matched,336.0,[],0.19958850580437615,0.20108474675415458,0.6808035714285714,0.7068339324578343,ok,1.0074966288451748,0.0074686687737230435,True,4.0,4.0,False,0.0,primary,p4,calibration,1339,block_b,2880,12960,360,3,24,311,,,
C0082,network_volume_forecast,network_volume_forecast|router__iot_named__udp_count,temporal,linear,311,311,336,311,propagated real-source observation mask,matched,336.0,[],0.19958850580437615,0.48229951634655616,0.6808035714285714,0.7068339324578343,ok,2.4164693973874187,0.8823075481993977,False,4.0,4.0,False,0.0,primary,p4,calibration,1339,row_resample,2880,12960,360,3,24,311,,,
C0085,network_volume_forecast,network_volume_forecast|router__iot_named__dns_port_packets,temporal,linear,320,320,345,345,propagated real-source observation mask,matched,345.0,[],0.06967556379578249,0.06967556379578249,0.34202898550724636,0.79628754652928,ok,1.0,0.0,True,4.0,4.0,False,0.0,primary,p4,calibration,1339,identity,2880,12960,360,3,24,320,,,
C0085,network_volume_forecast,network_volume_forecast|router__iot_named__dns_port_packets,temporal,linear,320,320,345,320,propagated real-source observation mask,matched,345.0,[],0.06967556379578249,0.07226655480480557,0.34202898550724636,0.79628754652928,ok,1.0371865094140782,0.03651176786241777,True,4.0,4.0,False,0.0,primary,p4,calibration,1339,block_a,2880,12960,360,3,24,320,,,
C0085,network_volume_forecast,network_volume_forecast|router__iot_named__dns_port_packets,temporal,linear,320,320,345,320,propagated real-source observation mask,matched,345.0,[],0.06967556379578249,0.07226655480480557,0.34202898550724636,0.79628754652928,ok,1.0371865094140782,0.03651176786241777,True,4.0,4.0,False,0.0,primary,p4,calibration,1339,block_b,2880,12960,360,3,24,320,,,
C0085,network_volume_forecast,network_volume_forecast|router__iot_named__dns_port_packets,temporal,linear,320,320,345,320,propagated real-source observation mask,matched,345.0,[],0.06967556379578249,0.4620926892409443,0.34202898550724636,0.79628754652928,ok,6.632062434332467,1.8919158318918883,False,4.0,4.0,False,0.0,primary,p4,calibration,1339,row_resample,2880,12960,360,3,24,320,,,
C0086,network_volume_forecast,network_volume_forecast|router__iot_named__dns_port_packets,temporal,linear,311,311,336,336,propagated real-source observation mask,matched,336.0,[],0.08888324320728729,0.08888324320728729,0.34226190476190477,0.7403063502813171,ok,1.0,0.0,True,4.0,4.0,False,0.0,primary,p4,calibration,1339,identity,2880,12960,360,3,24,311,,,
C0086,network_volume_forecast,network_volume_forecast|router__iot_named__dns_port_packets,temporal,linear,311,311,336,311,propagated real-source observation mask,matched,336.0,[],0.08888324320728729,0.09150544144488595,0.34226190476190477,0.7403063502813171,ok,1.0295016039354388,0.029074805459664663,True,4.0,4.0,False,0.0,primary,p4,calibration,1339,block_a,2880,12960,360,3,24,311,,,
C0086,network_volume_forecast,network_volume_forecast|router__iot_named__dns_port_packets,temporal,linear,311,311,336,311,propagated real-source observation mask,matched,336.0,[],0.08888324320728729,0.09150544144488595,0.34226190476190477,0.7403063502813171,ok,1.0295016039354388,0.029074805459664663,True,4.0,4.0,False,0.0,primary,p4,calibration,1339,block_b,2880,12960,360,3,24,311,,,
C0086,network_volume_forecast,network_volume_forecast|router__iot_named__dns_port_packets,temporal,linear,311,311,336,311,propagated real-source observation mask,matched,336.0,[],0.08888324320728729,0.4667561160349229,0.34226190476190477,0.7403063502813171,ok,5.251339838560874,1.6584832513886059,False,4.0,4.0,False,0.0,primary,p4,calibration,1339,row_resample,2880,12960,360,3,24,311,,,
C0034,network_volume_forecast,network_volume_forecast|router__general__packet_length_max,temporal,linear,322,322,347,347,propagated real-source observation mask,matched,347.0,[],0.46650648202068346,0.46650648202068346,0.46851184121907974,0.004280274311057514,ok,1.0,0.0,True,1572.5,1572.5,False,3830.0,primary,p4,calibration,1340,identity,2880,12960,360,2,1,322,,,
C0034,network_volume_forecast,network_volume_forecast|router__general__packet_length_max,temporal,linear,322,322,347,322,propagated real-source observation mask,matched,347.0,[],0.46650648202068346,0.4745669777910455,0.46851184121907974,0.004280274311057514,ok,1.0172784218033752,0.017130847350468183,True,1572.5,1572.5,False,3830.0,primary,p4,calibration,1340,block_a,2880,12960,360,2,1,322,,,
C0034,network_volume_forecast,network_volume_forecast|router__general__packet_length_max,temporal,linear,322,322,347,322,propagated real-source observation mask,matched,347.0,[],0.46650648202068346,0.47400097365351923,0.46851184121907974,0.004280274311057514,ok,1.0160651393317692,0.01593746061662745,True,1572.5,1572.5,False,3830.0,primary,p4,calibration,1340,block_b,2880,12960,360,2,1,322,,,
C0034,network_volume_forecast,network_volume_forecast|router__general__packet_length_max,temporal,linear,322,322,347,322,propagated real-source observation mask,matched,347.0,[],0.46650648202068346,0.4745996462477459,0.46851184121907974,0.004280274311057514,ok,1.0173484496764262,0.017199683434430558,True,1572.5,1572.5,False,3830.0,primary,p4,calibration,1340,row_resample,2880,12960,360,2,1,322,,,
C0035,network_volume_forecast,network_volume_forecast|router__general__packet_length_max,temporal,linear,320,320,345,345,propagated real-source observation mask,matched,345.0,[],0.46482119403808325,0.46482119403808325,0.4676789467861489,0.006110501162611439,ok,1.0,0.0,True,1572.0,1572.0,False,3830.0,primary,p4,calibration,1340,identity,2880,12960,360,2,1,320,,,
C0035,network_volume_forecast,network_volume_forecast|router__general__packet_length_max,temporal,linear,320,320,345,320,propagated real-source observation mask,matched,345.0,[],0.46482119403808325,0.4861264591273983,0.4676789467861489,0.006110501162611439,ok,1.0458353994236536,0.04481599133237049,True,1572.0,1572.0,False,3830.0,primary,p4,calibration,1340,block_a,2880,12960,360,2,1,320,,,
C0035,network_volume_forecast,network_volume_forecast|router__general__packet_length_max,temporal,linear,320,320,345,320,propagated real-source observation mask,matched,345.0,[],0.46482119403808325,0.48560983979531436,0.4676789467861489,0.006110501162611439,ok,1.0447239627277578,0.04375270002313281,True,1572.0,1572.0,False,3830.0,primary,p4,calibration,1340,block_b,2880,12960,360,2,1,320,,,
C0035,network_volume_forecast,network_volume_forecast|router__general__packet_length_max,temporal,linear,320,320,345,320,propagated real-source observation mask,matched,345.0,[],0.46482119403808325,0.48646127603824496,0.4676789467861489,0.006110501162611439,ok,1.0465557127724014,0.04550449872757427,True,1572.0,1572.0,False,3830.0,primary,p4,calibration,1340,row_resample,2880,12960,360,2,1,320,,,
C0044,network_volume_forecast,network_volume_forecast|router__general__packet_length_mean,temporal,linear,311,311,336,336,propagated real-source observation mask,matched,336.0,[],0.08403230503493549,0.08403230503493549,0.5274612729574155,0.8406853557915714,ok,1.0,0.0,True,101.10233710667501,101.10233710667501,False,512.2995594713657,primary,p4,calibration,1340,identity,2880,12960,360,2,1,311,,,
C0044,network_volume_forecast,network_volume_forecast|router__general__packet_length_mean,temporal,linear,311,311,336,311,propagated real-source observation mask,matched,336.0,[],0.08403230503493549,0.08600848062760325,0.5274612729574155,0.8406853557915714,ok,1.0235168557121714,0.023244594681373406,True,101.10233710667501,101.10233710667501,False,512.2995594713657,primary,p4,calibration,1340,block_a,2880,12960,360,2,1,311,,,
C0044,network_volume_forecast,network_volume_forecast|router__general__packet_length_mean,temporal,linear,311,311,336,311,propagated real-source observation mask,matched,336.0,[],0.08403230503493549,0.08501862140452549,0.5274612729574155,0.8406853557915714,ok,1.0117373475496114,0.011668999185004776,True,101.10233710667501,101.10233710667501,False,512.2995594713657,primary,p4,calibration,1340,block_b,2880,12960,360,2,1,311,,,
C0044,network_volume_forecast,network_volume_forecast|router__general__packet_length_mean,temporal,linear,311,311,336,311,propagated real-source observation mask,matched,336.0,[],0.08403230503493549,0.5199485973985758,0.5274612729574155,0.8406853557915714,ok,6.187484648700438,1.82252864687362,False,101.10233710667501,101.10233710667501,False,512.2995594713657,primary,p4,calibration,1340,row_resample,2880,12960,360,2,1,311,,,
C0065,network_volume_forecast,network_volume_forecast|router__general__packet_length_min,temporal,linear,322,322,347,347,propagated real-source observation mask,matched,347.0,[],0.449643030451687,0.449643030451687,0.32052513608709576,-0.4028323517488696,ok,1.0,0.0,True,18.0,18.0,False,44.0,primary,p4,calibration,1340,identity,2880,12960,360,2,1,322,,,
C0065,network_volume_forecast,network_volume_forecast|router__general__packet_length_min,temporal,linear,322,322,347,322,propagated real-source observation mask,matched,347.0,[],0.449643030451687,0.4483650924974746,0.32052513608709576,-0.4028323517488696,ok,0.9971578833259604,-0.002846163156502811,True,18.0,18.0,False,44.0,primary,p4,calibration,1340,block_a,2880,12960,360,2,1,322,,,
C0065,network_volume_forecast,network_volume_forecast|router__general__packet_length_min,temporal,linear,322,322,347,322,propagated real-source observation mask,matched,347.0,[],0.449643030451687,0.4474246040728827,0.32052513608709576,-0.4028323517488696,ok,0.9950662498280562,-0.00494596129831157,True,18.0,18.0,False,44.0,primary,p4,calibration,1340,block_b,2880,12960,360,2,1,322,,,
C0065,network_volume_forecast,network_volume_forecast|router__general__packet_length_min,temporal,linear,322,322,347,322,propagated real-source observation mask,matched,347.0,[],0.449643030451687,0.43893815214929044,0.32052513608709576,-0.4028323517488696,ok,0.9761924958746875,-0.024095482636398956,True,18.0,18.0,False,44.0,primary,p4,calibration,1340,row_resample,2880,12960,360,2,1,322,,,
C0066,network_volume_forecast,network_volume_forecast|router__general__packet_length_min,temporal,linear,320,320,345,345,propagated real-source observation mask,matched,345.0,[],0.4488470751510179,0.4488470751510179,0.31948470209339774,-0.40490944389507116,ok,1.0,0.0,True,18.0,18.0,False,44.0,primary,p4,calibration,1340,identity,2880,12960,360,2,1,320,,,
C0066,network_volume_forecast,network_volume_forecast|router__general__packet_length_min,temporal,linear,320,320,345,320,propagated real-source observation mask,matched,345.0,[],0.4488470751510179,0.44650472926794155,0.31948470209339774,-0.40490944389507116,ok,0.9947814166277272,-0.0052322477382999695,True,18.0,18.0,False,44.0,primary,p4,calibration,1340,block_a,2880,12960,360,2,1,320,,,
C0066,network_volume_forecast,network_volume_forecast|router__general__packet_length_min,temporal,linear,320,320,345,320,propagated real-source observation mask,matched,345.0,[],0.4488470751510179,0.44525051905550445,0.31948470209339774,-0.40490944389507116,ok,0.991987123689503,-0.008045151933217806,True,18.0,18.0,False,44.0,primary,p4,calibration,1340,block_b,2880,12960,360,2,1,320,,,
C0066,network_volume_forecast,network_volume_forecast|router__general__packet_length_min,temporal,linear,320,320,345,320,propagated real-source observation mask,matched,345.0,[],0.4488470751510179,0.43830279273141903,0.31948470209339774,-0.40490944389507116,ok,0.9765080736773183,-0.02377226072485863,True,18.0,18.0,False,44.0,primary,p4,calibration,1340,row_resample,2880,12960,360,2,1,320,,,
C0067,network_volume_forecast,network_volume_forecast|router__general__packet_length_min,temporal,linear,311,311,336,336,propagated real-source observation mask,matched,336.0,[],0.4225377451668949,0.4225377451668949,0.31613756613756616,-0.33656290939821143,ok,1.0,0.0,True,18.0,18.0,False,44.0,primary,p4,calibration,1340,identity,2880,12960,360,2,1,311,,,
C0067,network_volume_forecast,network_volume_forecast|router__general__packet_length_min,temporal,linear,311,311,336,311,propagated real-source observation mask,matched,336.0,[],0.4225377451668949,0.4233247653148615,0.31613756613756616,-0.33656290939821143,ok,1.001862603180352,0.0018608706860142451,True,18.0,18.0,False,44.0,primary,p4,calibration,1340,block_a,2880,12960,360,2,1,311,,,
C0067,network_volume_forecast,network_volume_forecast|router__general__packet_length_min,temporal,linear,311,311,336,311,propagated real-source observation mask,matched,336.0,[],0.4225377451668949,0.4228095232132223,0.31613756613756616,-0.33656290939821143,ok,1.000643204185747,0.0006429974185922273,True,18.0,18.0,False,44.0,primary,p4,calibration,1340,block_b,2880,12960,360,2,1,311,,,
C0067,network_volume_forecast,network_volume_forecast|router__general__packet_length_min,temporal,linear,311,311,336,311,propagated real-source observation mask,matched,336.0,[],0.4225377451668949,0.44142321691786746,0.31613756613756616,-0.33656290939821143,ok,1.0446953484439907,0.043725310323405334,True,18.0,18.0,False,44.0,primary,p4,calibration,1340,row_resample,2880,12960,360,2,1,311,,,
C0071,network_burst_prediction,network_burst_prediction|router__iot_named__mqtt_port_packets,temporal,linear,322,322,347,347,propagated real-source observation mask,matched,347.0,[],0.3949642888185443,0.3949642888185443,0.3961120171498704,0.0028974842510063135,ok,1.0,0.0,True,,,,0.037267080745341616,primary,p4,calibration,1340,identity,2880,12960,360,2,1,322,0.48558671737063697,0.008813928902573431,0.4265129682997118
C0071,network_burst_prediction,network_burst_prediction|router__iot_named__mqtt_port_packets,temporal,linear,322,322,347,322,propagated real-source observation mask,matched,347.0,[],0.3949642888185443,0.3977885551538412,0.3961120171498704,0.0028974842510063135,ok,1.0071506878349563,0.007125242893913391,True,,,,0.037267080745341616,primary,p4,calibration,1340,block_a,2880,12960,360,2,1,322,0.48558671737063697,0.008813928902573431,0.4265129682997118
C0071,network_burst_prediction,network_burst_prediction|router__iot_named__mqtt_port_packets,temporal,linear,322,322,347,322,propagated real-source observation mask,matched,347.0,[],0.3949642888185443,0.39805713207018323,0.3961120171498704,0.0028974842510063135,ok,1.0078306908730674,0.007800190137705735,True,,,,0.037267080745341616,primary,p4,calibration,1340,block_b,2880,12960,360,2,1,322,0.48558671737063697,0.008813928902573431,0.4265129682997118
C0071,network_burst_prediction,network_burst_prediction|router__iot_named__mqtt_port_packets,temporal,linear,322,322,347,322,propagated real-source observation mask,matched,347.0,[],0.3949642888185443,0.39064398476452206,0.3961120171498704,0.0028974842510063135,ok,0.9890615324566544,-0.0109987324528969,True,,,,0.037267080745341616,primary,p4,calibration,1340,row_resample,2880,12960,360,2,1,322,0.48558671737063697,0.008813928902573431,0.4265129682997118
C0081,network_volume_forecast,network_volume_forecast|router__iot_named__udp_count,temporal,linear,320,320,345,345,propagated real-source observation mask,matched,345.0,[],0.2773247886412593,0.2773247886412593,0.6789855072463769,0.5915600764941965,ok,1.0,0.0,True,4.0,4.0,False,0.0,primary,p4,calibration,1340,identity,2880,12960,360,2,1,320,,,
C0081,network_volume_forecast,network_volume_forecast|router__iot_named__udp_count,temporal,linear,320,320,345,320,propagated real-source observation mask,matched,345.0,[],0.2773247886412593,0.277225039567873,0.6789855072463769,0.5915600764941965,ok,0.9996403167784782,-0.0003597479230468897,True,4.0,4.0,False,0.0,primary,p4,calibration,1340,block_a,2880,12960,360,2,1,320,,,
C0081,network_volume_forecast,network_volume_forecast|router__iot_named__udp_count,temporal,linear,320,320,345,320,propagated real-source observation mask,matched,345.0,[],0.2773247886412593,0.277225039567873,0.6789855072463769,0.5915600764941965,ok,0.9996403167784782,-0.0003597479230468897,True,4.0,4.0,False,0.0,primary,p4,calibration,1340,block_b,2880,12960,360,2,1,320,,,
C0081,network_volume_forecast,network_volume_forecast|router__iot_named__udp_count,temporal,linear,320,320,345,320,propagated real-source observation mask,matched,345.0,[],0.2773247886412593,0.4866967146049397,0.6789855072463769,0.5915600764941965,ok,1.754970109197555,0.5624518249765215,False,4.0,4.0,False,0.0,primary,p4,calibration,1340,row_resample,2880,12960,360,2,1,320,,,
C0082,network_volume_forecast,network_volume_forecast|router__iot_named__udp_count,temporal,linear,311,311,336,336,propagated real-source observation mask,matched,336.0,[],0.19958850580437615,0.19958850580437615,0.6808035714285714,0.7068339324578343,ok,1.0,0.0,True,4.0,4.0,False,0.0,primary,p4,calibration,1340,identity,2880,12960,360,2,1,311,,,
C0082,network_volume_forecast,network_volume_forecast|router__iot_named__udp_count,temporal,linear,311,311,336,311,propagated real-source observation mask,matched,336.0,[],0.19958850580437615,0.2011635838201647,0.6808035714285714,0.7068339324578343,ok,1.0078916268722025,0.0078606508456288,True,4.0,4.0,False,0.0,primary,p4,calibration,1340,block_a,2880,12960,360,2,1,311,,,
C0082,network_volume_forecast,network_volume_forecast|router__iot_named__udp_count,temporal,linear,311,311,336,311,propagated real-source observation mask,matched,336.0,[],0.19958850580437615,0.20099587851537676,0.6808035714285714,0.7068339324578343,ok,1.0070513715473175,0.007026626881426773,True,4.0,4.0,False,0.0,primary,p4,calibration,1340,block_b,2880,12960,360,2,1,311,,,
C0082,network_volume_forecast,network_volume_forecast|router__iot_named__udp_count,temporal,linear,311,311,336,311,propagated real-source observation mask,matched,336.0,[],0.19958850580437615,0.4762293772985333,0.6808035714285714,0.7068339324578343,ok,2.3860561277276298,0.8696418471742458,False,4.0,4.0,False,0.0,primary,p4,calibration,1340,row_resample,2880,12960,360,2,1,311,,,
C0085,network_volume_forecast,network_volume_forecast|router__iot_named__dns_port_packets,temporal,linear,320,320,345,345,propagated real-source observation mask,matched,345.0,[],0.06967556379578249,0.06967556379578249,0.34202898550724636,0.79628754652928,ok,1.0,0.0,True,4.0,4.0,False,0.0,primary,p4,calibration,1340,identity,2880,12960,360,2,1,320,,,
C0085,network_volume_forecast,network_volume_forecast|router__iot_named__dns_port_packets,temporal,linear,320,320,345,320,propagated real-source observation mask,matched,345.0,[],0.06967556379578249,0.07235534400133498,0.34202898550724636,0.79628754652928,ok,1.0384608327448466,0.03773964840357948,True,4.0,4.0,False,0.0,primary,p4,calibration,1340,block_a,2880,12960,360,2,1,320,,,
C0085,network_volume_forecast,network_volume_forecast|router__iot_named__dns_port_packets,temporal,linear,320,320,345,320,propagated real-source observation mask,matched,345.0,[],0.06967556379578249,0.07235534400133498,0.34202898550724636,0.79628754652928,ok,1.0384608327448466,0.03773964840357948,True,4.0,4.0,False,0.0,primary,p4,calibration,1340,block_b,2880,12960,360,2,1,320,,,
C0085,network_volume_forecast,network_volume_forecast|router__iot_named__dns_port_packets,temporal,linear,320,320,345,320,propagated real-source observation mask,matched,345.0,[],0.06967556379578249,0.45689662433315514,0.34202898550724636,0.79628754652928,ok,6.5574872945744485,1.8806074952159468,False,4.0,4.0,False,0.0,primary,p4,calibration,1340,row_resample,2880,12960,360,2,1,320,,,
C0086,network_volume_forecast,network_volume_forecast|router__iot_named__dns_port_packets,temporal,linear,311,311,336,336,propagated real-source observation mask,matched,336.0,[],0.08888324320728729,0.08888324320728729,0.34226190476190477,0.7403063502813171,ok,1.0,0.0,True,4.0,4.0,False,0.0,primary,p4,calibration,1340,identity,2880,12960,360,2,1,311,,,
C0086,network_volume_forecast,network_volume_forecast|router__iot_named__dns_port_packets,temporal,linear,311,311,336,311,propagated real-source observation mask,matched,336.0,[],0.08888324320728729,0.0916286051752064,0.34226190476190477,0.7403063502813171,ok,1.0308872839115082,0.030419872105245594,True,4.0,4.0,False,0.0,primary,p4,calibration,1340,block_a,2880,12960,360,2,1,311,,,
C0086,network_volume_forecast,network_volume_forecast|router__iot_named__dns_port_packets,temporal,linear,311,311,336,311,propagated real-source observation mask,matched,336.0,[],0.08888324320728729,0.0916286051752064,0.34226190476190477,0.7403063502813171,ok,1.0308872839115082,0.030419872105245594,True,4.0,4.0,False,0.0,primary,p4,calibration,1340,block_b,2880,12960,360,2,1,311,,,
C0086,network_volume_forecast,network_volume_forecast|router__iot_named__dns_port_packets,temporal,linear,311,311,336,311,propagated real-source observation mask,matched,336.0,[],0.08888324320728729,0.441850330585599,0.34226190476190477,0.7403063502813171,ok,4.971131955155446,1.6036475717522665,False,4.0,4.0,False,0.0,primary,p4,calibration,1340,row_resample,2880,12960,360,2,1,311,,,
C0034,network_volume_forecast,network_volume_forecast|router__general__packet_length_max,temporal,linear,322,322,347,347,propagated real-source observation mask,matched,347.0,[],0.46650648202068346,0.46650648202068346,0.46851184121907974,0.004280274311057514,ok,1.0,0.0,True,1572.5,1572.5,False,3830.0,primary,p4,calibration,1341,identity,2880,12960,360,8,20,322,,,
C0034,network_volume_forecast,network_volume_forecast|router__general__packet_length_max,temporal,linear,322,322,347,322,propagated real-source observation mask,matched,347.0,[],0.46650648202068346,0.4785688980642581,0.46851184121907974,0.004280274311057514,ok,1.0258569098361208,0.02552827292520809,True,1572.5,1572.5,False,3830.0,primary,p4,calibration,1341,block_a,2880,12960,360,8,20,322,,,
C0034,network_volume_forecast,network_volume_forecast|router__general__packet_length_max,temporal,linear,322,322,347,322,propagated real-source observation mask,matched,347.0,[],0.46650648202068346,0.4845980588282047,0.46851184121907974,0.004280274311057514,ok,1.038780976266733,0.038047887456955344,True,1572.5,1572.5,False,3830.0,primary,p4,calibration,1341,block_b,2880,12960,360,8,20,322,,,
C0034,network_volume_forecast,network_volume_forecast|router__general__packet_length_max,temporal,linear,322,322,347,322,propagated real-source observation mask,matched,347.0,[],0.46650648202068346,0.4862066182967504,0.46851184121907974,0.004280274311057514,ok,1.0422290729825132,0.04136175888447018,True,1572.5,1572.5,False,3830.0,primary,p4,calibration,1341,row_resample,2880,12960,360,8,20,322,,,
C0035,network_volume_forecast,network_volume_forecast|router__general__packet_length_max,temporal,linear,320,320,345,345,propagated real-source observation mask,matched,345.0,[],0.46482119403808325,0.46482119403808325,0.4676789467861489,0.006110501162611439,ok,1.0,0.0,True,1572.0,1572.0,False,3830.0,primary,p4,calibration,1341,identity,2880,12960,360,8,20,320,,,
C0035,network_volume_forecast,network_volume_forecast|router__general__packet_length_max,temporal,linear,320,320,345,320,propagated real-source observation mask,matched,345.0,[],0.46482119403808325,0.48908853328980023,0.4676789467861489,0.006110501162611439,ok,1.052207901797457,0.050890720072968194,True,1572.0,1572.0,False,3830.0,primary,p4,calibration,1341,block_a,2880,12960,360,8,20,320,,,
C0035,network_volume_forecast,network_volume_forecast|router__general__packet_length_max,temporal,linear,320,320,345,320,propagated real-source observation mask,matched,345.0,[],0.46482119403808325,0.49401025843621704,0.4676789467861489,0.006110501162611439,ok,1.0627963285076505,0.060903480350744575,True,1572.0,1572.0,False,3830.0,primary,p4,calibration,1341,block_b,2880,12960,360,8,20,320,,,
C0035,network_volume_forecast,network_volume_forecast|router__general__packet_length_max,temporal,linear,320,320,345,320,propagated real-source observation mask,matched,345.0,[],0.46482119403808325,0.47942074770024645,0.4676789467861489,0.006110501162611439,ok,1.0314089672532596,0.030925796850620326,True,1572.0,1572.0,False,3830.0,primary,p4,calibration,1341,row_resample,2880,12960,360,8,20,320,,,
C0044,network_volume_forecast,network_volume_forecast|router__general__packet_length_mean,temporal,linear,311,311,336,336,propagated real-source observation mask,matched,336.0,[],0.08403230503493549,0.08403230503493549,0.5274612729574155,0.8406853557915714,ok,1.0,0.0,True,101.10233710667501,101.10233710667501,False,512.2995594713657,primary,p4,calibration,1341,identity,2880,12960,360,8,20,311,,,
C0044,network_volume_forecast,network_volume_forecast|router__general__packet_length_mean,temporal,linear,311,311,336,311,propagated real-source observation mask,matched,336.0,[],0.08403230503493549,0.08517720454960515,0.5274612729574155,0.8406853557915714,ok,1.0136245163594368,0.013532537142933522,True,101.10233710667501,101.10233710667501,False,512.2995594713657,primary,p4,calibration,1341,block_a,2880,12960,360,8,20,311,,,
C0044,network_volume_forecast,network_volume_forecast|router__general__packet_length_mean,temporal,linear,311,311,336,311,propagated real-source observation mask,matched,336.0,[],0.08403230503493549,0.08508600251281138,0.5274612729574155,0.8406853557915714,ok,1.0125391952230494,0.012461230580699676,True,101.10233710667501,101.10233710667501,False,512.2995594713657,primary,p4,calibration,1341,block_b,2880,12960,360,8,20,311,,,
C0044,network_volume_forecast,network_volume_forecast|router__general__packet_length_mean,temporal,linear,311,311,336,311,propagated real-source observation mask,matched,336.0,[],0.08403230503493549,0.5011694118370348,0.5274612729574155,0.8406853557915714,ok,5.964008860981253,1.7857428826460653,False,101.10233710667501,101.10233710667501,False,512.2995594713657,primary,p4,calibration,1341,row_resample,2880,12960,360,8,20,311,,,
C0065,network_volume_forecast,network_volume_forecast|router__general__packet_length_min,temporal,linear,322,322,347,347,propagated real-source observation mask,matched,347.0,[],0.449643030451687,0.449643030451687,0.32052513608709576,-0.4028323517488696,ok,1.0,0.0,True,18.0,18.0,False,44.0,primary,p4,calibration,1341,identity,2880,12960,360,8,20,322,,,
C0065,network_volume_forecast,network_volume_forecast|router__general__packet_length_min,temporal,linear,322,322,347,322,propagated real-source observation mask,matched,347.0,[],0.449643030451687,0.4508675299044877,0.32052513608709576,-0.4028323517488696,ok,1.0027232701718307,0.002719568790002011,True,18.0,18.0,False,44.0,primary,p4,calibration,1341,block_a,2880,12960,360,8,20,322,,,
C0065,network_volume_forecast,network_volume_forecast|router__general__packet_length_min,temporal,linear,322,322,347,322,propagated real-source observation mask,matched,347.0,[],0.449643030451687,0.45409741895308553,0.32052513608709576,-0.4028323517488696,ok,1.0099064996001914,0.009857751914594561,True,18.0,18.0,False,44.0,primary,p4,calibration,1341,block_b,2880,12960,360,8,20,322,,,
C0065,network_volume_forecast,network_volume_forecast|router__general__packet_length_min,temporal,linear,322,322,347,322,propagated real-source observation mask,matched,347.0,[],0.449643030451687,0.435578781408764,0.32052513608709576,-0.4028323517488696,ok,0.9687213009199879,-0.03177832361019175,True,18.0,18.0,False,44.0,primary,p4,calibration,1341,row_resample,2880,12960,360,8,20,322,,,
C0066,network_volume_forecast,network_volume_forecast|router__general__packet_length_min,temporal,linear,320,320,345,345,propagated real-source observation mask,matched,345.0,[],0.4488470751510179,0.4488470751510179,0.31948470209339774,-0.40490944389507116,ok,1.0,0.0,True,18.0,18.0,False,44.0,primary,p4,calibration,1341,identity,2880,12960,360,8,20,320,,,
C0066,network_volume_forecast,network_volume_forecast|router__general__packet_length_min,temporal,linear,320,320,345,320,propagated real-source observation mask,matched,345.0,[],0.4488470751510179,0.4488470751510179,0.31948470209339774,-0.40490944389507116,ok,1.0,0.0,True,18.0,18.0,False,44.0,primary,p4,calibration,1341,block_a,2880,12960,360,8,20,320,,,
C0066,network_volume_forecast,network_volume_forecast|router__general__packet_length_min,temporal,linear,320,320,345,320,propagated real-source observation mask,matched,345.0,[],0.4488470751510179,0.4526371474332286,0.31948470209339774,-0.40490944389507116,ok,1.0084440168868996,0.00840856560399383,True,18.0,18.0,False,44.0,primary,p4,calibration,1341,block_b,2880,12960,360,8,20,320,,,
C0066,network_volume_forecast,network_volume_forecast|router__general__packet_length_min,temporal,linear,320,320,345,320,propagated real-source observation mask,matched,345.0,[],0.4488470751510179,0.43593636015603277,0.31948470209339774,-0.40490944389507116,ok,0.971235826833357,-0.029185970113722818,True,18.0,18.0,False,44.0,primary,p4,calibration,1341,row_resample,2880,12960,360,8,20,320,,,
C0067,network_volume_forecast,network_volume_forecast|router__general__packet_length_min,temporal,linear,311,311,336,336,propagated real-source observation mask,matched,336.0,[],0.4225377451668949,0.4225377451668949,0.31613756613756616,-0.33656290939821143,ok,1.0,0.0,True,18.0,18.0,False,44.0,primary,p4,calibration,1341,identity,2880,12960,360,8,20,311,,,
C0067,network_volume_forecast,network_volume_forecast|router__general__packet_length_min,temporal,linear,311,311,336,311,propagated real-source observation mask,matched,336.0,[],0.4225377451668949,0.42568229226189763,0.31613756613756616,-0.33656290939821143,ok,1.0074420501623131,0.007414494735134574,True,18.0,18.0,False,44.0,primary,p4,calibration,1341,block_a,2880,12960,360,8,20,311,,,
C0067,network_volume_forecast,network_volume_forecast|router__general__packet_length_min,temporal,linear,311,311,336,311,propagated real-source observation mask,matched,336.0,[],0.4225377451668949,0.4280019712935713,0.31613756613756616,-0.33656290939821143,ok,1.0129319242817423,0.012849020917310876,True,18.0,18.0,False,44.0,primary,p4,calibration,1341,block_b,2880,12960,360,8,20,311,,,
C0067,network_volume_forecast,network_volume_forecast|router__general__packet_length_min,temporal,linear,311,311,336,311,propagated real-source observation mask,matched,336.0,[],0.4225377451668949,0.43234892391027646,0.31613756613756616,-0.33656290939821143,ok,1.0232196504468645,0.022954175991423284,True,18.0,18.0,False,44.0,primary,p4,calibration,1341,row_resample,2880,12960,360,8,20,311,,,
C0071,network_burst_prediction,network_burst_prediction|router__iot_named__mqtt_port_packets,temporal,linear,322,322,347,347,propagated real-source observation mask,matched,347.0,[],0.3949642888185443,0.3949642888185443,0.3961120171498704,0.0028974842510063135,ok,1.0,0.0,True,,,,0.037267080745341616,primary,p4,calibration,1341,identity,2880,12960,360,8,20,322,0.48558671737063697,0.008813928902573431,0.4265129682997118
C0071,network_burst_prediction,network_burst_prediction|router__iot_named__mqtt_port_packets,temporal,linear,322,322,347,322,propagated real-source observation mask,matched,347.0,[],0.3949642888185443,0.397420743385954,0.3961120171498704,0.0028974842510063135,ok,1.0062194346095383,0.006200173745973973,True,,,,0.037267080745341616,primary,p4,calibration,1341,block_a,2880,12960,360,8,20,322,0.48558671737063697,0.008813928902573431,0.4265129682997118
C0071,network_burst_prediction,network_burst_prediction|router__iot_named__mqtt_port_packets,temporal,linear,322,322,347,322,propagated real-source observation mask,matched,347.0,[],0.3949642888185443,0.39611028035324486,0.3961120171498704,0.0028974842510063135,ok,1.0029015067112235,0.0028973054652927516,True,,,,0.037267080745341616,primary,p4,calibration,1341,block_b,2880,12960,360,8,20,322,0.48558671737063697,0.008813928902573431,0.4265129682997118
C0071,network_burst_prediction,network_burst_prediction|router__iot_named__mqtt_port_packets,temporal,linear,322,322,347,322,propagated real-source observation mask,matched,347.0,[],0.3949642888185443,0.3966894340766086,0.3961120171498704,0.0028974842510063135,ok,1.004367851238462,0.004358339862367537,True,,,,0.037267080745341616,primary,p4,calibration,1341,row_resample,2880,12960,360,8,20,322,0.48558671737063697,0.008813928902573431,0.4265129682997118
C0081,network_volume_forecast,network_volume_forecast|router__iot_named__udp_count,temporal,linear,320,320,345,345,propagated real-source observation mask,matched,345.0,[],0.2773247886412593,0.2773247886412593,0.6789855072463769,0.5915600764941965,ok,1.0,0.0,True,4.0,4.0,False,0.0,primary,p4,calibration,1341,identity,2880,12960,360,8,20,320,,,
C0081,network_volume_forecast,network_volume_forecast|router__iot_named__udp_count,temporal,linear,320,320,345,320,propagated real-source observation mask,matched,345.0,[],0.2773247886412593,0.27708528278597033,0.6789855072463769,0.5915600764941965,ok,0.9991363705478243,-0.0008640025949445208,True,4.0,4.0,False,0.0,primary,p4,calibration,1341,block_a,2880,12960,360,8,20,320,,,
C0081,network_volume_forecast,network_volume_forecast|router__iot_named__udp_count,temporal,linear,320,320,345,320,propagated real-source observation mask,matched,345.0,[],0.2773247886412593,0.27693573474143773,0.6789855072463769,0.5915600764941965,ok,0.9985971181958607,-0.0014038667641135278,True,4.0,4.0,False,0.0,primary,p4,calibration,1341,block_b,2880,12960,360,8,20,320,,,
C0081,network_volume_forecast,network_volume_forecast|router__iot_named__udp_count,temporal,linear,320,320,345,320,propagated real-source observation mask,matched,345.0,[],0.2773247886412593,0.4845584691988883,0.6789855072463769,0.5915600764941965,ok,1.7472598521501137,0.5580487620200218,False,4.0,4.0,False,0.0,primary,p4,calibration,1341,row_resample,2880,12960,360,8,20,320,,,
C0082,network_volume_forecast,network_volume_forecast|router__iot_named__udp_count,temporal,linear,311,311,336,336,propagated real-source observation mask,matched,336.0,[],0.19958850580437615,0.19958850580437615,0.6808035714285714,0.7068339324578343,ok,1.0,0.0,True,4.0,4.0,False,0.0,primary,p4,calibration,1341,identity,2880,12960,360,8,20,311,,,
C0082,network_volume_forecast,network_volume_forecast|router__iot_named__udp_count,temporal,linear,311,311,336,311,propagated real-source observation mask,matched,336.0,[],0.19958850580437615,0.20060602852410012,0.6808035714285714,0.7068339324578343,ok,1.0050981027971684,0.005085151470582596,True,4.0,4.0,False,0.0,primary,p4,calibration,1341,block_a,2880,12960,360,8,20,311,,,
C0082,network_volume_forecast,network_volume_forecast|router__iot_named__udp_count,temporal,linear,311,311,336,311,propagated real-source observation mask,matched,336.0,[],0.19958850580437615,0.20027656987608772,0.6808035714285714,0.7068339324578343,ok,1.0034474133113955,0.003441484604021584,True,4.0,4.0,False,0.0,primary,p4,calibration,1341,block_b,2880,12960,360,8,20,311,,,
C0082,network_volume_forecast,network_volume_forecast|router__iot_named__udp_count,temporal,linear,311,311,336,311,propagated real-source observation mask,matched,336.0,[],0.19958850580437615,0.4940000028605609,0.6808035714285714,0.7068339324578343,ok,2.475092445176918,0.9062777469097341,False,4.0,4.0,False,0.0,primary,p4,calibration,1341,row_resample,2880,12960,360,8,20,311,,,
C0085,network_volume_forecast,network_volume_forecast|router__iot_named__dns_port_packets,temporal,linear,320,320,345,345,propagated real-source observation mask,matched,345.0,[],0.06967556379578249,0.06967556379578249,0.34202898550724636,0.79628754652928,ok,1.0,0.0,True,4.0,4.0,False,0.0,primary,p4,calibration,1341,identity,2880,12960,360,8,20,320,,,
C0085,network_volume_forecast,network_volume_forecast|router__iot_named__dns_port_packets,temporal,linear,320,320,345,320,propagated real-source observation mask,matched,345.0,[],0.06967556379578249,0.072355344001335,0.34202898550724636,0.79628754652928,ok,1.038460832744847,0.037739648403579906,True,4.0,4.0,False,0.0,primary,p4,calibration,1341,block_a,2880,12960,360,8,20,320,,,
C0085,network_volume_forecast,network_volume_forecast|router__iot_named__dns_port_packets,temporal,linear,320,320,345,320,propagated real-source observation mask,matched,345.0,[],0.06967556379578249,0.072355344001335,0.34202898550724636,0.79628754652928,ok,1.038460832744847,0.037739648403579906,True,4.0,4.0,False,0.0,primary,p4,calibration,1341,block_b,2880,12960,360,8,20,320,,,
C0085,network_volume_forecast,network_volume_forecast|router__iot_named__dns_port_packets,temporal,linear,320,320,345,320,propagated real-source observation mask,matched,345.0,[],0.06967556379578249,0.4441383910102275,0.34202898550724636,0.79628754652928,ok,6.374378143705979,1.8522865402012243,False,4.0,4.0,False,0.0,primary,p4,calibration,1341,row_resample,2880,12960,360,8,20,320,,,
C0086,network_volume_forecast,network_volume_forecast|router__iot_named__dns_port_packets,temporal,linear,311,311,336,336,propagated real-source observation mask,matched,336.0,[],0.08888324320728729,0.08888324320728729,0.34226190476190477,0.7403063502813171,ok,1.0,0.0,True,4.0,4.0,False,0.0,primary,p4,calibration,1341,identity,2880,12960,360,8,20,311,,,
C0086,network_volume_forecast,network_volume_forecast|router__iot_named__dns_port_packets,temporal,linear,311,311,336,311,propagated real-source observation mask,matched,336.0,[],0.08888324320728729,0.0916286051752064,0.34226190476190477,0.7403063502813171,ok,1.0308872839115082,0.030419872105245594,True,4.0,4.0,False,0.0,primary,p4,calibration,1341,block_a,2880,12960,360,8,20,311,,,
C0086,network_volume_forecast,network_volume_forecast|router__iot_named__dns_port_packets,temporal,linear,311,311,336,311,propagated real-source observation mask,matched,336.0,[],0.08888324320728729,0.09162860517520627,0.34226190476190477,0.7403063502813171,ok,1.0308872839115066,0.03041987210524409,True,4.0,4.0,False,0.0,primary,p4,calibration,1341,block_b,2880,12960,360,8,20,311,,,
C0086,network_volume_forecast,network_volume_forecast|router__iot_named__dns_port_packets,temporal,linear,311,311,336,311,propagated real-source observation mask,matched,336.0,[],0.08888324320728729,0.4534078155903436,0.34226190476190477,0.7403063502813171,ok,5.10116192017136,1.6294683412661202,False,4.0,4.0,False,0.0,primary,p4,calibration,1341,row_resample,2880,12960,360,8,20,311,,,
C0034,network_volume_forecast,network_volume_forecast|router__general__packet_length_max,temporal,linear,322,322,347,347,propagated real-source observation mask,matched,347.0,[],1.3076977561150136,1.3076977561150136,1.5143866421578875,0.13648356389908312,ok,1.0,0.0,True,861.5,861.5,False,4209.5,primary,p5,qualification,1337,identity,3960,10080,360,2,22,322,,,
C0034,network_volume_forecast,network_volume_forecast|router__general__packet_length_max,temporal,linear,322,322,347,322,propagated real-source observation mask,matched,347.0,[],1.3076977561150136,1.2473512089694425,1.5143866421578875,0.13648356389908312,ok,0.9538528326875376,-0.04724588286393137,True,861.5,861.5,False,4209.5,primary,p5,qualification,1337,block_a,3960,10080,360,2,22,322,,,
C0034,network_volume_forecast,network_volume_forecast|router__general__packet_length_max,temporal,linear,322,322,347,322,propagated real-source observation mask,matched,347.0,[],1.3076977561150136,1.3898225776012179,1.5143866421578875,0.13648356389908312,ok,1.0628010724207293,0.06090794395526041,True,861.5,861.5,False,4209.5,primary,p5,qualification,1337,block_b,3960,10080,360,2,22,322,,,
C0034,network_volume_forecast,network_volume_forecast|router__general__packet_length_max,temporal,linear,322,322,347,322,propagated real-source observation mask,matched,347.0,[],1.3076977561150136,1.906352444728941,1.5143866421578875,0.13648356389908312,ok,1.4577928545143692,0.3769235483998191,False,861.5,861.5,False,4209.5,primary,p5,qualification,1337,row_resample,3960,10080,360,2,22,322,,,
C0035,network_volume_forecast,network_volume_forecast|router__general__packet_length_max,temporal,linear,320,320,345,345,propagated real-source observation mask,matched,345.0,[],1.2418686526196983,1.2418686526196983,1.5103988029187263,0.17778758151828164,ok,1.0,0.0,True,862.0,862.0,False,4209.5,primary,p5,qualification,1337,identity,3960,10080,360,2,22,320,,,
C0035,network_volume_forecast,network_volume_forecast|router__general__packet_length_max,temporal,linear,320,320,345,320,propagated real-source observation mask,matched,345.0,[],1.2418686526196983,1.255828920402157,1.5103988029187263,0.17778758151828164,ok,1.0112413400185358,0.011178625713387763,True,862.0,862.0,False,4209.5,primary,p5,qualification,1337,block_a,3960,10080,360,2,22,320,,,
C0035,network_volume_forecast,network_volume_forecast|router__general__packet_length_max,temporal,linear,320,320,345,320,propagated real-source observation mask,matched,345.0,[],1.2418686526196983,1.4728696706258704,1.5103988029187263,0.17778758151828164,ok,1.1860108293408325,0.17059543151262604,False,862.0,862.0,False,4209.5,primary,p5,qualification,1337,block_b,3960,10080,360,2,22,320,,,
C0035,network_volume_forecast,network_volume_forecast|router__general__packet_length_max,temporal,linear,320,320,345,320,propagated real-source observation mask,matched,345.0,[],1.2418686526196983,2.1735560766990196,1.5103988029187263,0.17778758151828164,ok,1.7502302454562684,0.5597473481131563,False,862.0,862.0,False,4209.5,primary,p5,qualification,1337,row_resample,3960,10080,360,2,22,320,,,
C0044,network_volume_forecast,network_volume_forecast|router__general__packet_length_mean,temporal,linear,311,311,336,336,propagated real-source observation mask,matched,336.0,[],0.11431750547698132,0.11431750547698132,0.5336643365688327,0.7857876240859941,ok,1.0,0.0,True,100.18731771058373,100.18731771058373,False,516.3470982142857,primary,p5,qualification,1337,identity,3960,10080,360,2,22,311,,,
C0044,network_volume_forecast,network_volume_forecast|router__general__packet_length_mean,temporal,linear,311,311,336,311,propagated real-source observation mask,matched,336.0,[],0.11431750547698132,0.11339098118979093,0.5336643365688327,0.7857876240859941,ok,0.991895167032166,-0.00813785567661327,True,100.18731771058373,100.18731771058373,False,516.3470982142857,primary,p5,qualification,1337,block_a,3960,10080,360,2,22,311,,,
C0044,network_volume_forecast,network_volume_forecast|router__general__packet_length_mean,temporal,linear,311,311,336,311,propagated real-source observation mask,matched,336.0,[],0.11431750547698132,0.11415597328861193,0.5336643365688327,0.7857876240859941,ok,0.9985869864138882,-0.00141401283121792,True,100.18731771058373,100.18731771058373,False,516.3470982142857,primary,p5,qualification,1337,block_b,3960,10080,360,2,22,311,,,
C0044,network_volume_forecast,network_volume_forecast|router__general__packet_length_mean,temporal,linear,311,311,336,311,propagated real-source observation mask,matched,336.0,[],0.11431750547698132,0.5587852808585626,0.5336643365688327,0.7857876240859941,ok,4.888011495064316,1.5867855735572647,False,100.18731771058373,100.18731771058373,False,516.3470982142857,primary,p5,qualification,1337,row_resample,3960,10080,360,2,22,311,,,
C0065,network_volume_forecast,network_volume_forecast|router__general__packet_length_min,temporal,linear,322,322,347,347,propagated real-source observation mask,matched,347.0,[],0.4725087630888536,0.4725087630888536,0.35446685878962536,-0.33301252676286336,ok,1.0,0.0,True,18.0,18.0,False,44.0,primary,p5,qualification,1337,identity,3960,10080,360,2,22,322,,,
C0065,network_volume_forecast,network_volume_forecast|router__general__packet_length_min,temporal,linear,322,322,347,322,propagated real-source observation mask,matched,347.0,[],0.4725087630888536,0.4736958196731431,0.35446685878962536,-0.33301252676286336,ok,1.0025122424746784,0.0025090920688383726,True,18.0,18.0,False,44.0,primary,p5,qualification,1337,block_a,3960,10080,360,2,22,322,,,
C0065,network_volume_forecast,network_volume_forecast|router__general__packet_length_min,temporal,linear,322,322,347,322,propagated real-source observation mask,matched,347.0,[],0.4725087630888536,0.4746950133065335,0.35446685878962536,-0.33301252676286336,ok,1.0046268987762008,0.004616227583749249,True,18.0,18.0,False,44.0,primary,p5,qualification,1337,block_b,3960,10080,360,2,22,322,,,
C0065,network_volume_forecast,network_volume_forecast|router__general__packet_length_min,temporal,linear,322,322,347,322,propagated real-source observation mask,matched,347.0,[],0.4725087630888536,0.4751713872369339,0.35446685878962536,-0.33301252676286336,ok,1.0056350788727693,0.005619261210513703,True,18.0,18.0,False,44.0,primary,p5,qualification,1337,row_resample,3960,10080,360,2,22,322,,,
C0066,network_volume_forecast,network_volume_forecast|router__general__packet_length_min,temporal,linear,320,320,345,345,propagated real-source observation mask,matched,345.0,[],0.46967515065589915,0.46967515065589915,0.3536231884057971,-0.32817972931381323,ok,1.0,0.0,True,18.0,18.0,False,44.0,primary,p5,qualification,1337,identity,3960,10080,360,2,22,320,,,
C0066,network_volume_forecast,network_volume_forecast|router__general__packet_length_min,temporal,linear,320,320,345,320,propagated real-source observation mask,matched,345.0,[],0.46967515065589915,0.469456773087589,0.3536231884057971,-0.32817972931381323,ok,0.9995350455138936,-0.00046506261096019284,True,18.0,18.0,False,44.0,primary,p5,qualification,1337,block_a,3960,10080,360,2,22,320,,,
C0066,network_volume_forecast,network_volume_forecast|router__general__packet_length_min,temporal,linear,320,320,345,320,propagated real-source observation mask,matched,345.0,[],0.46967515065589915,0.47037693236660505,0.3536231884057971,-0.32817972931381323,ok,1.0014941853102637,0.001493070126115953,True,18.0,18.0,False,44.0,primary,p5,qualification,1337,block_b,3960,10080,360,2,22,320,,,
C0066,network_volume_forecast,network_volume_forecast|router__general__packet_length_min,temporal,linear,320,320,345,320,propagated real-source observation mask,matched,345.0,[],0.46967515065589915,0.47517623104395906,0.3536231884057971,-0.32817972931381323,ok,1.0117125216873357,0.011644461030979434,True,18.0,18.0,False,44.0,primary,p5,qualification,1337,row_resample,3960,10080,360,2,22,320,,,
C0067,network_volume_forecast,network_volume_forecast|router__general__packet_length_min,temporal,linear,311,311,336,336,propagated real-source observation mask,matched,336.0,[],0.4509505916960508,0.4509505916960508,0.35714285714285715,-0.26266165674894215,ok,1.0,0.0,True,18.0,18.0,False,44.0,primary,p5,qualification,1337,identity,3960,10080,360,2,22,311,,,
C0067,network_volume_forecast,network_volume_forecast|router__general__packet_length_min,temporal,linear,311,311,336,311,propagated real-source observation mask,matched,336.0,[],0.4509505916960508,0.4582712872627445,0.35714285714285715,-0.26266165674894215,ok,1.0162339194171144,0.016103558302897197,True,18.0,18.0,False,44.0,primary,p5,qualification,1337,block_a,3960,10080,360,2,22,311,,,
C0067,network_volume_forecast,network_volume_forecast|router__general__packet_length_min,temporal,linear,311,311,336,311,propagated real-source observation mask,matched,336.0,[],0.4509505916960508,0.4556560122446098,0.35714285714285715,-0.26266165674894215,ok,1.0104344481085203,0.01038038500872148,True,18.0,18.0,False,44.0,primary,p5,qualification,1337,block_b,3960,10080,360,2,22,311,,,
C0067,network_volume_forecast,network_volume_forecast|router__general__packet_length_min,temporal,linear,311,311,336,311,propagated real-source observation mask,matched,336.0,[],0.4509505916960508,0.47418746561190556,0.35714285714285715,-0.26266165674894215,ok,1.051528647137283,0.05024495985729617,True,18.0,18.0,False,44.0,primary,p5,qualification,1337,row_resample,3960,10080,360,2,22,311,,,
C0071,network_burst_prediction,network_burst_prediction|router__iot_named__mqtt_port_packets,temporal,linear,322,322,347,347,propagated real-source observation mask,matched,347.0,[],0.13401864820649667,0.13401864820649667,0.11607481255114879,-0.15458853872747683,ok,1.0,0.0,True,,,,0.18633540372670807,primary,p5,qualification,1337,identity,3960,10080,360,2,22,322,0.4976085356880059,0.00886277063328983,0.12968299711815562
C0071,network_burst_prediction,network_burst_prediction|router__iot_named__mqtt_port_packets,temporal,linear,322,322,347,322,propagated real-source observation mask,matched,347.0,[],0.13401864820649667,0.13248816111230652,0.11607481255114879,-0.15458853872747683,ok,0.9885800437873992,-0.011485664649865791,True,,,,0.18633540372670807,primary,p5,qualification,1337,block_a,3960,10080,360,2,22,322,0.4976085356880059,0.00886277063328983,0.12968299711815562
C0071,network_burst_prediction,network_burst_prediction|router__iot_named__mqtt_port_packets,temporal,linear,322,322,347,322,propagated real-source observation mask,matched,347.0,[],0.13401864820649667,0.13176730125467515,0.11607481255114879,-0.15458853872747683,ok,0.9832012411559872,-0.016941458367411483,True,,,,0.18633540372670807,primary,p5,qualification,1337,block_b,3960,10080,360,2,22,322,0.4976085356880059,0.00886277063328983,0.12968299711815562
C0071,network_burst_prediction,network_burst_prediction|router__iot_named__mqtt_port_packets,temporal,linear,322,322,347,322,propagated real-source observation mask,matched,347.0,[],0.13401864820649667,0.11537769646546295,0.11607481255114879,-0.15458853872747683,ok,0.8609077767124494,-0.14976789212351882,True,,,,0.18633540372670807,primary,p5,qualification,1337,row_resample,3960,10080,360,2,22,322,0.4976085356880059,0.00886277063328983,0.12968299711815562
C0081,network_volume_forecast,network_volume_forecast|router__iot_named__udp_count,temporal,linear,320,320,345,345,propagated real-source observation mask,matched,345.0,[],0.2679797815193201,0.2679797815193201,0.6101449275362318,0.5607932321892378,ok,1.0,0.0,True,4.0,4.0,False,0.0,primary,p5,qualification,1337,identity,3960,10080,360,2,22,320,,,
C0081,network_volume_forecast,network_volume_forecast|router__iot_named__udp_count,temporal,linear,320,320,345,320,propagated real-source observation mask,matched,345.0,[],0.2679797815193201,0.26783239308611223,0.6101449275362318,0.5607932321892378,ok,0.9994500016666472,-0.0005501496379168467,True,4.0,4.0,False,0.0,primary,p5,qualification,1337,block_a,3960,10080,360,2,22,320,,,
C0081,network_volume_forecast,network_volume_forecast|router__iot_named__udp_count,temporal,linear,320,320,345,320,propagated real-source observation mask,matched,345.0,[],0.2679797815193201,0.26802685962921813,0.6101449275362318,0.5607932321892378,ok,1.0001756778426756,0.0001756624131304373,True,4.0,4.0,False,0.0,primary,p5,qualification,1337,block_b,3960,10080,360,2,22,320,,,
C0081,network_volume_forecast,network_volume_forecast|router__iot_named__udp_count,temporal,linear,320,320,345,320,propagated real-source observation mask,matched,345.0,[],0.2679797815193201,0.4949815784750671,0.6101449275362318,0.5607932321892378,ok,1.8470855363369314,0.6136090111014331,False,4.0,4.0,False,0.0,primary,p5,qualification,1337,row_resample,3960,10080,360,2,22,320,,,
C0082,network_volume_forecast,network_volume_forecast|router__iot_named__udp_count,temporal,linear,311,311,336,336,propagated real-source observation mask,matched,336.0,[],0.20627383631955176,0.20627383631955176,0.6086309523809523,0.6610855305458709,ok,1.0,0.0,True,4.0,4.0,False,0.0,primary,p5,qualification,1337,identity,3960,10080,360,2,22,311,,,
C0082,network_volume_forecast,network_volume_forecast|router__iot_named__udp_count,temporal,linear,311,311,336,311,propagated real-source observation mask,matched,336.0,[],0.20627383631955176,0.20687129850973426,0.6086309523809523,0.6610855305458709,ok,1.002896451633628,0.002892264999901523,True,4.0,4.0,False,0.0,primary,p5,qualification,1337,block_a,3960,10080,360,2,22,311,,,
C0082,network_volume_forecast,network_volume_forecast|router__iot_named__udp_count,temporal,linear,311,311,336,311,propagated real-source observation mask,matched,336.0,[],0.20627383631955176,0.208011413614044,0.6086309523809523,0.6610855305458709,ok,1.0084236436646306,0.008388362769005519,True,4.0,4.0,False,0.0,primary,p5,qualification,1337,block_b,3960,10080,360,2,22,311,,,
C0082,network_volume_forecast,network_volume_forecast|router__iot_named__udp_count,temporal,linear,311,311,336,311,propagated real-source observation mask,matched,336.0,[],0.20627383631955176,0.43491114130815556,0.6086309523809523,0.6610855305458709,ok,2.108416409313333,0.7459371487960491,False,4.0,4.0,False,0.0,primary,p5,qualification,1337,row_resample,3960,10080,360,2,22,311,,,
C0085,network_volume_forecast,network_volume_forecast|router__iot_named__dns_port_packets,temporal,linear,320,320,345,345,propagated real-source observation mask,matched,345.0,[],0.09155836978345601,0.09155836978345601,0.34202898550724636,0.7323081561415905,ok,1.0,0.0,True,4.0,4.0,False,0.0,primary,p5,qualification,1337,identity,3960,10080,360,2,22,320,,,
C0085,network_volume_forecast,network_volume_forecast|router__iot_named__dns_port_packets,temporal,linear,320,320,345,320,propagated real-source observation mask,matched,345.0,[],0.09155836978345601,0.09421807187136563,0.34202898550724636,0.7323081561415905,ok,1.0290492512503233,0.028635318923534794,True,4.0,4.0,False,0.0,primary,p5,qualification,1337,block_a,3960,10080,360,2,22,320,,,
C0085,network_volume_forecast,network_volume_forecast|router__iot_named__dns_port_packets,temporal,linear,320,320,345,320,propagated real-source observation mask,matched,345.0,[],0.09155836978345601,0.0942909994773345,0.34202898550724636,0.7323081561415905,ok,1.0298457661526894,0.02940904942982113,True,4.0,4.0,False,0.0,primary,p5,qualification,1337,block_b,3960,10080,360,2,22,320,,,
C0085,network_volume_forecast,network_volume_forecast|router__iot_named__dns_port_packets,temporal,linear,320,320,345,320,propagated real-source observation mask,matched,345.0,[],0.09155836978345601,0.47450214618800773,0.34202898550724636,0.7323081561415905,ok,5.1825097728394365,1.645289451064454,False,4.0,4.0,False,0.0,primary,p5,qualification,1337,row_resample,3960,10080,360,2,22,320,,,
C0086,network_volume_forecast,network_volume_forecast|router__iot_named__dns_port_packets,temporal,linear,311,311,336,336,propagated real-source observation mask,matched,336.0,[],0.10664004946006893,0.10664004946006893,0.34226190476190477,0.6884255946210159,ok,1.0,0.0,True,4.0,4.0,False,0.0,primary,p5,qualification,1337,identity,3960,10080,360,2,22,311,,,
C0086,network_volume_forecast,network_volume_forecast|router__iot_named__dns_port_packets,temporal,linear,311,311,336,311,propagated real-source observation mask,matched,336.0,[],0.10664004946006893,0.11148293469145865,0.34226190476190477,0.6884255946210159,ok,1.045413381331965,0.044412387417522264,True,4.0,4.0,False,0.0,primary,p5,qualification,1337,block_a,3960,10080,360,2,22,311,,,
C0086,network_volume_forecast,network_volume_forecast|router__iot_named__dns_port_packets,temporal,linear,311,311,336,311,propagated real-source observation mask,matched,336.0,[],0.10664004946006893,0.11157238400820893,0.34226190476190477,0.6884255946210159,ok,1.0462521779867224,0.04521442452712075,True,4.0,4.0,False,0.0,primary,p5,qualification,1337,block_b,3960,10080,360,2,22,311,,,
C0086,network_volume_forecast,network_volume_forecast|router__iot_named__dns_port_packets,temporal,linear,311,311,336,311,propagated real-source observation mask,matched,336.0,[],0.10664004946006893,0.41645262539562033,0.34226190476190477,0.6884255946210159,ok,3.9052178567448985,1.3623135709147223,False,4.0,4.0,False,0.0,primary,p5,qualification,1337,row_resample,3960,10080,360,2,22,311,,,
C0034,network_volume_forecast,network_volume_forecast|router__general__packet_length_max,temporal,linear,322,322,347,347,propagated real-source observation mask,matched,347.0,[],1.3076977561150136,1.3076977561150136,1.5143866421578875,0.13648356389908312,ok,1.0,0.0,True,861.5,861.5,False,4209.5,primary,p5,qualification,1338,identity,3960,10080,360,14,7,322,,,
C0034,network_volume_forecast,network_volume_forecast|router__general__packet_length_max,temporal,linear,322,322,347,322,propagated real-source observation mask,matched,347.0,[],1.3076977561150136,1.3597061444055392,1.5143866421578875,0.13648356389908312,ok,1.0397709547541285,0.03900045308447524,True,861.5,861.5,False,4209.5,primary,p5,qualification,1338,block_a,3960,10080,360,14,7,322,,,
C0034,network_volume_forecast,network_volume_forecast|router__general__packet_length_max,temporal,linear,322,322,347,322,propagated real-source observation mask,matched,347.0,[],1.3076977561150136,1.2621083216822533,1.5143866421578875,0.13648356389908312,ok,0.9651376365681011,-0.03548455924565781,True,861.5,861.5,False,4209.5,primary,p5,qualification,1338,block_b,3960,10080,360,14,7,322,,,
C0034,network_volume_forecast,network_volume_forecast|router__general__packet_length_max,temporal,linear,322,322,347,322,propagated real-source observation mask,matched,347.0,[],1.3076977561150136,2.0093630114371903,1.5143866421578875,0.13648356389908312,ok,1.5365653126198868,0.4295496090848496,False,861.5,861.5,False,4209.5,primary,p5,qualification,1338,row_resample,3960,10080,360,14,7,322,,,
C0035,network_volume_forecast,network_volume_forecast|router__general__packet_length_max,temporal,linear,320,320,345,345,propagated real-source observation mask,matched,345.0,[],1.2418686526196983,1.2418686526196983,1.5103988029187263,0.17778758151828164,ok,1.0,0.0,True,862.0,862.0,False,4209.5,primary,p5,qualification,1338,identity,3960,10080,360,14,7,320,,,
C0035,network_volume_forecast,network_volume_forecast|router__general__packet_length_max,temporal,linear,320,320,345,320,propagated real-source observation mask,matched,345.0,[],1.2418686526196983,1.4346775802079514,1.5103988029187263,0.17778758151828164,ok,1.1552571016117739,0.144322918000393,False,862.0,862.0,False,4209.5,primary,p5,qualification,1338,block_a,3960,10080,360,14,7,320,,,
C0035,network_volume_forecast,network_volume_forecast|router__general__packet_length_max,temporal,linear,320,320,345,320,propagated real-source observation mask,matched,345.0,[],1.2418686526196983,1.2682616913844251,1.5103988029187263,0.17778758151828164,ok,1.0212526813597003,0.021029992755042762,True,862.0,862.0,False,4209.5,primary,p5,qualification,1338,block_b,3960,10080,360,14,7,320,,,
C0035,network_volume_forecast,network_volume_forecast|router__general__packet_length_max,temporal,linear,320,320,345,320,propagated real-source observation mask,matched,345.0,[],1.2418686526196983,1.9480896713077918,1.5103988029187263,0.17778758151828164,ok,1.5686760972654665,0.4502320134754284,False,862.0,862.0,False,4209.5,primary,p5,qualification,1338,row_resample,3960,10080,360,14,7,320,,,
C0044,network_volume_forecast,network_volume_forecast|router__general__packet_length_mean,temporal,linear,311,311,336,336,propagated real-source observation mask,matched,336.0,[],0.11431750547698132,0.11431750547698132,0.5336643365688327,0.7857876240859941,ok,1.0,0.0,True,100.18731771058373,100.18731771058373,False,516.3470982142857,primary,p5,qualification,1338,identity,3960,10080,360,14,7,311,,,
C0044,network_volume_forecast,network_volume_forecast|router__general__packet_length_mean,temporal,linear,311,311,336,311,propagated real-source observation mask,matched,336.0,[],0.11431750547698132,0.1135883287016652,0.5336643365688327,0.7857876240859941,ok,0.9936214775482226,-0.00639895214662463,True,100.18731771058373,100.18731771058373,False,516.3470982142857,primary,p5,qualification,1338,block_a,3960,10080,360,14,7,311,,,
C0044,network_volume_forecast,network_volume_forecast|router__general__packet_length_mean,temporal,linear,311,311,336,311,propagated real-source observation mask,matched,336.0,[],0.11431750547698132,0.1134347768718355,0.5336643365688327,0.7857876240859941,ok,0.9922782726804377,-0.007751694219792291,True,100.18731771058373,100.18731771058373,False,516.3470982142857,primary,p5,qualification,1338,block_b,3960,10080,360,14,7,311,,,
C0044,network_volume_forecast,network_volume_forecast|router__general__packet_length_mean,temporal,linear,311,311,336,311,propagated real-source observation mask,matched,336.0,[],0.11431750547698132,0.5375199536211871,0.5336643365688327,0.7857876240859941,ok,4.701991627427706,1.5479861694756514,False,100.18731771058373,100.18731771058373,False,516.3470982142857,primary,p5,qualification,1338,row_resample,3960,10080,360,14,7,311,,,
C0065,network_volume_forecast,network_volume_forecast|router__general__packet_length_min,temporal,linear,322,322,347,347,propagated real-source observation mask,matched,347.0,[],0.4725087630888536,0.4725087630888536,0.35446685878962536,-0.33301252676286336,ok,1.0,0.0,True,18.0,18.0,False,44.0,primary,p5,qualification,1338,identity,3960,10080,360,14,7,322,,,
C0065,network_volume_forecast,network_volume_forecast|router__general__packet_length_min,temporal,linear,322,322,347,322,propagated real-source observation mask,matched,347.0,[],0.4725087630888536,0.4763023722771061,0.35446685878962536,-0.33301252676286336,ok,1.0080286536136456,0.007996595449173461,True,18.0,18.0,False,44.0,primary,p5,qualification,1338,block_a,3960,10080,360,14,7,322,,,
C0065,network_volume_forecast,network_volume_forecast|router__general__packet_length_min,temporal,linear,322,322,347,322,propagated real-source observation mask,matched,347.0,[],0.4725087630888536,0.4755926242672694,0.35446685878962536,-0.33301252676286336,ok,1.006526569281501,0.006505363445770066,True,18.0,18.0,False,44.0,primary,p5,qualification,1338,block_b,3960,10080,360,14,7,322,,,
C0065,network_volume_forecast,network_volume_forecast|router__general__packet_length_min,temporal,linear,322,322,347,322,propagated real-source observation mask,matched,347.0,[],0.4725087630888536,0.45225962774658895,0.35446685878962536,-0.33301252676286336,ok,0.9571454818956302,-0.04379988038313634,True,18.0,18.0,False,44.0,primary,p5,qualification,1338,row_resample,3960,10080,360,14,7,322,,,
C0066,network_volume_forecast,network_volume_forecast|router__general__packet_length_min,temporal,linear,320,320,345,345,propagated real-source observation mask,matched,345.0,[],0.46967515065589915,0.46967515065589915,0.3536231884057971,-0.32817972931381323,ok,1.0,0.0,True,18.0,18.0,False,44.0,primary,p5,qualification,1338,identity,3960,10080,360,14,7,320,,,
C0066,network_volume_forecast,network_volume_forecast|router__general__packet_length_min,temporal,linear,320,320,345,320,propagated real-source observation mask,matched,345.0,[],0.46967515065589915,0.4723235669297968,0.3536231884057971,-0.32817972931381323,ok,1.0056388256227717,0.005622986958651841,True,18.0,18.0,False,44.0,primary,p5,qualification,1338,block_a,3960,10080,360,14,7,320,,,
C0066,network_volume_forecast,network_volume_forecast|router__general__packet_length_min,temporal,linear,320,320,345,320,propagated real-source observation mask,matched,345.0,[],0.46967515065589915,0.472163760854668,0.3536231884057971,-0.32817972931381323,ok,1.0052985775280925,0.005284589455683297,True,18.0,18.0,False,44.0,primary,p5,qualification,1338,block_b,3960,10080,360,14,7,320,,,
C0066,network_volume_forecast,network_volume_forecast|router__general__packet_length_min,temporal,linear,320,320,345,320,propagated real-source observation mask,matched,345.0,[],0.46967515065589915,0.4465359369921233,0.3536231884057971,-0.32817972931381323,ok,0.9507335790887339,-0.05052140385725462,True,18.0,18.0,False,44.0,primary,p5,qualification,1338,row_resample,3960,10080,360,14,7,320,,,
C0067,network_volume_forecast,network_volume_forecast|router__general__packet_length_min,temporal,linear,311,311,336,336,propagated real-source observation mask,matched,336.0,[],0.4509505916960508,0.4509505916960508,0.35714285714285715,-0.26266165674894215,ok,1.0,0.0,True,18.0,18.0,False,44.0,primary,p5,qualification,1338,identity,3960,10080,360,14,7,311,,,
C0067,network_volume_forecast,network_volume_forecast|router__general__packet_length_min,temporal,linear,311,311,336,311,propagated real-source observation mask,matched,336.0,[],0.4509505916960508,0.4555846871537185,0.35714285714285715,-0.26266165674894215,ok,1.0102762820206947,0.01022384000127404,True,18.0,18.0,False,44.0,primary,p5,qualification,1338,block_a,3960,10080,360,14,7,311,,,
C0067,network_volume_forecast,network_volume_forecast|router__general__packet_length_min,temporal,linear,311,311,336,311,propagated real-source observation mask,matched,336.0,[],0.4509505916960508,0.45722003141703443,0.35714285714285715,-0.26266165674894215,ok,1.0139027198021937,0.013806963488031102,True,18.0,18.0,False,44.0,primary,p5,qualification,1338,block_b,3960,10080,360,14,7,311,,,
C0067,network_volume_forecast,network_volume_forecast|router__general__packet_length_min,temporal,linear,311,311,336,311,propagated real-source observation mask,matched,336.0,[],0.4509505916960508,0.44872759544503577,0.35714285714285715,-0.26266165674894215,ok,0.9950704217004036,-0.004941768749722272,True,18.0,18.0,False,44.0,primary,p5,qualification,1338,row_resample,3960,10080,360,14,7,311,,,
C0071,network_burst_prediction,network_burst_prediction|router__iot_named__mqtt_port_packets,temporal,linear,322,322,347,347,propagated real-source observation mask,matched,347.0,[],0.13401864820649667,0.13401864820649667,0.11607481255114879,-0.15458853872747683,ok,1.0,0.0,True,,,,0.18633540372670807,primary,p5,qualification,1338,identity,3960,10080,360,14,7,322,0.4976085356880059,0.00886277063328983,0.12968299711815562
C0071,network_burst_prediction,network_burst_prediction|router__iot_named__mqtt_port_packets,temporal,linear,322,322,347,322,propagated real-source observation mask,matched,347.0,[],0.13401864820649667,0.1321730363590895,0.11607481255114879,-0.15458853872747683,ok,0.9862286937519065,-0.013867010348785026,True,,,,0.18633540372670807,primary,p5,qualification,1338,block_a,3960,10080,360,14,7,322,0.4976085356880059,0.00886277063328983,0.12968299711815562
C0071,network_burst_prediction,network_burst_prediction|router__iot_named__mqtt_port_packets,temporal,linear,322,322,347,322,propagated real-source observation mask,matched,347.0,[],0.13401864820649667,0.13249976598380506,0.11607481255114879,-0.15458853872747683,ok,0.9886666352554809,-0.011398076723629861,True,,,,0.18633540372670807,primary,p5,qualification,1338,block_b,3960,10080,360,14,7,322,0.4976085356880059,0.00886277063328983,0.12968299711815562
C0071,network_burst_prediction,network_burst_prediction|router__iot_named__mqtt_port_packets,temporal,linear,322,322,347,322,propagated real-source observation mask,matched,347.0,[],0.13401864820649667,0.12193125175995868,0.11607481255114879,-0.15458853872747683,ok,0.9098081005270725,-0.09452158025092597,True,,,,0.18633540372670807,primary,p5,qualification,1338,row_resample,3960,10080,360,14,7,322,0.4976085356880059,0.00886277063328983,0.12968299711815562
C0081,network_volume_forecast,network_volume_forecast|router__iot_named__udp_count,temporal,linear,320,320,345,345,propagated real-source observation mask,matched,345.0,[],0.2679797815193201,0.2679797815193201,0.6101449275362318,0.5607932321892378,ok,1.0,0.0,True,4.0,4.0,False,0.0,primary,p5,qualification,1338,identity,3960,10080,360,14,7,320,,,
C0081,network_volume_forecast,network_volume_forecast|router__iot_named__udp_count,temporal,linear,320,320,345,320,propagated real-source observation mask,matched,345.0,[],0.2679797815193201,0.26780770314134444,0.6101449275362318,0.5607932321892378,ok,0.9993578680563135,-0.00064233819870302,True,4.0,4.0,False,0.0,primary,p5,qualification,1338,block_a,3960,10080,360,14,7,320,,,
C0081,network_volume_forecast,network_volume_forecast|router__iot_named__udp_count,temporal,linear,320,320,345,320,propagated real-source observation mask,matched,345.0,[],0.2679797815193201,0.2677916437451032,0.6101449275362318,0.5607932321892378,ok,0.9992979404149439,-0.0007023061442928473,True,4.0,4.0,False,0.0,primary,p5,qualification,1338,block_b,3960,10080,360,14,7,320,,,
C0081,network_volume_forecast,network_volume_forecast|router__iot_named__udp_count,temporal,linear,320,320,345,320,propagated real-source observation mask,matched,345.0,[],0.2679797815193201,0.48731928824559745,0.6101449275362318,0.5607932321892378,ok,1.8184927440522745,0.59800799536396,False,4.0,4.0,False,0.0,primary,p5,qualification,1338,row_resample,3960,10080,360,14,7,320,,,
C0082,network_volume_forecast,network_volume_forecast|router__iot_named__udp_count,temporal,linear,311,311,336,336,propagated real-source observation mask,matched,336.0,[],0.20627383631955176,0.20627383631955176,0.6086309523809523,0.6610855305458709,ok,1.0,0.0,True,4.0,4.0,False,0.0,primary,p5,qualification,1338,identity,3960,10080,360,14,7,311,,,
C0082,network_volume_forecast,network_volume_forecast|router__iot_named__udp_count,temporal,linear,311,311,336,311,propagated real-source observation mask,matched,336.0,[],0.20627383631955176,0.20666211199077988,0.6086309523809523,0.6610855305458709,ok,1.0018823311679075,0.001880561802601014,True,4.0,4.0,False,0.0,primary,p5,qualification,1338,block_a,3960,10080,360,14,7,311,,,
C0082,network_volume_forecast,network_volume_forecast|router__iot_named__udp_count,temporal,linear,311,311,336,311,propagated real-source observation mask,matched,336.0,[],0.20627383631955176,0.207089641553716,0.6086309523809523,0.6610855305458709,ok,1.0039549622420385,0.003947161938709875,True,4.0,4.0,False,0.0,primary,p5,qualification,1338,block_b,3960,10080,360,14,7,311,,,
C0082,network_volume_forecast,network_volume_forecast|router__iot_named__udp_count,temporal,linear,311,311,336,311,propagated real-source observation mask,matched,336.0,[],0.20627383631955176,0.49399796220255515,0.6086309523809523,0.6610855305458709,ok,2.3948648603076923,0.8733268035120931,False,4.0,4.0,False,0.0,primary,p5,qualification,1338,row_resample,3960,10080,360,14,7,311,,,
C0085,network_volume_forecast,network_volume_forecast|router__iot_named__dns_port_packets,temporal,linear,320,320,345,345,propagated real-source observation mask,matched,345.0,[],0.09155836978345601,0.09155836978345601,0.34202898550724636,0.7323081561415905,ok,1.0,0.0,True,4.0,4.0,False,0.0,primary,p5,qualification,1338,identity,3960,10080,360,14,7,320,,,
C0085,network_volume_forecast,network_volume_forecast|router__iot_named__dns_port_packets,temporal,linear,320,320,345,320,propagated real-source observation mask,matched,345.0,[],0.09155836978345601,0.09421807187136563,0.34202898550724636,0.7323081561415905,ok,1.0290492512503233,0.028635318923534794,True,4.0,4.0,False,0.0,primary,p5,qualification,1338,block_a,3960,10080,360,14,7,320,,,
C0085,network_volume_forecast,network_volume_forecast|router__iot_named__dns_port_packets,temporal,linear,320,320,345,320,propagated real-source observation mask,matched,345.0,[],0.09155836978345601,0.0942909994773345,0.34202898550724636,0.7323081561415905,ok,1.0298457661526894,0.02940904942982113,True,4.0,4.0,False,0.0,primary,p5,qualification,1338,block_b,3960,10080,360,14,7,320,,,
C0085,network_volume_forecast,network_volume_forecast|router__iot_named__dns_port_packets,temporal,linear,320,320,345,320,propagated real-source observation mask,matched,345.0,[],0.09155836978345601,0.4758342178691247,0.34202898550724636,0.7323081561415905,ok,5.197058652251198,1.64809282175273,False,4.0,4.0,False,0.0,primary,p5,qualification,1338,row_resample,3960,10080,360,14,7,320,,,
C0086,network_volume_forecast,network_volume_forecast|router__iot_named__dns_port_packets,temporal,linear,311,311,336,336,propagated real-source observation mask,matched,336.0,[],0.10664004946006893,0.10664004946006893,0.34226190476190477,0.6884255946210159,ok,1.0,0.0,True,4.0,4.0,False,0.0,primary,p5,qualification,1338,identity,3960,10080,360,14,7,311,,,
C0086,network_volume_forecast,network_volume_forecast|router__iot_named__dns_port_packets,temporal,linear,311,311,336,311,propagated real-source observation mask,matched,336.0,[],0.10664004946006893,0.11148293469145865,0.34226190476190477,0.6884255946210159,ok,1.045413381331965,0.044412387417522264,True,4.0,4.0,False,0.0,primary,p5,qualification,1338,block_a,3960,10080,360,14,7,311,,,
C0086,network_volume_forecast,network_volume_forecast|router__iot_named__dns_port_packets,temporal,linear,311,311,336,311,propagated real-source observation mask,matched,336.0,[],0.10664004946006893,0.11157238400820897,0.34226190476190477,0.6884255946210159,ok,1.0462521779867229,0.045214424527121176,True,4.0,4.0,False,0.0,primary,p5,qualification,1338,block_b,3960,10080,360,14,7,311,,,
C0086,network_volume_forecast,network_volume_forecast|router__iot_named__dns_port_packets,temporal,linear,311,311,336,311,propagated real-source observation mask,matched,336.0,[],0.10664004946006893,0.48531813224650594,0.34226190476190477,0.6884255946210159,ok,4.550993127851389,1.5153454790029075,False,4.0,4.0,False,0.0,primary,p5,qualification,1338,row_resample,3960,10080,360,14,7,311,,,
C0034,network_volume_forecast,network_volume_forecast|router__general__packet_length_max,temporal,linear,322,322,347,347,propagated real-source observation mask,matched,347.0,[],1.3076977561150136,1.3076977561150136,1.5143866421578875,0.13648356389908312,ok,1.0,0.0,True,861.5,861.5,False,4209.5,primary,p5,qualification,1339,identity,3960,10080,360,3,24,322,,,
C0034,network_volume_forecast,network_volume_forecast|router__general__packet_length_max,temporal,linear,322,322,347,322,propagated real-source observation mask,matched,347.0,[],1.3076977561150136,1.2525475549359153,1.5143866421578875,0.13648356389908312,ok,0.9578264924588218,-0.04308863175806966,True,861.5,861.5,False,4209.5,primary,p5,qualification,1339,block_a,3960,10080,360,3,24,322,,,
C0034,network_volume_forecast,network_volume_forecast|router__general__packet_length_max,temporal,linear,322,322,347,322,propagated real-source observation mask,matched,347.0,[],1.3076977561150136,1.4183566782295358,1.5143866421578875,0.13648356389908312,ok,1.0846211761066826,0.0812307795811578,True,861.5,861.5,False,4209.5,primary,p5,qualification,1339,block_b,3960,10080,360,3,24,322,,,
C0034,network_volume_forecast,network_volume_forecast|router__general__packet_length_max,temporal,linear,322,322,347,322,propagated real-source observation mask,matched,347.0,[],1.3076977561150136,1.8103885428068132,1.5143866421578875,0.13648356389908312,ok,1.3844089999704696,0.3252733337478584,False,861.5,861.5,False,4209.5,primary,p5,qualification,1339,row_resample,3960,10080,360,3,24,322,,,
C0035,network_volume_forecast,network_volume_forecast|router__general__packet_length_max,temporal,linear,320,320,345,345,propagated real-source observation mask,matched,345.0,[],1.2418686526196983,1.2418686526196983,1.5103988029187263,0.17778758151828164,ok,1.0,0.0,True,862.0,862.0,False,4209.5,primary,p5,qualification,1339,identity,3960,10080,360,3,24,320,,,
C0035,network_volume_forecast,network_volume_forecast|router__general__packet_length_max,temporal,linear,320,320,345,320,propagated real-source observation mask,matched,345.0,[],1.2418686526196983,1.2584181030057944,1.5103988029187263,0.17778758151828164,ok,1.0133262485941532,0.013238235206652104,True,862.0,862.0,False,4209.5,primary,p5,qualification,1339,block_a,3960,10080,360,3,24,320,,,
C0035,network_volume_forecast,network_volume_forecast|router__general__packet_length_max,temporal,linear,320,320,345,320,propagated real-source observation mask,matched,345.0,[],1.2418686526196983,1.4815348275734528,1.5103988029187263,0.17778758151828164,ok,1.1929883441764821,0.17646137288907499,False,862.0,862.0,False,4209.5,primary,p5,qualification,1339,block_b,3960,10080,360,3,24,320,,,
C0035,network_volume_forecast,network_volume_forecast|router__general__packet_length_max,temporal,linear,320,320,345,320,propagated real-source observation mask,matched,345.0,[],1.2418686526196983,2.183312266280404,1.5103988029187263,0.17778758151828164,ok,1.758086301377161,0.5642258887163042,False,862.0,862.0,False,4209.5,primary,p5,qualification,1339,row_resample,3960,10080,360,3,24,320,,,
C0044,network_volume_forecast,network_volume_forecast|router__general__packet_length_mean,temporal,linear,311,311,336,336,propagated real-source observation mask,matched,336.0,[],0.11431750547698132,0.11431750547698132,0.5336643365688327,0.7857876240859941,ok,1.0,0.0,True,100.18731771058373,100.18731771058373,False,516.3470982142857,primary,p5,qualification,1339,identity,3960,10080,360,3,24,311,,,
C0044,network_volume_forecast,network_volume_forecast|router__general__packet_length_mean,temporal,linear,311,311,336,311,propagated real-source observation mask,matched,336.0,[],0.11431750547698132,0.11339088845821374,0.5336643365688327,0.7857876240859941,ok,0.9918943558565126,-0.008138673480764321,True,100.18731771058373,100.18731771058373,False,516.3470982142857,primary,p5,qualification,1339,block_a,3960,10080,360,3,24,311,,,
C0044,network_volume_forecast,network_volume_forecast|router__general__packet_length_mean,temporal,linear,311,311,336,311,propagated real-source observation mask,matched,336.0,[],0.11431750547698132,0.11420894633164416,0.5336643365688327,0.7857876240859941,ok,0.9990503716391974,-0.0009500795434742666,True,100.18731771058373,100.18731771058373,False,516.3470982142857,primary,p5,qualification,1339,block_b,3960,10080,360,3,24,311,,,
C0044,network_volume_forecast,network_volume_forecast|router__general__packet_length_mean,temporal,linear,311,311,336,311,propagated real-source observation mask,matched,336.0,[],0.11431750547698132,0.5287471921468534,0.5336643365688327,0.7857876240859941,ok,4.625251311605296,1.5315307071325406,False,100.18731771058373,100.18731771058373,False,516.3470982142857,primary,p5,qualification,1339,row_resample,3960,10080,360,3,24,311,,,
C0065,network_volume_forecast,network_volume_forecast|router__general__packet_length_min,temporal,linear,322,322,347,347,propagated real-source observation mask,matched,347.0,[],0.4725087630888536,0.4725087630888536,0.35446685878962536,-0.33301252676286336,ok,1.0,0.0,True,18.0,18.0,False,44.0,primary,p5,qualification,1339,identity,3960,10080,360,3,24,322,,,
C0065,network_volume_forecast,network_volume_forecast|router__general__packet_length_min,temporal,linear,322,322,347,322,propagated real-source observation mask,matched,347.0,[],0.4725087630888536,0.4739170177571579,0.35446685878962536,-0.33301252676286336,ok,1.002980377885689,0.002975945364393265,True,18.0,18.0,False,44.0,primary,p5,qualification,1339,block_a,3960,10080,360,3,24,322,,,
C0065,network_volume_forecast,network_volume_forecast|router__general__packet_length_min,temporal,linear,322,322,347,322,propagated real-source observation mask,matched,347.0,[],0.4725087630888536,0.4746950133065335,0.35446685878962536,-0.33301252676286336,ok,1.0046268987762008,0.004616227583749249,True,18.0,18.0,False,44.0,primary,p5,qualification,1339,block_b,3960,10080,360,3,24,322,,,
C0065,network_volume_forecast,network_volume_forecast|router__general__packet_length_min,temporal,linear,322,322,347,322,propagated real-source observation mask,matched,347.0,[],0.4725087630888536,0.47904092224214107,0.35446685878962536,-0.33301252676286336,ok,1.0138244190659784,0.013729733435966097,True,18.0,18.0,False,44.0,primary,p5,qualification,1339,row_resample,3960,10080,360,3,24,322,,,
C0066,network_volume_forecast,network_volume_forecast|router__general__packet_length_min,temporal,linear,320,320,345,345,propagated real-source observation mask,matched,345.0,[],0.46967515065589915,0.46967515065589915,0.3536231884057971,-0.32817972931381323,ok,1.0,0.0,True,18.0,18.0,False,44.0,primary,p5,qualification,1339,identity,3960,10080,360,3,24,320,,,
C0066,network_volume_forecast,network_volume_forecast|router__general__packet_length_min,temporal,linear,320,320,345,320,propagated real-source observation mask,matched,345.0,[],0.46967515065589915,0.4693042947717182,0.3536231884057971,-0.32817972931381323,ok,0.9992103991798096,-0.0007899127191126107,True,18.0,18.0,False,44.0,primary,p5,qualification,1339,block_a,3960,10080,360,3,24,320,,,
C0066,network_volume_forecast,network_volume_forecast|router__general__packet_length_min,temporal,linear,320,320,345,320,propagated real-source observation mask,matched,345.0,[],0.46967515065589915,0.47037693236660505,0.3536231884057971,-0.32817972931381323,ok,1.0014941853102637,0.001493070126115953,True,18.0,18.0,False,44.0,primary,p5,qualification,1339,block_b,3960,10080,360,3,24,320,,,
C0066,network_volume_forecast,network_volume_forecast|router__general__packet_length_min,temporal,linear,320,320,345,320,propagated real-source observation mask,matched,345.0,[],0.46967515065589915,0.47386135001966306,0.3536231884057971,-0.32817972931381323,ok,1.0089129675221649,0.008873481478909765,True,18.0,18.0,False,44.0,primary,p5,qualification,1339,row_resample,3960,10080,360,3,24,320,,,
C0067,network_volume_forecast,network_volume_forecast|router__general__packet_length_min,temporal,linear,311,311,336,336,propagated real-source observation mask,matched,336.0,[],0.4509505916960508,0.4509505916960508,0.35714285714285715,-0.26266165674894215,ok,1.0,0.0,True,18.0,18.0,False,44.0,primary,p5,qualification,1339,identity,3960,10080,360,3,24,311,,,
C0067,network_volume_forecast,network_volume_forecast|router__general__packet_length_min,temporal,linear,311,311,336,311,propagated real-source observation mask,matched,336.0,[],0.4509505916960508,0.45770429177772065,0.35714285714285715,-0.26266165674894215,ok,1.014976585475293,0.014865543730420518,True,18.0,18.0,False,44.0,primary,p5,qualification,1339,block_a,3960,10080,360,3,24,311,,,
C0067,network_volume_forecast,network_volume_forecast|router__general__packet_length_min,temporal,linear,311,311,336,311,propagated real-source observation mask,matched,336.0,[],0.4509505916960508,0.4556760650056098,0.35714285714285715,-0.26266165674894215,ok,1.0104789158647873,0.010424392591695482,True,18.0,18.0,False,44.0,primary,p5,qualification,1339,block_b,3960,10080,360,3,24,311,,,
C0067,network_volume_forecast,network_volume_forecast|router__general__packet_length_min,temporal,linear,311,311,336,311,propagated real-source observation mask,matched,336.0,[],0.4509505916960508,0.48549611720209057,0.35714285714285715,-0.26266165674894215,ok,1.0766060099314032,0.07381350945442501,True,18.0,18.0,False,44.0,primary,p5,qualification,1339,row_resample,3960,10080,360,3,24,311,,,
C0071,network_burst_prediction,network_burst_prediction|router__iot_named__mqtt_port_packets,temporal,linear,322,322,347,347,propagated real-source observation mask,matched,347.0,[],0.13401864820649667,0.13401864820649667,0.11607481255114879,-0.15458853872747683,ok,1.0,0.0,True,,,,0.18633540372670807,primary,p5,qualification,1339,identity,3960,10080,360,3,24,322,0.4976085356880059,0.00886277063328983,0.12968299711815562
C0071,network_burst_prediction,network_burst_prediction|router__iot_named__mqtt_port_packets,temporal,linear,322,322,347,322,propagated real-source observation mask,matched,347.0,[],0.13401864820649667,0.13248816111230652,0.11607481255114879,-0.15458853872747683,ok,0.9885800437873992,-0.011485664649865791,True,,,,0.18633540372670807,primary,p5,qualification,1339,block_a,3960,10080,360,3,24,322,0.4976085356880059,0.00886277063328983,0.12968299711815562
C0071,network_burst_prediction,network_burst_prediction|router__iot_named__mqtt_port_packets,temporal,linear,322,322,347,322,propagated real-source observation mask,matched,347.0,[],0.13401864820649667,0.13177675452027227,0.11607481255114879,-0.15458853872747683,ok,0.9832717780978504,-0.01686971882031083,True,,,,0.18633540372670807,primary,p5,qualification,1339,block_b,3960,10080,360,3,24,322,0.4976085356880059,0.00886277063328983,0.12968299711815562
C0071,network_burst_prediction,network_burst_prediction|router__iot_named__mqtt_port_packets,temporal,linear,322,322,347,322,propagated real-source observation mask,matched,347.0,[],0.13401864820649667,0.11564865772295443,0.11607481255114879,-0.15458853872747683,ok,0.8629295942812552,-0.1474221737513617,True,,,,0.18633540372670807,primary,p5,qualification,1339,row_resample,3960,10080,360,3,24,322,0.4976085356880059,0.00886277063328983,0.12968299711815562
C0081,network_volume_forecast,network_volume_forecast|router__iot_named__udp_count,temporal,linear,320,320,345,345,propagated real-source observation mask,matched,345.0,[],0.2679797815193201,0.2679797815193201,0.6101449275362318,0.5607932321892378,ok,1.0,0.0,True,4.0,4.0,False,0.0,primary,p5,qualification,1339,identity,3960,10080,360,3,24,320,,,
C0081,network_volume_forecast,network_volume_forecast|router__iot_named__udp_count,temporal,linear,320,320,345,320,propagated real-source observation mask,matched,345.0,[],0.2679797815193201,0.2677916437451032,0.6101449275362318,0.5607932321892378,ok,0.9992979404149439,-0.0007023061442928473,True,4.0,4.0,False,0.0,primary,p5,qualification,1339,block_a,3960,10080,360,3,24,320,,,
C0081,network_volume_forecast,network_volume_forecast|router__iot_named__udp_count,temporal,linear,320,320,345,320,propagated real-source observation mask,matched,345.0,[],0.2679797815193201,0.26802685962921813,0.6101449275362318,0.5607932321892378,ok,1.0001756778426756,0.0001756624131304373,True,4.0,4.0,False,0.0,primary,p5,qualification,1339,block_b,3960,10080,360,3,24,320,,,
C0081,network_volume_forecast,network_volume_forecast|router__iot_named__udp_count,temporal,linear,320,320,345,320,propagated real-source observation mask,matched,345.0,[],0.2679797815193201,0.4535959360981523,0.6101449275362318,0.5607932321892378,ok,1.692649846665578,0.5262952575812975,False,4.0,4.0,False,0.0,primary,p5,qualification,1339,row_resample,3960,10080,360,3,24,320,,,
C0082,network_volume_forecast,network_volume_forecast|router__iot_named__udp_count,temporal,linear,311,311,336,336,propagated real-source observation mask,matched,336.0,[],0.20627383631955176,0.20627383631955176,0.6086309523809523,0.6610855305458709,ok,1.0,0.0,True,4.0,4.0,False,0.0,primary,p5,qualification,1339,identity,3960,10080,360,3,24,311,,,
C0082,network_volume_forecast,network_volume_forecast|router__iot_named__udp_count,temporal,linear,311,311,336,311,propagated real-source observation mask,matched,336.0,[],0.20627383631955176,0.2069714315664054,0.6086309523809523,0.6610855305458709,ok,1.0033818891397015,0.0033761834130958926,True,4.0,4.0,False,0.0,primary,p5,qualification,1339,block_a,3960,10080,360,3,24,311,,,
C0082,network_volume_forecast,network_volume_forecast|router__iot_named__udp_count,temporal,linear,311,311,336,311,propagated real-source observation mask,matched,336.0,[],0.20627383631955176,0.20797254820893324,0.6086309523809523,0.6610855305458709,ok,1.0082352271121282,0.008201502655199545,True,4.0,4.0,False,0.0,primary,p5,qualification,1339,block_b,3960,10080,360,3,24,311,,,
C0082,network_volume_forecast,network_volume_forecast|router__iot_named__udp_count,temporal,linear,311,311,336,311,propagated real-source observation mask,matched,336.0,[],0.20627383631955176,0.4781048140273959,0.6086309523809523,0.6610855305458709,ok,2.3178160767162623,0.8406253960906046,False,4.0,4.0,False,0.0,primary,p5,qualification,1339,row_resample,3960,10080,360,3,24,311,,,
C0085,network_volume_forecast,network_volume_forecast|router__iot_named__dns_port_packets,temporal,linear,320,320,345,345,propagated real-source observation mask,matched,345.0,[],0.09155836978345601,0.09155836978345601,0.34202898550724636,0.7323081561415905,ok,1.0,0.0,True,4.0,4.0,False,0.0,primary,p5,qualification,1339,identity,3960,10080,360,3,24,320,,,
C0085,network_volume_forecast,network_volume_forecast|router__iot_named__dns_port_packets,temporal,linear,320,320,345,320,propagated real-source observation mask,matched,345.0,[],0.09155836978345601,0.0942909994773345,0.34202898550724636,0.7323081561415905,ok,1.0298457661526894,0.02940904942982113,True,4.0,4.0,False,0.0,primary,p5,qualification,1339,block_a,3960,10080,360,3,24,320,,,
C0085,network_volume_forecast,network_volume_forecast|router__iot_named__dns_port_packets,temporal,linear,320,320,345,320,propagated real-source observation mask,matched,345.0,[],0.09155836978345601,0.0942909994773344,0.34202898550724636,0.7323081561415905,ok,1.0298457661526883,0.02940904942982005,True,4.0,4.0,False,0.0,primary,p5,qualification,1339,block_b,3960,10080,360,3,24,320,,,
C0085,network_volume_forecast,network_volume_forecast|router__iot_named__dns_port_packets,temporal,linear,320,320,345,320,propagated real-source observation mask,matched,345.0,[],0.09155836978345601,0.42238632926327097,0.34202898550724636,0.7323081561415905,ok,4.613301113401796,1.528943677407819,False,4.0,4.0,False,0.0,primary,p5,qualification,1339,row_resample,3960,10080,360,3,24,320,,,
C0086,network_volume_forecast,network_volume_forecast|router__iot_named__dns_port_packets,temporal,linear,311,311,336,336,propagated real-source observation mask,matched,336.0,[],0.10664004946006893,0.10664004946006893,0.34226190476190477,0.6884255946210159,ok,1.0,0.0,True,4.0,4.0,False,0.0,primary,p5,qualification,1339,identity,3960,10080,360,3,24,311,,,
C0086,network_volume_forecast,network_volume_forecast|router__iot_named__dns_port_packets,temporal,linear,311,311,336,311,propagated real-source observation mask,matched,336.0,[],0.10664004946006893,0.11157238400820897,0.34226190476190477,0.6884255946210159,ok,1.0462521779867229,0.045214424527121176,True,4.0,4.0,False,0.0,primary,p5,qualification,1339,block_a,3960,10080,360,3,24,311,,,
C0086,network_volume_forecast,network_volume_forecast|router__iot_named__dns_port_packets,temporal,linear,311,311,336,311,propagated real-source observation mask,matched,336.0,[],0.10664004946006893,0.11157238400820893,0.34226190476190477,0.6884255946210159,ok,1.0462521779867224,0.04521442452712075,True,4.0,4.0,False,0.0,primary,p5,qualification,1339,block_b,3960,10080,360,3,24,311,,,
C0086,network_volume_forecast,network_volume_forecast|router__iot_named__dns_port_packets,temporal,linear,311,311,336,311,propagated real-source observation mask,matched,336.0,[],0.10664004946006893,0.45086562082104276,0.34226190476190477,0.6884255946210159,ok,4.2279202148144925,1.4417101971616533,False,4.0,4.0,False,0.0,primary,p5,qualification,1339,row_resample,3960,10080,360,3,24,311,,,
C0034,network_volume_forecast,network_volume_forecast|router__general__packet_length_max,temporal,linear,322,322,347,347,propagated real-source observation mask,matched,347.0,[],1.3076977561150136,1.3076977561150136,1.5143866421578875,0.13648356389908312,ok,1.0,0.0,True,861.5,861.5,False,4209.5,primary,p5,qualification,1340,identity,3960,10080,360,2,1,322,,,
C0034,network_volume_forecast,network_volume_forecast|router__general__packet_length_max,temporal,linear,322,322,347,322,propagated real-source observation mask,matched,347.0,[],1.3076977561150136,1.2473512089694425,1.5143866421578875,0.13648356389908312,ok,0.9538528326875376,-0.04724588286393137,True,861.5,861.5,False,4209.5,primary,p5,qualification,1340,block_a,3960,10080,360,2,1,322,,,
C0034,network_volume_forecast,network_volume_forecast|router__general__packet_length_max,temporal,linear,322,322,347,322,propagated real-source observation mask,matched,347.0,[],1.3076977561150136,1.2420576899443911,1.5143866421578875,0.13648356389908312,ok,0.9498048644163543,-0.051498721363748876,True,861.5,861.5,False,4209.5,primary,p5,qualification,1340,block_b,3960,10080,360,2,1,322,,,
C0034,network_volume_forecast,network_volume_forecast|router__general__packet_length_max,temporal,linear,322,322,347,322,propagated real-source observation mask,matched,347.0,[],1.3076977561150136,2.0152339748439267,1.5143866421578875,0.13648356389908312,ok,1.5410548541666875,0.43246715217860376,False,861.5,861.5,False,4209.5,primary,p5,qualification,1340,row_resample,3960,10080,360,2,1,322,,,
C0035,network_volume_forecast,network_volume_forecast|router__general__packet_length_max,temporal,linear,320,320,345,345,propagated real-source observation mask,matched,345.0,[],1.2418686526196983,1.2418686526196983,1.5103988029187263,0.17778758151828164,ok,1.0,0.0,True,862.0,862.0,False,4209.5,primary,p5,qualification,1340,identity,3960,10080,360,2,1,320,,,
C0035,network_volume_forecast,network_volume_forecast|router__general__packet_length_max,temporal,linear,320,320,345,320,propagated real-source observation mask,matched,345.0,[],1.2418686526196983,1.255828920402157,1.5103988029187263,0.17778758151828164,ok,1.0112413400185358,0.011178625713387763,True,862.0,862.0,False,4209.5,primary,p5,qualification,1340,block_a,3960,10080,360,2,1,320,,,
C0035,network_volume_forecast,network_volume_forecast|router__general__packet_length_max,temporal,linear,320,320,345,320,propagated real-source observation mask,matched,345.0,[],1.2418686526196983,1.253283230508097,1.5103988029187263,0.17778758151828164,ok,1.009191453431343,0.009149469091893953,True,862.0,862.0,False,4209.5,primary,p5,qualification,1340,block_b,3960,10080,360,2,1,320,,,
C0035,network_volume_forecast,network_volume_forecast|router__general__packet_length_max,temporal,linear,320,320,345,320,propagated real-source observation mask,matched,345.0,[],1.2418686526196983,1.9059942980219458,1.5103988029187263,0.17778758151828164,ok,1.5347792973123906,0.4283865904492748,False,862.0,862.0,False,4209.5,primary,p5,qualification,1340,row_resample,3960,10080,360,2,1,320,,,
C0044,network_volume_forecast,network_volume_forecast|router__general__packet_length_mean,temporal,linear,311,311,336,336,propagated real-source observation mask,matched,336.0,[],0.11431750547698132,0.11431750547698132,0.5336643365688327,0.7857876240859941,ok,1.0,0.0,True,100.18731771058373,100.18731771058373,False,516.3470982142857,primary,p5,qualification,1340,identity,3960,10080,360,2,1,311,,,
C0044,network_volume_forecast,network_volume_forecast|router__general__packet_length_mean,temporal,linear,311,311,336,311,propagated real-source observation mask,matched,336.0,[],0.11431750547698132,0.11339098118979093,0.5336643365688327,0.7857876240859941,ok,0.991895167032166,-0.00813785567661327,True,100.18731771058373,100.18731771058373,False,516.3470982142857,primary,p5,qualification,1340,block_a,3960,10080,360,2,1,311,,,
C0044,network_volume_forecast,network_volume_forecast|router__general__packet_length_mean,temporal,linear,311,311,336,311,propagated real-source observation mask,matched,336.0,[],0.11431750547698132,0.11335692957887956,0.5336643365688327,0.7857876240859941,ok,0.9915972982957088,-0.008438203415667743,True,100.18731771058373,100.18731771058373,False,516.3470982142857,primary,p5,qualification,1340,block_b,3960,10080,360,2,1,311,,,
C0044,network_volume_forecast,network_volume_forecast|router__general__packet_length_mean,temporal,linear,311,311,336,311,propagated real-source observation mask,matched,336.0,[],0.11431750547698132,0.5139684014776822,0.5336643365688327,0.7857876240859941,ok,4.495972855016274,1.5031820749878153,False,100.18731771058373,100.18731771058373,False,516.3470982142857,primary,p5,qualification,1340,row_resample,3960,10080,360,2,1,311,,,
C0065,network_volume_forecast,network_volume_forecast|router__general__packet_length_min,temporal,linear,322,322,347,347,propagated real-source observation mask,matched,347.0,[],0.4725087630888536,0.4725087630888536,0.35446685878962536,-0.33301252676286336,ok,1.0,0.0,True,18.0,18.0,False,44.0,primary,p5,qualification,1340,identity,3960,10080,360,2,1,322,,,
C0065,network_volume_forecast,network_volume_forecast|router__general__packet_length_min,temporal,linear,322,322,347,322,propagated real-source observation mask,matched,347.0,[],0.4725087630888536,0.4736958196731431,0.35446685878962536,-0.33301252676286336,ok,1.0025122424746784,0.0025090920688383726,True,18.0,18.0,False,44.0,primary,p5,qualification,1340,block_a,3960,10080,360,2,1,322,,,
C0065,network_volume_forecast,network_volume_forecast|router__general__packet_length_min,temporal,linear,322,322,347,322,propagated real-source observation mask,matched,347.0,[],0.4725087630888536,0.4736958196731431,0.35446685878962536,-0.33301252676286336,ok,1.0025122424746784,0.0025090920688383726,True,18.0,18.0,False,44.0,primary,p5,qualification,1340,block_b,3960,10080,360,2,1,322,,,
C0065,network_volume_forecast,network_volume_forecast|router__general__packet_length_min,temporal,linear,322,322,347,322,propagated real-source observation mask,matched,347.0,[],0.4725087630888536,0.47376710045452985,0.35446685878962536,-0.33301252676286336,ok,1.0026630984734555,0.002659558709815867,True,18.0,18.0,False,44.0,primary,p5,qualification,1340,row_resample,3960,10080,360,2,1,322,,,
C0066,network_volume_forecast,network_volume_forecast|router__general__packet_length_min,temporal,linear,320,320,345,345,propagated real-source observation mask,matched,345.0,[],0.46967515065589915,0.46967515065589915,0.3536231884057971,-0.32817972931381323,ok,1.0,0.0,True,18.0,18.0,False,44.0,primary,p5,qualification,1340,identity,3960,10080,360,2,1,320,,,
C0066,network_volume_forecast,network_volume_forecast|router__general__packet_length_min,temporal,linear,320,320,345,320,propagated real-source observation mask,matched,345.0,[],0.46967515065589915,0.469456773087589,0.3536231884057971,-0.32817972931381323,ok,0.9995350455138936,-0.00046506261096019284,True,18.0,18.0,False,44.0,primary,p5,qualification,1340,block_a,3960,10080,360,2,1,320,,,
C0066,network_volume_forecast,network_volume_forecast|router__general__packet_length_min,temporal,linear,320,320,345,320,propagated real-source observation mask,matched,345.0,[],0.46967515065589915,0.47059096993883287,0.3536231884057971,-0.32817972931381323,ok,1.0019498993754614,0.0019480007893082224,True,18.0,18.0,False,44.0,primary,p5,qualification,1340,block_b,3960,10080,360,2,1,320,,,
C0066,network_volume_forecast,network_volume_forecast|router__general__packet_length_min,temporal,linear,320,320,345,320,propagated real-source observation mask,matched,345.0,[],0.46967515065589915,0.4771457373335125,0.3536231884057971,-0.32817972931381323,ok,1.0159058589052044,0.01578068630535105,True,18.0,18.0,False,44.0,primary,p5,qualification,1340,row_resample,3960,10080,360,2,1,320,,,
C0067,network_volume_forecast,network_volume_forecast|router__general__packet_length_min,temporal,linear,311,311,336,336,propagated real-source observation mask,matched,336.0,[],0.4509505916960508,0.4509505916960508,0.35714285714285715,-0.26266165674894215,ok,1.0,0.0,True,18.0,18.0,False,44.0,primary,p5,qualification,1340,identity,3960,10080,360,2,1,311,,,
C0067,network_volume_forecast,network_volume_forecast|router__general__packet_length_min,temporal,linear,311,311,336,311,propagated real-source observation mask,matched,336.0,[],0.4509505916960508,0.4582712872627445,0.35714285714285715,-0.26266165674894215,ok,1.0162339194171144,0.016103558302897197,True,18.0,18.0,False,44.0,primary,p5,qualification,1340,block_a,3960,10080,360,2,1,311,,,
C0067,network_volume_forecast,network_volume_forecast|router__general__packet_length_min,temporal,linear,311,311,336,311,propagated real-source observation mask,matched,336.0,[],0.4509505916960508,0.45984671915574993,0.35714285714285715,-0.26266165674894215,ok,1.019727499250506,0.01953543400568847,True,18.0,18.0,False,44.0,primary,p5,qualification,1340,block_b,3960,10080,360,2,1,311,,,
C0067,network_volume_forecast,network_volume_forecast|router__general__packet_length_min,temporal,linear,311,311,336,311,propagated real-source observation mask,matched,336.0,[],0.4509505916960508,0.47833920073781006,0.35714285714285715,-0.26266165674894215,ok,1.0607352768709077,0.05896232508024424,True,18.0,18.0,False,44.0,primary,p5,qualification,1340,row_resample,3960,10080,360,2,1,311,,,
C0071,network_burst_prediction,network_burst_prediction|router__iot_named__mqtt_port_packets,temporal,linear,322,322,347,347,propagated real-source observation mask,matched,347.0,[],0.13401864820649667,0.13401864820649667,0.11607481255114879,-0.15458853872747683,ok,1.0,0.0,True,,,,0.18633540372670807,primary,p5,qualification,1340,identity,3960,10080,360,2,1,322,0.4976085356880059,0.00886277063328983,0.12968299711815562
C0071,network_burst_prediction,network_burst_prediction|router__iot_named__mqtt_port_packets,temporal,linear,322,322,347,322,propagated real-source observation mask,matched,347.0,[],0.13401864820649667,0.13248816111230652,0.11607481255114879,-0.15458853872747683,ok,0.9885800437873992,-0.011485664649865791,True,,,,0.18633540372670807,primary,p5,qualification,1340,block_a,3960,10080,360,2,1,322,0.4976085356880059,0.00886277063328983,0.12968299711815562
C0071,network_burst_prediction,network_burst_prediction|router__iot_named__mqtt_port_packets,temporal,linear,322,322,347,322,propagated real-source observation mask,matched,347.0,[],0.13401864820649667,0.13249392229426002,0.11607481255114879,-0.15458853872747683,ok,0.9886230317001307,-0.011442181091427901,True,,,,0.18633540372670807,primary,p5,qualification,1340,block_b,3960,10080,360,2,1,322,0.4976085356880059,0.00886277063328983,0.12968299711815562
C0071,network_burst_prediction,network_burst_prediction|router__iot_named__mqtt_port_packets,temporal,linear,322,322,347,322,propagated real-source observation mask,matched,347.0,[],0.13401864820649667,0.12041843964981143,0.11607481255114879,-0.15458853872747683,ok,0.8985200288266603,-0.10700628160278793,True,,,,0.18633540372670807,primary,p5,qualification,1340,row_resample,3960,10080,360,2,1,322,0.4976085356880059,0.00886277063328983,0.12968299711815562
C0081,network_volume_forecast,network_volume_forecast|router__iot_named__udp_count,temporal,linear,320,320,345,345,propagated real-source observation mask,matched,345.0,[],0.2679797815193201,0.2679797815193201,0.6101449275362318,0.5607932321892378,ok,1.0,0.0,True,4.0,4.0,False,0.0,primary,p5,qualification,1340,identity,3960,10080,360,2,1,320,,,
C0081,network_volume_forecast,network_volume_forecast|router__iot_named__udp_count,temporal,linear,320,320,345,320,propagated real-source observation mask,matched,345.0,[],0.2679797815193201,0.26783239308611223,0.6101449275362318,0.5607932321892378,ok,0.9994500016666472,-0.0005501496379168467,True,4.0,4.0,False,0.0,primary,p5,qualification,1340,block_a,3960,10080,360,2,1,320,,,
C0081,network_volume_forecast,network_volume_forecast|router__iot_named__udp_count,temporal,linear,320,320,345,320,propagated real-source observation mask,matched,345.0,[],0.2679797815193201,0.2678162484280547,0.6101449275362318,0.5607932321892378,ok,0.9993897558601688,-0.0006104304145722401,True,4.0,4.0,False,0.0,primary,p5,qualification,1340,block_b,3960,10080,360,2,1,320,,,
C0081,network_volume_forecast,network_volume_forecast|router__iot_named__udp_count,temporal,linear,320,320,345,320,propagated real-source observation mask,matched,345.0,[],0.2679797815193201,0.47951080789862943,0.6101449275362318,0.5607932321892378,ok,1.7893544250988909,0.5818548984311791,False,4.0,4.0,False,0.0,primary,p5,qualification,1340,row_resample,3960,10080,360,2,1,320,,,
C0082,network_volume_forecast,network_volume_forecast|router__iot_named__udp_count,temporal,linear,311,311,336,336,propagated real-source observation mask,matched,336.0,[],0.20627383631955176,0.20627383631955176,0.6086309523809523,0.6610855305458709,ok,1.0,0.0,True,4.0,4.0,False,0.0,primary,p5,qualification,1340,identity,3960,10080,360,2,1,311,,,
C0082,network_volume_forecast,network_volume_forecast|router__iot_named__udp_count,temporal,linear,311,311,336,311,propagated real-source observation mask,matched,336.0,[],0.20627383631955176,0.20687129850973426,0.6086309523809523,0.6610855305458709,ok,1.002896451633628,0.002892264999901523,True,4.0,4.0,False,0.0,primary,p5,qualification,1340,block_a,3960,10080,360,2,1,311,,,
C0082,network_volume_forecast,network_volume_forecast|router__iot_named__udp_count,temporal,linear,311,311,336,311,propagated real-source observation mask,matched,336.0,[],0.20627383631955176,0.19936797540284937,0.6086309523809523,0.6610855305458709,ok,0.966520907159529,-0.03405234874202644,True,4.0,4.0,False,0.0,primary,p5,qualification,1340,block_b,3960,10080,360,2,1,311,,,
C0082,network_volume_forecast,network_volume_forecast|router__iot_named__udp_count,temporal,linear,311,311,336,311,propagated real-source observation mask,matched,336.0,[],0.20627383631955176,0.44979479627747354,0.6086309523809523,0.6610855305458709,ok,2.1805712459852065,0.7795868819174145,False,4.0,4.0,False,0.0,primary,p5,qualification,1340,row_resample,3960,10080,360,2,1,311,,,
C0085,network_volume_forecast,network_volume_forecast|router__iot_named__dns_port_packets,temporal,linear,320,320,345,345,propagated real-source observation mask,matched,345.0,[],0.09155836978345601,0.09155836978345601,0.34202898550724636,0.7323081561415905,ok,1.0,0.0,True,4.0,4.0,False,0.0,primary,p5,qualification,1340,identity,3960,10080,360,2,1,320,,,
C0085,network_volume_forecast,network_volume_forecast|router__iot_named__dns_port_packets,temporal,linear,320,320,345,320,propagated real-source observation mask,matched,345.0,[],0.09155836978345601,0.09421807187136563,0.34202898550724636,0.7323081561415905,ok,1.0290492512503233,0.028635318923534794,True,4.0,4.0,False,0.0,primary,p5,qualification,1340,block_a,3960,10080,360,2,1,320,,,
C0085,network_volume_forecast,network_volume_forecast|router__iot_named__dns_port_packets,temporal,linear,320,320,345,320,propagated real-source observation mask,matched,345.0,[],0.09155836978345601,0.0942909994773344,0.34202898550724636,0.7323081561415905,ok,1.0298457661526883,0.02940904942982005,True,4.0,4.0,False,0.0,primary,p5,qualification,1340,block_b,3960,10080,360,2,1,320,,,
C0085,network_volume_forecast,network_volume_forecast|router__iot_named__dns_port_packets,temporal,linear,320,320,345,320,propagated real-source observation mask,matched,345.0,[],0.09155836978345601,0.4591642632001855,0.34202898550724636,0.7323081561415905,ok,5.014989501081675,1.6124313279085518,False,4.0,4.0,False,0.0,primary,p5,qualification,1340,row_resample,3960,10080,360,2,1,320,,,
C0086,network_volume_forecast,network_volume_forecast|router__iot_named__dns_port_packets,temporal,linear,311,311,336,336,propagated real-source observation mask,matched,336.0,[],0.10664004946006893,0.10664004946006893,0.34226190476190477,0.6884255946210159,ok,1.0,0.0,True,4.0,4.0,False,0.0,primary,p5,qualification,1340,identity,3960,10080,360,2,1,311,,,
C0086,network_volume_forecast,network_volume_forecast|router__iot_named__dns_port_packets,temporal,linear,311,311,336,311,propagated real-source observation mask,matched,336.0,[],0.10664004946006893,0.11148293469145865,0.34226190476190477,0.6884255946210159,ok,1.045413381331965,0.044412387417522264,True,4.0,4.0,False,0.0,primary,p5,qualification,1340,block_a,3960,10080,360,2,1,311,,,
C0086,network_volume_forecast,network_volume_forecast|router__iot_named__dns_port_packets,temporal,linear,311,311,336,311,propagated real-source observation mask,matched,336.0,[],0.10664004946006893,0.09203191972120195,0.34226190476190477,0.6884255946210159,ok,0.8630146008668446,-0.14732366930852153,True,4.0,4.0,False,0.0,primary,p5,qualification,1340,block_b,3960,10080,360,2,1,311,,,
C0086,network_volume_forecast,network_volume_forecast|router__iot_named__dns_port_packets,temporal,linear,311,311,336,311,propagated real-source observation mask,matched,336.0,[],0.10664004946006893,0.4250021807834508,0.34226190476190477,0.6884255946210159,ok,3.9853899443528644,1.3826351604919875,False,4.0,4.0,False,0.0,primary,p5,qualification,1340,row_resample,3960,10080,360,2,1,311,,,
C0034,network_volume_forecast,network_volume_forecast|router__general__packet_length_max,temporal,linear,322,322,347,347,propagated real-source observation mask,matched,347.0,[],1.3076977561150136,1.3076977561150136,1.5143866421578875,0.13648356389908312,ok,1.0,0.0,True,861.5,861.5,False,4209.5,primary,p5,qualification,1341,identity,3960,10080,360,8,20,322,,,
C0034,network_volume_forecast,network_volume_forecast|router__general__packet_length_max,temporal,linear,322,322,347,322,propagated real-source observation mask,matched,347.0,[],1.3076977561150136,1.2650835306183963,1.5143866421578875,0.13648356389908312,ok,0.9674127868635195,-0.03313000091802848,True,861.5,861.5,False,4209.5,primary,p5,qualification,1341,block_a,3960,10080,360,8,20,322,,,
C0034,network_volume_forecast,network_volume_forecast|router__general__packet_length_max,temporal,linear,322,322,347,322,propagated real-source observation mask,matched,347.0,[],1.3076977561150136,1.3819518986980708,1.5143866421578875,0.13648356389908312,ok,1.0567823430420618,0.055228766139826316,True,861.5,861.5,False,4209.5,primary,p5,qualification,1341,block_b,3960,10080,360,8,20,322,,,
C0034,network_volume_forecast,network_volume_forecast|router__general__packet_length_max,temporal,linear,322,322,347,322,propagated real-source observation mask,matched,347.0,[],1.3076977561150136,1.828564150184878,1.5143866421578875,0.13648356389908312,ok,1.3983079359387183,0.33526288846779917,False,861.5,861.5,False,4209.5,primary,p5,qualification,1341,row_resample,3960,10080,360,8,20,322,,,
C0035,network_volume_forecast,network_volume_forecast|router__general__packet_length_max,temporal,linear,320,320,345,345,propagated real-source observation mask,matched,345.0,[],1.2418686526196983,1.2418686526196983,1.5103988029187263,0.17778758151828164,ok,1.0,0.0,True,862.0,862.0,False,4209.5,primary,p5,qualification,1341,identity,3960,10080,360,8,20,320,,,
C0035,network_volume_forecast,network_volume_forecast|router__general__packet_length_max,temporal,linear,320,320,345,320,propagated real-source observation mask,matched,345.0,[],1.2418686526196983,1.2753236761401234,1.5103988029187263,0.17778758151828164,ok,1.0269392608065695,0.026582786847462424,True,862.0,862.0,False,4209.5,primary,p5,qualification,1341,block_a,3960,10080,360,8,20,320,,,
C0035,network_volume_forecast,network_volume_forecast|router__general__packet_length_max,temporal,linear,320,320,345,320,propagated real-source observation mask,matched,345.0,[],1.2418686526196983,1.45897689540106,1.5103988029187263,0.17778758151828164,ok,1.174823836903666,0.16111821031665707,False,862.0,862.0,False,4209.5,primary,p5,qualification,1341,block_b,3960,10080,360,8,20,320,,,
C0035,network_volume_forecast,network_volume_forecast|router__general__packet_length_max,temporal,linear,320,320,345,320,propagated real-source observation mask,matched,345.0,[],1.2418686526196983,1.9951972011946342,1.5103988029187263,0.17778758151828164,ok,1.606608876861336,0.4741256699890034,False,862.0,862.0,False,4209.5,primary,p5,qualification,1341,row_resample,3960,10080,360,8,20,320,,,
C0044,network_volume_forecast,network_volume_forecast|router__general__packet_length_mean,temporal,linear,311,311,336,336,propagated real-source observation mask,matched,336.0,[],0.11431750547698132,0.11431750547698132,0.5336643365688327,0.7857876240859941,ok,1.0,0.0,True,100.18731771058373,100.18731771058373,False,516.3470982142857,primary,p5,qualification,1341,identity,3960,10080,360,8,20,311,,,
C0044,network_volume_forecast,network_volume_forecast|router__general__packet_length_mean,temporal,linear,311,311,336,311,propagated real-source observation mask,matched,336.0,[],0.11431750547698132,0.11348346971564091,0.5336643365688327,0.7857876240859941,ok,0.9927042165776759,-0.007322527810435069,True,100.18731771058373,100.18731771058373,False,516.3470982142857,primary,p5,qualification,1341,block_a,3960,10080,360,8,20,311,,,
C0044,network_volume_forecast,network_volume_forecast|router__general__packet_length_mean,temporal,linear,311,311,336,311,propagated real-source observation mask,matched,336.0,[],0.11431750547698132,0.1141355896854081,0.5336643365688327,0.7857876240859941,ok,0.9984086794860141,-0.001592588009314378,True,100.18731771058373,100.18731771058373,False,516.3470982142857,primary,p5,qualification,1341,block_b,3960,10080,360,8,20,311,,,
C0044,network_volume_forecast,network_volume_forecast|router__general__packet_length_mean,temporal,linear,311,311,336,311,propagated real-source observation mask,matched,336.0,[],0.11431750547698132,0.5495952724730404,0.5336643365688327,0.7857876240859941,ok,4.807621284071017,1.57020242625847,False,100.18731771058373,100.18731771058373,False,516.3470982142857,primary,p5,qualification,1341,row_resample,3960,10080,360,8,20,311,,,
C0065,network_volume_forecast,network_volume_forecast|router__general__packet_length_min,temporal,linear,322,322,347,347,propagated real-source observation mask,matched,347.0,[],0.4725087630888536,0.4725087630888536,0.35446685878962536,-0.33301252676286336,ok,1.0,0.0,True,18.0,18.0,False,44.0,primary,p5,qualification,1341,identity,3960,10080,360,8,20,322,,,
C0065,network_volume_forecast,network_volume_forecast|router__general__packet_length_min,temporal,linear,322,322,347,322,propagated real-source observation mask,matched,347.0,[],0.4725087630888536,0.4755926242672694,0.35446685878962536,-0.33301252676286336,ok,1.006526569281501,0.006505363445770066,True,18.0,18.0,False,44.0,primary,p5,qualification,1341,block_a,3960,10080,360,8,20,322,,,
C0065,network_volume_forecast,network_volume_forecast|router__general__packet_length_min,temporal,linear,322,322,347,322,propagated real-source observation mask,matched,347.0,[],0.4725087630888536,0.47445415828046184,0.35446685878962536,-0.33301252676286336,ok,1.004117162142964,0.004108709822681439,True,18.0,18.0,False,44.0,primary,p5,qualification,1341,block_b,3960,10080,360,8,20,322,,,
C0065,network_volume_forecast,network_volume_forecast|router__general__packet_length_min,temporal,linear,322,322,347,322,propagated real-source observation mask,matched,347.0,[],0.4725087630888536,0.47414888361879703,0.35446685878962536,-0.33301252676286336,ok,1.0034710901851254,0.00346507985583643,True,18.0,18.0,False,44.0,primary,p5,qualification,1341,row_resample,3960,10080,360,8,20,322,,,
C0066,network_volume_forecast,network_volume_forecast|router__general__packet_length_min,temporal,linear,320,320,345,345,propagated real-source observation mask,matched,345.0,[],0.46967515065589915,0.46967515065589915,0.3536231884057971,-0.32817972931381323,ok,1.0,0.0,True,18.0,18.0,False,44.0,primary,p5,qualification,1341,identity,3960,10080,360,8,20,320,,,
C0066,network_volume_forecast,network_volume_forecast|router__general__packet_length_min,temporal,linear,320,320,345,320,propagated real-source observation mask,matched,345.0,[],0.46967515065589915,0.47118937007855277,0.3536231884057971,-0.32817972931381323,ok,1.0032239717612035,0.003218785907286617,True,18.0,18.0,False,44.0,primary,p5,qualification,1341,block_a,3960,10080,360,8,20,320,,,
C0066,network_volume_forecast,network_volume_forecast|router__general__packet_length_min,temporal,linear,320,320,345,320,propagated real-source observation mask,matched,345.0,[],0.46967515065589915,0.47075805884717997,0.3536231884057971,-0.32817972931381323,ok,1.0023056535773045,0.002302999636690838,True,18.0,18.0,False,44.0,primary,p5,qualification,1341,block_b,3960,10080,360,8,20,320,,,
C0066,network_volume_forecast,network_volume_forecast|router__general__packet_length_min,temporal,linear,320,320,345,320,propagated real-source observation mask,matched,345.0,[],0.46967515065589915,0.47445175872606904,0.3536231884057971,-0.32817972931381323,ok,1.0101700250981969,0.01011865836668028,True,18.0,18.0,False,44.0,primary,p5,qualification,1341,row_resample,3960,10080,360,8,20,320,,,
C0067,network_volume_forecast,network_volume_forecast|router__general__packet_length_min,temporal,linear,311,311,336,336,propagated real-source observation mask,matched,336.0,[],0.4509505916960508,0.4509505916960508,0.35714285714285715,-0.26266165674894215,ok,1.0,0.0,True,18.0,18.0,False,44.0,primary,p5,qualification,1341,identity,3960,10080,360,8,20,311,,,
C0067,network_volume_forecast,network_volume_forecast|router__general__packet_length_min,temporal,linear,311,311,336,311,propagated real-source observation mask,matched,336.0,[],0.4509505916960508,0.4556359594836097,0.35714285714285715,-0.26266165674894215,ok,1.0103899803522531,0.010336375488994666,True,18.0,18.0,False,44.0,primary,p5,qualification,1341,block_a,3960,10080,360,8,20,311,,,
C0067,network_volume_forecast,network_volume_forecast|router__general__packet_length_min,temporal,linear,311,311,336,311,propagated real-source observation mask,matched,336.0,[],0.4509505916960508,0.45613740601165176,0.35714285714285715,-0.26266165674894215,ok,1.0115019570017485,0.011436312375890828,True,18.0,18.0,False,44.0,primary,p5,qualification,1341,block_b,3960,10080,360,8,20,311,,,
C0067,network_volume_forecast,network_volume_forecast|router__general__packet_length_min,temporal,linear,311,311,336,311,propagated real-source observation mask,matched,336.0,[],0.4509505916960508,0.4713509077519966,0.35714285714285715,-0.26266165674894215,ok,1.0452384727542303,0.0442450629748601,True,18.0,18.0,False,44.0,primary,p5,qualification,1341,row_resample,3960,10080,360,8,20,311,,,
C0071,network_burst_prediction,network_burst_prediction|router__iot_named__mqtt_port_packets,temporal,linear,322,322,347,347,propagated real-source observation mask,matched,347.0,[],0.13401864820649667,0.13401864820649667,0.11607481255114879,-0.15458853872747683,ok,1.0,0.0,True,,,,0.18633540372670807,primary,p5,qualification,1341,identity,3960,10080,360,8,20,322,0.4976085356880059,0.00886277063328983,0.12968299711815562
C0071,network_burst_prediction,network_burst_prediction|router__iot_named__mqtt_port_packets,temporal,linear,322,322,347,322,propagated real-source observation mask,matched,347.0,[],0.13401864820649667,0.13248342012450057,0.11607481255114879,-0.15458853872747683,ok,0.9885446682044531,-0.011521449527506838,True,,,,0.18633540372670807,primary,p5,qualification,1341,block_a,3960,10080,360,8,20,322,0.4976085356880059,0.00886277063328983,0.12968299711815562
C0071,network_burst_prediction,network_burst_prediction|router__iot_named__mqtt_port_packets,temporal,linear,322,322,347,322,propagated real-source observation mask,matched,347.0,[],0.13401864820649667,0.13200840653420234,0.11607481255114879,-0.15458853872747683,ok,0.9850002839217051,-0.01511334956470379,True,,,,0.18633540372670807,primary,p5,qualification,1341,block_b,3960,10080,360,8,20,322,0.4976085356880059,0.00886277063328983,0.12968299711815562
C0071,network_burst_prediction,network_burst_prediction|router__iot_named__mqtt_port_packets,temporal,linear,322,322,347,322,propagated real-source observation mask,matched,347.0,[],0.13401864820649667,0.11416752058158515,0.11607481255114879,-0.15458853872747683,ok,0.8518778700533914,-0.16031210743545538,True,,,,0.18633540372670807,primary,p5,qualification,1341,row_resample,3960,10080,360,8,20,322,0.4976085356880059,0.00886277063328983,0.12968299711815562
C0081,network_volume_forecast,network_volume_forecast|router__iot_named__udp_count,temporal,linear,320,320,345,345,propagated real-source observation mask,matched,345.0,[],0.2679797815193201,0.2679797815193201,0.6101449275362318,0.5607932321892378,ok,1.0,0.0,True,4.0,4.0,False,0.0,primary,p5,qualification,1341,identity,3960,10080,360,8,20,320,,,
C0081,network_volume_forecast,network_volume_forecast|router__iot_named__udp_count,temporal,linear,320,320,345,320,propagated real-source observation mask,matched,345.0,[],0.2679797815193201,0.26780770314134444,0.6101449275362318,0.5607932321892378,ok,0.9993578680563135,-0.00064233819870302,True,4.0,4.0,False,0.0,primary,p5,qualification,1341,block_a,3960,10080,360,8,20,320,,,
C0081,network_volume_forecast,network_volume_forecast|router__iot_named__udp_count,temporal,linear,320,320,345,320,propagated real-source observation mask,matched,345.0,[],0.2679797815193201,0.26781930909350743,0.6101449275362318,0.5607932321892378,ok,0.9994011771152925,-0.0005990022507403287,True,4.0,4.0,False,0.0,primary,p5,qualification,1341,block_b,3960,10080,360,8,20,320,,,
C0081,network_volume_forecast,network_volume_forecast|router__iot_named__udp_count,temporal,linear,320,320,345,320,propagated real-source observation mask,matched,345.0,[],0.2679797815193201,0.47368073505584063,0.6101449275362318,0.5607932321892378,ok,1.7675987806628255,0.569622004447793,False,4.0,4.0,False,0.0,primary,p5,qualification,1341,row_resample,3960,10080,360,8,20,320,,,
C0082,network_volume_forecast,network_volume_forecast|router__iot_named__udp_count,temporal,linear,311,311,336,336,propagated real-source observation mask,matched,336.0,[],0.20627383631955176,0.20627383631955176,0.6086309523809523,0.6610855305458709,ok,1.0,0.0,True,4.0,4.0,False,0.0,primary,p5,qualification,1341,identity,3960,10080,360,8,20,311,,,
C0082,network_volume_forecast,network_volume_forecast|router__iot_named__udp_count,temporal,linear,311,311,336,311,propagated real-source observation mask,matched,336.0,[],0.20627383631955176,0.20698510367451514,0.6086309523809523,0.6610855305458709,ok,1.0034481704885805,0.003442239179587013,True,4.0,4.0,False,0.0,primary,p5,qualification,1341,block_a,3960,10080,360,8,20,311,,,
C0082,network_volume_forecast,network_volume_forecast|router__iot_named__udp_count,temporal,linear,311,311,336,311,propagated real-source observation mask,matched,336.0,[],0.20627383631955176,0.2063310965288544,0.6086309523809523,0.6610855305458709,ok,1.0002775931757721,0.00027755465391529334,True,4.0,4.0,False,0.0,primary,p5,qualification,1341,block_b,3960,10080,360,8,20,311,,,
C0082,network_volume_forecast,network_volume_forecast|router__iot_named__udp_count,temporal,linear,311,311,336,311,propagated real-source observation mask,matched,336.0,[],0.20627383631955176,0.4664658932584257,0.6086309523809523,0.6610855305458709,ok,2.261391466709302,0.8159803170570823,False,4.0,4.0,False,0.0,primary,p5,qualification,1341,row_resample,3960,10080,360,8,20,311,,,
C0085,network_volume_forecast,network_volume_forecast|router__iot_named__dns_port_packets,temporal,linear,320,320,345,345,propagated real-source observation mask,matched,345.0,[],0.09155836978345601,0.09155836978345601,0.34202898550724636,0.7323081561415905,ok,1.0,0.0,True,4.0,4.0,False,0.0,primary,p5,qualification,1341,identity,3960,10080,360,8,20,320,,,
C0085,network_volume_forecast,network_volume_forecast|router__iot_named__dns_port_packets,temporal,linear,320,320,345,320,propagated real-source observation mask,matched,345.0,[],0.09155836978345601,0.09421807187136563,0.34202898550724636,0.7323081561415905,ok,1.0290492512503233,0.028635318923534794,True,4.0,4.0,False,0.0,primary,p5,qualification,1341,block_a,3960,10080,360,8,20,320,,,
C0085,network_volume_forecast,network_volume_forecast|router__iot_named__dns_port_packets,temporal,linear,320,320,345,320,propagated real-source observation mask,matched,345.0,[],0.09155836978345601,0.09421807187136563,0.34202898550724636,0.7323081561415905,ok,1.0290492512503233,0.028635318923534794,True,4.0,4.0,False,0.0,primary,p5,qualification,1341,block_b,3960,10080,360,8,20,320,,,
C0085,network_volume_forecast,network_volume_forecast|router__iot_named__dns_port_packets,temporal,linear,320,320,345,320,propagated real-source observation mask,matched,345.0,[],0.09155836978345601,0.46319836633252626,0.34202898550724636,0.7323081561415905,ok,5.059049952811885,1.6211787093096546,False,4.0,4.0,False,0.0,primary,p5,qualification,1341,row_resample,3960,10080,360,8,20,320,,,
C0086,network_volume_forecast,network_volume_forecast|router__iot_named__dns_port_packets,temporal,linear,311,311,336,336,propagated real-source observation mask,matched,336.0,[],0.10664004946006893,0.10664004946006893,0.34226190476190477,0.6884255946210159,ok,1.0,0.0,True,4.0,4.0,False,0.0,primary,p5,qualification,1341,identity,3960,10080,360,8,20,311,,,
C0086,network_volume_forecast,network_volume_forecast|router__iot_named__dns_port_packets,temporal,linear,311,311,336,311,propagated real-source observation mask,matched,336.0,[],0.10664004946006893,0.11148293469145865,0.34226190476190477,0.6884255946210159,ok,1.045413381331965,0.044412387417522264,True,4.0,4.0,False,0.0,primary,p5,qualification,1341,block_a,3960,10080,360,8,20,311,,,
C0086,network_volume_forecast,network_volume_forecast|router__iot_named__dns_port_packets,temporal,linear,311,311,336,311,propagated real-source observation mask,matched,336.0,[],0.10664004946006893,0.11148293469145865,0.34226190476190477,0.6884255946210159,ok,1.045413381331965,0.044412387417522264,True,4.0,4.0,False,0.0,primary,p5,qualification,1341,block_b,3960,10080,360,8,20,311,,,
C0086,network_volume_forecast,network_volume_forecast|router__iot_named__dns_port_packets,temporal,linear,311,311,336,311,propagated real-source observation mask,matched,336.0,[],0.10664004946006893,0.45811972151301933,0.34226190476190477,0.6884255946210159,ok,4.295944383301895,1.4576714109639846,False,4.0,4.0,False,0.0,primary,p5,qualification,1341,row_resample,3960,10080,360,8,20,311,,,
C0034,network_volume_forecast,network_volume_forecast|router__general__packet_length_max,temporal,linear,322,322,347,347,propagated real-source observation mask,matched,347.0,[],0.800805858845864,0.800805858845864,0.7816972686492532,-0.024445000594194,ok,1.0,0.0,True,596.5,596.5,False,3922.0,primary,p6,calibration,1337,identity,3600,10440,360,2,22,322,,,
C0034,network_volume_forecast,network_volume_forecast|router__general__packet_length_max,temporal,linear,322,322,347,322,propagated real-source observation mask,matched,347.0,[],0.800805858845864,0.7948778177034503,0.7816972686492532,-0.024445000594194,ok,0.9925974053799291,-0.007430129795613059,True,596.5,596.5,False,3922.0,primary,p6,calibration,1337,block_a,3600,10440,360,2,22,322,,,
C0034,network_volume_forecast,network_volume_forecast|router__general__packet_length_max,temporal,linear,322,322,347,322,propagated real-source observation mask,matched,347.0,[],0.800805858845864,0.8033361893535669,0.7816972686492532,-0.024445000594194,ok,1.003159730263899,0.003154748806844112,True,596.5,596.5,False,3922.0,primary,p6,calibration,1337,block_b,3600,10440,360,2,22,322,,,
C0034,network_volume_forecast,network_volume_forecast|router__general__packet_length_max,temporal,linear,322,322,347,322,propagated real-source observation mask,matched,347.0,[],0.800805858845864,0.8036408826088566,0.7816972686492532,-0.024445000594194,ok,1.0035402135632205,0.0035339617579895517,True,596.5,596.5,False,3922.0,primary,p6,calibration,1337,row_resample,3600,10440,360,2,22,322,,,
C0035,network_volume_forecast,network_volume_forecast|router__general__packet_length_max,temporal,linear,320,320,345,345,propagated real-source observation mask,matched,345.0,[],0.820411682486306,0.820411682486306,0.775627136597814,-0.057739787296423775,ok,1.0,0.0,True,602.0,602.0,False,3922.0,primary,p6,calibration,1337,identity,3600,10440,360,2,22,320,,,
C0035,network_volume_forecast,network_volume_forecast|router__general__packet_length_max,temporal,linear,320,320,345,320,propagated real-source observation mask,matched,345.0,[],0.820411682486306,0.8215611467660732,0.775627136597814,-0.057739787296423775,ok,1.0014010822911292,0.0014001016911632748,True,602.0,602.0,False,3922.0,primary,p6,calibration,1337,block_a,3600,10440,360,2,22,320,,,
C0035,network_volume_forecast,network_volume_forecast|router__general__packet_length_max,temporal,linear,320,320,345,320,propagated real-source observation mask,matched,345.0,[],0.820411682486306,0.8323756287459211,0.775627136597814,-0.057739787296423775,ok,1.014582857015587,0.01447754970925299,True,602.0,602.0,False,3922.0,primary,p6,calibration,1337,block_b,3600,10440,360,2,22,320,,,
C0035,network_volume_forecast,network_volume_forecast|router__general__packet_length_max,temporal,linear,320,320,345,320,propagated real-source observation mask,matched,345.0,[],0.820411682486306,0.8113293585055019,0.775627136597814,-0.057739787296423775,ok,0.9889295530833013,-0.011132180348101046,True,602.0,602.0,False,3922.0,primary,p6,calibration,1337,row_resample,3600,10440,360,2,22,320,,,
C0044,network_volume_forecast,network_volume_forecast|router__general__packet_length_mean,temporal,linear,311,311,336,336,propagated real-source observation mask,matched,336.0,[],0.11933368038032074,0.11933368038032074,0.5609596480468199,0.7872686907234355,ok,1.0,0.0,True,99.97518541638749,99.97518541638749,False,518.3029966703663,primary,p6,calibration,1337,identity,3600,10440,360,2,22,311,,,
C0044,network_volume_forecast,network_volume_forecast|router__general__packet_length_mean,temporal,linear,311,311,336,311,propagated real-source observation mask,matched,336.0,[],0.11933368038032074,0.11901185444765966,0.5609596480468199,0.7872686907234355,ok,0.9973031424855463,-0.0027005005860511393,True,99.97518541638749,99.97518541638749,False,518.3029966703663,primary,p6,calibration,1337,block_a,3600,10440,360,2,22,311,,,
C0044,network_volume_forecast,network_volume_forecast|router__general__packet_length_mean,temporal,linear,311,311,336,311,propagated real-source observation mask,matched,336.0,[],0.11933368038032074,0.11913386797646353,0.5609596480468199,0.7872686907234355,ok,0.998325599250602,-0.0016758041250937367,True,99.97518541638749,99.97518541638749,False,518.3029966703663,primary,p6,calibration,1337,block_b,3600,10440,360,2,22,311,,,
C0044,network_volume_forecast,network_volume_forecast|router__general__packet_length_mean,temporal,linear,311,311,336,311,propagated real-source observation mask,matched,336.0,[],0.11933368038032074,0.5447961685833653,0.5609596480468199,0.7872686907234355,ok,4.565317744722867,1.518488116164159,False,99.97518541638749,99.97518541638749,False,518.3029966703663,primary,p6,calibration,1337,row_resample,3600,10440,360,2,22,311,,,
C0065,network_volume_forecast,network_volume_forecast|router__general__packet_length_min,temporal,linear,322,322,347,347,propagated real-source observation mask,matched,347.0,[],0.458027648766155,0.458027648766155,0.3586295228946526,-0.2771610241934838,ok,1.0,0.0,True,18.0,18.0,False,44.0,primary,p6,calibration,1337,identity,3600,10440,360,2,22,322,,,
C0065,network_volume_forecast,network_volume_forecast|router__general__packet_length_min,temporal,linear,322,322,347,322,propagated real-source observation mask,matched,347.0,[],0.458027648766155,0.45991502878435814,0.3586295228946526,-0.2771610241934838,ok,1.0041206683118091,0.004112201609154005,True,18.0,18.0,False,44.0,primary,p6,calibration,1337,block_a,3600,10440,360,2,22,322,,,
C0065,network_volume_forecast,network_volume_forecast|router__general__packet_length_min,temporal,linear,322,322,347,322,propagated real-source observation mask,matched,347.0,[],0.458027648766155,0.4596928438814605,0.3586295228946526,-0.2771610241934838,ok,1.003635577720671,0.003628984982100012,True,18.0,18.0,False,44.0,primary,p6,calibration,1337,block_b,3600,10440,360,2,22,322,,,
C0065,network_volume_forecast,network_volume_forecast|router__general__packet_length_min,temporal,linear,322,322,347,322,propagated real-source observation mask,matched,347.0,[],0.458027648766155,0.45878872307729424,0.3586295228946526,-0.2771610241934838,ok,1.0016616339934705,0.0016602550070755062,True,18.0,18.0,False,44.0,primary,p6,calibration,1337,row_resample,3600,10440,360,2,22,322,,,
C0066,network_volume_forecast,network_volume_forecast|router__general__packet_length_min,temporal,linear,320,320,345,345,propagated real-source observation mask,matched,345.0,[],0.45553979262544814,0.45553979262544814,0.3549114331723027,-0.28353090390382624,ok,1.0,0.0,True,18.0,18.0,False,44.0,primary,p6,calibration,1337,identity,3600,10440,360,2,22,320,,,
C0066,network_volume_forecast,network_volume_forecast|router__general__packet_length_min,temporal,linear,320,320,345,320,propagated real-source observation mask,matched,345.0,[],0.45553979262544814,0.45690885345707666,0.3549114331723027,-0.28353090390382624,ok,1.0030053594741704,0.003000852409361172,True,18.0,18.0,False,44.0,primary,p6,calibration,1337,block_a,3600,10440,360,2,22,320,,,
C0066,network_volume_forecast,network_volume_forecast|router__general__packet_length_min,temporal,linear,320,320,345,320,propagated real-source observation mask,matched,345.0,[],0.45553979262544814,0.4573196446129584,0.3549114331723027,-0.28353090390382624,ok,1.0039071273603832,0.003899514361805034,True,18.0,18.0,False,44.0,primary,p6,calibration,1337,block_b,3600,10440,360,2,22,320,,,
C0066,network_volume_forecast,network_volume_forecast|router__general__packet_length_min,temporal,linear,320,320,345,320,propagated real-source observation mask,matched,345.0,[],0.45553979262544814,0.457429095121953,0.3549114331723027,-0.28353090390382624,ok,1.0041473928888103,0.00413881616078587,True,18.0,18.0,False,44.0,primary,p6,calibration,1337,row_resample,3600,10440,360,2,22,320,,,
C0067,network_volume_forecast,network_volume_forecast|router__general__packet_length_min,temporal,linear,311,311,336,336,propagated real-source observation mask,matched,336.0,[],0.4521989765392326,0.4521989765392326,0.3584656084656085,-0.26148496776258234,ok,1.0,0.0,True,18.0,18.0,False,44.0,primary,p6,calibration,1337,identity,3600,10440,360,2,22,311,,,
C0067,network_volume_forecast,network_volume_forecast|router__general__packet_length_min,temporal,linear,311,311,336,311,propagated real-source observation mask,matched,336.0,[],0.4521989765392326,0.45030367722383474,0.3584656084656085,-0.26148496776258234,ok,0.9958087049866788,-0.0042001031104366435,True,18.0,18.0,False,44.0,primary,p6,calibration,1337,block_a,3600,10440,360,2,22,311,,,
C0067,network_volume_forecast,network_volume_forecast|router__general__packet_length_min,temporal,linear,311,311,336,311,propagated real-source observation mask,matched,336.0,[],0.4521989765392326,0.4514705372276145,0.3584656084656085,-0.26148496776258234,ok,0.9983891177348676,-0.0016121811310358977,True,18.0,18.0,False,44.0,primary,p6,calibration,1337,block_b,3600,10440,360,2,22,311,,,
C0067,network_volume_forecast,network_volume_forecast|router__general__packet_length_min,temporal,linear,311,311,336,311,propagated real-source observation mask,matched,336.0,[],0.4521989765392326,0.45854614348467604,0.3584656084656085,-0.26148496776258234,ok,1.0140362258093099,0.013938630181052536,True,18.0,18.0,False,44.0,primary,p6,calibration,1337,row_resample,3600,10440,360,2,22,311,,,
C0071,network_burst_prediction,network_burst_prediction|router__iot_named__mqtt_port_packets,temporal,linear,322,322,347,347,propagated real-source observation mask,matched,,,,,,,single_class,,,,,,,,primary,p6,calibration,1337,identity,3600,10440,360,2,22,322,,,
C0071,network_burst_prediction,network_burst_prediction|router__iot_named__mqtt_port_packets,temporal,linear,322,322,347,322,propagated real-source observation mask,matched,,,,,,,single_class,,,,,,,,primary,p6,calibration,1337,block_a,3600,10440,360,2,22,322,,,
C0071,network_burst_prediction,network_burst_prediction|router__iot_named__mqtt_port_packets,temporal,linear,322,322,347,322,propagated real-source observation mask,matched,,,,,,,single_class,,,,,,,,primary,p6,calibration,1337,block_b,3600,10440,360,2,22,322,,,
C0071,network_burst_prediction,network_burst_prediction|router__iot_named__mqtt_port_packets,temporal,linear,322,322,347,322,propagated real-source observation mask,matched,,,,,,,single_class,,,,,,,,primary,p6,calibration,1337,row_resample,3600,10440,360,2,22,322,,,
C0081,network_volume_forecast,network_volume_forecast|router__iot_named__udp_count,temporal,linear,320,320,345,345,propagated real-source observation mask,matched,345.0,[],0.2141568834573373,0.2141568834573373,0.5471014492753623,0.608560928250165,ok,1.0,0.0,True,4.0,4.0,False,0.0,primary,p6,calibration,1337,identity,3600,10440,360,2,22,320,,,
C0081,network_volume_forecast,network_volume_forecast|router__iot_named__udp_count,temporal,linear,320,320,345,320,propagated real-source observation mask,matched,345.0,[],0.2141568834573373,0.21401035168173646,0.5471014492753623,0.608560928250165,ok,0.9993157736831279,-0.0006844605065304114,True,4.0,4.0,False,0.0,primary,p6,calibration,1337,block_a,3600,10440,360,2,22,320,,,
C0081,network_volume_forecast,network_volume_forecast|router__iot_named__udp_count,temporal,linear,320,320,345,320,propagated real-source observation mask,matched,345.0,[],0.2141568834573373,0.2145179158296301,0.5471014492753623,0.608560928250165,ok,1.001685831276886,0.0016844118583816945,True,4.0,4.0,False,0.0,primary,p6,calibration,1337,block_b,3600,10440,360,2,22,320,,,
C0081,network_volume_forecast,network_volume_forecast|router__iot_named__udp_count,temporal,linear,320,320,345,320,propagated real-source observation mask,matched,345.0,[],0.2141568834573373,0.4372716035943017,0.5471014492753623,0.608560928250165,ok,2.0418283855041794,0.7138456738523328,False,4.0,4.0,False,0.0,primary,p6,calibration,1337,row_resample,3600,10440,360,2,22,320,,,
C0082,network_volume_forecast,network_volume_forecast|router__iot_named__udp_count,temporal,linear,311,311,336,336,propagated real-source observation mask,matched,336.0,[],0.21712651184088255,0.21712651184088255,0.5528273809523809,0.6072435640455637,ok,1.0,0.0,True,4.0,4.0,False,0.0,primary,p6,calibration,1337,identity,3600,10440,360,2,22,311,,,
C0082,network_volume_forecast,network_volume_forecast|router__iot_named__udp_count,temporal,linear,311,311,336,311,propagated real-source observation mask,matched,336.0,[],0.21712651184088255,0.21772796375465747,0.5528273809523809,0.6072435640455637,ok,1.0027700528538666,0.002766223327822904,True,4.0,4.0,False,0.0,primary,p6,calibration,1337,block_a,3600,10440,360,2,22,311,,,
C0082,network_volume_forecast,network_volume_forecast|router__iot_named__udp_count,temporal,linear,311,311,336,311,propagated real-source observation mask,matched,336.0,[],0.21712651184088255,0.21829181766270617,0.5528273809523809,0.6072435640455637,ok,1.0053669439625024,0.005352593242196279,True,4.0,4.0,False,0.0,primary,p6,calibration,1337,block_b,3600,10440,360,2,22,311,,,
C0082,network_volume_forecast,network_volume_forecast|router__iot_named__udp_count,temporal,linear,311,311,336,311,propagated real-source observation mask,matched,336.0,[],0.21712651184088255,0.47156819014740253,0.5528273809523809,0.6072435640455637,ok,2.1718590979483112,0.7755835279362435,False,4.0,4.0,False,0.0,primary,p6,calibration,1337,row_resample,3600,10440,360,2,22,311,,,
C0085,network_volume_forecast,network_volume_forecast|router__iot_named__dns_port_packets,temporal,linear,320,320,345,345,propagated real-source observation mask,matched,345.0,[],0.0822520230525361,0.0822520230525361,0.3347826086956522,0.7543121389339831,ok,1.0,0.0,True,4.0,4.0,False,0.0,primary,p6,calibration,1337,identity,3600,10440,360,2,22,320,,,
C0085,network_volume_forecast,network_volume_forecast|router__iot_named__dns_port_packets,temporal,linear,320,320,345,320,propagated real-source observation mask,matched,345.0,[],0.0822520230525361,0.08225202305253645,0.3347826086956522,0.7543121389339831,ok,1.0000000000000044,4.440892098500617e-15,True,4.0,4.0,False,0.0,primary,p6,calibration,1337,block_a,3600,10440,360,2,22,320,,,
C0085,network_volume_forecast,network_volume_forecast|router__iot_named__dns_port_packets,temporal,linear,320,320,345,320,propagated real-source observation mask,matched,345.0,[],0.0822520230525361,0.08225202305253645,0.3347826086956522,0.7543121389339831,ok,1.0000000000000044,4.440892098500617e-15,True,4.0,4.0,False,0.0,primary,p6,calibration,1337,block_b,3600,10440,360,2,22,320,,,
C0085,network_volume_forecast,network_volume_forecast|router__iot_named__dns_port_packets,temporal,linear,320,320,345,320,propagated real-source observation mask,matched,345.0,[],0.0822520230525361,0.4311091005495462,0.3347826086956522,0.7543121389339831,ok,5.241319113502993,1.656573205870079,False,4.0,4.0,False,0.0,primary,p6,calibration,1337,row_resample,3600,10440,360,2,22,320,,,
C0086,network_volume_forecast,network_volume_forecast|router__iot_named__dns_port_packets,temporal,linear,311,311,336,336,propagated real-source observation mask,matched,336.0,[],0.09557246719108986,0.09557246719108986,0.33482142857142855,0.7145568979892782,ok,1.0,0.0,True,4.0,4.0,False,0.0,primary,p6,calibration,1337,identity,3600,10440,360,2,22,311,,,
C0086,network_volume_forecast,network_volume_forecast|router__iot_named__dns_port_packets,temporal,linear,311,311,336,311,propagated real-source observation mask,matched,336.0,[],0.09557246719108986,0.1002092471599294,0.33482142857142855,0.7145568979892782,ok,1.0485158550900298,0.04737569293366029,True,4.0,4.0,False,0.0,primary,p6,calibration,1337,block_a,3600,10440,360,2,22,311,,,
C0086,network_volume_forecast,network_volume_forecast|router__iot_named__dns_port_packets,temporal,linear,311,311,336,311,propagated real-source observation mask,matched,336.0,[],0.09557246719108986,0.1002092471599294,0.33482142857142855,0.7145568979892782,ok,1.0485158550900298,0.04737569293366029,True,4.0,4.0,False,0.0,primary,p6,calibration,1337,block_b,3600,10440,360,2,22,311,,,
C0086,network_volume_forecast,network_volume_forecast|router__iot_named__dns_port_packets,temporal,linear,311,311,336,311,propagated real-source observation mask,matched,336.0,[],0.09557246719108986,0.46806758386999836,0.33482142857142855,0.7145568979892782,ok,4.897514918539593,1.5887279169859965,False,4.0,4.0,False,0.0,primary,p6,calibration,1337,row_resample,3600,10440,360,2,22,311,,,
C0034,network_volume_forecast,network_volume_forecast|router__general__packet_length_max,temporal,linear,322,322,347,347,propagated real-source observation mask,matched,347.0,[],0.800805858845864,0.800805858845864,0.7816972686492532,-0.024445000594194,ok,1.0,0.0,True,596.5,596.5,False,3922.0,primary,p6,calibration,1338,identity,3600,10440,360,14,7,322,,,
C0034,network_volume_forecast,network_volume_forecast|router__general__packet_length_max,temporal,linear,322,322,347,322,propagated real-source observation mask,matched,347.0,[],0.800805858845864,0.8096579674099773,0.7816972686492532,-0.024445000594194,ok,1.0110540007497837,0.010993351816433765,True,596.5,596.5,False,3922.0,primary,p6,calibration,1338,block_a,3600,10440,360,14,7,322,,,
C0034,network_volume_forecast,network_volume_forecast|router__general__packet_length_max,temporal,linear,322,322,347,322,propagated real-source observation mask,matched,347.0,[],0.800805858845864,0.7974585811317224,0.7816972686492532,-0.024445000594194,ok,0.9958201133556069,-0.0041886467900388285,True,596.5,596.5,False,3922.0,primary,p6,calibration,1338,block_b,3600,10440,360,14,7,322,,,
C0034,network_volume_forecast,network_volume_forecast|router__general__packet_length_max,temporal,linear,322,322,347,322,propagated real-source observation mask,matched,347.0,[],0.800805858845864,0.8427249436156748,0.7816972686492532,-0.024445000594194,ok,1.0523461264759295,0.051022077763779886,True,596.5,596.5,False,3922.0,primary,p6,calibration,1338,row_resample,3600,10440,360,14,7,322,,,
C0035,network_volume_forecast,network_volume_forecast|router__general__packet_length_max,temporal,linear,320,320,345,345,propagated real-source observation mask,matched,345.0,[],0.820411682486306,0.820411682486306,0.775627136597814,-0.057739787296423775,ok,1.0,0.0,True,602.0,602.0,False,3922.0,primary,p6,calibration,1338,identity,3600,10440,360,14,7,320,,,
C0035,network_volume_forecast,network_volume_forecast|router__general__packet_length_max,temporal,linear,320,320,345,320,propagated real-source observation mask,matched,345.0,[],0.820411682486306,0.8374393445124978,0.775627136597814,-0.057739787296423775,ok,1.0207550213992425,0.020542570528732568,True,602.0,602.0,False,3922.0,primary,p6,calibration,1338,block_a,3600,10440,360,14,7,320,,,
C0035,network_volume_forecast,network_volume_forecast|router__general__packet_length_max,temporal,linear,320,320,345,320,propagated real-source observation mask,matched,345.0,[],0.820411682486306,0.8289083654041765,0.775627136597814,-0.057739787296423775,ok,1.010356608882166,0.010303346636918008,True,602.0,602.0,False,3922.0,primary,p6,calibration,1338,block_b,3600,10440,360,14,7,320,,,
C0035,network_volume_forecast,network_volume_forecast|router__general__packet_length_max,temporal,linear,320,320,345,320,propagated real-source observation mask,matched,345.0,[],0.820411682486306,0.8499640005845446,0.775627136597814,-0.057739787296423775,ok,1.0360213277420411,0.03538773024898152,True,602.0,602.0,False,3922.0,primary,p6,calibration,1338,row_resample,3600,10440,360,14,7,320,,,
C0044,network_volume_forecast,network_volume_forecast|router__general__packet_length_mean,temporal,linear,311,311,336,336,propagated real-source observation mask,matched,336.0,[],0.11933368038032074,0.11933368038032074,0.5609596480468199,0.7872686907234355,ok,1.0,0.0,True,99.97518541638749,99.97518541638749,False,518.3029966703663,primary,p6,calibration,1338,identity,3600,10440,360,14,7,311,,,
C0044,network_volume_forecast,network_volume_forecast|router__general__packet_length_mean,temporal,linear,311,311,336,311,propagated real-source observation mask,matched,336.0,[],0.11933368038032074,0.11910817591005314,0.5609596480468199,0.7872686907234355,ok,0.9981103032308322,-0.0018914844986402963,True,99.97518541638749,99.97518541638749,False,518.3029966703663,primary,p6,calibration,1338,block_a,3600,10440,360,14,7,311,,,
C0044,network_volume_forecast,network_volume_forecast|router__general__packet_length_mean,temporal,linear,311,311,336,311,propagated real-source observation mask,matched,336.0,[],0.11933368038032074,0.11909758734812417,0.5609596480468199,0.7872686907234355,ok,0.998021572522995,-0.0019803871497861758,True,99.97518541638749,99.97518541638749,False,518.3029966703663,primary,p6,calibration,1338,block_b,3600,10440,360,14,7,311,,,
C0044,network_volume_forecast,network_volume_forecast|router__general__packet_length_mean,temporal,linear,311,311,336,311,propagated real-source observation mask,matched,336.0,[],0.11933368038032074,0.6197701367445874,0.5609596480468199,0.7872686907234355,ok,5.193589393785205,1.6474250561659183,False,99.97518541638749,99.97518541638749,False,518.3029966703663,primary,p6,calibration,1338,row_resample,3600,10440,360,14,7,311,,,
C0065,network_volume_forecast,network_volume_forecast|router__general__packet_length_min,temporal,linear,322,322,347,347,propagated real-source observation mask,matched,347.0,[],0.458027648766155,0.458027648766155,0.3586295228946526,-0.2771610241934838,ok,1.0,0.0,True,18.0,18.0,False,44.0,primary,p6,calibration,1338,identity,3600,10440,360,14,7,322,,,
C0065,network_volume_forecast,network_volume_forecast|router__general__packet_length_min,temporal,linear,322,322,347,322,propagated real-source observation mask,matched,347.0,[],0.458027648766155,0.45887465295550695,0.3586295228946526,-0.2771610241934838,ok,1.001849242489255,0.001847534745393959,True,18.0,18.0,False,44.0,primary,p6,calibration,1338,block_a,3600,10440,360,14,7,322,,,
C0065,network_volume_forecast,network_volume_forecast|router__general__packet_length_min,temporal,linear,322,322,347,322,propagated real-source observation mask,matched,347.0,[],0.458027648766155,0.46072131874062383,0.3586295228946526,-0.2771610241934838,ok,1.0058810204618107,0.005863794764431917,True,18.0,18.0,False,44.0,primary,p6,calibration,1338,block_b,3600,10440,360,14,7,322,,,
C0065,network_volume_forecast,network_volume_forecast|router__general__packet_length_min,temporal,linear,322,322,347,322,propagated real-source observation mask,matched,347.0,[],0.458027648766155,0.4667785903717215,0.3586295228946526,-0.2771610241934838,ok,1.019105706018272,0.018925483912757994,True,18.0,18.0,False,44.0,primary,p6,calibration,1338,row_resample,3600,10440,360,14,7,322,,,
C0066,network_volume_forecast,network_volume_forecast|router__general__packet_length_min,temporal,linear,320,320,345,345,propagated real-source observation mask,matched,345.0,[],0.45553979262544814,0.45553979262544814,0.3549114331723027,-0.28353090390382624,ok,1.0,0.0,True,18.0,18.0,False,44.0,primary,p6,calibration,1338,identity,3600,10440,360,14,7,320,,,
C0066,network_volume_forecast,network_volume_forecast|router__general__packet_length_min,temporal,linear,320,320,345,320,propagated real-source observation mask,matched,345.0,[],0.45553979262544814,0.4562142295762507,0.3549114331723027,-0.28353090390382624,ok,1.0014805225838022,0.0014794276907842514,True,18.0,18.0,False,44.0,primary,p6,calibration,1338,block_a,3600,10440,360,14,7,320,,,
C0066,network_volume_forecast,network_volume_forecast|router__general__packet_length_min,temporal,linear,320,320,345,320,propagated real-source observation mask,matched,345.0,[],0.45553979262544814,0.45581234751840644,0.3549114331723027,-0.28353090390382624,ok,1.0005983119309676,0.0005981330137462115,True,18.0,18.0,False,44.0,primary,p6,calibration,1338,block_b,3600,10440,360,14,7,320,,,
C0066,network_volume_forecast,network_volume_forecast|router__general__packet_length_min,temporal,linear,320,320,345,320,propagated real-source observation mask,matched,345.0,[],0.45553979262544814,0.4663325632960606,0.3549114331723027,-0.28353090390382624,ok,1.023692267602814,0.023415961533029234,True,18.0,18.0,False,44.0,primary,p6,calibration,1338,row_resample,3600,10440,360,14,7,320,,,
C0067,network_volume_forecast,network_volume_forecast|router__general__packet_length_min,temporal,linear,311,311,336,336,propagated real-source observation mask,matched,336.0,[],0.4521989765392326,0.4521989765392326,0.3584656084656085,-0.26148496776258234,ok,1.0,0.0,True,18.0,18.0,False,44.0,primary,p6,calibration,1338,identity,3600,10440,360,14,7,311,,,
C0067,network_volume_forecast,network_volume_forecast|router__general__packet_length_min,temporal,linear,311,311,336,311,propagated real-source observation mask,matched,336.0,[],0.4521989765392326,0.450999269004359,0.3584656084656085,-0.26148496776258234,ok,0.99734694769976,-0.002656577880573882,True,18.0,18.0,False,44.0,primary,p6,calibration,1338,block_a,3600,10440,360,14,7,311,,,
C0067,network_volume_forecast,network_volume_forecast|router__general__packet_length_min,temporal,linear,311,311,336,311,propagated real-source observation mask,matched,336.0,[],0.4521989765392326,0.45207865242117734,0.3584656084656085,-0.26148496776258234,ok,0.9997339133339573,-0.0002661220733806733,True,18.0,18.0,False,44.0,primary,p6,calibration,1338,block_b,3600,10440,360,14,7,311,,,
C0067,network_volume_forecast,network_volume_forecast|router__general__packet_length_min,temporal,linear,311,311,336,311,propagated real-source observation mask,matched,336.0,[],0.4521989765392326,0.46776748890226916,0.3584656084656085,-0.26148496776258234,ok,1.0344284555488945,0.03384905732847524,True,18.0,18.0,False,44.0,primary,p6,calibration,1338,row_resample,3600,10440,360,14,7,311,,,
C0071,network_burst_prediction,network_burst_prediction|router__iot_named__mqtt_port_packets,temporal,linear,322,322,347,347,propagated real-source observation mask,matched,,,,,,,single_class,,,,,,,,primary,p6,calibration,1338,identity,3600,10440,360,14,7,322,,,
C0071,network_burst_prediction,network_burst_prediction|router__iot_named__mqtt_port_packets,temporal,linear,322,322,347,322,propagated real-source observation mask,matched,,,,,,,single_class,,,,,,,,primary,p6,calibration,1338,block_a,3600,10440,360,14,7,322,,,
C0071,network_burst_prediction,network_burst_prediction|router__iot_named__mqtt_port_packets,temporal,linear,322,322,347,322,propagated real-source observation mask,matched,,,,,,,single_class,,,,,,,,primary,p6,calibration,1338,block_b,3600,10440,360,14,7,322,,,
C0071,network_burst_prediction,network_burst_prediction|router__iot_named__mqtt_port_packets,temporal,linear,322,322,347,322,propagated real-source observation mask,matched,,,,,,,single_class,,,,,,,,primary,p6,calibration,1338,row_resample,3600,10440,360,14,7,322,,,
C0081,network_volume_forecast,network_volume_forecast|router__iot_named__udp_count,temporal,linear,320,320,345,345,propagated real-source observation mask,matched,345.0,[],0.2141568834573373,0.2141568834573373,0.5471014492753623,0.608560928250165,ok,1.0,0.0,True,4.0,4.0,False,0.0,primary,p6,calibration,1338,identity,3600,10440,360,14,7,320,,,
C0081,network_volume_forecast,network_volume_forecast|router__iot_named__udp_count,temporal,linear,320,320,345,320,propagated real-source observation mask,matched,345.0,[],0.2141568834573373,0.21451791582963015,0.5471014492753623,0.608560928250165,ok,1.0016858312768862,0.0016844118583819161,True,4.0,4.0,False,0.0,primary,p6,calibration,1338,block_a,3600,10440,360,14,7,320,,,
C0081,network_volume_forecast,network_volume_forecast|router__iot_named__udp_count,temporal,linear,320,320,345,320,propagated real-source observation mask,matched,345.0,[],0.2141568834573373,0.21401035168173646,0.5471014492753623,0.608560928250165,ok,0.9993157736831279,-0.0006844605065304114,True,4.0,4.0,False,0.0,primary,p6,calibration,1338,block_b,3600,10440,360,14,7,320,,,
C0081,network_volume_forecast,network_volume_forecast|router__iot_named__udp_count,temporal,linear,320,320,345,320,propagated real-source observation mask,matched,345.0,[],0.2141568834573373,0.4348500723056123,0.5471014492753623,0.608560928250165,ok,2.030521108102695,0.7082924636098549,False,4.0,4.0,False,0.0,primary,p6,calibration,1338,row_resample,3600,10440,360,14,7,320,,,
C0082,network_volume_forecast,network_volume_forecast|router__iot_named__udp_count,temporal,linear,311,311,336,336,propagated real-source observation mask,matched,336.0,[],0.21712651184088255,0.21712651184088255,0.5528273809523809,0.6072435640455637,ok,1.0,0.0,True,4.0,4.0,False,0.0,primary,p6,calibration,1338,identity,3600,10440,360,14,7,311,,,
C0082,network_volume_forecast,network_volume_forecast|router__iot_named__udp_count,temporal,linear,311,311,336,311,propagated real-source observation mask,matched,336.0,[],0.21712651184088255,0.21829181766270617,0.5528273809523809,0.6072435640455637,ok,1.0053669439625024,0.005352593242196279,True,4.0,4.0,False,0.0,primary,p6,calibration,1338,block_a,3600,10440,360,14,7,311,,,
C0082,network_volume_forecast,network_volume_forecast|router__iot_named__udp_count,temporal,linear,311,311,336,311,propagated real-source observation mask,matched,336.0,[],0.21712651184088255,0.2177279637546575,0.5528273809523809,0.6072435640455637,ok,1.0027700528538666,0.002766223327822904,True,4.0,4.0,False,0.0,primary,p6,calibration,1338,block_b,3600,10440,360,14,7,311,,,
C0082,network_volume_forecast,network_volume_forecast|router__iot_named__udp_count,temporal,linear,311,311,336,311,propagated real-source observation mask,matched,336.0,[],0.21712651184088255,0.46109237537006786,0.5528273809523809,0.6072435640455637,ok,2.123611582301711,0.7531182158007105,False,4.0,4.0,False,0.0,primary,p6,calibration,1338,row_resample,3600,10440,360,14,7,311,,,
C0085,network_volume_forecast,network_volume_forecast|router__iot_named__dns_port_packets,temporal,linear,320,320,345,345,propagated real-source observation mask,matched,345.0,[],0.0822520230525361,0.0822520230525361,0.3347826086956522,0.7543121389339831,ok,1.0,0.0,True,4.0,4.0,False,0.0,primary,p6,calibration,1338,identity,3600,10440,360,14,7,320,,,
C0085,network_volume_forecast,network_volume_forecast|router__iot_named__dns_port_packets,temporal,linear,320,320,345,320,propagated real-source observation mask,matched,345.0,[],0.0822520230525361,0.08225202305253634,0.3347826086956522,0.7543121389339831,ok,1.000000000000003,3.1086244689504336e-15,True,4.0,4.0,False,0.0,primary,p6,calibration,1338,block_a,3600,10440,360,14,7,320,,,
C0085,network_volume_forecast,network_volume_forecast|router__iot_named__dns_port_packets,temporal,linear,320,320,345,320,propagated real-source observation mask,matched,345.0,[],0.0822520230525361,0.0822520230525361,0.3347826086956522,0.7543121389339831,ok,1.0,0.0,True,4.0,4.0,False,0.0,primary,p6,calibration,1338,block_b,3600,10440,360,14,7,320,,,
C0085,network_volume_forecast,network_volume_forecast|router__iot_named__dns_port_packets,temporal,linear,320,320,345,320,propagated real-source observation mask,matched,345.0,[],0.0822520230525361,0.4289972137843985,0.3347826086956522,0.7543121389339831,ok,5.215643310200273,1.651662438505452,False,4.0,4.0,False,0.0,primary,p6,calibration,1338,row_resample,3600,10440,360,14,7,320,,,
C0086,network_volume_forecast,network_volume_forecast|router__iot_named__dns_port_packets,temporal,linear,311,311,336,336,propagated real-source observation mask,matched,336.0,[],0.09557246719108986,0.09557246719108986,0.33482142857142855,0.7145568979892782,ok,1.0,0.0,True,4.0,4.0,False,0.0,primary,p6,calibration,1338,identity,3600,10440,360,14,7,311,,,
C0086,network_volume_forecast,network_volume_forecast|router__iot_named__dns_port_packets,temporal,linear,311,311,336,311,propagated real-source observation mask,matched,336.0,[],0.09557246719108986,0.1002092471599294,0.33482142857142855,0.7145568979892782,ok,1.0485158550900298,0.04737569293366029,True,4.0,4.0,False,0.0,primary,p6,calibration,1338,block_a,3600,10440,360,14,7,311,,,
C0086,network_volume_forecast,network_volume_forecast|router__iot_named__dns_port_packets,temporal,linear,311,311,336,311,propagated real-source observation mask,matched,336.0,[],0.09557246719108986,0.1002092471599294,0.33482142857142855,0.7145568979892782,ok,1.0485158550900298,0.04737569293366029,True,4.0,4.0,False,0.0,primary,p6,calibration,1338,block_b,3600,10440,360,14,7,311,,,
C0086,network_volume_forecast,network_volume_forecast|router__iot_named__dns_port_packets,temporal,linear,311,311,336,311,propagated real-source observation mask,matched,336.0,[],0.09557246719108986,0.4569324734764012,0.33482142857142855,0.7145568979892782,ok,4.7810053136202875,1.564650841046881,False,4.0,4.0,False,0.0,primary,p6,calibration,1338,row_resample,3600,10440,360,14,7,311,,,
C0034,network_volume_forecast,network_volume_forecast|router__general__packet_length_max,temporal,linear,322,322,347,347,propagated real-source observation mask,matched,347.0,[],0.800805858845864,0.800805858845864,0.7816972686492532,-0.024445000594194,ok,1.0,0.0,True,596.5,596.5,False,3922.0,primary,p6,calibration,1339,identity,3600,10440,360,3,24,322,,,
C0034,network_volume_forecast,network_volume_forecast|router__general__packet_length_max,temporal,linear,322,322,347,322,propagated real-source observation mask,matched,347.0,[],0.800805858845864,0.795043593593665,0.7816972686492532,-0.024445000594194,ok,0.9928044167153027,-0.0072215963553593256,True,596.5,596.5,False,3922.0,primary,p6,calibration,1339,block_a,3600,10440,360,3,24,322,,,
C0034,network_volume_forecast,network_volume_forecast|router__general__packet_length_max,temporal,linear,322,322,347,322,propagated real-source observation mask,matched,347.0,[],0.800805858845864,0.8020550703765067,0.7816972686492532,-0.024445000594194,ok,1.0015599430459252,0.0015587275986268115,True,596.5,596.5,False,3922.0,primary,p6,calibration,1339,block_b,3600,10440,360,3,24,322,,,
C0034,network_volume_forecast,network_volume_forecast|router__general__packet_length_max,temporal,linear,322,322,347,322,propagated real-source observation mask,matched,347.0,[],0.800805858845864,0.8324313395106487,0.7816972686492532,-0.024445000594194,ok,1.0394920695390066,0.03873219917572402,True,596.5,596.5,False,3922.0,primary,p6,calibration,1339,row_resample,3600,10440,360,3,24,322,,,
C0035,network_volume_forecast,network_volume_forecast|router__general__packet_length_max,temporal,linear,320,320,345,345,propagated real-source observation mask,matched,345.0,[],0.820411682486306,0.820411682486306,0.775627136597814,-0.057739787296423775,ok,1.0,0.0,True,602.0,602.0,False,3922.0,primary,p6,calibration,1339,identity,3600,10440,360,3,24,320,,,
C0035,network_volume_forecast,network_volume_forecast|router__general__packet_length_max,temporal,linear,320,320,345,320,propagated real-source observation mask,matched,345.0,[],0.820411682486306,0.8217837345066076,0.775627136597814,-0.057739787296423775,ok,1.0016723945423882,0.0016709976478578381,True,602.0,602.0,False,3922.0,primary,p6,calibration,1339,block_a,3600,10440,360,3,24,320,,,
C0035,network_volume_forecast,network_volume_forecast|router__general__packet_length_max,temporal,linear,320,320,345,320,propagated real-source observation mask,matched,345.0,[],0.820411682486306,0.8334531618430574,0.775627136597814,-0.057739787296423775,ok,1.0158962623706533,0.01577123997743299,True,602.0,602.0,False,3922.0,primary,p6,calibration,1339,block_b,3600,10440,360,3,24,320,,,
C0035,network_volume_forecast,network_volume_forecast|router__general__packet_length_max,temporal,linear,320,320,345,320,propagated real-source observation mask,matched,345.0,[],0.820411682486306,0.8258842491145246,0.775627136597814,-0.057739787296423775,ok,1.0066705127986886,0.0066483633723187895,True,602.0,602.0,False,3922.0,primary,p6,calibration,1339,row_resample,3600,10440,360,3,24,320,,,
C0044,network_volume_forecast,network_volume_forecast|router__general__packet_length_mean,temporal,linear,311,311,336,336,propagated real-source observation mask,matched,336.0,[],0.11933368038032074,0.11933368038032074,0.5609596480468199,0.7872686907234355,ok,1.0,0.0,True,99.97518541638749,99.97518541638749,False,518.3029966703663,primary,p6,calibration,1339,identity,3600,10440,360,3,24,311,,,
C0044,network_volume_forecast,network_volume_forecast|router__general__packet_length_mean,temporal,linear,311,311,336,311,propagated real-source observation mask,matched,336.0,[],0.11933368038032074,0.11901175971004747,0.5609596480468199,0.7872686907234355,ok,0.9973023485972502,-0.0027012966214572903,True,99.97518541638749,99.97518541638749,False,518.3029966703663,primary,p6,calibration,1339,block_a,3600,10440,360,3,24,311,,,
C0044,network_volume_forecast,network_volume_forecast|router__general__packet_length_mean,temporal,linear,311,311,336,311,propagated real-source observation mask,matched,336.0,[],0.11933368038032074,0.11907130894776939,0.5609596480468199,0.7872686907234355,ok,0.9978013631045722,-0.002201057446118919,True,99.97518541638749,99.97518541638749,False,518.3029966703663,primary,p6,calibration,1339,block_b,3600,10440,360,3,24,311,,,
C0044,network_volume_forecast,network_volume_forecast|router__general__packet_length_mean,temporal,linear,311,311,336,311,propagated real-source observation mask,matched,336.0,[],0.11933368038032074,0.5820536062829922,0.5609596480468199,0.7872686907234355,ok,4.877530001823176,1.5846389445619575,False,99.97518541638749,99.97518541638749,False,518.3029966703663,primary,p6,calibration,1339,row_resample,3600,10440,360,3,24,311,,,
C0065,network_volume_forecast,network_volume_forecast|router__general__packet_length_min,temporal,linear,322,322,347,347,propagated real-source observation mask,matched,347.0,[],0.458027648766155,0.458027648766155,0.3586295228946526,-0.2771610241934838,ok,1.0,0.0,True,18.0,18.0,False,44.0,primary,p6,calibration,1339,identity,3600,10440,360,3,24,322,,,
C0065,network_volume_forecast,network_volume_forecast|router__general__packet_length_min,temporal,linear,322,322,347,322,propagated real-source observation mask,matched,347.0,[],0.458027648766155,0.45985669892623826,0.3586295228946526,-0.2771610241934838,ok,1.00399331823092,0.003985366098905771,True,18.0,18.0,False,44.0,primary,p6,calibration,1339,block_a,3600,10440,360,3,24,322,,,
C0065,network_volume_forecast,network_volume_forecast|router__general__packet_length_min,temporal,linear,322,322,347,322,propagated real-source observation mask,matched,347.0,[],0.458027648766155,0.46150230664751546,0.3586295228946526,-0.2771610241934838,ok,1.0075861312973586,0.007557501306076594,True,18.0,18.0,False,44.0,primary,p6,calibration,1339,block_b,3600,10440,360,3,24,322,,,
C0065,network_volume_forecast,network_volume_forecast|router__general__packet_length_min,temporal,linear,322,322,347,322,propagated real-source observation mask,matched,347.0,[],0.458027648766155,0.45771273707102783,0.3586295228946526,-0.2771610241934838,ok,0.9993124613852996,-0.0006877750777649454,True,18.0,18.0,False,44.0,primary,p6,calibration,1339,row_resample,3600,10440,360,3,24,322,,,
C0066,network_volume_forecast,network_volume_forecast|router__general__packet_length_min,temporal,linear,320,320,345,345,propagated real-source observation mask,matched,345.0,[],0.45553979262544814,0.45553979262544814,0.3549114331723027,-0.28353090390382624,ok,1.0,0.0,True,18.0,18.0,False,44.0,primary,p6,calibration,1339,identity,3600,10440,360,3,24,320,,,
C0066,network_volume_forecast,network_volume_forecast|router__general__packet_length_min,temporal,linear,320,320,345,320,propagated real-source observation mask,matched,345.0,[],0.45553979262544814,0.4569088534570766,0.3549114331723027,-0.28353090390382624,ok,1.0030053594741704,0.003000852409361172,True,18.0,18.0,False,44.0,primary,p6,calibration,1339,block_a,3600,10440,360,3,24,320,,,
C0066,network_volume_forecast,network_volume_forecast|router__general__packet_length_min,temporal,linear,320,320,345,320,propagated real-source observation mask,matched,345.0,[],0.45553979262544814,0.4582793730332997,0.3549114331723027,-0.28353090390382624,ok,1.0060139211814236,0.0059959097343096944,True,18.0,18.0,False,44.0,primary,p6,calibration,1339,block_b,3600,10440,360,3,24,320,,,
C0066,network_volume_forecast,network_volume_forecast|router__general__packet_length_min,temporal,linear,320,320,345,320,propagated real-source observation mask,matched,345.0,[],0.45553979262544814,0.4569143314382084,0.3549114331723027,-0.28353090390382624,ok,1.0030173847268935,0.003012841558295852,True,18.0,18.0,False,44.0,primary,p6,calibration,1339,row_resample,3600,10440,360,3,24,320,,,
C0067,network_volume_forecast,network_volume_forecast|router__general__packet_length_min,temporal,linear,311,311,336,336,propagated real-source observation mask,matched,336.0,[],0.4521989765392326,0.4521989765392326,0.3584656084656085,-0.26148496776258234,ok,1.0,0.0,True,18.0,18.0,False,44.0,primary,p6,calibration,1339,identity,3600,10440,360,3,24,311,,,
C0067,network_volume_forecast,network_volume_forecast|router__general__packet_length_min,temporal,linear,311,311,336,311,propagated real-source observation mask,matched,336.0,[],0.4521989765392326,0.45030367722383474,0.3584656084656085,-0.26148496776258234,ok,0.9958087049866788,-0.0042001031104366435,True,18.0,18.0,False,44.0,primary,p6,calibration,1339,block_a,3600,10440,360,3,24,311,,,
C0067,network_volume_forecast,network_volume_forecast|router__general__packet_length_min,temporal,linear,311,311,336,311,propagated real-source observation mask,matched,336.0,[],0.4521989765392326,0.45371856554612816,0.3584656084656085,-0.26148496776258234,ok,1.0033604432688576,0.0033548095969379143,True,18.0,18.0,False,44.0,primary,p6,calibration,1339,block_b,3600,10440,360,3,24,311,,,
C0067,network_volume_forecast,network_volume_forecast|router__general__packet_length_min,temporal,linear,311,311,336,311,propagated real-source observation mask,matched,336.0,[],0.4521989765392326,0.4590986388095847,0.3584656084656085,-0.26148496776258234,ok,1.0152580227473238,0.015142789791238977,True,18.0,18.0,False,44.0,primary,p6,calibration,1339,row_resample,3600,10440,360,3,24,311,,,
C0071,network_burst_prediction,network_burst_prediction|router__iot_named__mqtt_port_packets,temporal,linear,322,322,347,347,propagated real-source observation mask,matched,,,,,,,single_class,,,,,,,,primary,p6,calibration,1339,identity,3600,10440,360,3,24,322,,,
C0071,network_burst_prediction,network_burst_prediction|router__iot_named__mqtt_port_packets,temporal,linear,322,322,347,322,propagated real-source observation mask,matched,,,,,,,single_class,,,,,,,,primary,p6,calibration,1339,block_a,3600,10440,360,3,24,322,,,
C0071,network_burst_prediction,network_burst_prediction|router__iot_named__mqtt_port_packets,temporal,linear,322,322,347,322,propagated real-source observation mask,matched,,,,,,,single_class,,,,,,,,primary,p6,calibration,1339,block_b,3600,10440,360,3,24,322,,,
C0071,network_burst_prediction,network_burst_prediction|router__iot_named__mqtt_port_packets,temporal,linear,322,322,347,322,propagated real-source observation mask,matched,,,,,,,single_class,,,,,,,,primary,p6,calibration,1339,row_resample,3600,10440,360,3,24,322,,,
C0081,network_volume_forecast,network_volume_forecast|router__iot_named__udp_count,temporal,linear,320,320,345,345,propagated real-source observation mask,matched,345.0,[],0.2141568834573373,0.2141568834573373,0.5471014492753623,0.608560928250165,ok,1.0,0.0,True,4.0,4.0,False,0.0,primary,p6,calibration,1339,identity,3600,10440,360,3,24,320,,,
C0081,network_volume_forecast,network_volume_forecast|router__iot_named__udp_count,temporal,linear,320,320,345,320,propagated real-source observation mask,matched,345.0,[],0.2141568834573373,0.21394248675732586,0.5471014492753623,0.608560928250165,ok,0.998998880182835,-0.0010016212723148853,True,4.0,4.0,False,0.0,primary,p6,calibration,1339,block_a,3600,10440,360,3,24,320,,,
C0081,network_volume_forecast,network_volume_forecast|router__iot_named__udp_count,temporal,linear,320,320,345,320,propagated real-source observation mask,matched,345.0,[],0.2141568834573373,0.21444754164808488,0.5471014492753623,0.608560928250165,ok,1.0013572208656347,0.0013563006739038435,True,4.0,4.0,False,0.0,primary,p6,calibration,1339,block_b,3600,10440,360,3,24,320,,,
C0081,network_volume_forecast,network_volume_forecast|router__iot_named__udp_count,temporal,linear,320,320,345,320,propagated real-source observation mask,matched,345.0,[],0.2141568834573373,0.41005838580050397,0.5471014492753623,0.608560928250165,ok,1.9147569724612314,0.649590707248243,False,4.0,4.0,False,0.0,primary,p6,calibration,1339,row_resample,3600,10440,360,3,24,320,,,
C0082,network_volume_forecast,network_volume_forecast|router__iot_named__udp_count,temporal,linear,311,311,336,336,propagated real-source observation mask,matched,336.0,[],0.21712651184088255,0.21712651184088255,0.5528273809523809,0.6072435640455637,ok,1.0,0.0,True,4.0,4.0,False,0.0,primary,p6,calibration,1339,identity,3600,10440,360,3,24,311,,,
C0082,network_volume_forecast,network_volume_forecast|router__iot_named__udp_count,temporal,linear,311,311,336,311,propagated real-source observation mask,matched,336.0,[],0.21712651184088255,0.21767355955586415,0.5528273809523809,0.6072435640455637,ok,1.0025194883404311,0.0025163197507163267,True,4.0,4.0,False,0.0,primary,p6,calibration,1339,block_a,3600,10440,360,3,24,311,,,
C0082,network_volume_forecast,network_volume_forecast|router__iot_named__udp_count,temporal,linear,311,311,336,311,propagated real-source observation mask,matched,336.0,[],0.21712651184088255,0.2182345127633747,0.5528273809523809,0.6072435640455637,ok,1.0051030199541184,0.0050900436745460855,True,4.0,4.0,False,0.0,primary,p6,calibration,1339,block_b,3600,10440,360,3,24,311,,,
C0082,network_volume_forecast,network_volume_forecast|router__iot_named__udp_count,temporal,linear,311,311,336,311,propagated real-source observation mask,matched,336.0,[],0.21712651184088255,0.44426213088032457,0.5528273809523809,0.6072435640455637,ok,2.0460980426282283,0.71593458555448,False,4.0,4.0,False,0.0,primary,p6,calibration,1339,row_resample,3600,10440,360,3,24,311,,,
C0085,network_volume_forecast,network_volume_forecast|router__iot_named__dns_port_packets,temporal,linear,320,320,345,345,propagated real-source observation mask,matched,345.0,[],0.0822520230525361,0.0822520230525361,0.3347826086956522,0.7543121389339831,ok,1.0,0.0,True,4.0,4.0,False,0.0,primary,p6,calibration,1339,identity,3600,10440,360,3,24,320,,,
C0085,network_volume_forecast,network_volume_forecast|router__iot_named__dns_port_packets,temporal,linear,320,320,345,320,propagated real-source observation mask,matched,345.0,[],0.0822520230525361,0.08229640086883946,0.3347826086956522,0.7543121389339831,ok,1.0005395346479808,0.0005393891514939029,True,4.0,4.0,False,0.0,primary,p6,calibration,1339,block_a,3600,10440,360,3,24,320,,,
C0085,network_volume_forecast,network_volume_forecast|router__iot_named__dns_port_packets,temporal,linear,320,320,345,320,propagated real-source observation mask,matched,345.0,[],0.0822520230525361,0.08229640086883963,0.3347826086956522,0.7543121389339831,ok,1.000539534647983,0.0005393891514961221,True,4.0,4.0,False,0.0,primary,p6,calibration,1339,block_b,3600,10440,360,3,24,320,,,
C0085,network_volume_forecast,network_volume_forecast|router__iot_named__dns_port_packets,temporal,linear,320,320,345,320,propagated real-source observation mask,matched,345.0,[],0.0822520230525361,0.4077918507124542,0.3347826086956522,0.7543121389339831,ok,4.957833686984076,1.6009688886744309,False,4.0,4.0,False,0.0,primary,p6,calibration,1339,row_resample,3600,10440,360,3,24,320,,,
C0086,network_volume_forecast,network_volume_forecast|router__iot_named__dns_port_packets,temporal,linear,311,311,336,336,propagated real-source observation mask,matched,336.0,[],0.09557246719108986,0.09557246719108986,0.33482142857142855,0.7145568979892782,ok,1.0,0.0,True,4.0,4.0,False,0.0,primary,p6,calibration,1339,identity,3600,10440,360,3,24,311,,,
C0086,network_volume_forecast,network_volume_forecast|router__iot_named__dns_port_packets,temporal,linear,311,311,336,311,propagated real-source observation mask,matched,336.0,[],0.09557246719108986,0.10024711923693615,0.33482142857142855,0.7145568979892782,ok,1.0489121206476724,0.04775355149847516,True,4.0,4.0,False,0.0,primary,p6,calibration,1339,block_a,3600,10440,360,3,24,311,,,
C0086,network_volume_forecast,network_volume_forecast|router__iot_named__dns_port_packets,temporal,linear,311,311,336,311,propagated real-source observation mask,matched,336.0,[],0.09557246719108986,0.10024711923693623,0.33482142857142855,0.7145568979892782,ok,1.048912120647673,0.0477535514984758,True,4.0,4.0,False,0.0,primary,p6,calibration,1339,block_b,3600,10440,360,3,24,311,,,
C0086,network_volume_forecast,network_volume_forecast|router__iot_named__dns_port_packets,temporal,linear,311,311,336,311,propagated real-source observation mask,matched,336.0,[],0.09557246719108986,0.4445486122315342,0.33482142857142855,0.7145568979892782,ok,4.651429698290546,1.5371746343404777,False,4.0,4.0,False,0.0,primary,p6,calibration,1339,row_resample,3600,10440,360,3,24,311,,,
C0034,network_volume_forecast,network_volume_forecast|router__general__packet_length_max,temporal,linear,322,322,347,347,propagated real-source observation mask,matched,347.0,[],0.800805858845864,0.800805858845864,0.7816972686492532,-0.024445000594194,ok,1.0,0.0,True,596.5,596.5,False,3922.0,primary,p6,calibration,1340,identity,3600,10440,360,2,1,322,,,
C0034,network_volume_forecast,network_volume_forecast|router__general__packet_length_max,temporal,linear,322,322,347,322,propagated real-source observation mask,matched,347.0,[],0.800805858845864,0.7948778177034503,0.7816972686492532,-0.024445000594194,ok,0.9925974053799291,-0.007430129795613059,True,596.5,596.5,False,3922.0,primary,p6,calibration,1340,block_a,3600,10440,360,2,1,322,,,
C0034,network_volume_forecast,network_volume_forecast|router__general__packet_length_max,temporal,linear,322,322,347,322,propagated real-source observation mask,matched,347.0,[],0.800805858845864,0.7946443538308923,0.7816972686492532,-0.024445000594194,ok,0.9923058692104828,-0.007723883325344024,True,596.5,596.5,False,3922.0,primary,p6,calibration,1340,block_b,3600,10440,360,2,1,322,,,
C0034,network_volume_forecast,network_volume_forecast|router__general__packet_length_max,temporal,linear,322,322,347,322,propagated real-source observation mask,matched,347.0,[],0.800805858845864,0.8286405941841533,0.7816972686492532,-0.024445000594194,ok,1.0347584062114696,0.03416797551945099,True,596.5,596.5,False,3922.0,primary,p6,calibration,1340,row_resample,3600,10440,360,2,1,322,,,
C0035,network_volume_forecast,network_volume_forecast|router__general__packet_length_max,temporal,linear,320,320,345,345,propagated real-source observation mask,matched,345.0,[],0.820411682486306,0.820411682486306,0.775627136597814,-0.057739787296423775,ok,1.0,0.0,True,602.0,602.0,False,3922.0,primary,p6,calibration,1340,identity,3600,10440,360,2,1,320,,,
C0035,network_volume_forecast,network_volume_forecast|router__general__packet_length_max,temporal,linear,320,320,345,320,propagated real-source observation mask,matched,345.0,[],0.820411682486306,0.8215611467660732,0.775627136597814,-0.057739787296423775,ok,1.0014010822911292,0.0014001016911632748,True,602.0,602.0,False,3922.0,primary,p6,calibration,1340,block_a,3600,10440,360,2,1,320,,,
C0035,network_volume_forecast,network_volume_forecast|router__general__packet_length_max,temporal,linear,320,320,345,320,propagated real-source observation mask,matched,345.0,[],0.820411682486306,0.8212939282690034,0.775627136597814,-0.057739787296423775,ok,1.0010753695998376,0.0010747918041416186,True,602.0,602.0,False,3922.0,primary,p6,calibration,1340,block_b,3600,10440,360,2,1,320,,,
C0035,network_volume_forecast,network_volume_forecast|router__general__packet_length_max,temporal,linear,320,320,345,320,propagated real-source observation mask,matched,345.0,[],0.820411682486306,0.8184030246019047,0.775627136597814,-0.057739787296423775,ok,0.9975516464145001,-0.0024513557043063486,True,602.0,602.0,False,3922.0,primary,p6,calibration,1340,row_resample,3600,10440,360,2,1,320,,,
C0044,network_volume_forecast,network_volume_forecast|router__general__packet_length_mean,temporal,linear,311,311,336,336,propagated real-source observation mask,matched,336.0,[],0.11933368038032074,0.11933368038032074,0.5609596480468199,0.7872686907234355,ok,1.0,0.0,True,99.97518541638749,99.97518541638749,False,518.3029966703663,primary,p6,calibration,1340,identity,3600,10440,360,2,1,311,,,
C0044,network_volume_forecast,network_volume_forecast|router__general__packet_length_mean,temporal,linear,311,311,336,311,propagated real-source observation mask,matched,336.0,[],0.11933368038032074,0.11901185444765966,0.5609596480468199,0.7872686907234355,ok,0.9973031424855463,-0.0027005005860511393,True,99.97518541638749,99.97518541638749,False,518.3029966703663,primary,p6,calibration,1340,block_a,3600,10440,360,2,1,311,,,
C0044,network_volume_forecast,network_volume_forecast|router__general__packet_length_mean,temporal,linear,311,311,336,311,propagated real-source observation mask,matched,336.0,[],0.11933368038032074,0.11901189139413189,0.5609596480468199,0.7872686907234355,ok,0.997303452091955,-0.0027001901424683556,True,99.97518541638749,99.97518541638749,False,518.3029966703663,primary,p6,calibration,1340,block_b,3600,10440,360,2,1,311,,,
C0044,network_volume_forecast,network_volume_forecast|router__general__packet_length_mean,temporal,linear,311,311,336,311,propagated real-source observation mask,matched,336.0,[],0.11933368038032074,0.5688771300190059,0.5609596480468199,0.7872686907234355,ok,4.767112924079555,1.5617408646519026,False,99.97518541638749,99.97518541638749,False,518.3029966703663,primary,p6,calibration,1340,row_resample,3600,10440,360,2,1,311,,,
C0065,network_volume_forecast,network_volume_forecast|router__general__packet_length_min,temporal,linear,322,322,347,347,propagated real-source observation mask,matched,347.0,[],0.458027648766155,0.458027648766155,0.3586295228946526,-0.2771610241934838,ok,1.0,0.0,True,18.0,18.0,False,44.0,primary,p6,calibration,1340,identity,3600,10440,360,2,1,322,,,
C0065,network_volume_forecast,network_volume_forecast|router__general__packet_length_min,temporal,linear,322,322,347,322,propagated real-source observation mask,matched,347.0,[],0.458027648766155,0.45991502878435814,0.3586295228946526,-0.2771610241934838,ok,1.0041206683118091,0.004112201609154005,True,18.0,18.0,False,44.0,primary,p6,calibration,1340,block_a,3600,10440,360,2,1,322,,,
C0065,network_volume_forecast,network_volume_forecast|router__general__packet_length_min,temporal,linear,322,322,347,322,propagated real-source observation mask,matched,347.0,[],0.458027648766155,0.4607725256509878,0.3586295228946526,-0.2771610241934838,ok,1.0059928191938348,0.005974933673776512,True,18.0,18.0,False,44.0,primary,p6,calibration,1340,block_b,3600,10440,360,2,1,322,,,
C0065,network_volume_forecast,network_volume_forecast|router__general__packet_length_min,temporal,linear,322,322,347,322,propagated real-source observation mask,matched,347.0,[],0.458027648766155,0.4703461743871959,0.3586295228946526,-0.2771610241934838,ok,1.0268947205572083,0.02653941406293133,True,18.0,18.0,False,44.0,primary,p6,calibration,1340,row_resample,3600,10440,360,2,1,322,,,
C0066,network_volume_forecast,network_volume_forecast|router__general__packet_length_min,temporal,linear,320,320,345,345,propagated real-source observation mask,matched,345.0,[],0.45553979262544814,0.45553979262544814,0.3549114331723027,-0.28353090390382624,ok,1.0,0.0,True,18.0,18.0,False,44.0,primary,p6,calibration,1340,identity,3600,10440,360,2,1,320,,,
C0066,network_volume_forecast,network_volume_forecast|router__general__packet_length_min,temporal,linear,320,320,345,320,propagated real-source observation mask,matched,345.0,[],0.45553979262544814,0.45690885345707666,0.3549114331723027,-0.28353090390382624,ok,1.0030053594741704,0.003000852409361172,True,18.0,18.0,False,44.0,primary,p6,calibration,1340,block_a,3600,10440,360,2,1,320,,,
C0066,network_volume_forecast,network_volume_forecast|router__general__packet_length_min,temporal,linear,320,320,345,320,propagated real-source observation mask,matched,345.0,[],0.45553979262544814,0.45690885345707666,0.3549114331723027,-0.28353090390382624,ok,1.0030053594741704,0.003000852409361172,True,18.0,18.0,False,44.0,primary,p6,calibration,1340,block_b,3600,10440,360,2,1,320,,,
C0066,network_volume_forecast,network_volume_forecast|router__general__packet_length_min,temporal,linear,320,320,345,320,propagated real-source observation mask,matched,345.0,[],0.45553979262544814,0.4715185909590152,0.3549114331723027,-0.28353090390382624,ok,1.0350766246818421,0.03447545748601364,True,18.0,18.0,False,44.0,primary,p6,calibration,1340,row_resample,3600,10440,360,2,1,320,,,
C0067,network_volume_forecast,network_volume_forecast|router__general__packet_length_min,temporal,linear,311,311,336,336,propagated real-source observation mask,matched,336.0,[],0.4521989765392326,0.4521989765392326,0.3584656084656085,-0.26148496776258234,ok,1.0,0.0,True,18.0,18.0,False,44.0,primary,p6,calibration,1340,identity,3600,10440,360,2,1,311,,,
C0067,network_volume_forecast,network_volume_forecast|router__general__packet_length_min,temporal,linear,311,311,336,311,propagated real-source observation mask,matched,336.0,[],0.4521989765392326,0.45030367722383474,0.3584656084656085,-0.26148496776258234,ok,0.9958087049866788,-0.0042001031104366435,True,18.0,18.0,False,44.0,primary,p6,calibration,1340,block_a,3600,10440,360,2,1,311,,,
C0067,network_volume_forecast,network_volume_forecast|router__general__packet_length_min,temporal,linear,311,311,336,311,propagated real-source observation mask,matched,336.0,[],0.4521989765392326,0.4509066469088364,0.3584656084656085,-0.26148496776258234,ok,0.9971421217263988,-0.002861969804972974,True,18.0,18.0,False,44.0,primary,p6,calibration,1340,block_b,3600,10440,360,2,1,311,,,
C0067,network_volume_forecast,network_volume_forecast|router__general__packet_length_min,temporal,linear,311,311,336,311,propagated real-source observation mask,matched,336.0,[],0.4521989765392326,0.4701819316344637,0.3584656084656085,-0.26148496776258234,ok,1.0397677925608284,0.03899741183957977,True,18.0,18.0,False,44.0,primary,p6,calibration,1340,row_resample,3600,10440,360,2,1,311,,,
C0071,network_burst_prediction,network_burst_prediction|router__iot_named__mqtt_port_packets,temporal,linear,322,322,347,347,propagated real-source observation mask,matched,,,,,,,single_class,,,,,,,,primary,p6,calibration,1340,identity,3600,10440,360,2,1,322,,,
C0071,network_burst_prediction,network_burst_prediction|router__iot_named__mqtt_port_packets,temporal,linear,322,322,347,322,propagated real-source observation mask,matched,,,,,,,single_class,,,,,,,,primary,p6,calibration,1340,block_a,3600,10440,360,2,1,322,,,
C0071,network_burst_prediction,network_burst_prediction|router__iot_named__mqtt_port_packets,temporal,linear,322,322,347,322,propagated real-source observation mask,matched,,,,,,,single_class,,,,,,,,primary,p6,calibration,1340,block_b,3600,10440,360,2,1,322,,,
C0071,network_burst_prediction,network_burst_prediction|router__iot_named__mqtt_port_packets,temporal,linear,322,322,347,322,propagated real-source observation mask,matched,,,,,,,single_class,,,,,,,,primary,p6,calibration,1340,row_resample,3600,10440,360,2,1,322,,,
C0081,network_volume_forecast,network_volume_forecast|router__iot_named__udp_count,temporal,linear,320,320,345,345,propagated real-source observation mask,matched,345.0,[],0.2141568834573373,0.2141568834573373,0.5471014492753623,0.608560928250165,ok,1.0,0.0,True,4.0,4.0,False,0.0,primary,p6,calibration,1340,identity,3600,10440,360,2,1,320,,,
C0081,network_volume_forecast,network_volume_forecast|router__iot_named__udp_count,temporal,linear,320,320,345,320,propagated real-source observation mask,matched,345.0,[],0.2141568834573373,0.21401035168173646,0.5471014492753623,0.608560928250165,ok,0.9993157736831279,-0.0006844605065304114,True,4.0,4.0,False,0.0,primary,p6,calibration,1340,block_a,3600,10440,360,2,1,320,,,
C0081,network_volume_forecast,network_volume_forecast|router__iot_named__udp_count,temporal,linear,320,320,345,320,propagated real-source observation mask,matched,345.0,[],0.2141568834573373,0.21401035168173646,0.5471014492753623,0.608560928250165,ok,0.9993157736831279,-0.0006844605065304114,True,4.0,4.0,False,0.0,primary,p6,calibration,1340,block_b,3600,10440,360,2,1,320,,,
C0081,network_volume_forecast,network_volume_forecast|router__iot_named__udp_count,temporal,linear,320,320,345,320,propagated real-source observation mask,matched,345.0,[],0.2141568834573373,0.49521846204798875,0.5471014492753623,0.608560928250165,ok,2.312409734645034,0.8382901559755974,False,4.0,4.0,False,0.0,primary,p6,calibration,1340,row_resample,3600,10440,360,2,1,320,,,
C0082,network_volume_forecast,network_volume_forecast|router__iot_named__udp_count,temporal,linear,311,311,336,336,propagated real-source observation mask,matched,336.0,[],0.21712651184088255,0.21712651184088255,0.5528273809523809,0.6072435640455637,ok,1.0,0.0,True,4.0,4.0,False,0.0,primary,p6,calibration,1340,identity,3600,10440,360,2,1,311,,,
C0082,network_volume_forecast,network_volume_forecast|router__iot_named__udp_count,temporal,linear,311,311,336,311,propagated real-source observation mask,matched,336.0,[],0.21712651184088255,0.21772796375465747,0.5528273809523809,0.6072435640455637,ok,1.0027700528538666,0.002766223327822904,True,4.0,4.0,False,0.0,primary,p6,calibration,1340,block_a,3600,10440,360,2,1,311,,,
C0082,network_volume_forecast,network_volume_forecast|router__iot_named__udp_count,temporal,linear,311,311,336,311,propagated real-source observation mask,matched,336.0,[],0.21712651184088255,0.21772796375465747,0.5528273809523809,0.6072435640455637,ok,1.0027700528538666,0.002766223327822904,True,4.0,4.0,False,0.0,primary,p6,calibration,1340,block_b,3600,10440,360,2,1,311,,,
C0082,network_volume_forecast,network_volume_forecast|router__iot_named__udp_count,temporal,linear,311,311,336,311,propagated real-source observation mask,matched,336.0,[],0.21712651184088255,0.44914651487038204,0.5528273809523809,0.6072435640455637,ok,2.0685936096073396,0.7268689607212437,False,4.0,4.0,False,0.0,primary,p6,calibration,1340,row_resample,3600,10440,360,2,1,311,,,
C0085,network_volume_forecast,network_volume_forecast|router__iot_named__dns_port_packets,temporal,linear,320,320,345,345,propagated real-source observation mask,matched,345.0,[],0.0822520230525361,0.0822520230525361,0.3347826086956522,0.7543121389339831,ok,1.0,0.0,True,4.0,4.0,False,0.0,primary,p6,calibration,1340,identity,3600,10440,360,2,1,320,,,
C0085,network_volume_forecast,network_volume_forecast|router__iot_named__dns_port_packets,temporal,linear,320,320,345,320,propagated real-source observation mask,matched,345.0,[],0.0822520230525361,0.08225202305253645,0.3347826086956522,0.7543121389339831,ok,1.0000000000000044,4.440892098500617e-15,True,4.0,4.0,False,0.0,primary,p6,calibration,1340,block_a,3600,10440,360,2,1,320,,,
C0085,network_volume_forecast,network_volume_forecast|router__iot_named__dns_port_packets,temporal,linear,320,320,345,320,propagated real-source observation mask,matched,345.0,[],0.0822520230525361,0.08225202305253634,0.3347826086956522,0.7543121389339831,ok,1.000000000000003,3.1086244689504336e-15,True,4.0,4.0,False,0.0,primary,p6,calibration,1340,block_b,3600,10440,360,2,1,320,,,
C0085,network_volume_forecast,network_volume_forecast|router__iot_named__dns_port_packets,temporal,linear,320,320,345,320,propagated real-source observation mask,matched,345.0,[],0.0822520230525361,0.5223512258251598,0.3347826086956522,0.7543121389339831,ok,6.350618579819284,1.8485522223049198,False,4.0,4.0,False,0.0,primary,p6,calibration,1340,row_resample,3600,10440,360,2,1,320,,,
C0086,network_volume_forecast,network_volume_forecast|router__iot_named__dns_port_packets,temporal,linear,311,311,336,336,propagated real-source observation mask,matched,336.0,[],0.09557246719108986,0.09557246719108986,0.33482142857142855,0.7145568979892782,ok,1.0,0.0,True,4.0,4.0,False,0.0,primary,p6,calibration,1340,identity,3600,10440,360,2,1,311,,,
C0086,network_volume_forecast,network_volume_forecast|router__iot_named__dns_port_packets,temporal,linear,311,311,336,311,propagated real-source observation mask,matched,336.0,[],0.09557246719108986,0.1002092471599294,0.33482142857142855,0.7145568979892782,ok,1.0485158550900298,0.04737569293366029,True,4.0,4.0,False,0.0,primary,p6,calibration,1340,block_a,3600,10440,360,2,1,311,,,
C0086,network_volume_forecast,network_volume_forecast|router__iot_named__dns_port_packets,temporal,linear,311,311,336,311,propagated real-source observation mask,matched,336.0,[],0.09557246719108986,0.1002092471599294,0.33482142857142855,0.7145568979892782,ok,1.0485158550900298,0.04737569293366029,True,4.0,4.0,False,0.0,primary,p6,calibration,1340,block_b,3600,10440,360,2,1,311,,,
C0086,network_volume_forecast,network_volume_forecast|router__iot_named__dns_port_packets,temporal,linear,311,311,336,311,propagated real-source observation mask,matched,336.0,[],0.09557246719108986,0.45744800844758,0.33482142857142855,0.7145568979892782,ok,4.786399492365804,1.5657784570360587,False,4.0,4.0,False,0.0,primary,p6,calibration,1340,row_resample,3600,10440,360,2,1,311,,,
C0034,network_volume_forecast,network_volume_forecast|router__general__packet_length_max,temporal,linear,322,322,347,347,propagated real-source observation mask,matched,347.0,[],0.800805858845864,0.800805858845864,0.7816972686492532,-0.024445000594194,ok,1.0,0.0,True,596.5,596.5,False,3922.0,primary,p6,calibration,1341,identity,3600,10440,360,8,20,322,,,
C0034,network_volume_forecast,network_volume_forecast|router__general__packet_length_max,temporal,linear,322,322,347,322,propagated real-source observation mask,matched,347.0,[],0.800805858845864,0.8003826315882084,0.7816972686492532,-0.024445000594194,ok,0.9994714983001429,-0.0005286414061059468,True,596.5,596.5,False,3922.0,primary,p6,calibration,1341,block_a,3600,10440,360,8,20,322,,,
C0034,network_volume_forecast,network_volume_forecast|router__general__packet_length_max,temporal,linear,322,322,347,322,propagated real-source observation mask,matched,347.0,[],0.800805858845864,0.8106662184167986,0.7816972686492532,-0.024445000594194,ok,1.0123130462421261,0.012237857262654608,True,596.5,596.5,False,3922.0,primary,p6,calibration,1341,block_b,3600,10440,360,8,20,322,,,
C0034,network_volume_forecast,network_volume_forecast|router__general__packet_length_max,temporal,linear,322,322,347,322,propagated real-source observation mask,matched,347.0,[],0.800805858845864,0.8113420429477243,0.7816972686492532,-0.024445000594194,ok,1.0131569767946569,0.013071175546084191,True,596.5,596.5,False,3922.0,primary,p6,calibration,1341,row_resample,3600,10440,360,8,20,322,,,
C0035,network_volume_forecast,network_volume_forecast|router__general__packet_length_max,temporal,linear,320,320,345,345,propagated real-source observation mask,matched,345.0,[],0.820411682486306,0.820411682486306,0.775627136597814,-0.057739787296423775,ok,1.0,0.0,True,602.0,602.0,False,3922.0,primary,p6,calibration,1341,identity,3600,10440,360,8,20,320,,,
C0035,network_volume_forecast,network_volume_forecast|router__general__packet_length_max,temporal,linear,320,320,345,320,propagated real-source observation mask,matched,345.0,[],0.820411682486306,0.8331405013083519,0.775627136597814,-0.057739787296423775,ok,1.0155151603685975,0.015396030896435502,True,602.0,602.0,False,3922.0,primary,p6,calibration,1341,block_a,3600,10440,360,8,20,320,,,
C0035,network_volume_forecast,network_volume_forecast|router__general__packet_length_max,temporal,linear,320,320,345,320,propagated real-source observation mask,matched,345.0,[],0.820411682486306,0.8335556062943186,0.775627136597814,-0.057739787296423775,ok,1.0160211319372965,0.015894148090873177,True,602.0,602.0,False,3922.0,primary,p6,calibration,1341,block_b,3600,10440,360,8,20,320,,,
C0035,network_volume_forecast,network_volume_forecast|router__general__packet_length_max,temporal,linear,320,320,345,320,propagated real-source observation mask,matched,345.0,[],0.820411682486306,0.8091040996024336,0.775627136597814,-0.057739787296423775,ok,0.9862171844632878,-0.013878680416639309,True,602.0,602.0,False,3922.0,primary,p6,calibration,1341,row_resample,3600,10440,360,8,20,320,,,
C0044,network_volume_forecast,network_volume_forecast|router__general__packet_length_mean,temporal,linear,311,311,336,336,propagated real-source observation mask,matched,336.0,[],0.11933368038032074,0.11933368038032074,0.5609596480468199,0.7872686907234355,ok,1.0,0.0,True,99.97518541638749,99.97518541638749,False,518.3029966703663,primary,p6,calibration,1341,identity,3600,10440,360,8,20,311,,,
C0044,network_volume_forecast,network_volume_forecast|router__general__packet_length_mean,temporal,linear,311,311,336,311,propagated real-source observation mask,matched,336.0,[],0.11933368038032074,0.11910934228260127,0.5609596480468199,0.7872686907234355,ok,0.9981200772740395,-0.00188169199843303,True,99.97518541638749,99.97518541638749,False,518.3029966703663,primary,p6,calibration,1341,block_a,3600,10440,360,8,20,311,,,
C0044,network_volume_forecast,network_volume_forecast|router__general__packet_length_mean,temporal,linear,311,311,336,311,propagated real-source observation mask,matched,336.0,[],0.11933368038032074,0.11911099916980057,0.5609596480468199,0.7872686907234355,ok,0.9981339617632635,-0.0018677814550325177,True,99.97518541638749,99.97518541638749,False,518.3029966703663,primary,p6,calibration,1341,block_b,3600,10440,360,8,20,311,,,
C0044,network_volume_forecast,network_volume_forecast|router__general__packet_length_mean,temporal,linear,311,311,336,311,propagated real-source observation mask,matched,336.0,[],0.11933368038032074,0.5257390524194256,0.5609596480468199,0.7872686907234355,ok,4.405621704986189,1.482881385635084,False,99.97518541638749,99.97518541638749,False,518.3029966703663,primary,p6,calibration,1341,row_resample,3600,10440,360,8,20,311,,,
C0065,network_volume_forecast,network_volume_forecast|router__general__packet_length_min,temporal,linear,322,322,347,347,propagated real-source observation mask,matched,347.0,[],0.458027648766155,0.458027648766155,0.3586295228946526,-0.2771610241934838,ok,1.0,0.0,True,18.0,18.0,False,44.0,primary,p6,calibration,1341,identity,3600,10440,360,8,20,322,,,
C0065,network_volume_forecast,network_volume_forecast|router__general__packet_length_min,temporal,linear,322,322,347,322,propagated real-source observation mask,matched,347.0,[],0.458027648766155,0.4598225651963976,0.3586295228946526,-0.2771610241934838,ok,1.0039187949353665,0.003911136459969866,True,18.0,18.0,False,44.0,primary,p6,calibration,1341,block_a,3600,10440,360,8,20,322,,,
C0065,network_volume_forecast,network_volume_forecast|router__general__packet_length_min,temporal,linear,322,322,347,322,propagated real-source observation mask,matched,347.0,[],0.458027648766155,0.4597646220839651,0.3586295228946526,-0.2771610241934838,ok,1.003792289226402,0.0037851166256122853,True,18.0,18.0,False,44.0,primary,p6,calibration,1341,block_b,3600,10440,360,8,20,322,,,
C0065,network_volume_forecast,network_volume_forecast|router__general__packet_length_min,temporal,linear,322,322,347,322,propagated real-source observation mask,matched,347.0,[],0.458027648766155,0.4606653324472001,0.3586295228946526,-0.2771610241934838,ok,1.0057587870255225,0.005742268598580818,True,18.0,18.0,False,44.0,primary,p6,calibration,1341,row_resample,3600,10440,360,8,20,322,,,
C0066,network_volume_forecast,network_volume_forecast|router__general__packet_length_min,temporal,linear,320,320,345,345,propagated real-source observation mask,matched,345.0,[],0.45553979262544814,0.45553979262544814,0.3549114331723027,-0.28353090390382624,ok,1.0,0.0,True,18.0,18.0,False,44.0,primary,p6,calibration,1341,identity,3600,10440,360,8,20,320,,,
C0066,network_volume_forecast,network_volume_forecast|router__general__packet_length_min,temporal,linear,320,320,345,320,propagated real-source observation mask,matched,345.0,[],0.45553979262544814,0.45581234751840644,0.3549114331723027,-0.28353090390382624,ok,1.0005983119309676,0.0005981330137462115,True,18.0,18.0,False,44.0,primary,p6,calibration,1341,block_a,3600,10440,360,8,20,320,,,
C0066,network_volume_forecast,network_volume_forecast|router__general__packet_length_min,temporal,linear,320,320,345,320,propagated real-source observation mask,matched,345.0,[],0.45553979262544814,0.45606684681967674,0.3549114331723027,-0.28353090390382624,ok,1.0011569882648252,0.0011563194697117969,True,18.0,18.0,False,44.0,primary,p6,calibration,1341,block_b,3600,10440,360,8,20,320,,,
C0066,network_volume_forecast,network_volume_forecast|router__general__packet_length_min,temporal,linear,320,320,345,320,propagated real-source observation mask,matched,345.0,[],0.45553979262544814,0.45883568710998746,0.3549114331723027,-0.28353090390382624,ok,1.0072351406790256,0.00720909261418382,True,18.0,18.0,False,44.0,primary,p6,calibration,1341,row_resample,3600,10440,360,8,20,320,,,
C0067,network_volume_forecast,network_volume_forecast|router__general__packet_length_min,temporal,linear,311,311,336,336,propagated real-source observation mask,matched,336.0,[],0.4521989765392326,0.4521989765392326,0.3584656084656085,-0.26148496776258234,ok,1.0,0.0,True,18.0,18.0,False,44.0,primary,p6,calibration,1341,identity,3600,10440,360,8,20,311,,,
C0067,network_volume_forecast,network_volume_forecast|router__general__packet_length_min,temporal,linear,311,311,336,311,propagated real-source observation mask,matched,336.0,[],0.4521989765392326,0.45094891851894825,0.3584656084656085,-0.26148496776258234,ok,0.9972356018364941,-0.0027682261684900075,True,18.0,18.0,False,44.0,primary,p6,calibration,1341,block_a,3600,10440,360,8,20,311,,,
C0067,network_volume_forecast,network_volume_forecast|router__general__packet_length_min,temporal,linear,311,311,336,311,propagated real-source observation mask,matched,336.0,[],0.4521989765392326,0.45094891851894825,0.3584656084656085,-0.26148496776258234,ok,0.9972356018364941,-0.0027682261684900075,True,18.0,18.0,False,44.0,primary,p6,calibration,1341,block_b,3600,10440,360,8,20,311,,,
C0067,network_volume_forecast,network_volume_forecast|router__general__packet_length_min,temporal,linear,311,311,336,311,propagated real-source observation mask,matched,336.0,[],0.4521989765392326,0.46154476187956345,0.3584656084656085,-0.26148496776258234,ok,1.0206674181614828,0.020456744845507184,True,18.0,18.0,False,44.0,primary,p6,calibration,1341,row_resample,3600,10440,360,8,20,311,,,
C0071,network_burst_prediction,network_burst_prediction|router__iot_named__mqtt_port_packets,temporal,linear,322,322,347,347,propagated real-source observation mask,matched,,,,,,,single_class,,,,,,,,primary,p6,calibration,1341,identity,3600,10440,360,8,20,322,,,
C0071,network_burst_prediction,network_burst_prediction|router__iot_named__mqtt_port_packets,temporal,linear,322,322,347,322,propagated real-source observation mask,matched,,,,,,,single_class,,,,,,,,primary,p6,calibration,1341,block_a,3600,10440,360,8,20,322,,,
C0071,network_burst_prediction,network_burst_prediction|router__iot_named__mqtt_port_packets,temporal,linear,322,322,347,322,propagated real-source observation mask,matched,,,,,,,single_class,,,,,,,,primary,p6,calibration,1341,block_b,3600,10440,360,8,20,322,,,
C0071,network_burst_prediction,network_burst_prediction|router__iot_named__mqtt_port_packets,temporal,linear,322,322,347,322,propagated real-source observation mask,matched,,,,,,,single_class,,,,,,,,primary,p6,calibration,1341,row_resample,3600,10440,360,8,20,322,,,
C0081,network_volume_forecast,network_volume_forecast|router__iot_named__udp_count,temporal,linear,320,320,345,345,propagated real-source observation mask,matched,345.0,[],0.2141568834573373,0.2141568834573373,0.5471014492753623,0.608560928250165,ok,1.0,0.0,True,4.0,4.0,False,0.0,primary,p6,calibration,1341,identity,3600,10440,360,8,20,320,,,
C0081,network_volume_forecast,network_volume_forecast|router__iot_named__udp_count,temporal,linear,320,320,345,320,propagated real-source observation mask,matched,345.0,[],0.2141568834573373,0.21401035168173646,0.5471014492753623,0.608560928250165,ok,0.9993157736831279,-0.0006844605065304114,True,4.0,4.0,False,0.0,primary,p6,calibration,1341,block_a,3600,10440,360,8,20,320,,,
C0081,network_volume_forecast,network_volume_forecast|router__iot_named__udp_count,temporal,linear,320,320,345,320,propagated real-source observation mask,matched,345.0,[],0.2141568834573373,0.21451791582963015,0.5471014492753623,0.608560928250165,ok,1.0016858312768862,0.0016844118583819161,True,4.0,4.0,False,0.0,primary,p6,calibration,1341,block_b,3600,10440,360,8,20,320,,,
C0081,network_volume_forecast,network_volume_forecast|router__iot_named__udp_count,temporal,linear,320,320,345,320,propagated real-source observation mask,matched,345.0,[],0.2141568834573373,0.4461702887481707,0.5471014492753623,0.608560928250165,ok,2.0833805644965566,0.7339918457815653,False,4.0,4.0,False,0.0,primary,p6,calibration,1341,row_resample,3600,10440,360,8,20,320,,,
C0082,network_volume_forecast,network_volume_forecast|router__iot_named__udp_count,temporal,linear,311,311,336,336,propagated real-source observation mask,matched,336.0,[],0.21712651184088255,0.21712651184088255,0.5528273809523809,0.6072435640455637,ok,1.0,0.0,True,4.0,4.0,False,0.0,primary,p6,calibration,1341,identity,3600,10440,360,8,20,311,,,
C0082,network_volume_forecast,network_volume_forecast|router__iot_named__udp_count,temporal,linear,311,311,336,311,propagated real-source observation mask,matched,336.0,[],0.21712651184088255,0.21772796375465747,0.5528273809523809,0.6072435640455637,ok,1.0027700528538666,0.002766223327822904,True,4.0,4.0,False,0.0,primary,p6,calibration,1341,block_a,3600,10440,360,8,20,311,,,
C0082,network_volume_forecast,network_volume_forecast|router__iot_named__udp_count,temporal,linear,311,311,336,311,propagated real-source observation mask,matched,336.0,[],0.21712651184088255,0.21829181766270617,0.5528273809523809,0.6072435640455637,ok,1.0053669439625024,0.005352593242196279,True,4.0,4.0,False,0.0,primary,p6,calibration,1341,block_b,3600,10440,360,8,20,311,,,
C0082,network_volume_forecast,network_volume_forecast|router__iot_named__udp_count,temporal,linear,311,311,336,311,propagated real-source observation mask,matched,336.0,[],0.21712651184088255,0.4563524897574313,0.5528273809523809,0.6072435640455637,ok,2.1017815184718733,0.74278532722004,False,4.0,4.0,False,0.0,primary,p6,calibration,1341,row_resample,3600,10440,360,8,20,311,,,
C0085,network_volume_forecast,network_volume_forecast|router__iot_named__dns_port_packets,temporal,linear,320,320,345,345,propagated real-source observation mask,matched,345.0,[],0.0822520230525361,0.0822520230525361,0.3347826086956522,0.7543121389339831,ok,1.0,0.0,True,4.0,4.0,False,0.0,primary,p6,calibration,1341,identity,3600,10440,360,8,20,320,,,
C0085,network_volume_forecast,network_volume_forecast|router__iot_named__dns_port_packets,temporal,linear,320,320,345,320,propagated real-source observation mask,matched,345.0,[],0.0822520230525361,0.08225202305253634,0.3347826086956522,0.7543121389339831,ok,1.000000000000003,3.1086244689504336e-15,True,4.0,4.0,False,0.0,primary,p6,calibration,1341,block_a,3600,10440,360,8,20,320,,,
C0085,network_volume_forecast,network_volume_forecast|router__iot_named__dns_port_packets,temporal,linear,320,320,345,320,propagated real-source observation mask,matched,345.0,[],0.0822520230525361,0.0822520230525361,0.3347826086956522,0.7543121389339831,ok,1.0,0.0,True,4.0,4.0,False,0.0,primary,p6,calibration,1341,block_b,3600,10440,360,8,20,320,,,
C0085,network_volume_forecast,network_volume_forecast|router__iot_named__dns_port_packets,temporal,linear,320,320,345,320,propagated real-source observation mask,matched,345.0,[],0.0822520230525361,0.4596992771126801,0.3347826086956522,0.7543121389339831,ok,5.588911494846279,1.7207845445648031,False,4.0,4.0,False,0.0,primary,p6,calibration,1341,row_resample,3600,10440,360,8,20,320,,,
C0086,network_volume_forecast,network_volume_forecast|router__iot_named__dns_port_packets,temporal,linear,311,311,336,336,propagated real-source observation mask,matched,336.0,[],0.09557246719108986,0.09557246719108986,0.33482142857142855,0.7145568979892782,ok,1.0,0.0,True,4.0,4.0,False,0.0,primary,p6,calibration,1341,identity,3600,10440,360,8,20,311,,,
C0086,network_volume_forecast,network_volume_forecast|router__iot_named__dns_port_packets,temporal,linear,311,311,336,311,propagated real-source observation mask,matched,336.0,[],0.09557246719108986,0.10020924715992936,0.33482142857142855,0.7145568979892782,ok,1.0485158550900293,0.04737569293365986,True,4.0,4.0,False,0.0,primary,p6,calibration,1341,block_a,3600,10440,360,8,20,311,,,
C0086,network_volume_forecast,network_volume_forecast|router__iot_named__dns_port_packets,temporal,linear,311,311,336,311,propagated real-source observation mask,matched,336.0,[],0.09557246719108986,0.1002092471599294,0.33482142857142855,0.7145568979892782,ok,1.0485158550900298,0.04737569293366029,True,4.0,4.0,False,0.0,primary,p6,calibration,1341,block_b,3600,10440,360,8,20,311,,,
C0086,network_volume_forecast,network_volume_forecast|router__iot_named__dns_port_packets,temporal,linear,311,311,336,311,propagated real-source observation mask,matched,336.0,[],0.09557246719108986,0.45185204226002446,0.33482142857142855,0.7145568979892782,ok,4.727847418196087,1.553470007627904,False,4.0,4.0,False,0.0,primary,p6,calibration,1341,row_resample,3600,10440,360,8,20,311,,,
C0034,network_volume_forecast,network_volume_forecast|router__general__packet_length_max,temporal,linear,322,322,347,347,propagated real-source observation mask,matched,347.0,[],3.5406469638142153,3.5406469638142153,3.828369639606505,0.07515540631595412,ok,1.0,0.0,True,619.0,619.0,False,5359.0,primary,p7,qualification,1337,identity,4680,9720,360,2,22,322,,,
C0034,network_volume_forecast,network_volume_forecast|router__general__packet_length_max,temporal,linear,322,322,347,322,propagated real-source observation mask,matched,347.0,[],3.5406469638142153,3.4427226510742477,3.828369639606505,0.07515540631595412,ok,0.9723428193376057,-0.02804684191211019,True,619.0,619.0,False,5359.0,primary,p7,qualification,1337,block_a,4680,9720,360,2,22,322,,,
C0034,network_volume_forecast,network_volume_forecast|router__general__packet_length_max,temporal,linear,322,322,347,322,propagated real-source observation mask,matched,347.0,[],3.5406469638142153,3.458717102709824,3.828369639606505,0.07515540631595412,ok,0.9768602004261585,-0.02341172783679781,True,619.0,619.0,False,5359.0,primary,p7,qualification,1337,block_b,4680,9720,360,2,22,322,,,
C0034,network_volume_forecast,network_volume_forecast|router__general__packet_length_max,temporal,linear,322,322,347,322,propagated real-source observation mask,matched,347.0,[],3.5406469638142153,3.6004455911985978,3.828369639606505,0.07515540631595412,ok,1.01688918098741,0.01674814454841603,True,619.0,619.0,False,5359.0,primary,p7,qualification,1337,row_resample,4680,9720,360,2,22,322,,,
C0035,network_volume_forecast,network_volume_forecast|router__general__packet_length_max,temporal,linear,320,320,345,345,propagated real-source observation mask,matched,345.0,[],3.5178210790004796,3.5178210790004796,3.829398245860889,0.08136452436024016,ok,1.0,0.0,True,618.0,618.0,False,5359.0,primary,p7,qualification,1337,identity,4680,9720,360,2,22,320,,,
C0035,network_volume_forecast,network_volume_forecast|router__general__packet_length_max,temporal,linear,320,320,345,320,propagated real-source observation mask,matched,345.0,[],3.5178210790004796,3.454530859358252,3.829398245860889,0.08136452436024016,ok,0.9820086871330562,-0.01815512429912568,True,618.0,618.0,False,5359.0,primary,p7,qualification,1337,block_a,4680,9720,360,2,22,320,,,
C0035,network_volume_forecast,network_volume_forecast|router__general__packet_length_max,temporal,linear,320,320,345,320,propagated real-source observation mask,matched,345.0,[],3.5178210790004796,3.429612525863233,3.829398245860889,0.08136452436024016,ok,0.9749252303751874,-0.025394497719552028,True,618.0,618.0,False,5359.0,primary,p7,qualification,1337,block_b,4680,9720,360,2,22,320,,,
C0035,network_volume_forecast,network_volume_forecast|router__general__packet_length_max,temporal,linear,320,320,345,320,propagated real-source observation mask,matched,345.0,[],3.5178210790004796,4.02651595300399,3.829398245860889,0.08136452436024016,ok,1.14460510144764,0.13505968795273857,False,618.0,618.0,False,5359.0,primary,p7,qualification,1337,row_resample,4680,9720,360,2,22,320,,,
C0044,network_volume_forecast,network_volume_forecast|router__general__packet_length_mean,temporal,linear,311,311,336,336,propagated real-source observation mask,matched,336.0,[],0.1043378337767726,0.1043378337767726,0.5622014394895021,0.8144120124069499,ok,1.0,0.0,True,93.8677745107463,93.8677745107463,False,517.3542600896861,primary,p7,qualification,1337,identity,4680,9720,360,2,22,311,,,
C0044,network_volume_forecast,network_volume_forecast|router__general__packet_length_mean,temporal,linear,311,311,336,311,propagated real-source observation mask,matched,336.0,[],0.1043378337767726,0.10272472452270649,0.5622014394895021,0.8144120124069499,ok,0.9845395558286432,-0.015581203113199988,True,93.8677745107463,93.8677745107463,False,517.3542600896861,primary,p7,qualification,1337,block_a,4680,9720,360,2,22,311,,,
C0044,network_volume_forecast,network_volume_forecast|router__general__packet_length_mean,temporal,linear,311,311,336,311,propagated real-source observation mask,matched,336.0,[],0.1043378337767726,0.10057239029703598,0.5622014394895021,0.8144120124069499,ok,0.963911044120461,-0.03675626651279644,True,93.8677745107463,93.8677745107463,False,517.3542600896861,primary,p7,qualification,1337,block_b,4680,9720,360,2,22,311,,,
C0044,network_volume_forecast,network_volume_forecast|router__general__packet_length_mean,temporal,linear,311,311,336,311,propagated real-source observation mask,matched,336.0,[],0.1043378337767726,0.5866297646752988,0.5622014394895021,0.8144120124069499,ok,5.622406977802262,1.7267598600817018,False,93.8677745107463,93.8677745107463,False,517.3542600896861,primary,p7,qualification,1337,row_resample,4680,9720,360,2,22,311,,,
C0065,network_volume_forecast,network_volume_forecast|router__general__packet_length_min,temporal,linear,322,322,347,347,propagated real-source observation mask,matched,347.0,[],0.4763688818839172,0.4763688818839172,0.3717579250720461,-0.28139536444743624,ok,1.0,0.0,True,18.0,18.0,False,44.0,primary,p7,qualification,1337,identity,4680,9720,360,2,22,322,,,
C0065,network_volume_forecast,network_volume_forecast|router__general__packet_length_min,temporal,linear,322,322,347,322,propagated real-source observation mask,matched,347.0,[],0.4763688818839172,0.47783628493194424,0.3717579250720461,-0.28139536444743624,ok,1.003080392325846,0.003075657638044256,True,18.0,18.0,False,44.0,primary,p7,qualification,1337,block_a,4680,9720,360,2,22,322,,,
C0065,network_volume_forecast,network_volume_forecast|router__general__packet_length_min,temporal,linear,322,322,347,322,propagated real-source observation mask,matched,347.0,[],0.4763688818839172,0.47807077325018604,0.3717579250720461,-0.28139536444743624,ok,1.0035726333750818,0.003566266679871328,True,18.0,18.0,False,44.0,primary,p7,qualification,1337,block_b,4680,9720,360,2,22,322,,,
C0065,network_volume_forecast,network_volume_forecast|router__general__packet_length_min,temporal,linear,322,322,347,322,propagated real-source observation mask,matched,347.0,[],0.4763688818839172,0.48058564657152547,0.3717579250720461,-0.28139536444743624,ok,1.0088518894662726,0.008812941167981665,True,18.0,18.0,False,44.0,primary,p7,qualification,1337,row_resample,4680,9720,360,2,22,322,,,
C0066,network_volume_forecast,network_volume_forecast|router__general__packet_length_min,temporal,linear,320,320,345,345,propagated real-source observation mask,matched,345.0,[],0.4739435360311822,0.4739435360311822,0.3710144927536232,-0.2774259369590458,ok,1.0,0.0,True,18.0,18.0,False,44.0,primary,p7,qualification,1337,identity,4680,9720,360,2,22,320,,,
C0066,network_volume_forecast,network_volume_forecast|router__general__packet_length_min,temporal,linear,320,320,345,320,propagated real-source observation mask,matched,345.0,[],0.4739435360311822,0.4734586777037577,0.3710144927536232,-0.2774259369590458,ok,0.9989769702705839,-0.0010235533815013463,True,18.0,18.0,False,44.0,primary,p7,qualification,1337,block_a,4680,9720,360,2,22,320,,,
C0066,network_volume_forecast,network_volume_forecast|router__general__packet_length_min,temporal,linear,320,320,345,320,propagated real-source observation mask,matched,345.0,[],0.4739435360311822,0.4742500601983537,0.3710144927536232,-0.2774259369590458,ok,1.0006467525008111,0.0006465434465452134,True,18.0,18.0,False,44.0,primary,p7,qualification,1337,block_b,4680,9720,360,2,22,320,,,
C0066,network_volume_forecast,network_volume_forecast|router__general__packet_length_min,temporal,linear,320,320,345,320,propagated real-source observation mask,matched,345.0,[],0.4739435360311822,0.47931545883904864,0.3710144927536232,-0.2774259369590458,ok,1.01133452067487,0.011270766293339325,True,18.0,18.0,False,44.0,primary,p7,qualification,1337,row_resample,4680,9720,360,2,22,320,,,
C0067,network_volume_forecast,network_volume_forecast|router__general__packet_length_min,temporal,linear,311,311,336,336,propagated real-source observation mask,matched,336.0,[],0.46591858777548456,0.46591858777548456,0.36904761904761907,-0.26248907655292586,ok,1.0,0.0,True,18.0,18.0,False,44.0,primary,p7,qualification,1337,identity,4680,9720,360,2,22,311,,,
C0067,network_volume_forecast,network_volume_forecast|router__general__packet_length_min,temporal,linear,311,311,336,311,propagated real-source observation mask,matched,336.0,[],0.46591858777548456,0.4643684267888124,0.36904761904761907,-0.26248907655292586,ok,0.9966728930174833,-0.0033326541102957426,True,18.0,18.0,False,44.0,primary,p7,qualification,1337,block_a,4680,9720,360,2,22,311,,,
C0067,network_volume_forecast,network_volume_forecast|router__general__packet_length_min,temporal,linear,311,311,336,311,propagated real-source observation mask,matched,336.0,[],0.46591858777548456,0.46344754238812386,0.36904761904761907,-0.26248907655292586,ok,0.9946964009331359,-0.005317713073869555,True,18.0,18.0,False,44.0,primary,p7,qualification,1337,block_b,4680,9720,360,2,22,311,,,
C0067,network_volume_forecast,network_volume_forecast|router__general__packet_length_min,temporal,linear,311,311,336,311,propagated real-source observation mask,matched,336.0,[],0.46591858777548456,0.4740331451636057,0.36904761904761907,-0.26248907655292586,ok,1.0174162559748128,0.017266331237219077,True,18.0,18.0,False,44.0,primary,p7,qualification,1337,row_resample,4680,9720,360,2,22,311,,,
C0071,network_burst_prediction,network_burst_prediction|router__iot_named__mqtt_port_packets,temporal,linear,322,322,347,347,propagated real-source observation mask,matched,347.0,[],0.11693519332238582,0.11693519332238582,0.11715743591117635,0.0018969567493694753,ok,1.0,0.0,True,,,,0.046583850931677016,primary,p7,qualification,1337,identity,4680,9720,360,2,22,322,0.5816831683168316,0.02789986572943476,0.12680115273775217
C0071,network_burst_prediction,network_burst_prediction|router__iot_named__mqtt_port_packets,temporal,linear,322,322,347,322,propagated real-source observation mask,matched,347.0,[],0.11693519332238582,0.11680911409889007,0.11715743591117635,0.0018969567493694753,ok,0.998921802582152,-0.0010787790908270327,True,,,,0.046583850931677016,primary,p7,qualification,1337,block_a,4680,9720,360,2,22,322,0.5816831683168316,0.02789986572943476,0.12680115273775217
C0071,network_burst_prediction,network_burst_prediction|router__iot_named__mqtt_port_packets,temporal,linear,322,322,347,322,propagated real-source observation mask,matched,347.0,[],0.11693519332238582,0.11787738734593488,0.11715743591117635,0.0018969567493694753,ok,1.008057403393959,0.008025115839179184,True,,,,0.046583850931677016,primary,p7,qualification,1337,block_b,4680,9720,360,2,22,322,0.5816831683168316,0.02789986572943476,0.12680115273775217
C0071,network_burst_prediction,network_burst_prediction|router__iot_named__mqtt_port_packets,temporal,linear,322,322,347,322,propagated real-source observation mask,matched,347.0,[],0.11693519332238582,0.1125721081415071,0.11715743591117635,0.0018969567493694753,ok,0.9626880064340437,-0.03802590053483856,True,,,,0.046583850931677016,primary,p7,qualification,1337,row_resample,4680,9720,360,2,22,322,0.5816831683168316,0.02789986572943476,0.12680115273775217
C0081,network_volume_forecast,network_volume_forecast|router__iot_named__udp_count,temporal,linear,320,320,345,345,propagated real-source observation mask,matched,345.0,[],0.29086614059780425,0.29086614059780425,0.6695652173913044,0.5655895302760067,ok,1.0,0.0,True,4.0,4.0,False,0.0,primary,p7,qualification,1337,identity,4680,9720,360,2,22,320,,,
C0081,network_volume_forecast,network_volume_forecast|router__iot_named__udp_count,temporal,linear,320,320,345,320,propagated real-source observation mask,matched,345.0,[],0.29086614059780425,0.2910196881454662,0.6695652173913044,0.5655895302760067,ok,1.0005278976347896,0.0005277583458511904,True,4.0,4.0,False,0.0,primary,p7,qualification,1337,block_a,4680,9720,360,2,22,320,,,
C0081,network_volume_forecast,network_volume_forecast|router__iot_named__udp_count,temporal,linear,320,320,345,320,propagated real-source observation mask,matched,345.0,[],0.29086614059780425,0.2910174608192677,0.6695652173913044,0.5655895302760067,ok,1.0005202400704065,0.0005201047924570639,True,4.0,4.0,False,0.0,primary,p7,qualification,1337,block_b,4680,9720,360,2,22,320,,,
C0081,network_volume_forecast,network_volume_forecast|router__iot_named__udp_count,temporal,linear,320,320,345,320,propagated real-source observation mask,matched,345.0,[],0.29086614059780425,0.5206764898648647,0.6695652173913044,0.5655895302760067,ok,1.7900897257918762,0.5822657447371036,False,4.0,4.0,False,0.0,primary,p7,qualification,1337,row_resample,4680,9720,360,2,22,320,,,
C0082,network_volume_forecast,network_volume_forecast|router__iot_named__udp_count,temporal,linear,311,311,336,336,propagated real-source observation mask,matched,336.0,[],0.2301497675482682,0.2301497675482682,0.6711309523809523,0.6570717432540216,ok,1.0,0.0,True,4.0,4.0,False,0.0,primary,p7,qualification,1337,identity,4680,9720,360,2,22,311,,,
C0082,network_volume_forecast,network_volume_forecast|router__iot_named__udp_count,temporal,linear,311,311,336,311,propagated real-source observation mask,matched,336.0,[],0.2301497675482682,0.23502819312712703,0.6711309523809523,0.6570717432540216,ok,1.0211967434546103,0.020975217440242472,True,4.0,4.0,False,0.0,primary,p7,qualification,1337,block_a,4680,9720,360,2,22,311,,,
C0082,network_volume_forecast,network_volume_forecast|router__iot_named__udp_count,temporal,linear,311,311,336,311,propagated real-source observation mask,matched,336.0,[],0.2301497675482682,0.23399808727600746,0.6711309523809523,0.6570717432540216,ok,1.0167209368435801,0.016582681028404354,True,4.0,4.0,False,0.0,primary,p7,qualification,1337,block_b,4680,9720,360,2,22,311,,,
C0082,network_volume_forecast,network_volume_forecast|router__iot_named__udp_count,temporal,linear,311,311,336,311,propagated real-source observation mask,matched,336.0,[],0.2301497675482682,0.47274560196159043,0.6711309523809523,0.6570717432540216,ok,2.0540781205110004,0.7198271441380342,False,4.0,4.0,False,0.0,primary,p7,qualification,1337,row_resample,4680,9720,360,2,22,311,,,
C0085,network_volume_forecast,network_volume_forecast|router__iot_named__dns_port_packets,temporal,linear,320,320,345,345,propagated real-source observation mask,matched,345.0,[],0.05554995694385284,0.05554995694385284,0.33768115942028987,0.835495835659835,ok,1.0,0.0,True,4.0,4.0,False,0.0,primary,p7,qualification,1337,identity,4680,9720,360,2,22,320,,,
C0085,network_volume_forecast,network_volume_forecast|router__iot_named__dns_port_packets,temporal,linear,320,320,345,320,propagated real-source observation mask,matched,345.0,[],0.05554995694385284,0.05710341489476695,0.33768115942028987,0.835495835659835,ok,1.027965061295804,0.027581179389061423,True,4.0,4.0,False,0.0,primary,p7,qualification,1337,block_a,4680,9720,360,2,22,320,,,
C0085,network_volume_forecast,network_volume_forecast|router__iot_named__dns_port_packets,temporal,linear,320,320,345,320,propagated real-source observation mask,matched,345.0,[],0.05554995694385284,0.05710341489476695,0.33768115942028987,0.835495835659835,ok,1.027965061295804,0.027581179389061423,True,4.0,4.0,False,0.0,primary,p7,qualification,1337,block_b,4680,9720,360,2,22,320,,,
C0085,network_volume_forecast,network_volume_forecast|router__iot_named__dns_port_packets,temporal,linear,320,320,345,320,propagated real-source observation mask,matched,345.0,[],0.05554995694385284,0.47905823650623636,0.33768115942028987,0.835495835659835,ok,8.623917332473269,2.1545394283685257,False,4.0,4.0,False,0.0,primary,p7,qualification,1337,row_resample,4680,9720,360,2,22,320,,,
C0086,network_volume_forecast,network_volume_forecast|router__iot_named__dns_port_packets,temporal,linear,311,311,336,336,propagated real-source observation mask,matched,336.0,[],0.0657525381770692,0.0657525381770692,0.33779761904761907,0.805349314295196,ok,1.0,0.0,True,4.0,4.0,False,0.0,primary,p7,qualification,1337,identity,4680,9720,360,2,22,311,,,
C0086,network_volume_forecast,network_volume_forecast|router__iot_named__dns_port_packets,temporal,linear,311,311,336,311,propagated real-source observation mask,matched,336.0,[],0.0657525381770692,0.07741996492366496,0.33779761904761907,0.805349314295196,ok,1.177444507391879,0.16334641831754354,False,4.0,4.0,False,0.0,primary,p7,qualification,1337,block_a,4680,9720,360,2,22,311,,,
C0086,network_volume_forecast,network_volume_forecast|router__iot_named__dns_port_packets,temporal,linear,311,311,336,311,propagated real-source observation mask,matched,336.0,[],0.0657525381770692,0.07741996492366496,0.33779761904761907,0.805349314295196,ok,1.177444507391879,0.16334641831754354,False,4.0,4.0,False,0.0,primary,p7,qualification,1337,block_b,4680,9720,360,2,22,311,,,
C0086,network_volume_forecast,network_volume_forecast|router__iot_named__dns_port_packets,temporal,linear,311,311,336,311,propagated real-source observation mask,matched,336.0,[],0.0657525381770692,0.4218475585159032,0.33779761904761907,0.805349314295196,ok,6.4156847813217945,1.8587457392640543,False,4.0,4.0,False,0.0,primary,p7,qualification,1337,row_resample,4680,9720,360,2,22,311,,,
C0034,network_volume_forecast,network_volume_forecast|router__general__packet_length_max,temporal,linear,322,322,347,347,propagated real-source observation mask,matched,347.0,[],3.5406469638142153,3.5406469638142153,3.828369639606505,0.07515540631595412,ok,1.0,0.0,True,619.0,619.0,False,5359.0,primary,p7,qualification,1338,identity,4680,9720,360,14,7,322,,,
C0034,network_volume_forecast,network_volume_forecast|router__general__packet_length_max,temporal,linear,322,322,347,322,propagated real-source observation mask,matched,347.0,[],3.5406469638142153,3.4205874944796286,3.828369639606505,0.07515540631595412,ok,0.9660910927969925,-0.03449715025379674,True,619.0,619.0,False,5359.0,primary,p7,qualification,1338,block_a,4680,9720,360,14,7,322,,,
C0034,network_volume_forecast,network_volume_forecast|router__general__packet_length_max,temporal,linear,322,322,347,322,propagated real-source observation mask,matched,347.0,[],3.5406469638142153,3.4567520947403088,3.828369639606505,0.07515540631595412,ok,0.9763052148572504,-0.023980021315170668,True,619.0,619.0,False,5359.0,primary,p7,qualification,1338,block_b,4680,9720,360,14,7,322,,,
C0034,network_volume_forecast,network_volume_forecast|router__general__packet_length_max,temporal,linear,322,322,347,322,propagated real-source observation mask,matched,347.0,[],3.5406469638142153,3.956232857055444,3.828369639606505,0.07515540631595412,ok,1.1173756936199966,0.11098280518415797,False,619.0,619.0,False,5359.0,primary,p7,qualification,1338,row_resample,4680,9720,360,14,7,322,,,
C0035,network_volume_forecast,network_volume_forecast|router__general__packet_length_max,temporal,linear,320,320,345,345,propagated real-source observation mask,matched,345.0,[],3.5178210790004796,3.5178210790004796,3.829398245860889,0.08136452436024016,ok,1.0,0.0,True,618.0,618.0,False,5359.0,primary,p7,qualification,1338,identity,4680,9720,360,14,7,320,,,
C0035,network_volume_forecast,network_volume_forecast|router__general__packet_length_max,temporal,linear,320,320,345,320,propagated real-source observation mask,matched,345.0,[],3.5178210790004796,3.437855933868024,3.829398245860889,0.08136452436024016,ok,0.9772685581964914,-0.022993784265295462,True,618.0,618.0,False,5359.0,primary,p7,qualification,1338,block_a,4680,9720,360,14,7,320,,,
C0035,network_volume_forecast,network_volume_forecast|router__general__packet_length_max,temporal,linear,320,320,345,320,propagated real-source observation mask,matched,345.0,[],3.5178210790004796,3.471466740503282,3.829398245860889,0.08136452436024016,ok,0.986822997117759,-0.013264589858155281,True,618.0,618.0,False,5359.0,primary,p7,qualification,1338,block_b,4680,9720,360,14,7,320,,,
C0035,network_volume_forecast,network_volume_forecast|router__general__packet_length_max,temporal,linear,320,320,345,320,propagated real-source observation mask,matched,345.0,[],3.5178210790004796,3.873024850989988,3.829398245860889,0.08136452436024016,ok,1.1009726657532088,0.09619403068685811,False,618.0,618.0,False,5359.0,primary,p7,qualification,1338,row_resample,4680,9720,360,14,7,320,,,
C0044,network_volume_forecast,network_volume_forecast|router__general__packet_length_mean,temporal,linear,311,311,336,336,propagated real-source observation mask,matched,336.0,[],0.1043378337767726,0.1043378337767726,0.5622014394895021,0.8144120124069499,ok,1.0,0.0,True,93.8677745107463,93.8677745107463,False,517.3542600896861,primary,p7,qualification,1338,identity,4680,9720,360,14,7,311,,,
C0044,network_volume_forecast,network_volume_forecast|router__general__packet_length_mean,temporal,linear,311,311,336,311,propagated real-source observation mask,matched,336.0,[],0.1043378337767726,0.10380612351151161,0.5622014394895021,0.8144120124069499,ok,0.9949039552958464,-0.005109073823465749,True,93.8677745107463,93.8677745107463,False,517.3542600896861,primary,p7,qualification,1338,block_a,4680,9720,360,14,7,311,,,
C0044,network_volume_forecast,network_volume_forecast|router__general__packet_length_mean,temporal,linear,311,311,336,311,propagated real-source observation mask,matched,336.0,[],0.1043378337767726,0.10527788893320787,0.5622014394895021,0.8144120124069499,ok,1.0090097246838237,0.008969379267369815,True,93.8677745107463,93.8677745107463,False,517.3542600896861,primary,p7,qualification,1338,block_b,4680,9720,360,14,7,311,,,
C0044,network_volume_forecast,network_volume_forecast|router__general__packet_length_mean,temporal,linear,311,311,336,311,propagated real-source observation mask,matched,336.0,[],0.1043378337767726,0.5825913056054509,0.5622014394895021,0.8144120124069499,ok,5.583701371948033,1.7198518847943385,False,93.8677745107463,93.8677745107463,False,517.3542600896861,primary,p7,qualification,1338,row_resample,4680,9720,360,14,7,311,,,
C0065,network_volume_forecast,network_volume_forecast|router__general__packet_length_min,temporal,linear,322,322,347,347,propagated real-source observation mask,matched,347.0,[],0.4763688818839172,0.4763688818839172,0.3717579250720461,-0.28139536444743624,ok,1.0,0.0,True,18.0,18.0,False,44.0,primary,p7,qualification,1338,identity,4680,9720,360,14,7,322,,,
C0065,network_volume_forecast,network_volume_forecast|router__general__packet_length_min,temporal,linear,322,322,347,322,propagated real-source observation mask,matched,347.0,[],0.4763688818839172,0.4779820028639618,0.3717579250720461,-0.28139536444743624,ok,1.0033862853796518,0.003380564825962737,True,18.0,18.0,False,44.0,primary,p7,qualification,1338,block_a,4680,9720,360,14,7,322,,,
C0065,network_volume_forecast,network_volume_forecast|router__general__packet_length_min,temporal,linear,322,322,347,322,propagated real-source observation mask,matched,347.0,[],0.4763688818839172,0.4762712731681967,0.3717579250720461,-0.28139536444743624,ok,0.9997950984637484,-0.00020492253143942604,True,18.0,18.0,False,44.0,primary,p7,qualification,1338,block_b,4680,9720,360,14,7,322,,,
C0065,network_volume_forecast,network_volume_forecast|router__general__packet_length_min,temporal,linear,322,322,347,322,propagated real-source observation mask,matched,347.0,[],0.4763688818839172,0.4618359304365116,0.3717579250720461,-0.28139536444743624,ok,0.9694922317555011,-0.0309828169612367,True,18.0,18.0,False,44.0,primary,p7,qualification,1338,row_resample,4680,9720,360,14,7,322,,,
C0066,network_volume_forecast,network_volume_forecast|router__general__packet_length_min,temporal,linear,320,320,345,345,propagated real-source observation mask,matched,345.0,[],0.4739435360311822,0.4739435360311822,0.3710144927536232,-0.2774259369590458,ok,1.0,0.0,True,18.0,18.0,False,44.0,primary,p7,qualification,1338,identity,4680,9720,360,14,7,320,,,
C0066,network_volume_forecast,network_volume_forecast|router__general__packet_length_min,temporal,linear,320,320,345,320,propagated real-source observation mask,matched,345.0,[],0.4739435360311822,0.4731045843498661,0.3710144927536232,-0.2774259369590458,ok,0.9982298488795911,-0.0017717196892460155,True,18.0,18.0,False,44.0,primary,p7,qualification,1338,block_a,4680,9720,360,14,7,320,,,
C0066,network_volume_forecast,network_volume_forecast|router__general__packet_length_min,temporal,linear,320,320,345,320,propagated real-source observation mask,matched,345.0,[],0.4739435360311822,0.47283037608921397,0.3710144927536232,-0.2774259369590458,ok,0.9976512815191237,-0.0023514810466346695,True,18.0,18.0,False,44.0,primary,p7,qualification,1338,block_b,4680,9720,360,14,7,320,,,
C0066,network_volume_forecast,network_volume_forecast|router__general__packet_length_min,temporal,linear,320,320,345,320,propagated real-source observation mask,matched,345.0,[],0.4739435360311822,0.46094901484174133,0.3710144927536232,-0.2774259369590458,ok,0.972582132255126,-0.027800752294583213,True,18.0,18.0,False,44.0,primary,p7,qualification,1338,row_resample,4680,9720,360,14,7,320,,,
C0067,network_volume_forecast,network_volume_forecast|router__general__packet_length_min,temporal,linear,311,311,336,336,propagated real-source observation mask,matched,336.0,[],0.46591858777548456,0.46591858777548456,0.36904761904761907,-0.26248907655292586,ok,1.0,0.0,True,18.0,18.0,False,44.0,primary,p7,qualification,1338,identity,4680,9720,360,14,7,311,,,
C0067,network_volume_forecast,network_volume_forecast|router__general__packet_length_min,temporal,linear,311,311,336,311,propagated real-source observation mask,matched,336.0,[],0.46591858777548456,0.46291049307079807,0.36904761904761907,-0.26248907655292586,ok,0.9935437332108844,-0.006477198622515954,True,18.0,18.0,False,44.0,primary,p7,qualification,1338,block_a,4680,9720,360,14,7,311,,,
C0067,network_volume_forecast,network_volume_forecast|router__general__packet_length_min,temporal,linear,311,311,336,311,propagated real-source observation mask,matched,336.0,[],0.46591858777548456,0.4615555136812628,0.36904761904761907,-0.26248907655292586,ok,0.9906355440441792,-0.00940857814305052,True,18.0,18.0,False,44.0,primary,p7,qualification,1338,block_b,4680,9720,360,14,7,311,,,
C0067,network_volume_forecast,network_volume_forecast|router__general__packet_length_min,temporal,linear,311,311,336,311,propagated real-source observation mask,matched,336.0,[],0.46591858777548456,0.45924623679222676,0.36904761904761907,-0.26248907655292586,ok,0.9856791483355177,-0.014424384703596761,True,18.0,18.0,False,44.0,primary,p7,qualification,1338,row_resample,4680,9720,360,14,7,311,,,
C0071,network_burst_prediction,network_burst_prediction|router__iot_named__mqtt_port_packets,temporal,linear,322,322,347,347,propagated real-source observation mask,matched,347.0,[],0.11693519332238582,0.11693519332238582,0.11715743591117635,0.0018969567493694753,ok,1.0,0.0,True,,,,0.046583850931677016,primary,p7,qualification,1338,identity,4680,9720,360,14,7,322,0.5816831683168316,0.02789986572943476,0.12680115273775217
C0071,network_burst_prediction,network_burst_prediction|router__iot_named__mqtt_port_packets,temporal,linear,322,322,347,322,propagated real-source observation mask,matched,347.0,[],0.11693519332238582,0.11742060202003636,0.11715743591117635,0.0018969567493694753,ok,1.004151091590641,0.004142499579221327,True,,,,0.046583850931677016,primary,p7,qualification,1338,block_a,4680,9720,360,14,7,322,0.5816831683168316,0.02789986572943476,0.12680115273775217
C0071,network_burst_prediction,network_burst_prediction|router__iot_named__mqtt_port_packets,temporal,linear,322,322,347,322,propagated real-source observation mask,matched,347.0,[],0.11693519332238582,0.11714595013127332,0.11715743591117635,0.0018969567493694753,ok,1.0018023385680517,0.0018007163048472741,True,,,,0.046583850931677016,primary,p7,qualification,1338,block_b,4680,9720,360,14,7,322,0.5816831683168316,0.02789986572943476,0.12680115273775217
C0071,network_burst_prediction,network_burst_prediction|router__iot_named__mqtt_port_packets,temporal,linear,322,322,347,322,propagated real-source observation mask,matched,347.0,[],0.11693519332238582,0.1189674132902651,0.11715743591117635,0.0018969567493694753,ok,1.0173790277344181,0.017229739604933653,True,,,,0.046583850931677016,primary,p7,qualification,1338,row_resample,4680,9720,360,14,7,322,0.5816831683168316,0.02789986572943476,0.12680115273775217
C0081,network_volume_forecast,network_volume_forecast|router__iot_named__udp_count,temporal,linear,320,320,345,345,propagated real-source observation mask,matched,345.0,[],0.29086614059780425,0.29086614059780425,0.6695652173913044,0.5655895302760067,ok,1.0,0.0,True,4.0,4.0,False,0.0,primary,p7,qualification,1338,identity,4680,9720,360,14,7,320,,,
C0081,network_volume_forecast,network_volume_forecast|router__iot_named__udp_count,temporal,linear,320,320,345,320,propagated real-source observation mask,matched,345.0,[],0.29086614059780425,0.2911133013530353,0.6695652173913044,0.5655895302760067,ok,1.0008497405532424,0.0008493797281291582,True,4.0,4.0,False,0.0,primary,p7,qualification,1338,block_a,4680,9720,360,14,7,320,,,
C0081,network_volume_forecast,network_volume_forecast|router__iot_named__udp_count,temporal,linear,320,320,345,320,propagated real-source observation mask,matched,345.0,[],0.29086614059780425,0.2911133013530353,0.6695652173913044,0.5655895302760067,ok,1.0008497405532424,0.0008493797281291582,True,4.0,4.0,False,0.0,primary,p7,qualification,1338,block_b,4680,9720,360,14,7,320,,,
C0081,network_volume_forecast,network_volume_forecast|router__iot_named__udp_count,temporal,linear,320,320,345,320,propagated real-source observation mask,matched,345.0,[],0.29086614059780425,0.47675667620178724,0.6695652173913044,0.5655895302760067,ok,1.6390930729232713,0.49414308455774686,False,4.0,4.0,False,0.0,primary,p7,qualification,1338,row_resample,4680,9720,360,14,7,320,,,
C0082,network_volume_forecast,network_volume_forecast|router__iot_named__udp_count,temporal,linear,311,311,336,336,propagated real-source observation mask,matched,336.0,[],0.2301497675482682,0.2301497675482682,0.6711309523809523,0.6570717432540216,ok,1.0,0.0,True,4.0,4.0,False,0.0,primary,p7,qualification,1338,identity,4680,9720,360,14,7,311,,,
C0082,network_volume_forecast,network_volume_forecast|router__iot_named__udp_count,temporal,linear,311,311,336,311,propagated real-source observation mask,matched,336.0,[],0.2301497675482682,0.23485222983346127,0.6711309523809523,0.6570717432540216,ok,1.0204321835094048,0.020226246879678476,True,4.0,4.0,False,0.0,primary,p7,qualification,1338,block_a,4680,9720,360,14,7,311,,,
C0082,network_volume_forecast,network_volume_forecast|router__iot_named__udp_count,temporal,linear,311,311,336,311,propagated real-source observation mask,matched,336.0,[],0.2301497675482682,0.23509968375976478,0.6711309523809523,0.6570717432540216,ok,1.0215073700235584,0.02127935015265328,True,4.0,4.0,False,0.0,primary,p7,qualification,1338,block_b,4680,9720,360,14,7,311,,,
C0082,network_volume_forecast,network_volume_forecast|router__iot_named__udp_count,temporal,linear,311,311,336,311,propagated real-source observation mask,matched,336.0,[],0.2301497675482682,0.5123721043472929,0.6711309523809523,0.6570717432540216,ok,2.2262551459663564,0.800320867114338,False,4.0,4.0,False,0.0,primary,p7,qualification,1338,row_resample,4680,9720,360,14,7,311,,,
C0085,network_volume_forecast,network_volume_forecast|router__iot_named__dns_port_packets,temporal,linear,320,320,345,345,propagated real-source observation mask,matched,345.0,[],0.05554995694385284,0.05554995694385284,0.33768115942028987,0.835495835659835,ok,1.0,0.0,True,4.0,4.0,False,0.0,primary,p7,qualification,1338,identity,4680,9720,360,14,7,320,,,
C0085,network_volume_forecast,network_volume_forecast|router__iot_named__dns_port_packets,temporal,linear,320,320,345,320,propagated real-source observation mask,matched,345.0,[],0.05554995694385284,0.05710341489476695,0.33768115942028987,0.835495835659835,ok,1.027965061295804,0.027581179389061423,True,4.0,4.0,False,0.0,primary,p7,qualification,1338,block_a,4680,9720,360,14,7,320,,,
C0085,network_volume_forecast,network_volume_forecast|router__iot_named__dns_port_packets,temporal,linear,320,320,345,320,propagated real-source observation mask,matched,345.0,[],0.05554995694385284,0.05710341489476695,0.33768115942028987,0.835495835659835,ok,1.027965061295804,0.027581179389061423,True,4.0,4.0,False,0.0,primary,p7,qualification,1338,block_b,4680,9720,360,14,7,320,,,
C0085,network_volume_forecast,network_volume_forecast|router__iot_named__dns_port_packets,temporal,linear,320,320,345,320,propagated real-source observation mask,matched,345.0,[],0.05554995694385284,0.4346864211556456,0.33768115942028987,0.835495835659835,ok,7.825144159787652,2.0573421592325736,False,4.0,4.0,False,0.0,primary,p7,qualification,1338,row_resample,4680,9720,360,14,7,320,,,
C0086,network_volume_forecast,network_volume_forecast|router__iot_named__dns_port_packets,temporal,linear,311,311,336,336,propagated real-source observation mask,matched,336.0,[],0.0657525381770692,0.0657525381770692,0.33779761904761907,0.805349314295196,ok,1.0,0.0,True,4.0,4.0,False,0.0,primary,p7,qualification,1338,identity,4680,9720,360,14,7,311,,,
C0086,network_volume_forecast,network_volume_forecast|router__iot_named__dns_port_packets,temporal,linear,311,311,336,311,propagated real-source observation mask,matched,336.0,[],0.0657525381770692,0.07741996492366496,0.33779761904761907,0.805349314295196,ok,1.177444507391879,0.16334641831754354,False,4.0,4.0,False,0.0,primary,p7,qualification,1338,block_a,4680,9720,360,14,7,311,,,
C0086,network_volume_forecast,network_volume_forecast|router__iot_named__dns_port_packets,temporal,linear,311,311,336,311,propagated real-source observation mask,matched,336.0,[],0.0657525381770692,0.07741996492366496,0.33779761904761907,0.805349314295196,ok,1.177444507391879,0.16334641831754354,False,4.0,4.0,False,0.0,primary,p7,qualification,1338,block_b,4680,9720,360,14,7,311,,,
C0086,network_volume_forecast,network_volume_forecast|router__iot_named__dns_port_packets,temporal,linear,311,311,336,311,propagated real-source observation mask,matched,336.0,[],0.0657525381770692,0.48082002421970343,0.33779761904761907,0.805349314295196,ok,7.312569788939136,1.9895947562989817,False,4.0,4.0,False,0.0,primary,p7,qualification,1338,row_resample,4680,9720,360,14,7,311,,,
C0034,network_volume_forecast,network_volume_forecast|router__general__packet_length_max,temporal,linear,322,322,347,347,propagated real-source observation mask,matched,347.0,[],3.5406469638142153,3.5406469638142153,3.828369639606505,0.07515540631595412,ok,1.0,0.0,True,619.0,619.0,False,5359.0,primary,p7,qualification,1339,identity,4680,9720,360,3,24,322,,,
C0034,network_volume_forecast,network_volume_forecast|router__general__packet_length_max,temporal,linear,322,322,347,322,propagated real-source observation mask,matched,347.0,[],3.5406469638142153,3.469005199456417,3.828369639606505,0.07515540631595412,ok,0.9797659114026378,-0.020441601766201797,True,619.0,619.0,False,5359.0,primary,p7,qualification,1339,block_a,4680,9720,360,3,24,322,,,
C0034,network_volume_forecast,network_volume_forecast|router__general__packet_length_max,temporal,linear,322,322,347,322,propagated real-source observation mask,matched,347.0,[],3.5406469638142153,3.481978095849923,3.828369639606505,0.07515540631595412,ok,0.983429901776739,-0.016708917941512205,True,619.0,619.0,False,5359.0,primary,p7,qualification,1339,block_b,4680,9720,360,3,24,322,,,
C0034,network_volume_forecast,network_volume_forecast|router__general__packet_length_max,temporal,linear,322,322,347,322,propagated real-source observation mask,matched,347.0,[],3.5406469638142153,3.7094394052205755,3.828369639606505,0.07515540631595412,ok,1.0476727680368692,0.04657129290083921,True,619.0,619.0,False,5359.0,primary,p7,qualification,1339,row_resample,4680,9720,360,3,24,322,,,
C0035,network_volume_forecast,network_volume_forecast|router__general__packet_length_max,temporal,linear,320,320,345,345,propagated real-source observation mask,matched,345.0,[],3.5178210790004796,3.5178210790004796,3.829398245860889,0.08136452436024016,ok,1.0,0.0,True,618.0,618.0,False,5359.0,primary,p7,qualification,1339,identity,4680,9720,360,3,24,320,,,
C0035,network_volume_forecast,network_volume_forecast|router__general__packet_length_max,temporal,linear,320,320,345,320,propagated real-source observation mask,matched,345.0,[],3.5178210790004796,3.4690654033231745,3.829398245860889,0.08136452436024016,ok,0.9861403765051183,-0.013956564832455434,True,618.0,618.0,False,5359.0,primary,p7,qualification,1339,block_a,4680,9720,360,3,24,320,,,
C0035,network_volume_forecast,network_volume_forecast|router__general__packet_length_max,temporal,linear,320,320,345,320,propagated real-source observation mask,matched,345.0,[],3.5178210790004796,3.437885738832429,3.829398245860889,0.08136452436024016,ok,0.9772770307605404,-0.02298511466546936,True,618.0,618.0,False,5359.0,primary,p7,qualification,1339,block_b,4680,9720,360,3,24,320,,,
C0035,network_volume_forecast,network_volume_forecast|router__general__packet_length_max,temporal,linear,320,320,345,320,propagated real-source observation mask,matched,345.0,[],3.5178210790004796,3.5461008835059995,3.829398245860889,0.08136452436024016,ok,1.0080390116127098,0.008006870897009846,True,618.0,618.0,False,5359.0,primary,p7,qualification,1339,row_resample,4680,9720,360,3,24,320,,,
C0044,network_volume_forecast,network_volume_forecast|router__general__packet_length_mean,temporal,linear,311,311,336,336,propagated real-source observation mask,matched,336.0,[],0.1043378337767726,0.1043378337767726,0.5622014394895021,0.8144120124069499,ok,1.0,0.0,True,93.8677745107463,93.8677745107463,False,517.3542600896861,primary,p7,qualification,1339,identity,4680,9720,360,3,24,311,,,
C0044,network_volume_forecast,network_volume_forecast|router__general__packet_length_mean,temporal,linear,311,311,336,311,propagated real-source observation mask,matched,336.0,[],0.1043378337767726,0.105158891979508,0.5622014394895021,0.8144120124069499,ok,1.0078692279973154,0.00783842710332931,True,93.8677745107463,93.8677745107463,False,517.3542600896861,primary,p7,qualification,1339,block_a,4680,9720,360,3,24,311,,,
C0044,network_volume_forecast,network_volume_forecast|router__general__packet_length_mean,temporal,linear,311,311,336,311,propagated real-source observation mask,matched,336.0,[],0.1043378337767726,0.09999386999341461,0.5622014394895021,0.8144120124069499,ok,0.9583663602538294,-0.042525152139066026,True,93.8677745107463,93.8677745107463,False,517.3542600896861,primary,p7,qualification,1339,block_b,4680,9720,360,3,24,311,,,
C0044,network_volume_forecast,network_volume_forecast|router__general__packet_length_mean,temporal,linear,311,311,336,311,propagated real-source observation mask,matched,336.0,[],0.1043378337767726,0.5545810371897351,0.5622014394895021,0.8144120124069499,ok,5.315243925575867,1.670578904546254,False,93.8677745107463,93.8677745107463,False,517.3542600896861,primary,p7,qualification,1339,row_resample,4680,9720,360,3,24,311,,,
C0065,network_volume_forecast,network_volume_forecast|router__general__packet_length_min,temporal,linear,322,322,347,347,propagated real-source observation mask,matched,347.0,[],0.4763688818839172,0.4763688818839172,0.3717579250720461,-0.28139536444743624,ok,1.0,0.0,True,18.0,18.0,False,44.0,primary,p7,qualification,1339,identity,4680,9720,360,3,24,322,,,
C0065,network_volume_forecast,network_volume_forecast|router__general__packet_length_min,temporal,linear,322,322,347,322,propagated real-source observation mask,matched,347.0,[],0.4763688818839172,0.47783628493194424,0.3717579250720461,-0.28139536444743624,ok,1.003080392325846,0.003075657638044256,True,18.0,18.0,False,44.0,primary,p7,qualification,1339,block_a,4680,9720,360,3,24,322,,,
C0065,network_volume_forecast,network_volume_forecast|router__general__packet_length_min,temporal,linear,322,322,347,322,propagated real-source observation mask,matched,347.0,[],0.4763688818839172,0.4774180738801143,0.3717579250720461,-0.28139536444743624,ok,1.0022024780293117,0.0022000561300449524,True,18.0,18.0,False,44.0,primary,p7,qualification,1339,block_b,4680,9720,360,3,24,322,,,
C0065,network_volume_forecast,network_volume_forecast|router__general__packet_length_min,temporal,linear,322,322,347,322,propagated real-source observation mask,matched,347.0,[],0.4763688818839172,0.46887387189604574,0.3717579250720461,-0.28139536444743624,ok,0.984266373659357,-0.015858713625483356,True,18.0,18.0,False,44.0,primary,p7,qualification,1339,row_resample,4680,9720,360,3,24,322,,,
C0066,network_volume_forecast,network_volume_forecast|router__general__packet_length_min,temporal,linear,320,320,345,345,propagated real-source observation mask,matched,345.0,[],0.4739435360311822,0.4739435360311822,0.3710144927536232,-0.2774259369590458,ok,1.0,0.0,True,18.0,18.0,False,44.0,primary,p7,qualification,1339,identity,4680,9720,360,3,24,320,,,
C0066,network_volume_forecast,network_volume_forecast|router__general__packet_length_min,temporal,linear,320,320,345,320,propagated real-source observation mask,matched,345.0,[],0.4739435360311822,0.4731853037616233,0.3710144927536232,-0.2774259369590458,ok,0.9984001632854657,-0.001601117819846123,True,18.0,18.0,False,44.0,primary,p7,qualification,1339,block_a,4680,9720,360,3,24,320,,,
C0066,network_volume_forecast,network_volume_forecast|router__general__packet_length_min,temporal,linear,320,320,345,320,propagated real-source observation mask,matched,345.0,[],0.4739435360311822,0.47401132274876523,0.3710144927536232,-0.2774259369590458,ok,1.0001430269904104,0.00014301676302554554,True,18.0,18.0,False,44.0,primary,p7,qualification,1339,block_b,4680,9720,360,3,24,320,,,
C0066,network_volume_forecast,network_volume_forecast|router__general__packet_length_min,temporal,linear,320,320,345,320,propagated real-source observation mask,matched,345.0,[],0.4739435360311822,0.46848350824318646,0.3710144927536232,-0.2774259369590458,ok,0.9884795816950723,-0.011587292431970528,True,18.0,18.0,False,44.0,primary,p7,qualification,1339,row_resample,4680,9720,360,3,24,320,,,
C0067,network_volume_forecast,network_volume_forecast|router__general__packet_length_min,temporal,linear,311,311,336,336,propagated real-source observation mask,matched,336.0,[],0.46591858777548456,0.46591858777548456,0.36904761904761907,-0.26248907655292586,ok,1.0,0.0,True,18.0,18.0,False,44.0,primary,p7,qualification,1339,identity,4680,9720,360,3,24,311,,,
C0067,network_volume_forecast,network_volume_forecast|router__general__packet_length_min,temporal,linear,311,311,336,311,propagated real-source observation mask,matched,336.0,[],0.46591858777548456,0.4637828709484563,0.36904761904761907,-0.26248907655292586,ok,0.9954161158557224,-0.004594422357499083,True,18.0,18.0,False,44.0,primary,p7,qualification,1339,block_a,4680,9720,360,3,24,311,,,
C0067,network_volume_forecast,network_volume_forecast|router__general__packet_length_min,temporal,linear,311,311,336,311,propagated real-source observation mask,matched,336.0,[],0.46591858777548456,0.4611650386687231,0.36904761904761907,-0.26248907655292586,ok,0.9897974684172676,-0.010254934138598603,True,18.0,18.0,False,44.0,primary,p7,qualification,1339,block_b,4680,9720,360,3,24,311,,,
C0067,network_volume_forecast,network_volume_forecast|router__general__packet_length_min,temporal,linear,311,311,336,311,propagated real-source observation mask,matched,336.0,[],0.46591858777548456,0.46635113734385036,0.36904761904761907,-0.26248907655292586,ok,1.000928380149912,0.0009279494715955131,True,18.0,18.0,False,44.0,primary,p7,qualification,1339,row_resample,4680,9720,360,3,24,311,,,
C0071,network_burst_prediction,network_burst_prediction|router__iot_named__mqtt_port_packets,temporal,linear,322,322,347,347,propagated real-source observation mask,matched,347.0,[],0.11693519332238582,0.11693519332238582,0.11715743591117635,0.0018969567493694753,ok,1.0,0.0,True,,,,0.046583850931677016,primary,p7,qualification,1339,identity,4680,9720,360,3,24,322,0.5816831683168316,0.02789986572943476,0.12680115273775217
C0071,network_burst_prediction,network_burst_prediction|router__iot_named__mqtt_port_packets,temporal,linear,322,322,347,322,propagated real-source observation mask,matched,347.0,[],0.11693519332238582,0.11681021229113644,0.11715743591117635,0.0018969567493694753,ok,0.9989311940426283,-0.0010693775377675946,True,,,,0.046583850931677016,primary,p7,qualification,1339,block_a,4680,9720,360,3,24,322,0.5816831683168316,0.02789986572943476,0.12680115273775217
C0071,network_burst_prediction,network_burst_prediction|router__iot_named__mqtt_port_packets,temporal,linear,322,322,347,322,propagated real-source observation mask,matched,347.0,[],0.11693519332238582,0.1179831267393833,0.11715743591117635,0.0018969567493694753,ok,1.00896165976404,0.008921742397825366,True,,,,0.046583850931677016,primary,p7,qualification,1339,block_b,4680,9720,360,3,24,322,0.5816831683168316,0.02789986572943476,0.12680115273775217
C0071,network_burst_prediction,network_burst_prediction|router__iot_named__mqtt_port_packets,temporal,linear,322,322,347,322,propagated real-source observation mask,matched,347.0,[],0.11693519332238582,0.11503330712548762,0.11715743591117635,0.0018969567493694753,ok,0.9837355534902588,-0.016398164501672034,True,,,,0.046583850931677016,primary,p7,qualification,1339,row_resample,4680,9720,360,3,24,322,0.5816831683168316,0.02789986572943476,0.12680115273775217
C0081,network_volume_forecast,network_volume_forecast|router__iot_named__udp_count,temporal,linear,320,320,345,345,propagated real-source observation mask,matched,345.0,[],0.29086614059780425,0.29086614059780425,0.6695652173913044,0.5655895302760067,ok,1.0,0.0,True,4.0,4.0,False,0.0,primary,p7,qualification,1339,identity,4680,9720,360,3,24,320,,,
C0081,network_volume_forecast,network_volume_forecast|router__iot_named__udp_count,temporal,linear,320,320,345,320,propagated real-source observation mask,matched,345.0,[],0.29086614059780425,0.29100156032594643,0.6695652173913044,0.5655895302760067,ok,1.0004655740536312,0.0004654657076589387,True,4.0,4.0,False,0.0,primary,p7,qualification,1339,block_a,4680,9720,360,3,24,320,,,
C0081,network_volume_forecast,network_volume_forecast|router__iot_named__udp_count,temporal,linear,320,320,345,320,propagated real-source observation mask,matched,345.0,[],0.29086614059780425,0.2910001459277663,0.6695652173913044,0.5655895302760067,ok,1.000460711341948,0.0004606052470624445,True,4.0,4.0,False,0.0,primary,p7,qualification,1339,block_b,4680,9720,360,3,24,320,,,
C0081,network_volume_forecast,network_volume_forecast|router__iot_named__udp_count,temporal,linear,320,320,345,320,propagated real-source observation mask,matched,345.0,[],0.29086614059780425,0.4881707180718557,0.6695652173913044,0.5655895302760067,ok,1.678334635542453,0.5178020133963273,False,4.0,4.0,False,0.0,primary,p7,qualification,1339,row_resample,4680,9720,360,3,24,320,,,
C0082,network_volume_forecast,network_volume_forecast|router__iot_named__udp_count,temporal,linear,311,311,336,336,propagated real-source observation mask,matched,336.0,[],0.2301497675482682,0.2301497675482682,0.6711309523809523,0.6570717432540216,ok,1.0,0.0,True,4.0,4.0,False,0.0,primary,p7,qualification,1339,identity,4680,9720,360,3,24,311,,,
C0082,network_volume_forecast,network_volume_forecast|router__iot_named__udp_count,temporal,linear,311,311,336,311,propagated real-source observation mask,matched,336.0,[],0.2301497675482682,0.23490545151031045,0.6711309523809523,0.6570717432540216,ok,1.0206634315241916,0.020452838925708053,True,4.0,4.0,False,0.0,primary,p7,qualification,1339,block_a,4680,9720,360,3,24,311,,,
C0082,network_volume_forecast,network_volume_forecast|router__iot_named__udp_count,temporal,linear,311,311,336,311,propagated real-source observation mask,matched,336.0,[],0.2301497675482682,0.23426982090299675,0.6711309523809523,0.6570717432540216,ok,1.0179016185791474,0.017743271590962624,True,4.0,4.0,False,0.0,primary,p7,qualification,1339,block_b,4680,9720,360,3,24,311,,,
C0082,network_volume_forecast,network_volume_forecast|router__iot_named__udp_count,temporal,linear,311,311,336,311,propagated real-source observation mask,matched,336.0,[],0.2301497675482682,0.46624872903052167,0.6711309523809523,0.6570717432540216,ok,2.0258492285148084,0.7059889847526767,False,4.0,4.0,False,0.0,primary,p7,qualification,1339,row_resample,4680,9720,360,3,24,311,,,
C0085,network_volume_forecast,network_volume_forecast|router__iot_named__dns_port_packets,temporal,linear,320,320,345,345,propagated real-source observation mask,matched,345.0,[],0.05554995694385284,0.05554995694385284,0.33768115942028987,0.835495835659835,ok,1.0,0.0,True,4.0,4.0,False,0.0,primary,p7,qualification,1339,identity,4680,9720,360,3,24,320,,,
C0085,network_volume_forecast,network_volume_forecast|router__iot_named__dns_port_packets,temporal,linear,320,320,345,320,propagated real-source observation mask,matched,345.0,[],0.05554995694385284,0.057012539611332534,0.33768115942028987,0.835495835659835,ok,1.0263291413341329,0.02598849582369034,True,4.0,4.0,False,0.0,primary,p7,qualification,1339,block_a,4680,9720,360,3,24,320,,,
C0085,network_volume_forecast,network_volume_forecast|router__iot_named__dns_port_packets,temporal,linear,320,320,345,320,propagated real-source observation mask,matched,345.0,[],0.05554995694385284,0.05701253961133261,0.33768115942028987,0.835495835659835,ok,1.0263291413341342,0.025988495823691636,True,4.0,4.0,False,0.0,primary,p7,qualification,1339,block_b,4680,9720,360,3,24,320,,,
C0085,network_volume_forecast,network_volume_forecast|router__iot_named__dns_port_packets,temporal,linear,320,320,345,320,propagated real-source observation mask,matched,345.0,[],0.05554995694385284,0.45190204244539584,0.33768115942028987,0.835495835659835,ok,8.135056574430042,2.0961826950942735,False,4.0,4.0,False,0.0,primary,p7,qualification,1339,row_resample,4680,9720,360,3,24,320,,,
C0086,network_volume_forecast,network_volume_forecast|router__iot_named__dns_port_packets,temporal,linear,311,311,336,336,propagated real-source observation mask,matched,336.0,[],0.0657525381770692,0.0657525381770692,0.33779761904761907,0.805349314295196,ok,1.0,0.0,True,4.0,4.0,False,0.0,primary,p7,qualification,1339,identity,4680,9720,360,3,24,311,,,
C0086,network_volume_forecast,network_volume_forecast|router__iot_named__dns_port_packets,temporal,linear,311,311,336,311,propagated real-source observation mask,matched,336.0,[],0.0657525381770692,0.07728592978220362,0.33779761904761907,0.805349314295196,ok,1.1754060287996093,0.16161364433045086,False,4.0,4.0,False,0.0,primary,p7,qualification,1339,block_a,4680,9720,360,3,24,311,,,
C0086,network_volume_forecast,network_volume_forecast|router__iot_named__dns_port_packets,temporal,linear,311,311,336,311,propagated real-source observation mask,matched,336.0,[],0.0657525381770692,0.07728592978220362,0.33779761904761907,0.805349314295196,ok,1.1754060287996093,0.16161364433045086,False,4.0,4.0,False,0.0,primary,p7,qualification,1339,block_b,4680,9720,360,3,24,311,,,
C0086,network_volume_forecast,network_volume_forecast|router__iot_named__dns_port_packets,temporal,linear,311,311,336,311,propagated real-source observation mask,matched,336.0,[],0.0657525381770692,0.447042390856756,0.33779761904761907,0.805349314295196,ok,6.798861355783514,1.9167551504822382,False,4.0,4.0,False,0.0,primary,p7,qualification,1339,row_resample,4680,9720,360,3,24,311,,,
C0034,network_volume_forecast,network_volume_forecast|router__general__packet_length_max,temporal,linear,322,322,347,347,propagated real-source observation mask,matched,347.0,[],3.5406469638142153,3.5406469638142153,3.828369639606505,0.07515540631595412,ok,1.0,0.0,True,619.0,619.0,False,5359.0,primary,p7,qualification,1340,identity,4680,9720,360,2,1,322,,,
C0034,network_volume_forecast,network_volume_forecast|router__general__packet_length_max,temporal,linear,322,322,347,322,propagated real-source observation mask,matched,347.0,[],3.5406469638142153,3.4427226510742477,3.828369639606505,0.07515540631595412,ok,0.9723428193376057,-0.02804684191211019,True,619.0,619.0,False,5359.0,primary,p7,qualification,1340,block_a,4680,9720,360,2,1,322,,,
C0034,network_volume_forecast,network_volume_forecast|router__general__packet_length_max,temporal,linear,322,322,347,322,propagated real-source observation mask,matched,347.0,[],3.5406469638142153,3.4411673549675035,3.828369639606505,0.07515540631595412,ok,0.9719035504348771,-0.02849870739277379,True,619.0,619.0,False,5359.0,primary,p7,qualification,1340,block_b,4680,9720,360,2,1,322,,,
C0034,network_volume_forecast,network_volume_forecast|router__general__packet_length_max,temporal,linear,322,322,347,322,propagated real-source observation mask,matched,347.0,[],3.5406469638142153,3.6975535273654523,3.828369639606505,0.07515540631595412,ok,1.0443157889376824,0.043361923548013825,True,619.0,619.0,False,5359.0,primary,p7,qualification,1340,row_resample,4680,9720,360,2,1,322,,,
C0035,network_volume_forecast,network_volume_forecast|router__general__packet_length_max,temporal,linear,320,320,345,345,propagated real-source observation mask,matched,345.0,[],3.5178210790004796,3.5178210790004796,3.829398245860889,0.08136452436024016,ok,1.0,0.0,True,618.0,618.0,False,5359.0,primary,p7,qualification,1340,identity,4680,9720,360,2,1,320,,,
C0035,network_volume_forecast,network_volume_forecast|router__general__packet_length_max,temporal,linear,320,320,345,320,propagated real-source observation mask,matched,345.0,[],3.5178210790004796,3.454530859358252,3.829398245860889,0.08136452436024016,ok,0.9820086871330562,-0.01815512429912568,True,618.0,618.0,False,5359.0,primary,p7,qualification,1340,block_a,4680,9720,360,2,1,320,,,
C0035,network_volume_forecast,network_volume_forecast|router__general__packet_length_max,temporal,linear,320,320,345,320,propagated real-source observation mask,matched,345.0,[],3.5178210790004796,3.4530890578902618,3.829398245860889,0.08136452436024016,ok,0.9815988307374035,-0.018572576766459105,True,618.0,618.0,False,5359.0,primary,p7,qualification,1340,block_b,4680,9720,360,2,1,320,,,
C0035,network_volume_forecast,network_volume_forecast|router__general__packet_length_max,temporal,linear,320,320,345,320,propagated real-source observation mask,matched,345.0,[],3.5178210790004796,3.71773267836684,3.829398245860889,0.08136452436024016,ok,1.0568282453475892,0.055272201109150224,True,618.0,618.0,False,5359.0,primary,p7,qualification,1340,row_resample,4680,9720,360,2,1,320,,,
C0044,network_volume_forecast,network_volume_forecast|router__general__packet_length_mean,temporal,linear,311,311,336,336,propagated real-source observation mask,matched,336.0,[],0.1043378337767726,0.1043378337767726,0.5622014394895021,0.8144120124069499,ok,1.0,0.0,True,93.8677745107463,93.8677745107463,False,517.3542600896861,primary,p7,qualification,1340,identity,4680,9720,360,2,1,311,,,
C0044,network_volume_forecast,network_volume_forecast|router__general__packet_length_mean,temporal,linear,311,311,336,311,propagated real-source observation mask,matched,336.0,[],0.1043378337767726,0.10272472452270649,0.5622014394895021,0.8144120124069499,ok,0.9845395558286432,-0.015581203113199988,True,93.8677745107463,93.8677745107463,False,517.3542600896861,primary,p7,qualification,1340,block_a,4680,9720,360,2,1,311,,,
C0044,network_volume_forecast,network_volume_forecast|router__general__packet_length_mean,temporal,linear,311,311,336,311,propagated real-source observation mask,matched,336.0,[],0.1043378337767726,0.10292120247733473,0.5622014394895021,0.8144120124069499,ok,0.9864226498849046,-0.013670365225206788,True,93.8677745107463,93.8677745107463,False,517.3542600896861,primary,p7,qualification,1340,block_b,4680,9720,360,2,1,311,,,
C0044,network_volume_forecast,network_volume_forecast|router__general__packet_length_mean,temporal,linear,311,311,336,311,propagated real-source observation mask,matched,336.0,[],0.1043378337767726,0.5683625272731975,0.5622014394895021,0.8144120124069499,ok,5.4473291873127305,1.6951254311839825,False,93.8677745107463,93.8677745107463,False,517.3542600896861,primary,p7,qualification,1340,row_resample,4680,9720,360,2,1,311,,,
C0065,network_volume_forecast,network_volume_forecast|router__general__packet_length_min,temporal,linear,322,322,347,347,propagated real-source observation mask,matched,347.0,[],0.4763688818839172,0.4763688818839172,0.3717579250720461,-0.28139536444743624,ok,1.0,0.0,True,18.0,18.0,False,44.0,primary,p7,qualification,1340,identity,4680,9720,360,2,1,322,,,
C0065,network_volume_forecast,network_volume_forecast|router__general__packet_length_min,temporal,linear,322,322,347,322,propagated real-source observation mask,matched,347.0,[],0.4763688818839172,0.47783628493194424,0.3717579250720461,-0.28139536444743624,ok,1.003080392325846,0.003075657638044256,True,18.0,18.0,False,44.0,primary,p7,qualification,1340,block_a,4680,9720,360,2,1,322,,,
C0065,network_volume_forecast,network_volume_forecast|router__general__packet_length_min,temporal,linear,322,322,347,322,propagated real-source observation mask,matched,347.0,[],0.4763688818839172,0.4769809200840617,0.3717579250720461,-0.28139536444743624,ok,1.0012847988678941,0.0012839742200907863,True,18.0,18.0,False,44.0,primary,p7,qualification,1340,block_b,4680,9720,360,2,1,322,,,
C0065,network_volume_forecast,network_volume_forecast|router__general__packet_length_min,temporal,linear,322,322,347,322,propagated real-source observation mask,matched,347.0,[],0.4763688818839172,0.47229996007049757,0.3717579250720461,-0.28139536444743624,ok,0.9914584642948799,-0.0085782236850668,True,18.0,18.0,False,44.0,primary,p7,qualification,1340,row_resample,4680,9720,360,2,1,322,,,
C0066,network_volume_forecast,network_volume_forecast|router__general__packet_length_min,temporal,linear,320,320,345,345,propagated real-source observation mask,matched,345.0,[],0.4739435360311822,0.4739435360311822,0.3710144927536232,-0.2774259369590458,ok,1.0,0.0,True,18.0,18.0,False,44.0,primary,p7,qualification,1340,identity,4680,9720,360,2,1,320,,,
C0066,network_volume_forecast,network_volume_forecast|router__general__packet_length_min,temporal,linear,320,320,345,320,propagated real-source observation mask,matched,345.0,[],0.4739435360311822,0.4734586777037577,0.3710144927536232,-0.2774259369590458,ok,0.9989769702705839,-0.0010235533815013463,True,18.0,18.0,False,44.0,primary,p7,qualification,1340,block_a,4680,9720,360,2,1,320,,,
C0066,network_volume_forecast,network_volume_forecast|router__general__packet_length_min,temporal,linear,320,320,345,320,propagated real-source observation mask,matched,345.0,[],0.4739435360311822,0.4737208132045088,0.3710144927536232,-0.2774259369590458,ok,0.9995300646390528,-0.0004700458151745147,True,18.0,18.0,False,44.0,primary,p7,qualification,1340,block_b,4680,9720,360,2,1,320,,,
C0066,network_volume_forecast,network_volume_forecast|router__general__packet_length_min,temporal,linear,320,320,345,320,propagated real-source observation mask,matched,345.0,[],0.4739435360311822,0.4718596682318238,0.3710144927536232,-0.2774259369590458,ok,0.9956031306665583,-0.004406563991275372,True,18.0,18.0,False,44.0,primary,p7,qualification,1340,row_resample,4680,9720,360,2,1,320,,,
C0067,network_volume_forecast,network_volume_forecast|router__general__packet_length_min,temporal,linear,311,311,336,336,propagated real-source observation mask,matched,336.0,[],0.46591858777548456,0.46591858777548456,0.36904761904761907,-0.26248907655292586,ok,1.0,0.0,True,18.0,18.0,False,44.0,primary,p7,qualification,1340,identity,4680,9720,360,2,1,311,,,
C0067,network_volume_forecast,network_volume_forecast|router__general__packet_length_min,temporal,linear,311,311,336,311,propagated real-source observation mask,matched,336.0,[],0.46591858777548456,0.4643684267888124,0.36904761904761907,-0.26248907655292586,ok,0.9966728930174833,-0.0033326541102957426,True,18.0,18.0,False,44.0,primary,p7,qualification,1340,block_a,4680,9720,360,2,1,311,,,
C0067,network_volume_forecast,network_volume_forecast|router__general__packet_length_min,temporal,linear,311,311,336,311,propagated real-source observation mask,matched,336.0,[],0.46591858777548456,0.4638136633321919,0.36904761904761907,-0.26248907655292586,ok,0.9954822054785524,-0.004528030596407106,True,18.0,18.0,False,44.0,primary,p7,qualification,1340,block_b,4680,9720,360,2,1,311,,,
C0067,network_volume_forecast,network_volume_forecast|router__general__packet_length_min,temporal,linear,311,311,336,311,propagated real-source observation mask,matched,336.0,[],0.46591858777548456,0.471613049971219,0.36904761904761907,-0.26248907655292586,ok,1.0122220111949654,0.012147925456447812,True,18.0,18.0,False,44.0,primary,p7,qualification,1340,row_resample,4680,9720,360,2,1,311,,,
C0071,network_burst_prediction,network_burst_prediction|router__iot_named__mqtt_port_packets,temporal,linear,322,322,347,347,propagated real-source observation mask,matched,347.0,[],0.11693519332238582,0.11693519332238582,0.11715743591117635,0.0018969567493694753,ok,1.0,0.0,True,,,,0.046583850931677016,primary,p7,qualification,1340,identity,4680,9720,360,2,1,322,0.5816831683168316,0.02789986572943476,0.12680115273775217
C0071,network_burst_prediction,network_burst_prediction|router__iot_named__mqtt_port_packets,temporal,linear,322,322,347,322,propagated real-source observation mask,matched,347.0,[],0.11693519332238582,0.11680911409889007,0.11715743591117635,0.0018969567493694753,ok,0.998921802582152,-0.0010787790908270327,True,,,,0.046583850931677016,primary,p7,qualification,1340,block_a,4680,9720,360,2,1,322,0.5816831683168316,0.02789986572943476,0.12680115273775217
C0071,network_burst_prediction,network_burst_prediction|router__iot_named__mqtt_port_packets,temporal,linear,322,322,347,322,propagated real-source observation mask,matched,347.0,[],0.11693519332238582,0.11681290353011664,0.11715743591117635,0.0018969567493694753,ok,0.9989542088331609,-0.001046338387974056,True,,,,0.046583850931677016,primary,p7,qualification,1340,block_b,4680,9720,360,2,1,322,0.5816831683168316,0.02789986572943476,0.12680115273775217
C0071,network_burst_prediction,network_burst_prediction|router__iot_named__mqtt_port_packets,temporal,linear,322,322,347,322,propagated real-source observation mask,matched,347.0,[],0.11693519332238582,0.1162174085962072,0.11715743591117635,0.0018969567493694753,ok,0.993861687779489,-0.006157229110549072,True,,,,0.046583850931677016,primary,p7,qualification,1340,row_resample,4680,9720,360,2,1,322,0.5816831683168316,0.02789986572943476,0.12680115273775217
C0081,network_volume_forecast,network_volume_forecast|router__iot_named__udp_count,temporal,linear,320,320,345,345,propagated real-source observation mask,matched,345.0,[],0.29086614059780425,0.29086614059780425,0.6695652173913044,0.5655895302760067,ok,1.0,0.0,True,4.0,4.0,False,0.0,primary,p7,qualification,1340,identity,4680,9720,360,2,1,320,,,
C0081,network_volume_forecast,network_volume_forecast|router__iot_named__udp_count,temporal,linear,320,320,345,320,propagated real-source observation mask,matched,345.0,[],0.29086614059780425,0.2910196881454662,0.6695652173913044,0.5655895302760067,ok,1.0005278976347896,0.0005277583458511904,True,4.0,4.0,False,0.0,primary,p7,qualification,1340,block_a,4680,9720,360,2,1,320,,,
C0081,network_volume_forecast,network_volume_forecast|router__iot_named__udp_count,temporal,linear,320,320,345,320,propagated real-source observation mask,matched,345.0,[],0.29086614059780425,0.29101341269601305,0.6695652173913044,0.5655895302760067,ok,1.0005063225919184,0.0005061944538858259,True,4.0,4.0,False,0.0,primary,p7,qualification,1340,block_b,4680,9720,360,2,1,320,,,
C0081,network_volume_forecast,network_volume_forecast|router__iot_named__udp_count,temporal,linear,320,320,345,320,propagated real-source observation mask,matched,345.0,[],0.29086614059780425,0.4826574130207017,0.6695652173913044,0.5655895302760067,ok,1.6593798509125792,0.5064439487810413,False,4.0,4.0,False,0.0,primary,p7,qualification,1340,row_resample,4680,9720,360,2,1,320,,,
C0082,network_volume_forecast,network_volume_forecast|router__iot_named__udp_count,temporal,linear,311,311,336,336,propagated real-source observation mask,matched,336.0,[],0.2301497675482682,0.2301497675482682,0.6711309523809523,0.6570717432540216,ok,1.0,0.0,True,4.0,4.0,False,0.0,primary,p7,qualification,1340,identity,4680,9720,360,2,1,311,,,
C0082,network_volume_forecast,network_volume_forecast|router__iot_named__udp_count,temporal,linear,311,311,336,311,propagated real-source observation mask,matched,336.0,[],0.2301497675482682,0.23502819312712703,0.6711309523809523,0.6570717432540216,ok,1.0211967434546103,0.020975217440242472,True,4.0,4.0,False,0.0,primary,p7,qualification,1340,block_a,4680,9720,360,2,1,311,,,
C0082,network_volume_forecast,network_volume_forecast|router__iot_named__udp_count,temporal,linear,311,311,336,311,propagated real-source observation mask,matched,336.0,[],0.2301497675482682,0.23502819312712703,0.6711309523809523,0.6570717432540216,ok,1.0211967434546103,0.020975217440242472,True,4.0,4.0,False,0.0,primary,p7,qualification,1340,block_b,4680,9720,360,2,1,311,,,
C0082,network_volume_forecast,network_volume_forecast|router__iot_named__udp_count,temporal,linear,311,311,336,311,propagated real-source observation mask,matched,336.0,[],0.2301497675482682,0.49620308627212817,0.6711309523809523,0.6570717432540216,ok,2.1560008144177765,0.7682550307914736,False,4.0,4.0,False,0.0,primary,p7,qualification,1340,row_resample,4680,9720,360,2,1,311,,,
C0085,network_volume_forecast,network_volume_forecast|router__iot_named__dns_port_packets,temporal,linear,320,320,345,345,propagated real-source observation mask,matched,345.0,[],0.05554995694385284,0.05554995694385284,0.33768115942028987,0.835495835659835,ok,1.0,0.0,True,4.0,4.0,False,0.0,primary,p7,qualification,1340,identity,4680,9720,360,2,1,320,,,
C0085,network_volume_forecast,network_volume_forecast|router__iot_named__dns_port_packets,temporal,linear,320,320,345,320,propagated real-source observation mask,matched,345.0,[],0.05554995694385284,0.05710341489476695,0.33768115942028987,0.835495835659835,ok,1.027965061295804,0.027581179389061423,True,4.0,4.0,False,0.0,primary,p7,qualification,1340,block_a,4680,9720,360,2,1,320,,,
C0085,network_volume_forecast,network_volume_forecast|router__iot_named__dns_port_packets,temporal,linear,320,320,345,320,propagated real-source observation mask,matched,345.0,[],0.05554995694385284,0.05710341489476695,0.33768115942028987,0.835495835659835,ok,1.027965061295804,0.027581179389061423,True,4.0,4.0,False,0.0,primary,p7,qualification,1340,block_b,4680,9720,360,2,1,320,,,
C0085,network_volume_forecast,network_volume_forecast|router__iot_named__dns_port_packets,temporal,linear,320,320,345,320,propagated real-source observation mask,matched,345.0,[],0.05554995694385284,0.43183352685627674,0.33768115942028987,0.835495835659835,ok,7.773786886869288,2.0507574184794444,False,4.0,4.0,False,0.0,primary,p7,qualification,1340,row_resample,4680,9720,360,2,1,320,,,
C0086,network_volume_forecast,network_volume_forecast|router__iot_named__dns_port_packets,temporal,linear,311,311,336,336,propagated real-source observation mask,matched,336.0,[],0.0657525381770692,0.0657525381770692,0.33779761904761907,0.805349314295196,ok,1.0,0.0,True,4.0,4.0,False,0.0,primary,p7,qualification,1340,identity,4680,9720,360,2,1,311,,,
C0086,network_volume_forecast,network_volume_forecast|router__iot_named__dns_port_packets,temporal,linear,311,311,336,311,propagated real-source observation mask,matched,336.0,[],0.0657525381770692,0.07741996492366496,0.33779761904761907,0.805349314295196,ok,1.177444507391879,0.16334641831754354,False,4.0,4.0,False,0.0,primary,p7,qualification,1340,block_a,4680,9720,360,2,1,311,,,
C0086,network_volume_forecast,network_volume_forecast|router__iot_named__dns_port_packets,temporal,linear,311,311,336,311,propagated real-source observation mask,matched,336.0,[],0.0657525381770692,0.07741996492366496,0.33779761904761907,0.805349314295196,ok,1.177444507391879,0.16334641831754354,False,4.0,4.0,False,0.0,primary,p7,qualification,1340,block_b,4680,9720,360,2,1,311,,,
C0086,network_volume_forecast,network_volume_forecast|router__iot_named__dns_port_packets,temporal,linear,311,311,336,311,propagated real-source observation mask,matched,336.0,[],0.0657525381770692,0.4412984148369768,0.33779761904761907,0.805349314295196,ok,6.711503876072071,1.903823050472329,False,4.0,4.0,False,0.0,primary,p7,qualification,1340,row_resample,4680,9720,360,2,1,311,,,
C0034,network_volume_forecast,network_volume_forecast|router__general__packet_length_max,temporal,linear,322,322,347,347,propagated real-source observation mask,matched,347.0,[],3.5406469638142153,3.5406469638142153,3.828369639606505,0.07515540631595412,ok,1.0,0.0,True,619.0,619.0,False,5359.0,primary,p7,qualification,1341,identity,4680,9720,360,8,20,322,,,
C0034,network_volume_forecast,network_volume_forecast|router__general__packet_length_max,temporal,linear,322,322,347,322,propagated real-source observation mask,matched,347.0,[],3.5406469638142153,3.4567906877733154,3.828369639606505,0.07515540631595412,ok,0.9763161148519127,-0.02396885684155095,True,619.0,619.0,False,5359.0,primary,p7,qualification,1341,block_a,4680,9720,360,8,20,322,,,
C0034,network_volume_forecast,network_volume_forecast|router__general__packet_length_max,temporal,linear,322,322,347,322,propagated real-source observation mask,matched,347.0,[],3.5406469638142153,3.4433557289129118,3.828369639606505,0.07515540631595412,ok,0.972521622207571,-0.027862970104235493,True,619.0,619.0,False,5359.0,primary,p7,qualification,1341,block_b,4680,9720,360,8,20,322,,,
C0034,network_volume_forecast,network_volume_forecast|router__general__packet_length_max,temporal,linear,322,322,347,322,propagated real-source observation mask,matched,347.0,[],3.5406469638142153,3.440782117512153,3.828369639606505,0.07515540631595412,ok,0.9717947461798108,-0.02861066330215486,True,619.0,619.0,False,5359.0,primary,p7,qualification,1341,row_resample,4680,9720,360,8,20,322,,,
C0035,network_volume_forecast,network_volume_forecast|router__general__packet_length_max,temporal,linear,320,320,345,345,propagated real-source observation mask,matched,345.0,[],3.5178210790004796,3.5178210790004796,3.829398245860889,0.08136452436024016,ok,1.0,0.0,True,618.0,618.0,False,5359.0,primary,p7,qualification,1341,identity,4680,9720,360,8,20,320,,,
C0035,network_volume_forecast,network_volume_forecast|router__general__packet_length_max,temporal,linear,320,320,345,320,propagated real-source observation mask,matched,345.0,[],3.5178210790004796,3.4715312899189166,3.829398245860889,0.08136452436024016,ok,0.9868413463783339,-0.013245995753604665,True,618.0,618.0,False,5359.0,primary,p7,qualification,1341,block_a,4680,9720,360,8,20,320,,,
C0035,network_volume_forecast,network_volume_forecast|router__general__packet_length_max,temporal,linear,320,320,345,320,propagated real-source observation mask,matched,345.0,[],3.5178210790004796,3.422064774043795,3.829398245860889,0.08136452436024016,ok,0.9727796545627921,-0.027597682295281964,True,618.0,618.0,False,5359.0,primary,p7,qualification,1341,block_b,4680,9720,360,8,20,320,,,
C0035,network_volume_forecast,network_volume_forecast|router__general__packet_length_max,temporal,linear,320,320,345,320,propagated real-source observation mask,matched,345.0,[],3.5178210790004796,3.662909730217256,3.829398245860889,0.08136452436024016,ok,1.0412438972757536,0.04041605352207951,True,618.0,618.0,False,5359.0,primary,p7,qualification,1341,row_resample,4680,9720,360,8,20,320,,,
C0044,network_volume_forecast,network_volume_forecast|router__general__packet_length_mean,temporal,linear,311,311,336,336,propagated real-source observation mask,matched,336.0,[],0.1043378337767726,0.1043378337767726,0.5622014394895021,0.8144120124069499,ok,1.0,0.0,True,93.8677745107463,93.8677745107463,False,517.3542600896861,primary,p7,qualification,1341,identity,4680,9720,360,8,20,311,,,
C0044,network_volume_forecast,network_volume_forecast|router__general__packet_length_mean,temporal,linear,311,311,336,311,propagated real-source observation mask,matched,336.0,[],0.1043378337767726,0.10509391488318276,0.5622014394895021,0.8144120124069499,ok,1.007246471189231,0.00722034167214372,True,93.8677745107463,93.8677745107463,False,517.3542600896861,primary,p7,qualification,1341,block_a,4680,9720,360,8,20,311,,,
C0044,network_volume_forecast,network_volume_forecast|router__general__packet_length_mean,temporal,linear,311,311,336,311,propagated real-source observation mask,matched,336.0,[],0.1043378337767726,0.10070660205884718,0.5622014394895021,0.8144120124069499,ok,0.965197363348617,-0.03542267695005881,True,93.8677745107463,93.8677745107463,False,517.3542600896861,primary,p7,qualification,1341,block_b,4680,9720,360,8,20,311,,,
C0044,network_volume_forecast,network_volume_forecast|router__general__packet_length_mean,temporal,linear,311,311,336,311,propagated real-source observation mask,matched,336.0,[],0.1043378337767726,0.5497221727364053,0.5622014394895021,0.8144120124069499,ok,5.2686753485079825,1.6617789739384425,False,93.8677745107463,93.8677745107463,False,517.3542600896861,primary,p7,qualification,1341,row_resample,4680,9720,360,8,20,311,,,
C0065,network_volume_forecast,network_volume_forecast|router__general__packet_length_min,temporal,linear,322,322,347,347,propagated real-source observation mask,matched,347.0,[],0.4763688818839172,0.4763688818839172,0.3717579250720461,-0.28139536444743624,ok,1.0,0.0,True,18.0,18.0,False,44.0,primary,p7,qualification,1341,identity,4680,9720,360,8,20,322,,,
C0065,network_volume_forecast,network_volume_forecast|router__general__packet_length_min,temporal,linear,322,322,347,322,propagated real-source observation mask,matched,347.0,[],0.4763688818839172,0.47645276412632664,0.3717579250720461,-0.28139536444743624,ok,1.000176086737819,0.0001760712363691919,True,18.0,18.0,False,44.0,primary,p7,qualification,1341,block_a,4680,9720,360,8,20,322,,,
C0065,network_volume_forecast,network_volume_forecast|router__general__packet_length_min,temporal,linear,322,322,347,322,propagated real-source observation mask,matched,347.0,[],0.4763688818839172,0.47721982756705167,0.3717579250720461,-0.28139536444743624,ok,1.001786316687541,0.0017847231213471905,True,18.0,18.0,False,44.0,primary,p7,qualification,1341,block_b,4680,9720,360,8,20,322,,,
C0065,network_volume_forecast,network_volume_forecast|router__general__packet_length_min,temporal,linear,322,322,347,322,propagated real-source observation mask,matched,347.0,[],0.4763688818839172,0.4703313149561263,0.3717579250720461,-0.28139536444743624,ok,0.9873258578437915,-0.012755144245029958,True,18.0,18.0,False,44.0,primary,p7,qualification,1341,row_resample,4680,9720,360,8,20,322,,,
C0066,network_volume_forecast,network_volume_forecast|router__general__packet_length_min,temporal,linear,320,320,345,345,propagated real-source observation mask,matched,345.0,[],0.4739435360311822,0.4739435360311822,0.3710144927536232,-0.2774259369590458,ok,1.0,0.0,True,18.0,18.0,False,44.0,primary,p7,qualification,1341,identity,4680,9720,360,8,20,320,,,
C0066,network_volume_forecast,network_volume_forecast|router__general__packet_length_min,temporal,linear,320,320,345,320,propagated real-source observation mask,matched,345.0,[],0.4739435360311822,0.47262410529092974,0.3710144927536232,-0.2774259369590458,ok,0.9972160592139279,-0.0027878231564225577,True,18.0,18.0,False,44.0,primary,p7,qualification,1341,block_a,4680,9720,360,8,20,320,,,
C0066,network_volume_forecast,network_volume_forecast|router__general__packet_length_min,temporal,linear,320,320,345,320,propagated real-source observation mask,matched,345.0,[],0.4739435360311822,0.47401132274876523,0.3710144927536232,-0.2774259369590458,ok,1.0001430269904104,0.00014301676302554554,True,18.0,18.0,False,44.0,primary,p7,qualification,1341,block_b,4680,9720,360,8,20,320,,,
C0066,network_volume_forecast,network_volume_forecast|router__general__packet_length_min,temporal,linear,320,320,345,320,propagated real-source observation mask,matched,345.0,[],0.4739435360311822,0.47019195685581266,0.3710144927536232,-0.2774259369590458,ok,0.9920843330689023,-0.007947162136382684,True,18.0,18.0,False,44.0,primary,p7,qualification,1341,row_resample,4680,9720,360,8,20,320,,,
C0067,network_volume_forecast,network_volume_forecast|router__general__packet_length_min,temporal,linear,311,311,336,336,propagated real-source observation mask,matched,336.0,[],0.46591858777548456,0.46591858777548456,0.36904761904761907,-0.26248907655292586,ok,1.0,0.0,True,18.0,18.0,False,44.0,primary,p7,qualification,1341,identity,4680,9720,360,8,20,311,,,
C0067,network_volume_forecast,network_volume_forecast|router__general__packet_length_min,temporal,linear,311,311,336,311,propagated real-source observation mask,matched,336.0,[],0.46591858777548456,0.4615555136812628,0.36904761904761907,-0.26248907655292586,ok,0.9906355440441792,-0.00940857814305052,True,18.0,18.0,False,44.0,primary,p7,qualification,1341,block_a,4680,9720,360,8,20,311,,,
C0067,network_volume_forecast,network_volume_forecast|router__general__packet_length_min,temporal,linear,311,311,336,311,propagated real-source observation mask,matched,336.0,[],0.46591858777548456,0.4635858168793685,0.36904761904761907,-0.26248907655292586,ok,0.9949931791576425,-0.005019396964987931,True,18.0,18.0,False,44.0,primary,p7,qualification,1341,block_b,4680,9720,360,8,20,311,,,
C0067,network_volume_forecast,network_volume_forecast|router__general__packet_length_min,temporal,linear,311,311,336,311,propagated real-source observation mask,matched,336.0,[],0.46591858777548456,0.4660544852029029,0.36904761904761907,-0.26248907655292586,ok,1.0002916763378493,0.0002916338085759461,True,18.0,18.0,False,44.0,primary,p7,qualification,1341,row_resample,4680,9720,360,8,20,311,,,
C0071,network_burst_prediction,network_burst_prediction|router__iot_named__mqtt_port_packets,temporal,linear,322,322,347,347,propagated real-source observation mask,matched,347.0,[],0.11693519332238582,0.11693519332238582,0.11715743591117635,0.0018969567493694753,ok,1.0,0.0,True,,,,0.046583850931677016,primary,p7,qualification,1341,identity,4680,9720,360,8,20,322,0.5816831683168316,0.02789986572943476,0.12680115273775217
C0071,network_burst_prediction,network_burst_prediction|router__iot_named__mqtt_port_packets,temporal,linear,322,322,347,322,propagated real-source observation mask,matched,347.0,[],0.11693519332238582,0.11714704250843466,0.11715743591117635,0.0018969567493694753,ok,1.0018116802994013,0.0018100411860486306,True,,,,0.046583850931677016,primary,p7,qualification,1341,block_a,4680,9720,360,8,20,322,0.5816831683168316,0.02789986572943476,0.12680115273775217
C0071,network_burst_prediction,network_burst_prediction|router__iot_named__mqtt_port_packets,temporal,linear,322,322,347,322,propagated real-source observation mask,matched,347.0,[],0.11693519332238582,0.11764064326141453,0.11715743591117635,0.0018969567493694753,ok,1.00603282826141,0.006014703611730386,True,,,,0.046583850931677016,primary,p7,qualification,1341,block_b,4680,9720,360,8,20,322,0.5816831683168316,0.02789986572943476,0.12680115273775217
C0071,network_burst_prediction,network_burst_prediction|router__iot_named__mqtt_port_packets,temporal,linear,322,322,347,322,propagated real-source observation mask,matched,347.0,[],0.11693519332238582,0.1170920534331616,0.11715743591117635,0.0018969567493694753,ok,1.0013414277286337,0.0013405288182504968,True,,,,0.046583850931677016,primary,p7,qualification,1341,row_resample,4680,9720,360,8,20,322,0.5816831683168316,0.02789986572943476,0.12680115273775217
C0081,network_volume_forecast,network_volume_forecast|router__iot_named__udp_count,temporal,linear,320,320,345,345,propagated real-source observation mask,matched,345.0,[],0.29086614059780425,0.29086614059780425,0.6695652173913044,0.5655895302760067,ok,1.0,0.0,True,4.0,4.0,False,0.0,primary,p7,qualification,1341,identity,4680,9720,360,8,20,320,,,
C0081,network_volume_forecast,network_volume_forecast|router__iot_named__udp_count,temporal,linear,320,320,345,320,propagated real-source observation mask,matched,345.0,[],0.29086614059780425,0.2911133013530353,0.6695652173913044,0.5655895302760067,ok,1.0008497405532424,0.0008493797281291582,True,4.0,4.0,False,0.0,primary,p7,qualification,1341,block_a,4680,9720,360,8,20,320,,,
C0081,network_volume_forecast,network_volume_forecast|router__iot_named__udp_count,temporal,linear,320,320,345,320,propagated real-source observation mask,matched,345.0,[],0.29086614059780425,0.29104801594596164,0.6695652173913044,0.5655895302760067,ok,1.0006252888279934,0.0006250934163890765,True,4.0,4.0,False,0.0,primary,p7,qualification,1341,block_b,4680,9720,360,8,20,320,,,
C0081,network_volume_forecast,network_volume_forecast|router__iot_named__udp_count,temporal,linear,320,320,345,320,propagated real-source observation mask,matched,345.0,[],0.29086614059780425,0.5089650736724555,0.6695652173913044,0.5655895302760067,ok,1.7498257879944437,0.55951623326256,False,4.0,4.0,False,0.0,primary,p7,qualification,1341,row_resample,4680,9720,360,8,20,320,,,
C0082,network_volume_forecast,network_volume_forecast|router__iot_named__udp_count,temporal,linear,311,311,336,336,propagated real-source observation mask,matched,336.0,[],0.2301497675482682,0.2301497675482682,0.6711309523809523,0.6570717432540216,ok,1.0,0.0,True,4.0,4.0,False,0.0,primary,p7,qualification,1341,identity,4680,9720,360,8,20,311,,,
C0082,network_volume_forecast,network_volume_forecast|router__iot_named__udp_count,temporal,linear,311,311,336,311,propagated real-source observation mask,matched,336.0,[],0.2301497675482682,0.23509968375976478,0.6711309523809523,0.6570717432540216,ok,1.0215073700235584,0.02127935015265328,True,4.0,4.0,False,0.0,primary,p7,qualification,1341,block_a,4680,9720,360,8,20,311,,,
C0082,network_volume_forecast,network_volume_forecast|router__iot_named__udp_count,temporal,linear,311,311,336,311,propagated real-source observation mask,matched,336.0,[],0.2301497675482682,0.2338565262120507,0.6711309523809523,0.6570717432540216,ok,1.0161058544758472,0.015977531205379588,True,4.0,4.0,False,0.0,primary,p7,qualification,1341,block_b,4680,9720,360,8,20,311,,,
C0082,network_volume_forecast,network_volume_forecast|router__iot_named__udp_count,temporal,linear,311,311,336,311,propagated real-source observation mask,matched,336.0,[],0.2301497675482682,0.498262552802015,0.6711309523809523,0.6570717432540216,ok,2.1649491898683615,0.7723968922960808,False,4.0,4.0,False,0.0,primary,p7,qualification,1341,row_resample,4680,9720,360,8,20,311,,,
C0085,network_volume_forecast,network_volume_forecast|router__iot_named__dns_port_packets,temporal,linear,320,320,345,345,propagated real-source observation mask,matched,345.0,[],0.05554995694385284,0.05554995694385284,0.33768115942028987,0.835495835659835,ok,1.0,0.0,True,4.0,4.0,False,0.0,primary,p7,qualification,1341,identity,4680,9720,360,8,20,320,,,
C0085,network_volume_forecast,network_volume_forecast|router__iot_named__dns_port_packets,temporal,linear,320,320,345,320,propagated real-source observation mask,matched,345.0,[],0.05554995694385284,0.05710341489476695,0.33768115942028987,0.835495835659835,ok,1.027965061295804,0.027581179389061423,True,4.0,4.0,False,0.0,primary,p7,qualification,1341,block_a,4680,9720,360,8,20,320,,,
C0085,network_volume_forecast,network_volume_forecast|router__iot_named__dns_port_packets,temporal,linear,320,320,345,320,propagated real-source observation mask,matched,345.0,[],0.05554995694385284,0.05710341489476695,0.33768115942028987,0.835495835659835,ok,1.027965061295804,0.027581179389061423,True,4.0,4.0,False,0.0,primary,p7,qualification,1341,block_b,4680,9720,360,8,20,320,,,
C0085,network_volume_forecast,network_volume_forecast|router__iot_named__dns_port_packets,temporal,linear,320,320,345,320,propagated real-source observation mask,matched,345.0,[],0.05554995694385284,0.4569149899659939,0.33768115942028987,0.835495835659835,ok,8.225298723954387,2.1072146150137256,False,4.0,4.0,False,0.0,primary,p7,qualification,1341,row_resample,4680,9720,360,8,20,320,,,
C0086,network_volume_forecast,network_volume_forecast|router__iot_named__dns_port_packets,temporal,linear,311,311,336,336,propagated real-source observation mask,matched,336.0,[],0.0657525381770692,0.0657525381770692,0.33779761904761907,0.805349314295196,ok,1.0,0.0,True,4.0,4.0,False,0.0,primary,p7,qualification,1341,identity,4680,9720,360,8,20,311,,,
C0086,network_volume_forecast,network_volume_forecast|router__iot_named__dns_port_packets,temporal,linear,311,311,336,311,propagated real-source observation mask,matched,336.0,[],0.0657525381770692,0.07741996492366496,0.33779761904761907,0.805349314295196,ok,1.177444507391879,0.16334641831754354,False,4.0,4.0,False,0.0,primary,p7,qualification,1341,block_a,4680,9720,360,8,20,311,,,
C0086,network_volume_forecast,network_volume_forecast|router__iot_named__dns_port_packets,temporal,linear,311,311,336,311,propagated real-source observation mask,matched,336.0,[],0.0657525381770692,0.07741996492366496,0.33779761904761907,0.805349314295196,ok,1.177444507391879,0.16334641831754354,False,4.0,4.0,False,0.0,primary,p7,qualification,1341,block_b,4680,9720,360,8,20,311,,,
C0086,network_volume_forecast,network_volume_forecast|router__iot_named__dns_port_packets,temporal,linear,311,311,336,311,propagated real-source observation mask,matched,336.0,[],0.0657525381770692,0.459829233905892,0.33779761904761907,0.805349314295196,ok,6.99333054896814,1.9449569161543196,False,4.0,4.0,False,0.0,primary,p7,qualification,1341,row_resample,4680,9720,360,8,20,311,,,
C0034,network_volume_forecast,network_volume_forecast|router__general__packet_length_max,temporal,linear,322,322,347,347,propagated real-source observation mask,matched,347.0,[],1.94650476084271,1.94650476084271,2.283912527547042,0.14773235079484998,ok,1.0,0.0,True,382.5,382.5,False,3827.0,primary,p8,calibration,1337,identity,5040,12600,360,2,22,322,,,
C0034,network_volume_forecast,network_volume_forecast|router__general__packet_length_max,temporal,linear,322,322,347,322,propagated real-source observation mask,matched,347.0,[],1.94650476084271,1.9775982310402374,2.283912527547042,0.14773235079484998,ok,1.0159740016171683,0.015847759869407153,True,382.5,382.5,False,3827.0,primary,p8,calibration,1337,block_a,5040,12600,360,2,22,322,,,
C0034,network_volume_forecast,network_volume_forecast|router__general__packet_length_max,temporal,linear,322,322,347,322,propagated real-source observation mask,matched,347.0,[],1.94650476084271,2.2753231779890317,2.283912527547042,0.14773235079484998,ok,1.168927620297196,0.15608676465962845,False,382.5,382.5,False,3827.0,primary,p8,calibration,1337,block_b,5040,12600,360,2,22,322,,,
C0034,network_volume_forecast,network_volume_forecast|router__general__packet_length_max,temporal,linear,322,322,347,322,propagated real-source observation mask,matched,347.0,[],1.94650476084271,1.9997700269399536,2.283912527547042,0.14773235079484998,ok,1.0273645701612275,0.02699685350529881,True,382.5,382.5,False,3827.0,primary,p8,calibration,1337,row_resample,5040,12600,360,2,22,322,,,
C0035,network_volume_forecast,network_volume_forecast|router__general__packet_length_max,temporal,linear,320,320,345,345,propagated real-source observation mask,matched,345.0,[],1.9651590465124595,1.9651590465124595,2.2537474120082814,0.12804822934379545,ok,1.0,0.0,True,385.0,385.0,False,3827.0,primary,p8,calibration,1337,identity,5040,12600,360,2,22,320,,,
C0035,network_volume_forecast,network_volume_forecast|router__general__packet_length_max,temporal,linear,320,320,345,320,propagated real-source observation mask,matched,345.0,[],1.9651590465124595,2.0062590101467515,2.2537474120082814,0.12804822934379545,ok,1.0209143192288845,0.020698617178202577,True,385.0,385.0,False,3827.0,primary,p8,calibration,1337,block_a,5040,12600,360,2,22,320,,,
C0035,network_volume_forecast,network_volume_forecast|router__general__packet_length_max,temporal,linear,320,320,345,320,propagated real-source observation mask,matched,345.0,[],1.9651590465124595,2.2698934775456885,2.2537474120082814,0.12804822934379545,ok,1.1550685841810295,0.1441597224541356,False,385.0,385.0,False,3827.0,primary,p8,calibration,1337,block_b,5040,12600,360,2,22,320,,,
C0035,network_volume_forecast,network_volume_forecast|router__general__packet_length_max,temporal,linear,320,320,345,320,propagated real-source observation mask,matched,345.0,[],1.9651590465124595,2.081736688734474,2.2537474120082814,0.12804822934379545,ok,1.0593222428631939,0.05762931009947193,True,385.0,385.0,False,3827.0,primary,p8,calibration,1337,row_resample,5040,12600,360,2,22,320,,,
C0044,network_volume_forecast,network_volume_forecast|router__general__packet_length_mean,temporal,linear,311,311,336,336,propagated real-source observation mask,matched,336.0,[],0.08323986889785938,0.08323986889785938,0.5468556774632063,0.8477845758427552,ok,1.0,0.0,True,98.12699707487286,98.12699707487286,False,517.6462053571429,primary,p8,calibration,1337,identity,5040,12600,360,2,22,311,,,
C0044,network_volume_forecast,network_volume_forecast|router__general__packet_length_mean,temporal,linear,311,311,336,311,propagated real-source observation mask,matched,336.0,[],0.08323986889785938,0.08175826090494986,0.5468556774632063,0.8477845758427552,ok,0.9822007409126564,-0.017959571037370593,True,98.12699707487286,98.12699707487286,False,517.6462053571429,primary,p8,calibration,1337,block_a,5040,12600,360,2,22,311,,,
C0044,network_volume_forecast,network_volume_forecast|router__general__packet_length_mean,temporal,linear,311,311,336,311,propagated real-source observation mask,matched,336.0,[],0.08323986889785938,0.08422139725093522,0.5468556774632063,0.8477845758427552,ok,1.0117915653408853,0.011722586550069336,True,98.12699707487286,98.12699707487286,False,517.6462053571429,primary,p8,calibration,1337,block_b,5040,12600,360,2,22,311,,,
C0044,network_volume_forecast,network_volume_forecast|router__general__packet_length_mean,temporal,linear,311,311,336,311,propagated real-source observation mask,matched,336.0,[],0.08323986889785938,0.5760161169011141,0.5468556774632063,0.8477845758427552,ok,6.9199546386590605,1.9344092145010212,False,98.12699707487286,98.12699707487286,False,517.6462053571429,primary,p8,calibration,1337,row_resample,5040,12600,360,2,22,311,,,
C0065,network_volume_forecast,network_volume_forecast|router__general__packet_length_min,temporal,linear,322,322,347,347,propagated real-source observation mask,matched,347.0,[],0.4786797236708212,0.4786797236708212,0.30835734870317005,-0.5523538702221956,ok,1.0,0.0,True,18.0,18.0,False,44.0,primary,p8,calibration,1337,identity,5040,12600,360,2,22,322,,,
C0065,network_volume_forecast,network_volume_forecast|router__general__packet_length_min,temporal,linear,322,322,347,322,propagated real-source observation mask,matched,347.0,[],0.4786797236708212,0.48157163160415606,0.30835734870317005,-0.5523538702221956,ok,1.0060414255927908,0.006023249351396201,True,18.0,18.0,False,44.0,primary,p8,calibration,1337,block_a,5040,12600,360,2,22,322,,,
C0065,network_volume_forecast,network_volume_forecast|router__general__packet_length_min,temporal,linear,322,322,347,322,propagated real-source observation mask,matched,347.0,[],0.4786797236708212,0.48250355615104035,0.30835734870317005,-0.5523538702221956,ok,1.007988290063543,0.007956552581245696,True,18.0,18.0,False,44.0,primary,p8,calibration,1337,block_b,5040,12600,360,2,22,322,,,
C0065,network_volume_forecast,network_volume_forecast|router__general__packet_length_min,temporal,linear,322,322,347,322,propagated real-source observation mask,matched,347.0,[],0.4786797236708212,0.45934597765668694,0.30835734870317005,-0.5523538702221956,ok,0.9596102674542578,-0.041228048350769333,True,18.0,18.0,False,44.0,primary,p8,calibration,1337,row_resample,5040,12600,360,2,22,322,,,
C0066,network_volume_forecast,network_volume_forecast|router__general__packet_length_min,temporal,linear,320,320,345,345,propagated real-source observation mask,matched,345.0,[],0.4692310010729162,0.4692310010729162,0.3072463768115942,-0.5272141072656235,ok,1.0,0.0,True,18.0,18.0,False,44.0,primary,p8,calibration,1337,identity,5040,12600,360,2,22,320,,,
C0066,network_volume_forecast,network_volume_forecast|router__general__packet_length_min,temporal,linear,320,320,345,320,propagated real-source observation mask,matched,345.0,[],0.4692310010729162,0.46877289661761107,0.3072463768115942,-0.5272141072656235,ok,0.9990237122989366,-0.0009767645803071766,True,18.0,18.0,False,44.0,primary,p8,calibration,1337,block_a,5040,12600,360,2,22,320,,,
C0066,network_volume_forecast,network_volume_forecast|router__general__packet_length_min,temporal,linear,320,320,345,320,propagated real-source observation mask,matched,345.0,[],0.4692310010729162,0.467315465619932,0.3072463768115942,-0.5272141072656235,ok,0.9959177133467221,-0.0040906419322861865,True,18.0,18.0,False,44.0,primary,p8,calibration,1337,block_b,5040,12600,360,2,22,320,,,
C0066,network_volume_forecast,network_volume_forecast|router__general__packet_length_min,temporal,linear,320,320,345,320,propagated real-source observation mask,matched,345.0,[],0.4692310010729162,0.4582840539566826,0.3072463768115942,-0.5272141072656235,ok,0.9766704520988533,-0.02360598977751186,True,18.0,18.0,False,44.0,primary,p8,calibration,1337,row_resample,5040,12600,360,2,22,320,,,
C0067,network_volume_forecast,network_volume_forecast|router__general__packet_length_min,temporal,linear,311,311,336,336,propagated real-source observation mask,matched,336.0,[],0.4640869279947359,0.4640869279947359,0.30952380952380953,-0.4993577673676082,ok,1.0,0.0,True,18.0,18.0,False,44.0,primary,p8,calibration,1337,identity,5040,12600,360,2,22,311,,,
C0067,network_volume_forecast,network_volume_forecast|router__general__packet_length_min,temporal,linear,311,311,336,311,propagated real-source observation mask,matched,336.0,[],0.4640869279947359,0.4622088462462685,0.30952380952380953,-0.4993577673676082,ok,0.9959531681778189,-0.004055042404797336,True,18.0,18.0,False,44.0,primary,p8,calibration,1337,block_a,5040,12600,360,2,22,311,,,
C0067,network_volume_forecast,network_volume_forecast|router__general__packet_length_min,temporal,linear,311,311,336,311,propagated real-source observation mask,matched,336.0,[],0.4640869279947359,0.4635660072447851,0.30952380952380953,-0.4993577673676082,ok,0.9988775362576972,-0.001123094176533105,True,18.0,18.0,False,44.0,primary,p8,calibration,1337,block_b,5040,12600,360,2,22,311,,,
C0067,network_volume_forecast,network_volume_forecast|router__general__packet_length_min,temporal,linear,311,311,336,311,propagated real-source observation mask,matched,336.0,[],0.4640869279947359,0.4637466617912105,0.30952380952380953,-0.4993577673676082,ok,0.9992668050250938,-0.0007334638937965049,True,18.0,18.0,False,44.0,primary,p8,calibration,1337,row_resample,5040,12600,360,2,22,311,,,
C0071,network_burst_prediction,network_burst_prediction|router__iot_named__mqtt_port_packets,temporal,linear,322,322,347,347,propagated real-source observation mask,matched,347.0,[],0.4823058854031742,0.4823058854031742,0.48115235863525474,-0.0023974251548747275,ok,1.0,0.0,True,,,,0.003105590062111801,primary,p8,calibration,1337,identity,5040,12600,360,2,22,322,0.4937483373237563,0.0002242405409659809,0.484149855907781
C0071,network_burst_prediction,network_burst_prediction|router__iot_named__mqtt_port_packets,temporal,linear,322,322,347,322,propagated real-source observation mask,matched,347.0,[],0.4823058854031742,0.4823185006226181,0.48115235863525474,-0.0023974251548747275,ok,1.00002615605537,2.6155713306389703e-05,True,,,,0.003105590062111801,primary,p8,calibration,1337,block_a,5040,12600,360,2,22,322,0.4937483373237563,0.0002242405409659809,0.484149855907781
C0071,network_burst_prediction,network_burst_prediction|router__iot_named__mqtt_port_packets,temporal,linear,322,322,347,322,propagated real-source observation mask,matched,347.0,[],0.4823058854031742,0.48234451333607353,0.48115235863525474,-0.0023974251548747275,ok,1.0000800901130764,8.008690603454168e-05,True,,,,0.003105590062111801,primary,p8,calibration,1337,block_b,5040,12600,360,2,22,322,0.4937483373237563,0.0002242405409659809,0.484149855907781
C0071,network_burst_prediction,network_burst_prediction|router__iot_named__mqtt_port_packets,temporal,linear,322,322,347,322,propagated real-source observation mask,matched,347.0,[],0.4823058854031742,0.48241945246533313,0.48115235863525474,-0.0023974251548747275,ok,1.0002354668802433,0.00023543916226851906,True,,,,0.003105590062111801,primary,p8,calibration,1337,row_resample,5040,12600,360,2,22,322,0.4937483373237563,0.0002242405409659809,0.484149855907781
C0081,network_volume_forecast,network_volume_forecast|router__iot_named__udp_count,temporal,linear,320,320,345,345,propagated real-source observation mask,matched,345.0,[],0.22912679847020098,0.22912679847020098,0.6702898550724637,0.6581675871471596,ok,1.0,0.0,True,4.0,4.0,False,0.0,primary,p8,calibration,1337,identity,5040,12600,360,2,22,320,,,
C0081,network_volume_forecast,network_volume_forecast|router__iot_named__udp_count,temporal,linear,320,320,345,320,propagated real-source observation mask,matched,345.0,[],0.22912679847020098,0.2296129464079869,0.6702898550724637,0.6581675871471596,ok,1.0021217419395363,0.002119494223927432,True,4.0,4.0,False,0.0,primary,p8,calibration,1337,block_a,5040,12600,360,2,22,320,,,
C0081,network_volume_forecast,network_volume_forecast|router__iot_named__udp_count,temporal,linear,320,320,345,320,propagated real-source observation mask,matched,345.0,[],0.22912679847020098,0.22947655796131475,0.6702898550724637,0.6581675871471596,ok,1.0015264887976831,0.0015253248979611178,True,4.0,4.0,False,0.0,primary,p8,calibration,1337,block_b,5040,12600,360,2,22,320,,,
C0081,network_volume_forecast,network_volume_forecast|router__iot_named__udp_count,temporal,linear,320,320,345,320,propagated real-source observation mask,matched,345.0,[],0.22912679847020098,0.46379973512284467,0.6702898550724637,0.6581675871471596,ok,2.0242055412962268,0.7051772982929888,False,4.0,4.0,False,0.0,primary,p8,calibration,1337,row_resample,5040,12600,360,2,22,320,,,
C0082,network_volume_forecast,network_volume_forecast|router__iot_named__udp_count,temporal,linear,311,311,336,336,propagated real-source observation mask,matched,336.0,[],0.17901547621430489,0.17901547621430489,0.6726190476190477,0.7338530973097059,ok,1.0,0.0,True,4.0,4.0,False,0.0,primary,p8,calibration,1337,identity,5040,12600,360,2,22,311,,,
C0082,network_volume_forecast,network_volume_forecast|router__iot_named__udp_count,temporal,linear,311,311,336,311,propagated real-source observation mask,matched,336.0,[],0.17901547621430489,0.17944516883470965,0.6726190476190477,0.7338530973097059,ok,1.00240030990332,0.002397433761006579,True,4.0,4.0,False,0.0,primary,p8,calibration,1337,block_a,5040,12600,360,2,22,311,,,
C0082,network_volume_forecast,network_volume_forecast|router__iot_named__udp_count,temporal,linear,311,311,336,311,propagated real-source observation mask,matched,336.0,[],0.17901547621430489,0.1790625495328903,0.6726190476190477,0.7338530973097059,ok,1.0002629566983865,0.00026292213133350897,True,4.0,4.0,False,0.0,primary,p8,calibration,1337,block_b,5040,12600,360,2,22,311,,,
C0082,network_volume_forecast,network_volume_forecast|router__iot_named__udp_count,temporal,linear,311,311,336,311,propagated real-source observation mask,matched,336.0,[],0.17901547621430489,0.4102720245086304,0.6726190476190477,0.7338530973097059,ok,2.2918243337658764,0.8293481527066469,False,4.0,4.0,False,0.0,primary,p8,calibration,1337,row_resample,5040,12600,360,2,22,311,,,
C0085,network_volume_forecast,network_volume_forecast|router__iot_named__dns_port_packets,temporal,linear,320,320,345,345,propagated real-source observation mask,matched,345.0,[],0.052460199661437355,0.052460199661437355,0.33768115942028987,0.8446457606592629,ok,1.0,0.0,True,4.0,4.0,False,0.0,primary,p8,calibration,1337,identity,5040,12600,360,2,22,320,,,
C0085,network_volume_forecast,network_volume_forecast|router__iot_named__dns_port_packets,temporal,linear,320,320,345,320,propagated real-source observation mask,matched,345.0,[],0.052460199661437355,0.05559659729873315,0.33768115942028987,0.8446457606592629,ok,1.059786231419956,0.05806721931441551,True,4.0,4.0,False,0.0,primary,p8,calibration,1337,block_a,5040,12600,360,2,22,320,,,
C0085,network_volume_forecast,network_volume_forecast|router__iot_named__dns_port_packets,temporal,linear,320,320,345,320,propagated real-source observation mask,matched,345.0,[],0.052460199661437355,0.05551770160123192,0.33768115942028987,0.8446457606592629,ok,1.058282316108722,0.05664713726303357,True,4.0,4.0,False,0.0,primary,p8,calibration,1337,block_b,5040,12600,360,2,22,320,,,
C0085,network_volume_forecast,network_volume_forecast|router__iot_named__dns_port_packets,temporal,linear,320,320,345,320,propagated real-source observation mask,matched,345.0,[],0.052460199661437355,0.4535013264881198,0.33768115942028987,0.8446457606592629,ok,8.644674046513042,2.1569434141460078,False,4.0,4.0,False,0.0,primary,p8,calibration,1337,row_resample,5040,12600,360,2,22,320,,,
C0086,network_volume_forecast,network_volume_forecast|router__iot_named__dns_port_packets,temporal,linear,311,311,336,336,propagated real-source observation mask,matched,336.0,[],0.07396195470581535,0.07396195470581535,0.33779761904761907,0.7810465481836656,ok,1.0,0.0,True,4.0,4.0,False,0.0,primary,p8,calibration,1337,identity,5040,12600,360,2,22,311,,,
C0086,network_volume_forecast,network_volume_forecast|router__iot_named__dns_port_packets,temporal,linear,311,311,336,311,propagated real-source observation mask,matched,336.0,[],0.07396195470581535,0.0752078316652708,0.33779761904761907,0.7810465481836656,ok,1.01684483548888,0.016704534618918934,True,4.0,4.0,False,0.0,primary,p8,calibration,1337,block_a,5040,12600,360,2,22,311,,,
C0086,network_volume_forecast,network_volume_forecast|router__iot_named__dns_port_packets,temporal,linear,311,311,336,311,propagated real-source observation mask,matched,336.0,[],0.07396195470581535,0.07509184716130109,0.33779761904761907,0.7810465481836656,ok,1.0152766710936711,0.015161157708226004,True,4.0,4.0,False,0.0,primary,p8,calibration,1337,block_b,5040,12600,360,2,22,311,,,
C0086,network_volume_forecast,network_volume_forecast|router__iot_named__dns_port_packets,temporal,linear,311,311,336,311,propagated real-source observation mask,matched,336.0,[],0.07396195470581535,0.3912767650117054,0.33779761904761907,0.7810465481836656,ok,5.2902437012111685,1.6658643130909818,False,4.0,4.0,False,0.0,primary,p8,calibration,1337,row_resample,5040,12600,360,2,22,311,,,
C0034,network_volume_forecast,network_volume_forecast|router__general__packet_length_max,temporal,linear,322,322,347,347,propagated real-source observation mask,matched,347.0,[],1.94650476084271,1.94650476084271,2.283912527547042,0.14773235079484998,ok,1.0,0.0,True,382.5,382.5,False,3827.0,primary,p8,calibration,1338,identity,5040,12600,360,14,7,322,,,
C0034,network_volume_forecast,network_volume_forecast|router__general__packet_length_max,temporal,linear,322,322,347,322,propagated real-source observation mask,matched,347.0,[],1.94650476084271,2.1601960437309633,2.283912527547042,0.14773235079484998,ok,1.1097820499528288,0.10416364465093618,False,382.5,382.5,False,3827.0,primary,p8,calibration,1338,block_a,5040,12600,360,14,7,322,,,
C0034,network_volume_forecast,network_volume_forecast|router__general__packet_length_max,temporal,linear,322,322,347,322,propagated real-source observation mask,matched,347.0,[],1.94650476084271,2.049113650917149,2.283912527547042,0.14773235079484998,ok,1.052714430572477,0.051372000334009356,True,382.5,382.5,False,3827.0,primary,p8,calibration,1338,block_b,5040,12600,360,14,7,322,,,
C0034,network_volume_forecast,network_volume_forecast|router__general__packet_length_max,temporal,linear,322,322,347,322,propagated real-source observation mask,matched,347.0,[],1.94650476084271,2.1169847455360644,2.283912527547042,0.14773235079484998,ok,1.0875826189192301,0.08395745251500167,True,382.5,382.5,False,3827.0,primary,p8,calibration,1338,row_resample,5040,12600,360,14,7,322,,,
C0035,network_volume_forecast,network_volume_forecast|router__general__packet_length_max,temporal,linear,320,320,345,345,propagated real-source observation mask,matched,345.0,[],1.9651590465124595,1.9651590465124595,2.2537474120082814,0.12804822934379545,ok,1.0,0.0,True,385.0,385.0,False,3827.0,primary,p8,calibration,1338,identity,5040,12600,360,14,7,320,,,
C0035,network_volume_forecast,network_volume_forecast|router__general__packet_length_max,temporal,linear,320,320,345,320,propagated real-source observation mask,matched,345.0,[],1.9651590465124595,2.2059941423873703,2.2537474120082814,0.12804822934379545,ok,1.122552470397914,0.11560508377156228,False,385.0,385.0,False,3827.0,primary,p8,calibration,1338,block_a,5040,12600,360,14,7,320,,,
C0035,network_volume_forecast,network_volume_forecast|router__general__packet_length_max,temporal,linear,320,320,345,320,propagated real-source observation mask,matched,345.0,[],1.9651590465124595,2.1071149021447013,2.2537474120082814,0.12804822934379545,ok,1.0722363189300983,0.06974648511694435,True,385.0,385.0,False,3827.0,primary,p8,calibration,1338,block_b,5040,12600,360,14,7,320,,,
C0035,network_volume_forecast,network_volume_forecast|router__general__packet_length_max,temporal,linear,320,320,345,320,propagated real-source observation mask,matched,345.0,[],1.9651590465124595,2.134016894782752,2.2537474120082814,0.12804822934379545,ok,1.0859257924033996,0.08243288805680814,True,385.0,385.0,False,3827.0,primary,p8,calibration,1338,row_resample,5040,12600,360,14,7,320,,,
C0044,network_volume_forecast,network_volume_forecast|router__general__packet_length_mean,temporal,linear,311,311,336,336,propagated real-source observation mask,matched,336.0,[],0.08323986889785938,0.08323986889785938,0.5468556774632063,0.8477845758427552,ok,1.0,0.0,True,98.12699707487286,98.12699707487286,False,517.6462053571429,primary,p8,calibration,1338,identity,5040,12600,360,14,7,311,,,
C0044,network_volume_forecast,network_volume_forecast|router__general__packet_length_mean,temporal,linear,311,311,336,311,propagated real-source observation mask,matched,336.0,[],0.08323986889785938,0.08313435125052354,0.5468556774632063,0.8477845758427552,ok,0.9987323664881631,-0.0012684376388277779,True,98.12699707487286,98.12699707487286,False,517.6462053571429,primary,p8,calibration,1338,block_a,5040,12600,360,14,7,311,,,
C0044,network_volume_forecast,network_volume_forecast|router__general__packet_length_mean,temporal,linear,311,311,336,311,propagated real-source observation mask,matched,336.0,[],0.08323986889785938,0.0805237865337071,0.5468556774632063,0.8477845758427552,ok,0.9673704151614525,-0.03317380086629083,True,98.12699707487286,98.12699707487286,False,517.6462053571429,primary,p8,calibration,1338,block_b,5040,12600,360,14,7,311,,,
C0044,network_volume_forecast,network_volume_forecast|router__general__packet_length_mean,temporal,linear,311,311,336,311,propagated real-source observation mask,matched,336.0,[],0.08323986889785938,0.5601080026723723,0.5468556774632063,0.8477845758427552,ok,6.728842922129784,1.9064032005141596,False,98.12699707487286,98.12699707487286,False,517.6462053571429,primary,p8,calibration,1338,row_resample,5040,12600,360,14,7,311,,,
C0065,network_volume_forecast,network_volume_forecast|router__general__packet_length_min,temporal,linear,322,322,347,347,propagated real-source observation mask,matched,347.0,[],0.4786797236708212,0.4786797236708212,0.30835734870317005,-0.5523538702221956,ok,1.0,0.0,True,18.0,18.0,False,44.0,primary,p8,calibration,1338,identity,5040,12600,360,14,7,322,,,
C0065,network_volume_forecast,network_volume_forecast|router__general__packet_length_min,temporal,linear,322,322,347,322,propagated real-source observation mask,matched,347.0,[],0.4786797236708212,0.4804967077829134,0.30835734870317005,-0.5523538702221956,ok,1.0037958242688,0.003788638306553092,True,18.0,18.0,False,44.0,primary,p8,calibration,1338,block_a,5040,12600,360,14,7,322,,,
C0065,network_volume_forecast,network_volume_forecast|router__general__packet_length_min,temporal,linear,322,322,347,322,propagated real-source observation mask,matched,347.0,[],0.4786797236708212,0.48035863426411723,0.30835734870317005,-0.5523538702221956,ok,1.0035073777105517,0.003501241205856576,True,18.0,18.0,False,44.0,primary,p8,calibration,1338,block_b,5040,12600,360,14,7,322,,,
C0065,network_volume_forecast,network_volume_forecast|router__general__packet_length_min,temporal,linear,322,322,347,322,propagated real-source observation mask,matched,347.0,[],0.4786797236708212,0.46795898034984496,0.30835734870317005,-0.5523538702221956,ok,0.9776035148538093,-0.02265109518071183,True,18.0,18.0,False,44.0,primary,p8,calibration,1338,row_resample,5040,12600,360,14,7,322,,,
C0066,network_volume_forecast,network_volume_forecast|router__general__packet_length_min,temporal,linear,320,320,345,345,propagated real-source observation mask,matched,345.0,[],0.4692310010729162,0.4692310010729162,0.3072463768115942,-0.5272141072656235,ok,1.0,0.0,True,18.0,18.0,False,44.0,primary,p8,calibration,1338,identity,5040,12600,360,14,7,320,,,
C0066,network_volume_forecast,network_volume_forecast|router__general__packet_length_min,temporal,linear,320,320,345,320,propagated real-source observation mask,matched,345.0,[],0.4692310010729162,0.46643108658563875,0.3072463768115942,-0.5272141072656235,ok,0.994032972073722,-0.0059849017753878676,True,18.0,18.0,False,44.0,primary,p8,calibration,1338,block_a,5040,12600,360,14,7,320,,,
C0066,network_volume_forecast,network_volume_forecast|router__general__packet_length_min,temporal,linear,320,320,345,320,propagated real-source observation mask,matched,345.0,[],0.4692310010729162,0.47062605501202803,0.3072463768115942,-0.5272141072656235,ok,1.0029730643029169,0.0029686534875049213,True,18.0,18.0,False,44.0,primary,p8,calibration,1338,block_b,5040,12600,360,14,7,320,,,
C0066,network_volume_forecast,network_volume_forecast|router__general__packet_length_min,temporal,linear,320,320,345,320,propagated real-source observation mask,matched,345.0,[],0.4692310010729162,0.46433200763928983,0.3072463768115942,-0.5272141072656235,ok,0.9895595273491636,-0.010495356730136154,True,18.0,18.0,False,44.0,primary,p8,calibration,1338,row_resample,5040,12600,360,14,7,320,,,
C0067,network_volume_forecast,network_volume_forecast|router__general__packet_length_min,temporal,linear,311,311,336,336,propagated real-source observation mask,matched,336.0,[],0.4640869279947359,0.4640869279947359,0.30952380952380953,-0.4993577673676082,ok,1.0,0.0,True,18.0,18.0,False,44.0,primary,p8,calibration,1338,identity,5040,12600,360,14,7,311,,,
C0067,network_volume_forecast,network_volume_forecast|router__general__packet_length_min,temporal,linear,311,311,336,311,propagated real-source observation mask,matched,336.0,[],0.4640869279947359,0.46171785802649545,0.30952380952380953,-0.4993577673676082,ok,0.9948952021155242,-0.00511787187757054,True,18.0,18.0,False,44.0,primary,p8,calibration,1338,block_a,5040,12600,360,14,7,311,,,
C0067,network_volume_forecast,network_volume_forecast|router__general__packet_length_min,temporal,linear,311,311,336,311,propagated real-source observation mask,matched,336.0,[],0.4640869279947359,0.4622088462462685,0.30952380952380953,-0.4993577673676082,ok,0.9959531681778189,-0.004055042404797336,True,18.0,18.0,False,44.0,primary,p8,calibration,1338,block_b,5040,12600,360,14,7,311,,,
C0067,network_volume_forecast,network_volume_forecast|router__general__packet_length_min,temporal,linear,311,311,336,311,propagated real-source observation mask,matched,336.0,[],0.4640869279947359,0.460068183642345,0.30952380952380953,-0.4993577673676082,ok,0.9913405353394559,-0.008697175687347276,True,18.0,18.0,False,44.0,primary,p8,calibration,1338,row_resample,5040,12600,360,14,7,311,,,
C0071,network_burst_prediction,network_burst_prediction|router__iot_named__mqtt_port_packets,temporal,linear,322,322,347,347,propagated real-source observation mask,matched,347.0,[],0.4823058854031742,0.4823058854031742,0.48115235863525474,-0.0023974251548747275,ok,1.0,0.0,True,,,,0.003105590062111801,primary,p8,calibration,1338,identity,5040,12600,360,14,7,322,0.4937483373237563,0.0002242405409659809,0.484149855907781
C0071,network_burst_prediction,network_burst_prediction|router__iot_named__mqtt_port_packets,temporal,linear,322,322,347,322,propagated real-source observation mask,matched,347.0,[],0.4823058854031742,0.48229763779438545,0.48115235863525474,-0.0023974251548747275,ok,0.999982899630632,-1.7100515580955895e-05,True,,,,0.003105590062111801,primary,p8,calibration,1338,block_a,5040,12600,360,14,7,322,0.4937483373237563,0.0002242405409659809,0.484149855907781
C0071,network_burst_prediction,network_burst_prediction|router__iot_named__mqtt_port_packets,temporal,linear,322,322,347,322,propagated real-source observation mask,matched,347.0,[],0.4823058854031742,0.48228552743158976,0.48115235863525474,-0.0023974251548747275,ok,0.9999577903314046,-4.221055944849098e-05,True,,,,0.003105590062111801,primary,p8,calibration,1338,block_b,5040,12600,360,14,7,322,0.4937483373237563,0.0002242405409659809,0.484149855907781
C0071,network_burst_prediction,network_burst_prediction|router__iot_named__mqtt_port_packets,temporal,linear,322,322,347,322,propagated real-source observation mask,matched,,,,,,,single_class,,,,,,,,primary,p8,calibration,1338,row_resample,5040,12600,360,14,7,322,,,
C0081,network_volume_forecast,network_volume_forecast|router__iot_named__udp_count,temporal,linear,320,320,345,345,propagated real-source observation mask,matched,345.0,[],0.22912679847020098,0.22912679847020098,0.6702898550724637,0.6581675871471596,ok,1.0,0.0,True,4.0,4.0,False,0.0,primary,p8,calibration,1338,identity,5040,12600,360,14,7,320,,,
C0081,network_volume_forecast,network_volume_forecast|router__iot_named__udp_count,temporal,linear,320,320,345,320,propagated real-source observation mask,matched,345.0,[],0.22912679847020098,0.2296129464079869,0.6702898550724637,0.6581675871471596,ok,1.0021217419395363,0.002119494223927432,True,4.0,4.0,False,0.0,primary,p8,calibration,1338,block_a,5040,12600,360,14,7,320,,,
C0081,network_volume_forecast,network_volume_forecast|router__iot_named__udp_count,temporal,linear,320,320,345,320,propagated real-source observation mask,matched,345.0,[],0.22912679847020098,0.2295931444583527,0.6702898550724637,0.6581675871471596,ok,1.0020353183969108,0.0020332499425890155,True,4.0,4.0,False,0.0,primary,p8,calibration,1338,block_b,5040,12600,360,14,7,320,,,
C0081,network_volume_forecast,network_volume_forecast|router__iot_named__udp_count,temporal,linear,320,320,345,320,propagated real-source observation mask,matched,345.0,[],0.22912679847020098,0.4554056501944837,0.6702898550724637,0.6581675871471596,ok,1.9875704336422757,0.6869130052290068,False,4.0,4.0,False,0.0,primary,p8,calibration,1338,row_resample,5040,12600,360,14,7,320,,,
C0082,network_volume_forecast,network_volume_forecast|router__iot_named__udp_count,temporal,linear,311,311,336,336,propagated real-source observation mask,matched,336.0,[],0.17901547621430489,0.17901547621430489,0.6726190476190477,0.7338530973097059,ok,1.0,0.0,True,4.0,4.0,False,0.0,primary,p8,calibration,1338,identity,5040,12600,360,14,7,311,,,
C0082,network_volume_forecast,network_volume_forecast|router__iot_named__udp_count,temporal,linear,311,311,336,311,propagated real-source observation mask,matched,336.0,[],0.17901547621430489,0.17912668936355952,0.6726190476190477,0.7338530973097059,ok,1.0006212487970676,0.0006210559019201192,True,4.0,4.0,False,0.0,primary,p8,calibration,1338,block_a,5040,12600,360,14,7,311,,,
C0082,network_volume_forecast,network_volume_forecast|router__iot_named__udp_count,temporal,linear,311,311,336,311,propagated real-source observation mask,matched,336.0,[],0.17901547621430489,0.1793826219347306,0.6726190476190477,0.7338530973097059,ok,1.0020509160894346,0.002048815832175705,True,4.0,4.0,False,0.0,primary,p8,calibration,1338,block_b,5040,12600,360,14,7,311,,,
C0082,network_volume_forecast,network_volume_forecast|router__iot_named__udp_count,temporal,linear,311,311,336,311,propagated real-source observation mask,matched,336.0,[],0.17901547621430489,0.46047089502400124,0.6726190476190477,0.7338530973097059,ok,2.572240706567501,0.9447773893087568,False,4.0,4.0,False,0.0,primary,p8,calibration,1338,row_resample,5040,12600,360,14,7,311,,,
C0085,network_volume_forecast,network_volume_forecast|router__iot_named__dns_port_packets,temporal,linear,320,320,345,345,propagated real-source observation mask,matched,345.0,[],0.052460199661437355,0.052460199661437355,0.33768115942028987,0.8446457606592629,ok,1.0,0.0,True,4.0,4.0,False,0.0,primary,p8,calibration,1338,identity,5040,12600,360,14,7,320,,,
C0085,network_volume_forecast,network_volume_forecast|router__iot_named__dns_port_packets,temporal,linear,320,320,345,320,propagated real-source observation mask,matched,345.0,[],0.052460199661437355,0.05559659729873315,0.33768115942028987,0.8446457606592629,ok,1.059786231419956,0.05806721931441551,True,4.0,4.0,False,0.0,primary,p8,calibration,1338,block_a,5040,12600,360,14,7,320,,,
C0085,network_volume_forecast,network_volume_forecast|router__iot_named__dns_port_packets,temporal,linear,320,320,345,320,propagated real-source observation mask,matched,345.0,[],0.052460199661437355,0.05551770160123192,0.33768115942028987,0.8446457606592629,ok,1.058282316108722,0.05664713726303357,True,4.0,4.0,False,0.0,primary,p8,calibration,1338,block_b,5040,12600,360,14,7,320,,,
C0085,network_volume_forecast,network_volume_forecast|router__iot_named__dns_port_packets,temporal,linear,320,320,345,320,propagated real-source observation mask,matched,345.0,[],0.052460199661437355,0.4321891976808541,0.33768115942028987,0.8446457606592629,ok,8.238420754592541,2.108808669556972,False,4.0,4.0,False,0.0,primary,p8,calibration,1338,row_resample,5040,12600,360,14,7,320,,,
C0086,network_volume_forecast,network_volume_forecast|router__iot_named__dns_port_packets,temporal,linear,311,311,336,336,propagated real-source observation mask,matched,336.0,[],0.07396195470581535,0.07396195470581535,0.33779761904761907,0.7810465481836656,ok,1.0,0.0,True,4.0,4.0,False,0.0,primary,p8,calibration,1338,identity,5040,12600,360,14,7,311,,,
C0086,network_volume_forecast,network_volume_forecast|router__iot_named__dns_port_packets,temporal,linear,311,311,336,311,propagated real-source observation mask,matched,336.0,[],0.07396195470581535,0.0752078316652708,0.33779761904761907,0.7810465481836656,ok,1.01684483548888,0.016704534618918934,True,4.0,4.0,False,0.0,primary,p8,calibration,1338,block_a,5040,12600,360,14,7,311,,,
C0086,network_volume_forecast,network_volume_forecast|router__iot_named__dns_port_packets,temporal,linear,311,311,336,311,propagated real-source observation mask,matched,336.0,[],0.07396195470581535,0.07509184716130109,0.33779761904761907,0.7810465481836656,ok,1.0152766710936711,0.015161157708226004,True,4.0,4.0,False,0.0,primary,p8,calibration,1338,block_b,5040,12600,360,14,7,311,,,
C0086,network_volume_forecast,network_volume_forecast|router__iot_named__dns_port_packets,temporal,linear,311,311,336,311,propagated real-source observation mask,matched,336.0,[],0.07396195470581535,0.43736298785133887,0.33779761904761907,0.7810465481836656,ok,5.913350851677135,1.7772126507247983,False,4.0,4.0,False,0.0,primary,p8,calibration,1338,row_resample,5040,12600,360,14,7,311,,,
C0034,network_volume_forecast,network_volume_forecast|router__general__packet_length_max,temporal,linear,322,322,347,347,propagated real-source observation mask,matched,347.0,[],1.94650476084271,1.94650476084271,2.283912527547042,0.14773235079484998,ok,1.0,0.0,True,382.5,382.5,False,3827.0,primary,p8,calibration,1339,identity,5040,12600,360,3,24,322,,,
C0034,network_volume_forecast,network_volume_forecast|router__general__packet_length_max,temporal,linear,322,322,347,322,propagated real-source observation mask,matched,347.0,[],1.94650476084271,1.9900487752402274,2.283912527547042,0.14773235079484998,ok,1.022370361107499,0.022123814693834766,True,382.5,382.5,False,3827.0,primary,p8,calibration,1339,block_a,5040,12600,360,3,24,322,,,
C0034,network_volume_forecast,network_volume_forecast|router__general__packet_length_max,temporal,linear,322,322,347,322,propagated real-source observation mask,matched,347.0,[],1.94650476084271,2.2653838181223804,2.283912527547042,0.14773235079484998,ok,1.1638213600575098,0.1517088667904359,False,382.5,382.5,False,3827.0,primary,p8,calibration,1339,block_b,5040,12600,360,3,24,322,,,
C0034,network_volume_forecast,network_volume_forecast|router__general__packet_length_max,temporal,linear,322,322,347,322,propagated real-source observation mask,matched,347.0,[],1.94650476084271,1.9953572443479983,2.283912527547042,0.14773235079484998,ok,1.0250975412380385,0.024787770246190388,True,382.5,382.5,False,3827.0,primary,p8,calibration,1339,row_resample,5040,12600,360,3,24,322,,,
C0035,network_volume_forecast,network_volume_forecast|router__general__packet_length_max,temporal,linear,320,320,345,345,propagated real-source observation mask,matched,345.0,[],1.9651590465124595,1.9651590465124595,2.2537474120082814,0.12804822934379545,ok,1.0,0.0,True,385.0,385.0,False,3827.0,primary,p8,calibration,1339,identity,5040,12600,360,3,24,320,,,
C0035,network_volume_forecast,network_volume_forecast|router__general__packet_length_max,temporal,linear,320,320,345,320,propagated real-source observation mask,matched,345.0,[],1.9651590465124595,2.024316681248242,2.2537474120082814,0.12804822934379545,ok,1.0301032299857706,0.029659020506682267,True,385.0,385.0,False,3827.0,primary,p8,calibration,1339,block_a,5040,12600,360,3,24,320,,,
C0035,network_volume_forecast,network_volume_forecast|router__general__packet_length_max,temporal,linear,320,320,345,320,propagated real-source observation mask,matched,345.0,[],1.9651590465124595,2.249286087166665,2.2537474120082814,0.12804822934379545,ok,1.1445822113779758,0.1350396895283749,False,385.0,385.0,False,3827.0,primary,p8,calibration,1339,block_b,5040,12600,360,3,24,320,,,
C0035,network_volume_forecast,network_volume_forecast|router__general__packet_length_max,temporal,linear,320,320,345,320,propagated real-source observation mask,matched,345.0,[],1.9651590465124595,1.9322994857014903,2.2537474120082814,0.12804822934379545,ok,0.9832789305937936,-0.01686244466672648,True,385.0,385.0,False,3827.0,primary,p8,calibration,1339,row_resample,5040,12600,360,3,24,320,,,
C0044,network_volume_forecast,network_volume_forecast|router__general__packet_length_mean,temporal,linear,311,311,336,336,propagated real-source observation mask,matched,336.0,[],0.08323986889785938,0.08323986889785938,0.5468556774632063,0.8477845758427552,ok,1.0,0.0,True,98.12699707487286,98.12699707487286,False,517.6462053571429,primary,p8,calibration,1339,identity,5040,12600,360,3,24,311,,,
C0044,network_volume_forecast,network_volume_forecast|router__general__packet_length_mean,temporal,linear,311,311,336,311,propagated real-source observation mask,matched,336.0,[],0.08323986889785938,0.08145859720709073,0.5468556774632063,0.8477845758427552,ok,0.978600738872446,-0.021631545097308944,True,98.12699707487286,98.12699707487286,False,517.6462053571429,primary,p8,calibration,1339,block_a,5040,12600,360,3,24,311,,,
C0044,network_volume_forecast,network_volume_forecast|router__general__packet_length_mean,temporal,linear,311,311,336,311,propagated real-source observation mask,matched,336.0,[],0.08323986889785938,0.08428226746971733,0.5468556774632063,0.8477845758427552,ok,1.012522828131037,0.012445066046651868,True,98.12699707487286,98.12699707487286,False,517.6462053571429,primary,p8,calibration,1339,block_b,5040,12600,360,3,24,311,,,
C0044,network_volume_forecast,network_volume_forecast|router__general__packet_length_mean,temporal,linear,311,311,336,311,propagated real-source observation mask,matched,336.0,[],0.08323986889785938,0.5643454038626518,0.5468556774632063,0.8477845758427552,ok,6.779748831117688,1.9139400557082376,False,98.12699707487286,98.12699707487286,False,517.6462053571429,primary,p8,calibration,1339,row_resample,5040,12600,360,3,24,311,,,
C0065,network_volume_forecast,network_volume_forecast|router__general__packet_length_min,temporal,linear,322,322,347,347,propagated real-source observation mask,matched,347.0,[],0.4786797236708212,0.4786797236708212,0.30835734870317005,-0.5523538702221956,ok,1.0,0.0,True,18.0,18.0,False,44.0,primary,p8,calibration,1339,identity,5040,12600,360,3,24,322,,,
C0065,network_volume_forecast,network_volume_forecast|router__general__packet_length_min,temporal,linear,322,322,347,322,propagated real-source observation mask,matched,347.0,[],0.4786797236708212,0.4800451405922391,0.30835734870317005,-0.5523538702221956,ok,1.0028524645058015,0.0028484039488200926,True,18.0,18.0,False,44.0,primary,p8,calibration,1339,block_a,5040,12600,360,3,24,322,,,
C0065,network_volume_forecast,network_volume_forecast|router__general__packet_length_min,temporal,linear,322,322,347,322,propagated real-source observation mask,matched,347.0,[],0.4786797236708212,0.4804967077829134,0.30835734870317005,-0.5523538702221956,ok,1.0037958242688,0.003788638306553092,True,18.0,18.0,False,44.0,primary,p8,calibration,1339,block_b,5040,12600,360,3,24,322,,,
C0065,network_volume_forecast,network_volume_forecast|router__general__packet_length_min,temporal,linear,322,322,347,322,propagated real-source observation mask,matched,347.0,[],0.4786797236708212,0.4735148693078188,0.30835734870317005,-0.5523538702221956,ok,0.9892102086058816,-0.010848423325570171,True,18.0,18.0,False,44.0,primary,p8,calibration,1339,row_resample,5040,12600,360,3,24,322,,,
C0066,network_volume_forecast,network_volume_forecast|router__general__packet_length_min,temporal,linear,320,320,345,345,propagated real-source observation mask,matched,345.0,[],0.4692310010729162,0.4692310010729162,0.3072463768115942,-0.5272141072656235,ok,1.0,0.0,True,18.0,18.0,False,44.0,primary,p8,calibration,1339,identity,5040,12600,360,3,24,320,,,
C0066,network_volume_forecast,network_volume_forecast|router__general__packet_length_min,temporal,linear,320,320,345,320,propagated real-source observation mask,matched,345.0,[],0.4692310010729162,0.46881872524322443,0.3072463768115942,-0.5272141072656235,ok,0.9991213798134627,-0.0008790063994929485,True,18.0,18.0,False,44.0,primary,p8,calibration,1339,block_a,5040,12600,360,3,24,320,,,
C0066,network_volume_forecast,network_volume_forecast|router__general__packet_length_min,temporal,linear,320,320,345,320,propagated real-source observation mask,matched,345.0,[],0.4692310010729162,0.467315465619932,0.3072463768115942,-0.5272141072656235,ok,0.9959177133467221,-0.0040906419322861865,True,18.0,18.0,False,44.0,primary,p8,calibration,1339,block_b,5040,12600,360,3,24,320,,,
C0066,network_volume_forecast,network_volume_forecast|router__general__packet_length_min,temporal,linear,320,320,345,320,propagated real-source observation mask,matched,345.0,[],0.4692310010729162,0.47365564579907027,0.3072463768115942,-0.5272141072656235,ok,1.0094295660688166,0.009385385230958894,True,18.0,18.0,False,44.0,primary,p8,calibration,1339,row_resample,5040,12600,360,3,24,320,,,
C0067,network_volume_forecast,network_volume_forecast|router__general__packet_length_min,temporal,linear,311,311,336,336,propagated real-source observation mask,matched,336.0,[],0.4640869279947359,0.4640869279947359,0.30952380952380953,-0.4993577673676082,ok,1.0,0.0,True,18.0,18.0,False,44.0,primary,p8,calibration,1339,identity,5040,12600,360,3,24,311,,,
C0067,network_volume_forecast,network_volume_forecast|router__general__packet_length_min,temporal,linear,311,311,336,311,propagated real-source observation mask,matched,336.0,[],0.4640869279947359,0.4626398452751753,0.30952380952380953,-0.4993577673676082,ok,0.9968818714075546,-0.0031230000846667874,True,18.0,18.0,False,44.0,primary,p8,calibration,1339,block_a,5040,12600,360,3,24,311,,,
C0067,network_volume_forecast,network_volume_forecast|router__general__packet_length_min,temporal,linear,311,311,336,311,propagated real-source observation mask,matched,336.0,[],0.4640869279947359,0.4635660072447851,0.30952380952380953,-0.4993577673676082,ok,0.9988775362576972,-0.001123094176533105,True,18.0,18.0,False,44.0,primary,p8,calibration,1339,block_b,5040,12600,360,3,24,311,,,
C0067,network_volume_forecast,network_volume_forecast|router__general__packet_length_min,temporal,linear,311,311,336,311,propagated real-source observation mask,matched,336.0,[],0.4640869279947359,0.48216814327307933,0.30952380952380953,-0.4993577673676082,ok,1.0389608372648422,0.038221018687589564,True,18.0,18.0,False,44.0,primary,p8,calibration,1339,row_resample,5040,12600,360,3,24,311,,,
C0071,network_burst_prediction,network_burst_prediction|router__iot_named__mqtt_port_packets,temporal,linear,322,322,347,347,propagated real-source observation mask,matched,347.0,[],0.4823058854031742,0.4823058854031742,0.48115235863525474,-0.0023974251548747275,ok,1.0,0.0,True,,,,0.003105590062111801,primary,p8,calibration,1339,identity,5040,12600,360,3,24,322,0.4937483373237563,0.0002242405409659809,0.484149855907781
C0071,network_burst_prediction,network_burst_prediction|router__iot_named__mqtt_port_packets,temporal,linear,322,322,347,322,propagated real-source observation mask,matched,347.0,[],0.4823058854031742,0.4823027461464162,0.48115235863525474,-0.0023974251548747275,ok,0.9999934911498014,-6.508871381251744e-06,True,,,,0.003105590062111801,primary,p8,calibration,1339,block_a,5040,12600,360,3,24,322,0.4937483373237563,0.0002242405409659809,0.484149855907781
C0071,network_burst_prediction,network_burst_prediction|router__iot_named__mqtt_port_packets,temporal,linear,322,322,347,322,propagated real-source observation mask,matched,347.0,[],0.4823058854031742,0.48235247550351995,0.48115235863525474,-0.0023974251548747275,ok,1.0000965986560724,9.659399072263082e-05,True,,,,0.003105590062111801,primary,p8,calibration,1339,block_b,5040,12600,360,3,24,322,0.4937483373237563,0.0002242405409659809,0.484149855907781
C0071,network_burst_prediction,network_burst_prediction|router__iot_named__mqtt_port_packets,temporal,linear,322,322,347,322,propagated real-source observation mask,matched,347.0,[],0.4823058854031742,0.4795058575090669,0.48115235863525474,-0.0023974251548747275,ok,0.994194497768223,-0.005822419667775492,True,,,,0.003105590062111801,primary,p8,calibration,1339,row_resample,5040,12600,360,3,24,322,0.4937483373237563,0.0002242405409659809,0.484149855907781
C0081,network_volume_forecast,network_volume_forecast|router__iot_named__udp_count,temporal,linear,320,320,345,345,propagated real-source observation mask,matched,345.0,[],0.22912679847020098,0.22912679847020098,0.6702898550724637,0.6581675871471596,ok,1.0,0.0,True,4.0,4.0,False,0.0,primary,p8,calibration,1339,identity,5040,12600,360,3,24,320,,,
C0081,network_volume_forecast,network_volume_forecast|router__iot_named__udp_count,temporal,linear,320,320,345,320,propagated real-source observation mask,matched,345.0,[],0.22912679847020098,0.2296129464079869,0.6702898550724637,0.6581675871471596,ok,1.0021217419395363,0.002119494223927432,True,4.0,4.0,False,0.0,primary,p8,calibration,1339,block_a,5040,12600,360,3,24,320,,,
C0081,network_volume_forecast,network_volume_forecast|router__iot_named__udp_count,temporal,linear,320,320,345,320,propagated real-source observation mask,matched,345.0,[],0.22912679847020098,0.22949692415213874,0.6702898550724637,0.6581675871471596,ok,1.0016153749120964,0.001614071597415534,True,4.0,4.0,False,0.0,primary,p8,calibration,1339,block_b,5040,12600,360,3,24,320,,,
C0081,network_volume_forecast,network_volume_forecast|router__iot_named__udp_count,temporal,linear,320,320,345,320,propagated real-source observation mask,matched,345.0,[],0.22912679847020098,0.46104975343934673,0.6702898550724637,0.6581675871471596,ok,2.012203533229695,0.6992304067781058,False,4.0,4.0,False,0.0,primary,p8,calibration,1339,row_resample,5040,12600,360,3,24,320,,,
C0082,network_volume_forecast,network_volume_forecast|router__iot_named__udp_count,temporal,linear,311,311,336,336,propagated real-source observation mask,matched,336.0,[],0.17901547621430489,0.17901547621430489,0.6726190476190477,0.7338530973097059,ok,1.0,0.0,True,4.0,4.0,False,0.0,primary,p8,calibration,1339,identity,5040,12600,360,3,24,311,,,
C0082,network_volume_forecast,network_volume_forecast|router__iot_named__udp_count,temporal,linear,311,311,336,311,propagated real-source observation mask,matched,336.0,[],0.17901547621430489,0.17944516883470965,0.6726190476190477,0.7338530973097059,ok,1.00240030990332,0.002397433761006579,True,4.0,4.0,False,0.0,primary,p8,calibration,1339,block_a,5040,12600,360,3,24,311,,,
C0082,network_volume_forecast,network_volume_forecast|router__iot_named__udp_count,temporal,linear,311,311,336,311,propagated real-source observation mask,matched,336.0,[],0.17901547621430489,0.17912668936355952,0.6726190476190477,0.7338530973097059,ok,1.0006212487970676,0.0006210559019201192,True,4.0,4.0,False,0.0,primary,p8,calibration,1339,block_b,5040,12600,360,3,24,311,,,
C0082,network_volume_forecast,network_volume_forecast|router__iot_named__udp_count,temporal,linear,311,311,336,311,propagated real-source observation mask,matched,336.0,[],0.17901547621430489,0.4590727655820616,0.6726190476190477,0.7338530973097059,ok,2.5644306028183372,0.9417364667745995,False,4.0,4.0,False,0.0,primary,p8,calibration,1339,row_resample,5040,12600,360,3,24,311,,,
C0085,network_volume_forecast,network_volume_forecast|router__iot_named__dns_port_packets,temporal,linear,320,320,345,345,propagated real-source observation mask,matched,345.0,[],0.052460199661437355,0.052460199661437355,0.33768115942028987,0.8446457606592629,ok,1.0,0.0,True,4.0,4.0,False,0.0,primary,p8,calibration,1339,identity,5040,12600,360,3,24,320,,,
C0085,network_volume_forecast,network_volume_forecast|router__iot_named__dns_port_packets,temporal,linear,320,320,345,320,propagated real-source observation mask,matched,345.0,[],0.052460199661437355,0.055596597298733286,0.33768115942028987,0.8446457606592629,ok,1.0597862314199586,0.05806721931441802,True,4.0,4.0,False,0.0,primary,p8,calibration,1339,block_a,5040,12600,360,3,24,320,,,
C0085,network_volume_forecast,network_volume_forecast|router__iot_named__dns_port_packets,temporal,linear,320,320,345,320,propagated real-source observation mask,matched,345.0,[],0.052460199661437355,0.05559659729873315,0.33768115942028987,0.8446457606592629,ok,1.059786231419956,0.05806721931441551,True,4.0,4.0,False,0.0,primary,p8,calibration,1339,block_b,5040,12600,360,3,24,320,,,
C0085,network_volume_forecast,network_volume_forecast|router__iot_named__dns_port_packets,temporal,linear,320,320,345,320,propagated real-source observation mask,matched,345.0,[],0.052460199661437355,0.43294155745792956,0.33768115942028987,0.8446457606592629,ok,8.252762289354722,2.110547967257981,False,4.0,4.0,False,0.0,primary,p8,calibration,1339,row_resample,5040,12600,360,3,24,320,,,
C0086,network_volume_forecast,network_volume_forecast|router__iot_named__dns_port_packets,temporal,linear,311,311,336,336,propagated real-source observation mask,matched,336.0,[],0.07396195470581535,0.07396195470581535,0.33779761904761907,0.7810465481836656,ok,1.0,0.0,True,4.0,4.0,False,0.0,primary,p8,calibration,1339,identity,5040,12600,360,3,24,311,,,
C0086,network_volume_forecast,network_volume_forecast|router__iot_named__dns_port_packets,temporal,linear,311,311,336,311,propagated real-source observation mask,matched,336.0,[],0.07396195470581535,0.0752078316652708,0.33779761904761907,0.7810465481836656,ok,1.01684483548888,0.016704534618918934,True,4.0,4.0,False,0.0,primary,p8,calibration,1339,block_a,5040,12600,360,3,24,311,,,
C0086,network_volume_forecast,network_volume_forecast|router__iot_named__dns_port_packets,temporal,linear,311,311,336,311,propagated real-source observation mask,matched,336.0,[],0.07396195470581535,0.0752078316652708,0.33779761904761907,0.7810465481836656,ok,1.01684483548888,0.016704534618918934,True,4.0,4.0,False,0.0,primary,p8,calibration,1339,block_b,5040,12600,360,3,24,311,,,
C0086,network_volume_forecast,network_volume_forecast|router__iot_named__dns_port_packets,temporal,linear,311,311,336,311,propagated real-source observation mask,matched,336.0,[],0.07396195470581535,0.4338539724013539,0.33779761904761907,0.7810465481836656,ok,5.865907332046778,1.7691571729614664,False,4.0,4.0,False,0.0,primary,p8,calibration,1339,row_resample,5040,12600,360,3,24,311,,,
C0034,network_volume_forecast,network_volume_forecast|router__general__packet_length_max,temporal,linear,322,322,347,347,propagated real-source observation mask,matched,347.0,[],1.94650476084271,1.94650476084271,2.283912527547042,0.14773235079484998,ok,1.0,0.0,True,382.5,382.5,False,3827.0,primary,p8,calibration,1340,identity,5040,12600,360,2,1,322,,,
C0034,network_volume_forecast,network_volume_forecast|router__general__packet_length_max,temporal,linear,322,322,347,322,propagated real-source observation mask,matched,347.0,[],1.94650476084271,1.9775982310402374,2.283912527547042,0.14773235079484998,ok,1.0159740016171683,0.015847759869407153,True,382.5,382.5,False,3827.0,primary,p8,calibration,1340,block_a,5040,12600,360,2,1,322,,,
C0034,network_volume_forecast,network_volume_forecast|router__general__packet_length_max,temporal,linear,322,322,347,322,propagated real-source observation mask,matched,347.0,[],1.94650476084271,1.9666486505833662,2.283912527547042,0.14773235079484998,ok,1.0103487492791619,0.010295567568116615,True,382.5,382.5,False,3827.0,primary,p8,calibration,1340,block_b,5040,12600,360,2,1,322,,,
C0034,network_volume_forecast,network_volume_forecast|router__general__packet_length_max,temporal,linear,322,322,347,322,propagated real-source observation mask,matched,347.0,[],1.94650476084271,1.9731617014831582,2.283912527547042,0.14773235079484998,ok,1.0136947728958585,0.013601846932291476,True,382.5,382.5,False,3827.0,primary,p8,calibration,1340,row_resample,5040,12600,360,2,1,322,,,
C0035,network_volume_forecast,network_volume_forecast|router__general__packet_length_max,temporal,linear,320,320,345,345,propagated real-source observation mask,matched,345.0,[],1.9651590465124595,1.9651590465124595,2.2537474120082814,0.12804822934379545,ok,1.0,0.0,True,385.0,385.0,False,3827.0,primary,p8,calibration,1340,identity,5040,12600,360,2,1,320,,,
C0035,network_volume_forecast,network_volume_forecast|router__general__packet_length_max,temporal,linear,320,320,345,320,propagated real-source observation mask,matched,345.0,[],1.9651590465124595,2.0062590101467515,2.2537474120082814,0.12804822934379545,ok,1.0209143192288845,0.020698617178202577,True,385.0,385.0,False,3827.0,primary,p8,calibration,1340,block_a,5040,12600,360,2,1,320,,,
C0035,network_volume_forecast,network_volume_forecast|router__general__packet_length_max,temporal,linear,320,320,345,320,propagated real-source observation mask,matched,345.0,[],1.9651590465124595,1.9984642745488277,2.2537474120082814,0.12804822934379545,ok,1.0169478537095888,0.016805841129994663,True,385.0,385.0,False,3827.0,primary,p8,calibration,1340,block_b,5040,12600,360,2,1,320,,,
C0035,network_volume_forecast,network_volume_forecast|router__general__packet_length_max,temporal,linear,320,320,345,320,propagated real-source observation mask,matched,345.0,[],1.9651590465124595,2.112824180181708,2.2537474120082814,0.12804822934379545,ok,1.0751415687861539,0.07245234480310647,True,385.0,385.0,False,3827.0,primary,p8,calibration,1340,row_resample,5040,12600,360,2,1,320,,,
C0044,network_volume_forecast,network_volume_forecast|router__general__packet_length_mean,temporal,linear,311,311,336,336,propagated real-source observation mask,matched,336.0,[],0.08323986889785938,0.08323986889785938,0.5468556774632063,0.8477845758427552,ok,1.0,0.0,True,98.12699707487286,98.12699707487286,False,517.6462053571429,primary,p8,calibration,1340,identity,5040,12600,360,2,1,311,,,
C0044,network_volume_forecast,network_volume_forecast|router__general__packet_length_mean,temporal,linear,311,311,336,311,propagated real-source observation mask,matched,336.0,[],0.08323986889785938,0.08175826090494986,0.5468556774632063,0.8477845758427552,ok,0.9822007409126564,-0.017959571037370593,True,98.12699707487286,98.12699707487286,False,517.6462053571429,primary,p8,calibration,1340,block_a,5040,12600,360,2,1,311,,,
C0044,network_volume_forecast,network_volume_forecast|router__general__packet_length_mean,temporal,linear,311,311,336,311,propagated real-source observation mask,matched,336.0,[],0.08323986889785938,0.08126402963896112,0.5468556774632063,0.8477845758427552,ok,0.9762633064532725,-0.024022947751325845,True,98.12699707487286,98.12699707487286,False,517.6462053571429,primary,p8,calibration,1340,block_b,5040,12600,360,2,1,311,,,
C0044,network_volume_forecast,network_volume_forecast|router__general__packet_length_mean,temporal,linear,311,311,336,311,propagated real-source observation mask,matched,336.0,[],0.08323986889785938,0.5361427843730538,0.5468556774632063,0.8477845758427552,ok,6.440937395407665,1.8626740878167973,False,98.12699707487286,98.12699707487286,False,517.6462053571429,primary,p8,calibration,1340,row_resample,5040,12600,360,2,1,311,,,
C0065,network_volume_forecast,network_volume_forecast|router__general__packet_length_min,temporal,linear,322,322,347,347,propagated real-source observation mask,matched,347.0,[],0.4786797236708212,0.4786797236708212,0.30835734870317005,-0.5523538702221956,ok,1.0,0.0,True,18.0,18.0,False,44.0,primary,p8,calibration,1340,identity,5040,12600,360,2,1,322,,,
C0065,network_volume_forecast,network_volume_forecast|router__general__packet_length_min,temporal,linear,322,322,347,322,propagated real-source observation mask,matched,347.0,[],0.4786797236708212,0.48157163160415606,0.30835734870317005,-0.5523538702221956,ok,1.0060414255927908,0.006023249351396201,True,18.0,18.0,False,44.0,primary,p8,calibration,1340,block_a,5040,12600,360,2,1,322,,,
C0065,network_volume_forecast,network_volume_forecast|router__general__packet_length_min,temporal,linear,322,322,347,322,propagated real-source observation mask,matched,347.0,[],0.4786797236708212,0.4820315658596049,0.30835734870317005,-0.5523538702221956,ok,1.0070022648193235,0.006977862809689058,True,18.0,18.0,False,44.0,primary,p8,calibration,1340,block_b,5040,12600,360,2,1,322,,,
C0065,network_volume_forecast,network_volume_forecast|router__general__packet_length_min,temporal,linear,322,322,347,322,propagated real-source observation mask,matched,347.0,[],0.4786797236708212,0.45930426160059246,0.30835734870317005,-0.5523538702221956,ok,0.9595231192964571,-0.041318868674632504,True,18.0,18.0,False,44.0,primary,p8,calibration,1340,row_resample,5040,12600,360,2,1,322,,,
C0066,network_volume_forecast,network_volume_forecast|router__general__packet_length_min,temporal,linear,320,320,345,345,propagated real-source observation mask,matched,345.0,[],0.4692310010729162,0.4692310010729162,0.3072463768115942,-0.5272141072656235,ok,1.0,0.0,True,18.0,18.0,False,44.0,primary,p8,calibration,1340,identity,5040,12600,360,2,1,320,,,
C0066,network_volume_forecast,network_volume_forecast|router__general__packet_length_min,temporal,linear,320,320,345,320,propagated real-source observation mask,matched,345.0,[],0.4692310010729162,0.46877289661761107,0.3072463768115942,-0.5272141072656235,ok,0.9990237122989366,-0.0009767645803071766,True,18.0,18.0,False,44.0,primary,p8,calibration,1340,block_a,5040,12600,360,2,1,320,,,
C0066,network_volume_forecast,network_volume_forecast|router__general__packet_length_min,temporal,linear,320,320,345,320,propagated real-source observation mask,matched,345.0,[],0.4692310010729162,0.46881872524322443,0.3072463768115942,-0.5272141072656235,ok,0.9991213798134627,-0.0008790063994929485,True,18.0,18.0,False,44.0,primary,p8,calibration,1340,block_b,5040,12600,360,2,1,320,,,
C0066,network_volume_forecast,network_volume_forecast|router__general__packet_length_min,temporal,linear,320,320,345,320,propagated real-source observation mask,matched,345.0,[],0.4692310010729162,0.46472433601422974,0.3072463768115942,-0.5272141072656235,ok,0.9903956365875618,-0.009650782768738137,True,18.0,18.0,False,44.0,primary,p8,calibration,1340,row_resample,5040,12600,360,2,1,320,,,
C0067,network_volume_forecast,network_volume_forecast|router__general__packet_length_min,temporal,linear,311,311,336,336,propagated real-source observation mask,matched,336.0,[],0.4640869279947359,0.4640869279947359,0.30952380952380953,-0.4993577673676082,ok,1.0,0.0,True,18.0,18.0,False,44.0,primary,p8,calibration,1340,identity,5040,12600,360,2,1,311,,,
C0067,network_volume_forecast,network_volume_forecast|router__general__packet_length_min,temporal,linear,311,311,336,311,propagated real-source observation mask,matched,336.0,[],0.4640869279947359,0.4622088462462685,0.30952380952380953,-0.4993577673676082,ok,0.9959531681778189,-0.004055042404797336,True,18.0,18.0,False,44.0,primary,p8,calibration,1340,block_a,5040,12600,360,2,1,311,,,
C0067,network_volume_forecast,network_volume_forecast|router__general__packet_length_min,temporal,linear,311,311,336,311,propagated real-source observation mask,matched,336.0,[],0.4640869279947359,0.4631272256270163,0.30952380952380953,-0.4993577673676082,ok,0.9979320633488508,-0.002070077784473782,True,18.0,18.0,False,44.0,primary,p8,calibration,1340,block_b,5040,12600,360,2,1,311,,,
C0067,network_volume_forecast,network_volume_forecast|router__general__packet_length_min,temporal,linear,311,311,336,311,propagated real-source observation mask,matched,336.0,[],0.4640869279947359,0.46004864549783886,0.30952380952380953,-0.4993577673676082,ok,0.9912984351566506,-0.008739644521500228,True,18.0,18.0,False,44.0,primary,p8,calibration,1340,row_resample,5040,12600,360,2,1,311,,,
C0071,network_burst_prediction,network_burst_prediction|router__iot_named__mqtt_port_packets,temporal,linear,322,322,347,347,propagated real-source observation mask,matched,347.0,[],0.4823058854031742,0.4823058854031742,0.48115235863525474,-0.0023974251548747275,ok,1.0,0.0,True,,,,0.003105590062111801,primary,p8,calibration,1340,identity,5040,12600,360,2,1,322,0.4937483373237563,0.0002242405409659809,0.484149855907781
C0071,network_burst_prediction,network_burst_prediction|router__iot_named__mqtt_port_packets,temporal,linear,322,322,347,322,propagated real-source observation mask,matched,347.0,[],0.4823058854031742,0.4823185006226181,0.48115235863525474,-0.0023974251548747275,ok,1.00002615605537,2.6155713306389703e-05,True,,,,0.003105590062111801,primary,p8,calibration,1340,block_a,5040,12600,360,2,1,322,0.4937483373237563,0.0002242405409659809,0.484149855907781
C0071,network_burst_prediction,network_burst_prediction|router__iot_named__mqtt_port_packets,temporal,linear,322,322,347,322,propagated real-source observation mask,matched,347.0,[],0.4823058854031742,0.48232913132386623,0.48115235863525474,-0.0023974251548747275,ok,1.0000481974642972,4.8196302836721e-05,True,,,,0.003105590062111801,primary,p8,calibration,1340,block_b,5040,12600,360,2,1,322,0.4937483373237563,0.0002242405409659809,0.484149855907781
C0071,network_burst_prediction,network_burst_prediction|router__iot_named__mqtt_port_packets,temporal,linear,322,322,347,322,propagated real-source observation mask,matched,347.0,[],0.4823058854031742,0.4800786932546907,0.48115235863525474,-0.0023974251548747275,ok,0.9953821999359976,-0.004628495040260606,True,,,,0.003105590062111801,primary,p8,calibration,1340,row_resample,5040,12600,360,2,1,322,0.4937483373237563,0.0002242405409659809,0.484149855907781
C0081,network_volume_forecast,network_volume_forecast|router__iot_named__udp_count,temporal,linear,320,320,345,345,propagated real-source observation mask,matched,345.0,[],0.22912679847020098,0.22912679847020098,0.6702898550724637,0.6581675871471596,ok,1.0,0.0,True,4.0,4.0,False,0.0,primary,p8,calibration,1340,identity,5040,12600,360,2,1,320,,,
C0081,network_volume_forecast,network_volume_forecast|router__iot_named__udp_count,temporal,linear,320,320,345,320,propagated real-source observation mask,matched,345.0,[],0.22912679847020098,0.2296129464079869,0.6702898550724637,0.6581675871471596,ok,1.0021217419395363,0.002119494223927432,True,4.0,4.0,False,0.0,primary,p8,calibration,1340,block_a,5040,12600,360,2,1,320,,,
C0081,network_volume_forecast,network_volume_forecast|router__iot_named__udp_count,temporal,linear,320,320,345,320,propagated real-source observation mask,matched,345.0,[],0.22912679847020098,0.22959314445835272,0.6702898550724637,0.6581675871471596,ok,1.002035318396911,0.0020332499425892367,True,4.0,4.0,False,0.0,primary,p8,calibration,1340,block_b,5040,12600,360,2,1,320,,,
C0081,network_volume_forecast,network_volume_forecast|router__iot_named__udp_count,temporal,linear,320,320,345,320,propagated real-source observation mask,matched,345.0,[],0.22912679847020098,0.47847317399063904,0.6702898550724637,0.6581675871471596,ok,2.0882462338985928,0.7363245911797719,False,4.0,4.0,False,0.0,primary,p8,calibration,1340,row_resample,5040,12600,360,2,1,320,,,
C0082,network_volume_forecast,network_volume_forecast|router__iot_named__udp_count,temporal,linear,311,311,336,336,propagated real-source observation mask,matched,336.0,[],0.17901547621430489,0.17901547621430489,0.6726190476190477,0.7338530973097059,ok,1.0,0.0,True,4.0,4.0,False,0.0,primary,p8,calibration,1340,identity,5040,12600,360,2,1,311,,,
C0082,network_volume_forecast,network_volume_forecast|router__iot_named__udp_count,temporal,linear,311,311,336,311,propagated real-source observation mask,matched,336.0,[],0.17901547621430489,0.17944516883470965,0.6726190476190477,0.7338530973097059,ok,1.00240030990332,0.002397433761006579,True,4.0,4.0,False,0.0,primary,p8,calibration,1340,block_a,5040,12600,360,2,1,311,,,
C0082,network_volume_forecast,network_volume_forecast|router__iot_named__udp_count,temporal,linear,311,311,336,311,propagated real-source observation mask,matched,336.0,[],0.17901547621430489,0.1793826219347306,0.6726190476190477,0.7338530973097059,ok,1.0020509160894346,0.002048815832175705,True,4.0,4.0,False,0.0,primary,p8,calibration,1340,block_b,5040,12600,360,2,1,311,,,
C0082,network_volume_forecast,network_volume_forecast|router__iot_named__udp_count,temporal,linear,311,311,336,311,propagated real-source observation mask,matched,336.0,[],0.17901547621430489,0.4337355541376451,0.6726190476190477,0.7338530973097059,ok,2.4228941726714566,0.8849627647235029,False,4.0,4.0,False,0.0,primary,p8,calibration,1340,row_resample,5040,12600,360,2,1,311,,,
C0085,network_volume_forecast,network_volume_forecast|router__iot_named__dns_port_packets,temporal,linear,320,320,345,345,propagated real-source observation mask,matched,345.0,[],0.052460199661437355,0.052460199661437355,0.33768115942028987,0.8446457606592629,ok,1.0,0.0,True,4.0,4.0,False,0.0,primary,p8,calibration,1340,identity,5040,12600,360,2,1,320,,,
C0085,network_volume_forecast,network_volume_forecast|router__iot_named__dns_port_packets,temporal,linear,320,320,345,320,propagated real-source observation mask,matched,345.0,[],0.052460199661437355,0.05559659729873315,0.33768115942028987,0.8446457606592629,ok,1.059786231419956,0.05806721931441551,True,4.0,4.0,False,0.0,primary,p8,calibration,1340,block_a,5040,12600,360,2,1,320,,,
C0085,network_volume_forecast,network_volume_forecast|router__iot_named__dns_port_packets,temporal,linear,320,320,345,320,propagated real-source observation mask,matched,345.0,[],0.052460199661437355,0.05551770160123192,0.33768115942028987,0.8446457606592629,ok,1.058282316108722,0.05664713726303357,True,4.0,4.0,False,0.0,primary,p8,calibration,1340,block_b,5040,12600,360,2,1,320,,,
C0085,network_volume_forecast,network_volume_forecast|router__iot_named__dns_port_packets,temporal,linear,320,320,345,320,propagated real-source observation mask,matched,345.0,[],0.052460199661437355,0.4802532685154042,0.33768115942028987,0.8446457606592629,ok,9.154621439011231,2.214258827081606,False,4.0,4.0,False,0.0,primary,p8,calibration,1340,row_resample,5040,12600,360,2,1,320,,,
C0086,network_volume_forecast,network_volume_forecast|router__iot_named__dns_port_packets,temporal,linear,311,311,336,336,propagated real-source observation mask,matched,336.0,[],0.07396195470581535,0.07396195470581535,0.33779761904761907,0.7810465481836656,ok,1.0,0.0,True,4.0,4.0,False,0.0,primary,p8,calibration,1340,identity,5040,12600,360,2,1,311,,,
C0086,network_volume_forecast,network_volume_forecast|router__iot_named__dns_port_packets,temporal,linear,311,311,336,311,propagated real-source observation mask,matched,336.0,[],0.07396195470581535,0.0752078316652708,0.33779761904761907,0.7810465481836656,ok,1.01684483548888,0.016704534618918934,True,4.0,4.0,False,0.0,primary,p8,calibration,1340,block_a,5040,12600,360,2,1,311,,,
C0086,network_volume_forecast,network_volume_forecast|router__iot_named__dns_port_packets,temporal,linear,311,311,336,311,propagated real-source observation mask,matched,336.0,[],0.07396195470581535,0.07509184716130109,0.33779761904761907,0.7810465481836656,ok,1.0152766710936711,0.015161157708226004,True,4.0,4.0,False,0.0,primary,p8,calibration,1340,block_b,5040,12600,360,2,1,311,,,
C0086,network_volume_forecast,network_volume_forecast|router__iot_named__dns_port_packets,temporal,linear,311,311,336,311,propagated real-source observation mask,matched,336.0,[],0.07396195470581535,0.4235816015980823,0.33779761904761907,0.7810465481836656,ok,5.727020104902361,1.7451953439525045,False,4.0,4.0,False,0.0,primary,p8,calibration,1340,row_resample,5040,12600,360,2,1,311,,,
C0034,network_volume_forecast,network_volume_forecast|router__general__packet_length_max,temporal,linear,322,322,347,347,propagated real-source observation mask,matched,347.0,[],1.94650476084271,1.94650476084271,2.283912527547042,0.14773235079484998,ok,1.0,0.0,True,382.5,382.5,False,3827.0,primary,p8,calibration,1341,identity,5040,12600,360,8,20,322,,,
C0034,network_volume_forecast,network_volume_forecast|router__general__packet_length_max,temporal,linear,322,322,347,322,propagated real-source observation mask,matched,347.0,[],1.94650476084271,2.0693986505397572,2.283912527547042,0.14773235079484998,ok,1.063135673834079,0.06122272417315914,True,382.5,382.5,False,3827.0,primary,p8,calibration,1341,block_a,5040,12600,360,8,20,322,,,
C0034,network_volume_forecast,network_volume_forecast|router__general__packet_length_max,temporal,linear,322,322,347,322,propagated real-source observation mask,matched,347.0,[],1.94650476084271,2.2848829948444194,2.283912527547042,0.14773235079484998,ok,1.1738388935946982,0.16027948336457723,False,382.5,382.5,False,3827.0,primary,p8,calibration,1341,block_b,5040,12600,360,8,20,322,,,
C0034,network_volume_forecast,network_volume_forecast|router__general__packet_length_max,temporal,linear,322,322,347,322,propagated real-source observation mask,matched,347.0,[],1.94650476084271,2.2108042411437787,2.283912527547042,0.14773235079484998,ok,1.1357815740387114,0.1273210254371139,False,382.5,382.5,False,3827.0,primary,p8,calibration,1341,row_resample,5040,12600,360,8,20,322,,,
C0035,network_volume_forecast,network_volume_forecast|router__general__packet_length_max,temporal,linear,320,320,345,345,propagated real-source observation mask,matched,345.0,[],1.9651590465124595,1.9651590465124595,2.2537474120082814,0.12804822934379545,ok,1.0,0.0,True,385.0,385.0,False,3827.0,primary,p8,calibration,1341,identity,5040,12600,360,8,20,320,,,
C0035,network_volume_forecast,network_volume_forecast|router__general__packet_length_max,temporal,linear,320,320,345,320,propagated real-source observation mask,matched,345.0,[],1.9651590465124595,2.1334595383974815,2.2537474120082814,0.12804822934379545,ok,1.085642173433088,0.08217167682475271,True,385.0,385.0,False,3827.0,primary,p8,calibration,1341,block_a,5040,12600,360,8,20,320,,,
C0035,network_volume_forecast,network_volume_forecast|router__general__packet_length_max,temporal,linear,320,320,345,320,propagated real-source observation mask,matched,345.0,[],1.9651590465124595,2.2890066771170146,2.2537474120082814,0.12804822934379545,ok,1.1647946160791836,0.15254477626483529,False,385.0,385.0,False,3827.0,primary,p8,calibration,1341,block_b,5040,12600,360,8,20,320,,,
C0035,network_volume_forecast,network_volume_forecast|router__general__packet_length_max,temporal,linear,320,320,345,320,propagated real-source observation mask,matched,345.0,[],1.9651590465124595,2.029982958717672,2.2537474120082814,0.12804822934379545,ok,1.0329865983724087,0.03245421655132039,True,385.0,385.0,False,3827.0,primary,p8,calibration,1341,row_resample,5040,12600,360,8,20,320,,,
C0044,network_volume_forecast,network_volume_forecast|router__general__packet_length_mean,temporal,linear,311,311,336,336,propagated real-source observation mask,matched,336.0,[],0.08323986889785938,0.08323986889785938,0.5468556774632063,0.8477845758427552,ok,1.0,0.0,True,98.12699707487286,98.12699707487286,False,517.6462053571429,primary,p8,calibration,1341,identity,5040,12600,360,8,20,311,,,
C0044,network_volume_forecast,network_volume_forecast|router__general__packet_length_mean,temporal,linear,311,311,336,311,propagated real-source observation mask,matched,336.0,[],0.08323986889785938,0.08055580798068403,0.5468556774632063,0.8477845758427552,ok,0.9677551039818567,-0.03277621546765275,True,98.12699707487286,98.12699707487286,False,517.6462053571429,primary,p8,calibration,1341,block_a,5040,12600,360,8,20,311,,,
C0044,network_volume_forecast,network_volume_forecast|router__general__packet_length_mean,temporal,linear,311,311,336,311,propagated real-source observation mask,matched,336.0,[],0.08323986889785938,0.08379321014597547,0.5468556774632063,0.8477845758427552,ok,1.006647550692266,0.006625553159824419,True,98.12699707487286,98.12699707487286,False,517.6462053571429,primary,p8,calibration,1341,block_b,5040,12600,360,8,20,311,,,
C0044,network_volume_forecast,network_volume_forecast|router__general__packet_length_mean,temporal,linear,311,311,336,311,propagated real-source observation mask,matched,336.0,[],0.08323986889785938,0.5749746717118178,0.5468556774632063,0.8477845758427552,ok,6.907443263964632,1.9325995640958,False,98.12699707487286,98.12699707487286,False,517.6462053571429,primary,p8,calibration,1341,row_resample,5040,12600,360,8,20,311,,,
C0065,network_volume_forecast,network_volume_forecast|router__general__packet_length_min,temporal,linear,322,322,347,347,propagated real-source observation mask,matched,347.0,[],0.4786797236708212,0.4786797236708212,0.30835734870317005,-0.5523538702221956,ok,1.0,0.0,True,18.0,18.0,False,44.0,primary,p8,calibration,1341,identity,5040,12600,360,8,20,322,,,
C0065,network_volume_forecast,network_volume_forecast|router__general__packet_length_min,temporal,linear,322,322,347,322,propagated real-source observation mask,matched,347.0,[],0.4786797236708212,0.47993633228596383,0.30835734870317005,-0.5523538702221956,ok,1.002625155303229,0.0026217156015649746,True,18.0,18.0,False,44.0,primary,p8,calibration,1341,block_a,5040,12600,360,8,20,322,,,
C0065,network_volume_forecast,network_volume_forecast|router__general__packet_length_min,temporal,linear,322,322,347,322,propagated real-source observation mask,matched,347.0,[],0.4786797236708212,0.48128912919792044,0.30835734870317005,-0.5523538702221956,ok,1.0054512556059167,0.005436451289116567,True,18.0,18.0,False,44.0,primary,p8,calibration,1341,block_b,5040,12600,360,8,20,322,,,
C0065,network_volume_forecast,network_volume_forecast|router__general__packet_length_min,temporal,linear,322,322,347,322,propagated real-source observation mask,matched,347.0,[],0.4786797236708212,0.46350736189972075,0.30835734870317005,-0.5523538702221956,ok,0.9683037299872468,-0.03220947027329289,True,18.0,18.0,False,44.0,primary,p8,calibration,1341,row_resample,5040,12600,360,8,20,322,,,
C0066,network_volume_forecast,network_volume_forecast|router__general__packet_length_min,temporal,linear,320,320,345,345,propagated real-source observation mask,matched,345.0,[],0.4692310010729162,0.4692310010729162,0.3072463768115942,-0.5272141072656235,ok,1.0,0.0,True,18.0,18.0,False,44.0,primary,p8,calibration,1341,identity,5040,12600,360,8,20,320,,,
C0066,network_volume_forecast,network_volume_forecast|router__general__packet_length_min,temporal,linear,320,320,345,320,propagated real-source observation mask,matched,345.0,[],0.4692310010729162,0.46964495641816256,0.3072463768115942,-0.5272141072656235,ok,1.000882199480213,0.0008818105709651698,True,18.0,18.0,False,44.0,primary,p8,calibration,1341,block_a,5040,12600,360,8,20,320,,,
C0066,network_volume_forecast,network_volume_forecast|router__general__packet_length_min,temporal,linear,320,320,345,320,propagated real-source observation mask,matched,345.0,[],0.4692310010729162,0.4663818667318924,0.3072463768115942,-0.5272141072656235,ok,0.9939280773552703,-0.006090431728883817,True,18.0,18.0,False,44.0,primary,p8,calibration,1341,block_b,5040,12600,360,8,20,320,,,
C0066,network_volume_forecast,network_volume_forecast|router__general__packet_length_min,temporal,linear,320,320,345,320,propagated real-source observation mask,matched,345.0,[],0.4692310010729162,0.46477003021768465,0.3072463768115942,-0.5272141072656235,ok,0.990493017628777,-0.009552462208330744,True,18.0,18.0,False,44.0,primary,p8,calibration,1341,row_resample,5040,12600,360,8,20,320,,,
C0067,network_volume_forecast,network_volume_forecast|router__general__packet_length_min,temporal,linear,311,311,336,336,propagated real-source observation mask,matched,336.0,[],0.4640869279947359,0.4640869279947359,0.30952380952380953,-0.4993577673676082,ok,1.0,0.0,True,18.0,18.0,False,44.0,primary,p8,calibration,1341,identity,5040,12600,360,8,20,311,,,
C0067,network_volume_forecast,network_volume_forecast|router__general__packet_length_min,temporal,linear,311,311,336,311,propagated real-source observation mask,matched,336.0,[],0.4640869279947359,0.4612944853833844,0.30952380952380953,-0.4993577673676082,ok,0.9939829319834168,-0.006035243515827295,True,18.0,18.0,False,44.0,primary,p8,calibration,1341,block_a,5040,12600,360,8,20,311,,,
C0067,network_volume_forecast,network_volume_forecast|router__general__packet_length_min,temporal,linear,311,311,336,311,propagated real-source observation mask,matched,336.0,[],0.4640869279947359,0.46171785802649545,0.30952380952380953,-0.4993577673676082,ok,0.9948952021155242,-0.00511787187757054,True,18.0,18.0,False,44.0,primary,p8,calibration,1341,block_b,5040,12600,360,8,20,311,,,
C0067,network_volume_forecast,network_volume_forecast|router__general__packet_length_min,temporal,linear,311,311,336,311,propagated real-source observation mask,matched,336.0,[],0.4640869279947359,0.45933234814053225,0.30952380952380953,-0.4993577673676082,ok,0.9897549800104313,-0.010297861424386425,True,18.0,18.0,False,44.0,primary,p8,calibration,1341,row_resample,5040,12600,360,8,20,311,,,
C0071,network_burst_prediction,network_burst_prediction|router__iot_named__mqtt_port_packets,temporal,linear,322,322,347,347,propagated real-source observation mask,matched,347.0,[],0.4823058854031742,0.4823058854031742,0.48115235863525474,-0.0023974251548747275,ok,1.0,0.0,True,,,,0.003105590062111801,primary,p8,calibration,1341,identity,5040,12600,360,8,20,322,0.4937483373237563,0.0002242405409659809,0.484149855907781
C0071,network_burst_prediction,network_burst_prediction|router__iot_named__mqtt_port_packets,temporal,linear,322,322,347,322,propagated real-source observation mask,matched,347.0,[],0.4823058854031742,0.48231202152844843,0.48115235863525474,-0.0023974251548747275,ok,1.0000127224764614,1.2722395531429183e-05,True,,,,0.003105590062111801,primary,p8,calibration,1341,block_a,5040,12600,360,8,20,322,0.4937483373237563,0.0002242405409659809,0.484149855907781
C0071,network_burst_prediction,network_burst_prediction|router__iot_named__mqtt_port_packets,temporal,linear,322,322,347,322,propagated real-source observation mask,matched,347.0,[],0.4823058854031742,0.48236226412325717,0.48115235863525474,-0.0023974251548747275,ok,1.000116894115932,0.00011688728434717118,True,,,,0.003105590062111801,primary,p8,calibration,1341,block_b,5040,12600,360,8,20,322,0.4937483373237563,0.0002242405409659809,0.484149855907781
C0071,network_burst_prediction,network_burst_prediction|router__iot_named__mqtt_port_packets,temporal,linear,322,322,347,322,propagated real-source observation mask,matched,,,,,,,single_class,,,,,,,,primary,p8,calibration,1341,row_resample,5040,12600,360,8,20,322,,,
C0081,network_volume_forecast,network_volume_forecast|router__iot_named__udp_count,temporal,linear,320,320,345,345,propagated real-source observation mask,matched,345.0,[],0.22912679847020098,0.22912679847020098,0.6702898550724637,0.6581675871471596,ok,1.0,0.0,True,4.0,4.0,False,0.0,primary,p8,calibration,1341,identity,5040,12600,360,8,20,320,,,
C0081,network_volume_forecast,network_volume_forecast|router__iot_named__udp_count,temporal,linear,320,320,345,320,propagated real-source observation mask,matched,345.0,[],0.22912679847020098,0.2296129464079869,0.6702898550724637,0.6581675871471596,ok,1.0021217419395363,0.002119494223927432,True,4.0,4.0,False,0.0,primary,p8,calibration,1341,block_a,5040,12600,360,8,20,320,,,
C0081,network_volume_forecast,network_volume_forecast|router__iot_named__udp_count,temporal,linear,320,320,345,320,propagated real-source observation mask,matched,345.0,[],0.22912679847020098,0.22961294640798682,0.6702898550724637,0.6581675871471596,ok,1.002121741939536,0.0021194942239272105,True,4.0,4.0,False,0.0,primary,p8,calibration,1341,block_b,5040,12600,360,8,20,320,,,
C0081,network_volume_forecast,network_volume_forecast|router__iot_named__udp_count,temporal,linear,320,320,345,320,propagated real-source observation mask,matched,345.0,[],0.22912679847020098,0.4729980042875863,0.6702898550724637,0.6581675871471596,ok,2.064350427124315,0.7248156137917102,False,4.0,4.0,False,0.0,primary,p8,calibration,1341,row_resample,5040,12600,360,8,20,320,,,
C0082,network_volume_forecast,network_volume_forecast|router__iot_named__udp_count,temporal,linear,311,311,336,336,propagated real-source observation mask,matched,336.0,[],0.17901547621430489,0.17901547621430489,0.6726190476190477,0.7338530973097059,ok,1.0,0.0,True,4.0,4.0,False,0.0,primary,p8,calibration,1341,identity,5040,12600,360,8,20,311,,,
C0082,network_volume_forecast,network_volume_forecast|router__iot_named__udp_count,temporal,linear,311,311,336,311,propagated real-source observation mask,matched,336.0,[],0.17901547621430489,0.17944516883470965,0.6726190476190477,0.7338530973097059,ok,1.00240030990332,0.002397433761006579,True,4.0,4.0,False,0.0,primary,p8,calibration,1341,block_a,5040,12600,360,8,20,311,,,
C0082,network_volume_forecast,network_volume_forecast|router__iot_named__udp_count,temporal,linear,311,311,336,311,propagated real-source observation mask,matched,336.0,[],0.17901547621430489,0.17912668936355952,0.6726190476190477,0.7338530973097059,ok,1.0006212487970676,0.0006210559019201192,True,4.0,4.0,False,0.0,primary,p8,calibration,1341,block_b,5040,12600,360,8,20,311,,,
C0082,network_volume_forecast,network_volume_forecast|router__iot_named__udp_count,temporal,linear,311,311,336,311,propagated real-source observation mask,matched,336.0,[],0.17901547621430489,0.48913208388662593,0.6726190476190477,0.7338530973097059,ok,2.7323452375763924,1.0051603017981212,False,4.0,4.0,False,0.0,primary,p8,calibration,1341,row_resample,5040,12600,360,8,20,311,,,
C0085,network_volume_forecast,network_volume_forecast|router__iot_named__dns_port_packets,temporal,linear,320,320,345,345,propagated real-source observation mask,matched,345.0,[],0.052460199661437355,0.052460199661437355,0.33768115942028987,0.8446457606592629,ok,1.0,0.0,True,4.0,4.0,False,0.0,primary,p8,calibration,1341,identity,5040,12600,360,8,20,320,,,
C0085,network_volume_forecast,network_volume_forecast|router__iot_named__dns_port_packets,temporal,linear,320,320,345,320,propagated real-source observation mask,matched,345.0,[],0.052460199661437355,0.05559659729873315,0.33768115942028987,0.8446457606592629,ok,1.059786231419956,0.05806721931441551,True,4.0,4.0,False,0.0,primary,p8,calibration,1341,block_a,5040,12600,360,8,20,320,,,
C0085,network_volume_forecast,network_volume_forecast|router__iot_named__dns_port_packets,temporal,linear,320,320,345,320,propagated real-source observation mask,matched,345.0,[],0.052460199661437355,0.05559659729873315,0.33768115942028987,0.8446457606592629,ok,1.059786231419956,0.05806721931441551,True,4.0,4.0,False,0.0,primary,p8,calibration,1341,block_b,5040,12600,360,8,20,320,,,
C0085,network_volume_forecast,network_volume_forecast|router__iot_named__dns_port_packets,temporal,linear,320,320,345,320,propagated real-source observation mask,matched,345.0,[],0.052460199661437355,0.45409100575655076,0.33768115942028987,0.8446457606592629,ok,8.6559145540261,2.158242850755277,False,4.0,4.0,False,0.0,primary,p8,calibration,1341,row_resample,5040,12600,360,8,20,320,,,
C0086,network_volume_forecast,network_volume_forecast|router__iot_named__dns_port_packets,temporal,linear,311,311,336,336,propagated real-source observation mask,matched,336.0,[],0.07396195470581535,0.07396195470581535,0.33779761904761907,0.7810465481836656,ok,1.0,0.0,True,4.0,4.0,False,0.0,primary,p8,calibration,1341,identity,5040,12600,360,8,20,311,,,
C0086,network_volume_forecast,network_volume_forecast|router__iot_named__dns_port_packets,temporal,linear,311,311,336,311,propagated real-source observation mask,matched,336.0,[],0.07396195470581535,0.0752078316652708,0.33779761904761907,0.7810465481836656,ok,1.01684483548888,0.016704534618918934,True,4.0,4.0,False,0.0,primary,p8,calibration,1341,block_a,5040,12600,360,8,20,311,,,
C0086,network_volume_forecast,network_volume_forecast|router__iot_named__dns_port_packets,temporal,linear,311,311,336,311,propagated real-source observation mask,matched,336.0,[],0.07396195470581535,0.0752078316652708,0.33779761904761907,0.7810465481836656,ok,1.01684483548888,0.016704534618918934,True,4.0,4.0,False,0.0,primary,p8,calibration,1341,block_b,5040,12600,360,8,20,311,,,
C0086,network_volume_forecast,network_volume_forecast|router__iot_named__dns_port_packets,temporal,linear,311,311,336,311,propagated real-source observation mask,matched,336.0,[],0.07396195470581535,0.47926219891299904,0.33779761904761907,0.7810465481836656,ok,6.479847657072758,1.8686970003768317,False,4.0,4.0,False,0.0,primary,p8,calibration,1341,row_resample,5040,12600,360,8,20,311,,,
C0034,network_volume_forecast,network_volume_forecast|router__general__packet_length_max,temporal,linear,322,322,347,347,propagated real-source observation mask,matched,347.0,[],2.8260228431426158,2.8260228431426158,2.211797845703217,-0.27770394958681793,ok,1.0,0.0,True,488.0,488.0,False,4060.0,primary,p9,qualification,1337,identity,2160,8640,360,2,22,322,,,
C0034,network_volume_forecast,network_volume_forecast|router__general__packet_length_max,temporal,linear,322,322,347,322,propagated real-source observation mask,matched,347.0,[],2.8260228431426158,2.8912054502851126,2.211797845703217,-0.27770394958681793,ok,1.0230651380970481,0.022803158546564166,True,488.0,488.0,False,4060.0,primary,p9,qualification,1337,block_a,2160,8640,360,2,22,322,,,
C0034,network_volume_forecast,network_volume_forecast|router__general__packet_length_max,temporal,linear,322,322,347,322,propagated real-source observation mask,matched,347.0,[],2.8260228431426158,2.8034510232673577,2.211797845703217,-0.27770394958681793,ok,0.9920128671535586,-0.008019200860459888,True,488.0,488.0,False,4060.0,primary,p9,qualification,1337,block_b,2160,8640,360,2,22,322,,,
C0034,network_volume_forecast,network_volume_forecast|router__general__packet_length_max,temporal,linear,322,322,347,322,propagated real-source observation mask,matched,347.0,[],2.8260228431426158,2.8026868025335148,2.211797845703217,-0.27770394958681793,ok,0.9917424444513157,-0.00829183801720607,True,488.0,488.0,False,4060.0,primary,p9,qualification,1337,row_resample,2160,8640,360,2,22,322,,,
C0035,network_volume_forecast,network_volume_forecast|router__general__packet_length_max,temporal,linear,320,320,345,345,propagated real-source observation mask,matched,345.0,[],2.6835421824384778,2.6835421824384778,2.208725350439534,-0.2149732341798203,ok,1.0,0.0,True,488.0,488.0,False,4060.0,primary,p9,qualification,1337,identity,2160,8640,360,2,22,320,,,
C0035,network_volume_forecast,network_volume_forecast|router__general__packet_length_max,temporal,linear,320,320,345,320,propagated real-source observation mask,matched,345.0,[],2.6835421824384778,2.687239282143798,2.208725350439534,-0.2149732341798203,ok,1.0013776939037944,0.001376745754288067,True,488.0,488.0,False,4060.0,primary,p9,qualification,1337,block_a,2160,8640,360,2,22,320,,,
C0035,network_volume_forecast,network_volume_forecast|router__general__packet_length_max,temporal,linear,320,320,345,320,propagated real-source observation mask,matched,345.0,[],2.6835421824384778,2.6108160117996464,2.208725350439534,-0.2149732341798203,ok,0.9728991885744287,-0.02747481102882546,True,488.0,488.0,False,4060.0,primary,p9,qualification,1337,block_b,2160,8640,360,2,22,320,,,
C0035,network_volume_forecast,network_volume_forecast|router__general__packet_length_max,temporal,linear,320,320,345,320,propagated real-source observation mask,matched,345.0,[],2.6835421824384778,2.6978948018136255,2.208725350439534,-0.2149732341798203,ok,1.0053483859762196,0.005334134153525681,True,488.0,488.0,False,4060.0,primary,p9,qualification,1337,row_resample,2160,8640,360,2,22,320,,,
C0044,network_volume_forecast,network_volume_forecast|router__general__packet_length_mean,temporal,linear,311,311,336,336,propagated real-source observation mask,matched,336.0,[],0.08120188693321202,0.08120188693321202,0.49329621607659,0.8353891956053349,ok,1.0,0.0,True,107.04860541670348,107.04860541670348,False,512.847389558233,primary,p9,qualification,1337,identity,2160,8640,360,2,22,311,,,
C0044,network_volume_forecast,network_volume_forecast|router__general__packet_length_mean,temporal,linear,311,311,336,311,propagated real-source observation mask,matched,336.0,[],0.08120188693321202,0.08074422111233695,0.49329621607659,0.8353891956053349,ok,0.9943638523911211,-0.005652090621817142,True,107.04860541670348,107.04860541670348,False,512.847389558233,primary,p9,qualification,1337,block_a,2160,8640,360,2,22,311,,,
C0044,network_volume_forecast,network_volume_forecast|router__general__packet_length_mean,temporal,linear,311,311,336,311,propagated real-source observation mask,matched,336.0,[],0.08120188693321202,0.08238121336609293,0.49329621607659,0.8353891956053349,ok,1.0145233870470387,0.01441893279972509,True,107.04860541670348,107.04860541670348,False,512.847389558233,primary,p9,qualification,1337,block_b,2160,8640,360,2,22,311,,,
C0044,network_volume_forecast,network_volume_forecast|router__general__packet_length_mean,temporal,linear,311,311,336,311,propagated real-source observation mask,matched,336.0,[],0.08120188693321202,0.47220554906822193,0.49329621607659,0.8353891956053349,ok,5.81520413998024,1.760475891112,False,107.04860541670348,107.04860541670348,False,512.847389558233,primary,p9,qualification,1337,row_resample,2160,8640,360,2,22,311,,,
C0065,network_volume_forecast,network_volume_forecast|router__general__packet_length_min,temporal,linear,322,322,347,347,propagated real-source observation mask,matched,347.0,[],0.44574183405037815,0.44574183405037815,0.2968299711815562,-0.5016739457813711,ok,1.0,0.0,True,18.0,18.0,False,44.0,primary,p9,qualification,1337,identity,2160,8640,360,2,22,322,,,
C0065,network_volume_forecast,network_volume_forecast|router__general__packet_length_min,temporal,linear,322,322,347,322,propagated real-source observation mask,matched,347.0,[],0.44574183405037815,0.44574183405037815,0.2968299711815562,-0.5016739457813711,ok,1.0,0.0,True,18.0,18.0,False,44.0,primary,p9,qualification,1337,block_a,2160,8640,360,2,22,322,,,
C0065,network_volume_forecast,network_volume_forecast|router__general__packet_length_min,temporal,linear,322,322,347,322,propagated real-source observation mask,matched,347.0,[],0.44574183405037815,0.44758888759652543,0.2968299711815562,-0.5016739457813711,ok,1.0041437742770596,0.0041352124883604225,True,18.0,18.0,False,44.0,primary,p9,qualification,1337,block_b,2160,8640,360,2,22,322,,,
C0065,network_volume_forecast,network_volume_forecast|router__general__packet_length_min,temporal,linear,322,322,347,322,propagated real-source observation mask,matched,347.0,[],0.44574183405037815,0.4453713893441635,0.2968299711815562,-0.5016739457813711,ok,0.9991689254229326,-0.000831420111000003,True,18.0,18.0,False,44.0,primary,p9,qualification,1337,row_resample,2160,8640,360,2,22,322,,,
C0066,network_volume_forecast,network_volume_forecast|router__general__packet_length_min,temporal,linear,320,320,345,345,propagated real-source observation mask,matched,345.0,[],0.45484200753984383,0.45484200753984383,0.2956521739130435,-0.5384362019730011,ok,1.0,0.0,True,18.0,18.0,False,44.0,primary,p9,qualification,1337,identity,2160,8640,360,2,22,320,,,
C0066,network_volume_forecast,network_volume_forecast|router__general__packet_length_min,temporal,linear,320,320,345,320,propagated real-source observation mask,matched,345.0,[],0.45484200753984383,0.44879270639557883,0.2956521739130435,-0.5384362019730011,ok,0.9867002144833004,-0.013389019744660087,True,18.0,18.0,False,44.0,primary,p9,qualification,1337,block_a,2160,8640,360,2,22,320,,,
C0066,network_volume_forecast,network_volume_forecast|router__general__packet_length_min,temporal,linear,320,320,345,320,propagated real-source observation mask,matched,345.0,[],0.45484200753984383,0.45102437577266435,0.2956521739130435,-0.5384362019730011,ok,0.9916066860494519,-0.008428736155802067,True,18.0,18.0,False,44.0,primary,p9,qualification,1337,block_b,2160,8640,360,2,22,320,,,
C0066,network_volume_forecast,network_volume_forecast|router__general__packet_length_min,temporal,linear,320,320,345,320,propagated real-source observation mask,matched,345.0,[],0.45484200753984383,0.44395657498839847,0.2956521739130435,-0.5384362019730011,ok,0.9760676622409556,-0.024223368905432342,True,18.0,18.0,False,44.0,primary,p9,qualification,1337,row_resample,2160,8640,360,2,22,320,,,
C0067,network_volume_forecast,network_volume_forecast|router__general__packet_length_min,temporal,linear,311,311,336,336,propagated real-source observation mask,matched,336.0,[],0.42511008999043504,0.42511008999043504,0.29464285714285715,-0.4427978811796583,ok,1.0,0.0,True,18.0,18.0,False,44.0,primary,p9,qualification,1337,identity,2160,8640,360,2,22,311,,,
C0067,network_volume_forecast,network_volume_forecast|router__general__packet_length_min,temporal,linear,311,311,336,311,propagated real-source observation mask,matched,336.0,[],0.42511008999043504,0.41591487434559404,0.29464285714285715,-0.4427978811796583,ok,0.9783698014670791,-0.021867560307225063,True,18.0,18.0,False,44.0,primary,p9,qualification,1337,block_a,2160,8640,360,2,22,311,,,
C0067,network_volume_forecast,network_volume_forecast|router__general__packet_length_min,temporal,linear,311,311,336,311,propagated real-source observation mask,matched,336.0,[],0.42511008999043504,0.4153647679114592,0.29464285714285715,-0.4427978811796583,ok,0.9770757685869204,-0.02319107765679694,True,18.0,18.0,False,44.0,primary,p9,qualification,1337,block_b,2160,8640,360,2,22,311,,,
C0067,network_volume_forecast,network_volume_forecast|router__general__packet_length_min,temporal,linear,311,311,336,311,propagated real-source observation mask,matched,336.0,[],0.42511008999043504,0.4395737552425991,0.29464285714285715,-0.4427978811796583,ok,1.0340233402893106,0.03345734864512192,True,18.0,18.0,False,44.0,primary,p9,qualification,1337,row_resample,2160,8640,360,2,22,311,,,
C0071,network_burst_prediction,network_burst_prediction|router__iot_named__mqtt_port_packets,temporal,linear,322,322,347,347,propagated real-source observation mask,matched,,,,,,,single_class,,,,,,,,primary,p9,qualification,1337,identity,2160,8640,360,2,22,322,,,
C0071,network_burst_prediction,network_burst_prediction|router__iot_named__mqtt_port_packets,temporal,linear,322,322,347,322,propagated real-source observation mask,matched,,,,,,,single_class,,,,,,,,primary,p9,qualification,1337,block_a,2160,8640,360,2,22,322,,,
C0071,network_burst_prediction,network_burst_prediction|router__iot_named__mqtt_port_packets,temporal,linear,322,322,347,322,propagated real-source observation mask,matched,,,,,,,single_class,,,,,,,,primary,p9,qualification,1337,block_b,2160,8640,360,2,22,322,,,
C0071,network_burst_prediction,network_burst_prediction|router__iot_named__mqtt_port_packets,temporal,linear,322,322,347,322,propagated real-source observation mask,matched,,,,,,,single_class,,,,,,,,primary,p9,qualification,1337,row_resample,2160,8640,360,2,22,322,,,
C0081,network_volume_forecast,network_volume_forecast|router__iot_named__udp_count,temporal,linear,320,320,345,345,propagated real-source observation mask,matched,345.0,[],0.2321436847329325,0.2321436847329325,0.4469565217391304,0.48061237851581246,ok,1.0,0.0,True,5.0,5.0,False,0.0,primary,p9,qualification,1337,identity,2160,8640,360,2,22,320,,,
C0081,network_volume_forecast,network_volume_forecast|router__iot_named__udp_count,temporal,linear,320,320,345,320,propagated real-source observation mask,matched,345.0,[],0.2321436847329325,0.23169885460597778,0.4469565217391304,0.48061237851581246,ok,0.9980838155150915,-0.0019180227150326459,True,5.0,5.0,False,0.0,primary,p9,qualification,1337,block_a,2160,8640,360,2,22,320,,,
C0081,network_volume_forecast,network_volume_forecast|router__iot_named__udp_count,temporal,linear,320,320,345,320,propagated real-source observation mask,matched,345.0,[],0.2321436847329325,0.23192752618335516,0.4469565217391304,0.48061237851581246,ok,0.9990688587982652,-0.000931574982998858,True,5.0,5.0,False,0.0,primary,p9,qualification,1337,block_b,2160,8640,360,2,22,320,,,
C0081,network_volume_forecast,network_volume_forecast|router__iot_named__udp_count,temporal,linear,320,320,345,320,propagated real-source observation mask,matched,345.0,[],0.2321436847329325,0.3560172088916656,0.4469565217391304,0.48061237851581246,ok,1.5336071248340966,0.4276225585614692,False,5.0,5.0,False,0.0,primary,p9,qualification,1337,row_resample,2160,8640,360,2,22,320,,,
C0082,network_volume_forecast,network_volume_forecast|router__iot_named__udp_count,temporal,linear,311,311,336,336,propagated real-source observation mask,matched,336.0,[],0.22785027075529035,0.22785027075529035,0.45178571428571435,0.495667384889476,ok,1.0,0.0,True,5.0,5.0,False,0.0,primary,p9,qualification,1337,identity,2160,8640,360,2,22,311,,,
C0082,network_volume_forecast,network_volume_forecast|router__iot_named__udp_count,temporal,linear,311,311,336,311,propagated real-source observation mask,matched,336.0,[],0.22785027075529035,0.22775169463858796,0.45178571428571435,0.495667384889476,ok,0.9995673644960982,-0.00043272911764283425,True,5.0,5.0,False,0.0,primary,p9,qualification,1337,block_a,2160,8640,360,2,22,311,,,
C0082,network_volume_forecast,network_volume_forecast|router__iot_named__udp_count,temporal,linear,311,311,336,311,propagated real-source observation mask,matched,336.0,[],0.22785027075529035,0.22813914674985147,0.45178571428571435,0.495667384889476,ok,1.0012678325709403,0.0012670295498855217,True,5.0,5.0,False,0.0,primary,p9,qualification,1337,block_b,2160,8640,360,2,22,311,,,
C0082,network_volume_forecast,network_volume_forecast|router__iot_named__udp_count,temporal,linear,311,311,336,311,propagated real-source observation mask,matched,336.0,[],0.22785027075529035,0.389579523924654,0.45178571428571435,0.495667384889476,ok,1.7098049637301498,0.5363793077114962,False,5.0,5.0,False,0.0,primary,p9,qualification,1337,row_resample,2160,8640,360,2,22,311,,,
C0085,network_volume_forecast,network_volume_forecast|router__iot_named__dns_port_packets,temporal,linear,320,320,345,345,propagated real-source observation mask,matched,345.0,[],0.2140323681364009,0.2140323681364009,0.3536231884057971,0.39474453272903026,ok,1.0,0.0,True,4.0,4.0,False,0.0,primary,p9,qualification,1337,identity,2160,8640,360,2,22,320,,,
C0085,network_volume_forecast,network_volume_forecast|router__iot_named__dns_port_packets,temporal,linear,320,320,345,320,propagated real-source observation mask,matched,345.0,[],0.2140323681364009,0.21403236813640095,0.3536231884057971,0.39474453272903026,ok,1.0000000000000002,2.2204460492503128e-16,True,4.0,4.0,False,0.0,primary,p9,qualification,1337,block_a,2160,8640,360,2,22,320,,,
C0085,network_volume_forecast,network_volume_forecast|router__iot_named__dns_port_packets,temporal,linear,320,320,345,320,propagated real-source observation mask,matched,345.0,[],0.2140323681364009,0.21403236813640084,0.3536231884057971,0.39474453272903026,ok,0.9999999999999998,-2.2204460492503136e-16,True,4.0,4.0,False,0.0,primary,p9,qualification,1337,block_b,2160,8640,360,2,22,320,,,
C0085,network_volume_forecast,network_volume_forecast|router__iot_named__dns_port_packets,temporal,linear,320,320,345,320,propagated real-source observation mask,matched,345.0,[],0.2140323681364009,0.44687567559190094,0.3536231884057971,0.39474453272903026,ok,2.0878882922377007,0.7361531687030637,False,4.0,4.0,False,0.0,primary,p9,qualification,1337,row_resample,2160,8640,360,2,22,320,,,
C0086,network_volume_forecast,network_volume_forecast|router__iot_named__dns_port_packets,temporal,linear,311,311,336,336,propagated real-source observation mask,matched,336.0,[],0.2175584949776774,0.2175584949776774,0.3541666666666667,0.38571719065126386,ok,1.0,0.0,True,4.0,4.0,False,0.0,primary,p9,qualification,1337,identity,2160,8640,360,2,22,311,,,
C0086,network_volume_forecast,network_volume_forecast|router__iot_named__dns_port_packets,temporal,linear,311,311,336,311,propagated real-source observation mask,matched,336.0,[],0.2175584949776774,0.2176557754500692,0.3541666666666667,0.38571719065126386,ok,1.0004471462831261,0.0004470463430176751,True,4.0,4.0,False,0.0,primary,p9,qualification,1337,block_a,2160,8640,360,2,22,311,,,
C0086,network_volume_forecast,network_volume_forecast|router__iot_named__dns_port_packets,temporal,linear,311,311,336,311,propagated real-source observation mask,matched,336.0,[],0.2175584949776774,0.2176557754500692,0.3541666666666667,0.38571719065126386,ok,1.0004471462831261,0.0004470463430176751,True,4.0,4.0,False,0.0,primary,p9,qualification,1337,block_b,2160,8640,360,2,22,311,,,
C0086,network_volume_forecast,network_volume_forecast|router__iot_named__dns_port_packets,temporal,linear,311,311,336,311,propagated real-source observation mask,matched,336.0,[],0.2175584949776774,0.48107699007094784,0.3541666666666667,0.38571719065126386,ok,2.2112535303220806,0.7935595630183758,False,4.0,4.0,False,0.0,primary,p9,qualification,1337,row_resample,2160,8640,360,2,22,311,,,
C0034,network_volume_forecast,network_volume_forecast|router__general__packet_length_max,temporal,linear,322,322,347,347,propagated real-source observation mask,matched,347.0,[],2.8260228431426158,2.8260228431426158,2.211797845703217,-0.27770394958681793,ok,1.0,0.0,True,488.0,488.0,False,4060.0,primary,p9,qualification,1338,identity,2160,8640,360,14,7,322,,,
C0034,network_volume_forecast,network_volume_forecast|router__general__packet_length_max,temporal,linear,322,322,347,322,propagated real-source observation mask,matched,347.0,[],2.8260228431426158,2.860605505416204,2.211797845703217,-0.27770394958681793,ok,1.0122372196521707,0.012162950167218892,True,488.0,488.0,False,4060.0,primary,p9,qualification,1338,block_a,2160,8640,360,14,7,322,,,
C0034,network_volume_forecast,network_volume_forecast|router__general__packet_length_max,temporal,linear,322,322,347,322,propagated real-source observation mask,matched,347.0,[],2.8260228431426158,2.8819885853297587,2.211797845703217,-0.27770394958681793,ok,1.0198037118924728,0.019610169456252553,True,488.0,488.0,False,4060.0,primary,p9,qualification,1338,block_b,2160,8640,360,14,7,322,,,
C0034,network_volume_forecast,network_volume_forecast|router__general__packet_length_max,temporal,linear,322,322,347,322,propagated real-source observation mask,matched,347.0,[],2.8260228431426158,2.7962780890845833,2.211797845703217,-0.27770394958681793,ok,0.9894746943995133,-0.010581088395379759,True,488.0,488.0,False,4060.0,primary,p9,qualification,1338,row_resample,2160,8640,360,14,7,322,,,
C0035,network_volume_forecast,network_volume_forecast|router__general__packet_length_max,temporal,linear,320,320,345,345,propagated real-source observation mask,matched,345.0,[],2.6835421824384778,2.6835421824384778,2.208725350439534,-0.2149732341798203,ok,1.0,0.0,True,488.0,488.0,False,4060.0,primary,p9,qualification,1338,identity,2160,8640,360,14,7,320,,,
C0035,network_volume_forecast,network_volume_forecast|router__general__packet_length_max,temporal,linear,320,320,345,320,propagated real-source observation mask,matched,345.0,[],2.6835421824384778,2.660542507932706,2.208725350439534,-0.2149732341798203,ok,0.9914293598005334,-0.008607579349058465,True,488.0,488.0,False,4060.0,primary,p9,qualification,1338,block_a,2160,8640,360,14,7,320,,,
C0035,network_volume_forecast,network_volume_forecast|router__general__packet_length_max,temporal,linear,320,320,345,320,propagated real-source observation mask,matched,345.0,[],2.6835421824384778,2.6734722639310866,2.208725350439534,-0.2149732341798203,ok,0.9962475274011751,-0.0037595307867645277,True,488.0,488.0,False,4060.0,primary,p9,qualification,1338,block_b,2160,8640,360,14,7,320,,,
C0035,network_volume_forecast,network_volume_forecast|router__general__packet_length_max,temporal,linear,320,320,345,320,propagated real-source observation mask,matched,345.0,[],2.6835421824384778,2.8820727967258093,2.208725350439534,-0.2149732341798203,ok,1.073980806259185,0.07137212465992679,True,488.0,488.0,False,4060.0,primary,p9,qualification,1338,row_resample,2160,8640,360,14,7,320,,,
C0044,network_volume_forecast,network_volume_forecast|router__general__packet_length_mean,temporal,linear,311,311,336,336,propagated real-source observation mask,matched,336.0,[],0.08120188693321202,0.08120188693321202,0.49329621607659,0.8353891956053349,ok,1.0,0.0,True,107.04860541670348,107.04860541670348,False,512.847389558233,primary,p9,qualification,1338,identity,2160,8640,360,14,7,311,,,
C0044,network_volume_forecast,network_volume_forecast|router__general__packet_length_mean,temporal,linear,311,311,336,311,propagated real-source observation mask,matched,336.0,[],0.08120188693321202,0.08146847892385105,0.49329621607659,0.8353891956053349,ok,1.0032830763016418,0.00327769877331666,True,107.04860541670348,107.04860541670348,False,512.847389558233,primary,p9,qualification,1338,block_a,2160,8640,360,14,7,311,,,
C0044,network_volume_forecast,network_volume_forecast|router__general__packet_length_mean,temporal,linear,311,311,336,311,propagated real-source observation mask,matched,336.0,[],0.08120188693321202,0.08128854394100395,0.49329621607659,0.8353891956053349,ok,1.0010671797302346,0.0010666106987495742,True,107.04860541670348,107.04860541670348,False,512.847389558233,primary,p9,qualification,1338,block_b,2160,8640,360,14,7,311,,,
C0044,network_volume_forecast,network_volume_forecast|router__general__packet_length_mean,temporal,linear,311,311,336,311,propagated real-source observation mask,matched,336.0,[],0.08120188693321202,0.5268973283927801,0.49329621607659,0.8353891956053349,ok,6.488732568815173,1.870067221785464,False,107.04860541670348,107.04860541670348,False,512.847389558233,primary,p9,qualification,1338,row_resample,2160,8640,360,14,7,311,,,
C0065,network_volume_forecast,network_volume_forecast|router__general__packet_length_min,temporal,linear,322,322,347,347,propagated real-source observation mask,matched,347.0,[],0.44574183405037815,0.44574183405037815,0.2968299711815562,-0.5016739457813711,ok,1.0,0.0,True,18.0,18.0,False,44.0,primary,p9,qualification,1338,identity,2160,8640,360,14,7,322,,,
C0065,network_volume_forecast,network_volume_forecast|router__general__packet_length_min,temporal,linear,322,322,347,322,propagated real-source observation mask,matched,347.0,[],0.44574183405037815,0.446180501480875,0.2968299711815562,-0.5016739457813711,ok,1.0009841289216916,0.0009836449843028808,True,18.0,18.0,False,44.0,primary,p9,qualification,1338,block_a,2160,8640,360,14,7,322,,,
C0065,network_volume_forecast,network_volume_forecast|router__general__packet_length_min,temporal,linear,322,322,347,322,propagated real-source observation mask,matched,347.0,[],0.44574183405037815,0.4456341347621416,0.2968299711815562,-0.5016739457813711,ok,0.9997583819152492,-0.00024164727910288395,True,18.0,18.0,False,44.0,primary,p9,qualification,1338,block_b,2160,8640,360,14,7,322,,,
C0065,network_volume_forecast,network_volume_forecast|router__general__packet_length_min,temporal,linear,322,322,347,322,propagated real-source observation mask,matched,347.0,[],0.44574183405037815,0.45922823512835076,0.2968299711815562,-0.5016739457813711,ok,1.0302560810939014,0.029807393761375506,True,18.0,18.0,False,44.0,primary,p9,qualification,1338,row_resample,2160,8640,360,14,7,322,,,
C0066,network_volume_forecast,network_volume_forecast|router__general__packet_length_min,temporal,linear,320,320,345,345,propagated real-source observation mask,matched,345.0,[],0.45484200753984383,0.45484200753984383,0.2956521739130435,-0.5384362019730011,ok,1.0,0.0,True,18.0,18.0,False,44.0,primary,p9,qualification,1338,identity,2160,8640,360,14,7,320,,,
C0066,network_volume_forecast,network_volume_forecast|router__general__packet_length_min,temporal,linear,320,320,345,320,propagated real-source observation mask,matched,345.0,[],0.45484200753984383,0.44994218174931383,0.2956521739130435,-0.5384362019730011,ok,0.9892274114762789,-0.01083103296640684,True,18.0,18.0,False,44.0,primary,p9,qualification,1338,block_a,2160,8640,360,14,7,320,,,
C0066,network_volume_forecast,network_volume_forecast|router__general__packet_length_min,temporal,linear,320,320,345,320,propagated real-source observation mask,matched,345.0,[],0.45484200753984383,0.44994218174931383,0.2956521739130435,-0.5384362019730011,ok,0.9892274114762789,-0.01083103296640684,True,18.0,18.0,False,44.0,primary,p9,qualification,1338,block_b,2160,8640,360,14,7,320,,,
C0066,network_volume_forecast,network_volume_forecast|router__general__packet_length_min,temporal,linear,320,320,345,320,propagated real-source observation mask,matched,345.0,[],0.45484200753984383,0.4585471960880332,0.2956521739130435,-0.5384362019730011,ok,1.0081461001551506,0.008113099776408322,True,18.0,18.0,False,44.0,primary,p9,qualification,1338,row_resample,2160,8640,360,14,7,320,,,
C0067,network_volume_forecast,network_volume_forecast|router__general__packet_length_min,temporal,linear,311,311,336,336,propagated real-source observation mask,matched,336.0,[],0.42511008999043504,0.42511008999043504,0.29464285714285715,-0.4427978811796583,ok,1.0,0.0,True,18.0,18.0,False,44.0,primary,p9,qualification,1338,identity,2160,8640,360,14,7,311,,,
C0067,network_volume_forecast,network_volume_forecast|router__general__packet_length_min,temporal,linear,311,311,336,311,propagated real-source observation mask,matched,336.0,[],0.42511008999043504,0.41379086056285147,0.29464285714285715,-0.4427978811796583,ok,0.973373416218283,-0.026987492189654155,True,18.0,18.0,False,44.0,primary,p9,qualification,1338,block_a,2160,8640,360,14,7,311,,,
C0067,network_volume_forecast,network_volume_forecast|router__general__packet_length_min,temporal,linear,311,311,336,311,propagated real-source observation mask,matched,336.0,[],0.42511008999043504,0.4157626134366022,0.29464285714285715,-0.4427978811796583,ok,0.9780116332829382,-0.022233714045734928,True,18.0,18.0,False,44.0,primary,p9,qualification,1338,block_b,2160,8640,360,14,7,311,,,
C0067,network_volume_forecast,network_volume_forecast|router__general__packet_length_min,temporal,linear,311,311,336,311,propagated real-source observation mask,matched,336.0,[],0.42511008999043504,0.47110266604898254,0.29464285714285715,-0.4427978811796583,ok,1.1081898010456124,0.10272787423750523,False,18.0,18.0,False,44.0,primary,p9,qualification,1338,row_resample,2160,8640,360,14,7,311,,,
C0071,network_burst_prediction,network_burst_prediction|router__iot_named__mqtt_port_packets,temporal,linear,322,322,347,347,propagated real-source observation mask,matched,,,,,,,single_class,,,,,,,,primary,p9,qualification,1338,identity,2160,8640,360,14,7,322,,,
C0071,network_burst_prediction,network_burst_prediction|router__iot_named__mqtt_port_packets,temporal,linear,322,322,347,322,propagated real-source observation mask,matched,,,,,,,single_class,,,,,,,,primary,p9,qualification,1338,block_a,2160,8640,360,14,7,322,,,
C0071,network_burst_prediction,network_burst_prediction|router__iot_named__mqtt_port_packets,temporal,linear,322,322,347,322,propagated real-source observation mask,matched,,,,,,,single_class,,,,,,,,primary,p9,qualification,1338,block_b,2160,8640,360,14,7,322,,,
C0071,network_burst_prediction,network_burst_prediction|router__iot_named__mqtt_port_packets,temporal,linear,322,322,347,322,propagated real-source observation mask,matched,,,,,,,single_class,,,,,,,,primary,p9,qualification,1338,row_resample,2160,8640,360,14,7,322,,,
C0081,network_volume_forecast,network_volume_forecast|router__iot_named__udp_count,temporal,linear,320,320,345,345,propagated real-source observation mask,matched,345.0,[],0.2321436847329325,0.2321436847329325,0.4469565217391304,0.48061237851581246,ok,1.0,0.0,True,5.0,5.0,False,0.0,primary,p9,qualification,1338,identity,2160,8640,360,14,7,320,,,
C0081,network_volume_forecast,network_volume_forecast|router__iot_named__udp_count,temporal,linear,320,320,345,320,propagated real-source observation mask,matched,345.0,[],0.2321436847329325,0.23169885460597778,0.4469565217391304,0.48061237851581246,ok,0.9980838155150915,-0.0019180227150326459,True,5.0,5.0,False,0.0,primary,p9,qualification,1338,block_a,2160,8640,360,14,7,320,,,
C0081,network_volume_forecast,network_volume_forecast|router__iot_named__udp_count,temporal,linear,320,320,345,320,propagated real-source observation mask,matched,345.0,[],0.2321436847329325,0.23169885460597778,0.4469565217391304,0.48061237851581246,ok,0.9980838155150915,-0.0019180227150326459,True,5.0,5.0,False,0.0,primary,p9,qualification,1338,block_b,2160,8640,360,14,7,320,,,
C0081,network_volume_forecast,network_volume_forecast|router__iot_named__udp_count,temporal,linear,320,320,345,320,propagated real-source observation mask,matched,345.0,[],0.2321436847329325,0.39020793357856126,0.4469565217391304,0.48061237851581246,ok,1.6808897214993044,0.5193232493591677,False,5.0,5.0,False,0.0,primary,p9,qualification,1338,row_resample,2160,8640,360,14,7,320,,,
C0082,network_volume_forecast,network_volume_forecast|router__iot_named__udp_count,temporal,linear,311,311,336,336,propagated real-source observation mask,matched,336.0,[],0.22785027075529035,0.22785027075529035,0.45178571428571435,0.495667384889476,ok,1.0,0.0,True,5.0,5.0,False,0.0,primary,p9,qualification,1338,identity,2160,8640,360,14,7,311,,,
C0082,network_volume_forecast,network_volume_forecast|router__iot_named__udp_count,temporal,linear,311,311,336,311,propagated real-source observation mask,matched,336.0,[],0.22785027075529035,0.22775169463858796,0.45178571428571435,0.495667384889476,ok,0.9995673644960982,-0.00043272911764283425,True,5.0,5.0,False,0.0,primary,p9,qualification,1338,block_a,2160,8640,360,14,7,311,,,
C0082,network_volume_forecast,network_volume_forecast|router__iot_named__udp_count,temporal,linear,311,311,336,311,propagated real-source observation mask,matched,336.0,[],0.22785027075529035,0.22775169463858808,0.45178571428571435,0.495667384889476,ok,0.9995673644960986,-0.00043272911764238994,True,5.0,5.0,False,0.0,primary,p9,qualification,1338,block_b,2160,8640,360,14,7,311,,,
C0082,network_volume_forecast,network_volume_forecast|router__iot_named__udp_count,temporal,linear,311,311,336,311,propagated real-source observation mask,matched,336.0,[],0.22785027075529035,0.3539265646593176,0.45178571428571435,0.495667384889476,ok,1.5533295768580953,0.4404007411348223,False,5.0,5.0,False,0.0,primary,p9,qualification,1338,row_resample,2160,8640,360,14,7,311,,,
C0085,network_volume_forecast,network_volume_forecast|router__iot_named__dns_port_packets,temporal,linear,320,320,345,345,propagated real-source observation mask,matched,345.0,[],0.2140323681364009,0.2140323681364009,0.3536231884057971,0.39474453272903026,ok,1.0,0.0,True,4.0,4.0,False,0.0,primary,p9,qualification,1338,identity,2160,8640,360,14,7,320,,,
C0085,network_volume_forecast,network_volume_forecast|router__iot_named__dns_port_packets,temporal,linear,320,320,345,320,propagated real-source observation mask,matched,345.0,[],0.2140323681364009,0.21403236813640095,0.3536231884057971,0.39474453272903026,ok,1.0000000000000002,2.2204460492503128e-16,True,4.0,4.0,False,0.0,primary,p9,qualification,1338,block_a,2160,8640,360,14,7,320,,,
C0085,network_volume_forecast,network_volume_forecast|router__iot_named__dns_port_packets,temporal,linear,320,320,345,320,propagated real-source observation mask,matched,345.0,[],0.2140323681364009,0.21403236813640095,0.3536231884057971,0.39474453272903026,ok,1.0000000000000002,2.2204460492503128e-16,True,4.0,4.0,False,0.0,primary,p9,qualification,1338,block_b,2160,8640,360,14,7,320,,,
C0085,network_volume_forecast,network_volume_forecast|router__iot_named__dns_port_packets,temporal,linear,320,320,345,320,propagated real-source observation mask,matched,345.0,[],0.2140323681364009,0.4877880100328417,0.3536231884057971,0.39474453272903026,ok,2.2790385130999384,0.8237536492431538,False,4.0,4.0,False,0.0,primary,p9,qualification,1338,row_resample,2160,8640,360,14,7,320,,,
C0086,network_volume_forecast,network_volume_forecast|router__iot_named__dns_port_packets,temporal,linear,311,311,336,336,propagated real-source observation mask,matched,336.0,[],0.2175584949776774,0.2175584949776774,0.3541666666666667,0.38571719065126386,ok,1.0,0.0,True,4.0,4.0,False,0.0,primary,p9,qualification,1338,identity,2160,8640,360,14,7,311,,,
C0086,network_volume_forecast,network_volume_forecast|router__iot_named__dns_port_packets,temporal,linear,311,311,336,311,propagated real-source observation mask,matched,336.0,[],0.2175584949776774,0.2176557754500692,0.3541666666666667,0.38571719065126386,ok,1.0004471462831261,0.0004470463430176751,True,4.0,4.0,False,0.0,primary,p9,qualification,1338,block_a,2160,8640,360,14,7,311,,,
C0086,network_volume_forecast,network_volume_forecast|router__iot_named__dns_port_packets,temporal,linear,311,311,336,311,propagated real-source observation mask,matched,336.0,[],0.2175584949776774,0.2176557754500692,0.3541666666666667,0.38571719065126386,ok,1.0004471462831261,0.0004470463430176751,True,4.0,4.0,False,0.0,primary,p9,qualification,1338,block_b,2160,8640,360,14,7,311,,,
C0086,network_volume_forecast,network_volume_forecast|router__iot_named__dns_port_packets,temporal,linear,311,311,336,311,propagated real-source observation mask,matched,336.0,[],0.2175584949776774,0.43882913717710975,0.3541666666666667,0.38571719065126386,ok,2.0170627546496673,0.7016423713535567,False,4.0,4.0,False,0.0,primary,p9,qualification,1338,row_resample,2160,8640,360,14,7,311,,,
C0034,network_volume_forecast,network_volume_forecast|router__general__packet_length_max,temporal,linear,322,322,347,347,propagated real-source observation mask,matched,347.0,[],2.8260228431426158,2.8260228431426158,2.211797845703217,-0.27770394958681793,ok,1.0,0.0,True,488.0,488.0,False,4060.0,primary,p9,qualification,1339,identity,2160,8640,360,3,24,322,,,
C0034,network_volume_forecast,network_volume_forecast|router__general__packet_length_max,temporal,linear,322,322,347,322,propagated real-source observation mask,matched,347.0,[],2.8260228431426158,2.8872854177297778,2.211797845703217,-0.27770394958681793,ok,1.0216780181858107,0.02144639144379982,True,488.0,488.0,False,4060.0,primary,p9,qualification,1339,block_a,2160,8640,360,3,24,322,,,
C0034,network_volume_forecast,network_volume_forecast|router__general__packet_length_max,temporal,linear,322,322,347,322,propagated real-source observation mask,matched,347.0,[],2.8260228431426158,2.7906956226598925,2.211797845703217,-0.27770394958681793,ok,0.9874993153121726,-0.012579475561862404,True,488.0,488.0,False,4060.0,primary,p9,qualification,1339,block_b,2160,8640,360,3,24,322,,,
C0034,network_volume_forecast,network_volume_forecast|router__general__packet_length_max,temporal,linear,322,322,347,322,propagated real-source observation mask,matched,347.0,[],2.8260228431426158,2.420919535824211,2.211797845703217,-0.27770394958681793,ok,0.8566525007745801,-0.15472292595850484,True,488.0,488.0,False,4060.0,primary,p9,qualification,1339,row_resample,2160,8640,360,3,24,322,,,
C0035,network_volume_forecast,network_volume_forecast|router__general__packet_length_max,temporal,linear,320,320,345,345,propagated real-source observation mask,matched,345.0,[],2.6835421824384778,2.6835421824384778,2.208725350439534,-0.2149732341798203,ok,1.0,0.0,True,488.0,488.0,False,4060.0,primary,p9,qualification,1339,identity,2160,8640,360,3,24,320,,,
C0035,network_volume_forecast,network_volume_forecast|router__general__packet_length_max,temporal,linear,320,320,345,320,propagated real-source observation mask,matched,345.0,[],2.6835421824384778,2.684769334039252,2.208725350439534,-0.2149732341798203,ok,1.0004572879863058,0.0004571834620185533,True,488.0,488.0,False,4060.0,primary,p9,qualification,1339,block_a,2160,8640,360,3,24,320,,,
C0035,network_volume_forecast,network_volume_forecast|router__general__packet_length_max,temporal,linear,320,320,345,320,propagated real-source observation mask,matched,345.0,[],2.6835421824384778,2.574530474523827,2.208725350439534,-0.2149732341798203,ok,0.9593776805045061,-0.04147045419926673,True,488.0,488.0,False,4060.0,primary,p9,qualification,1339,block_b,2160,8640,360,3,24,320,,,
C0035,network_volume_forecast,network_volume_forecast|router__general__packet_length_max,temporal,linear,320,320,345,320,propagated real-source observation mask,matched,345.0,[],2.6835421824384778,2.5588554325417228,2.208725350439534,-0.2149732341798203,ok,0.953536504582367,-0.04757756984769468,True,488.0,488.0,False,4060.0,primary,p9,qualification,1339,row_resample,2160,8640,360,3,24,320,,,
C0044,network_volume_forecast,network_volume_forecast|router__general__packet_length_mean,temporal,linear,311,311,336,336,propagated real-source observation mask,matched,336.0,[],0.08120188693321202,0.08120188693321202,0.49329621607659,0.8353891956053349,ok,1.0,0.0,True,107.04860541670348,107.04860541670348,False,512.847389558233,primary,p9,qualification,1339,identity,2160,8640,360,3,24,311,,,
C0044,network_volume_forecast,network_volume_forecast|router__general__packet_length_mean,temporal,linear,311,311,336,311,propagated real-source observation mask,matched,336.0,[],0.08120188693321202,0.08081351583244323,0.49329621607659,0.8353891956053349,ok,0.9952172158131223,-0.0047942582992546775,True,107.04860541670348,107.04860541670348,False,512.847389558233,primary,p9,qualification,1339,block_a,2160,8640,360,3,24,311,,,
C0044,network_volume_forecast,network_volume_forecast|router__general__packet_length_mean,temporal,linear,311,311,336,311,propagated real-source observation mask,matched,336.0,[],0.08120188693321202,0.08317786421773664,0.49329621607659,0.8353891956053349,ok,1.0243341301434268,0.024042772361575565,True,107.04860541670348,107.04860541670348,False,512.847389558233,primary,p9,qualification,1339,block_b,2160,8640,360,3,24,311,,,
C0044,network_volume_forecast,network_volume_forecast|router__general__packet_length_mean,temporal,linear,311,311,336,311,propagated real-source observation mask,matched,336.0,[],0.08120188693321202,0.5269173712528853,0.49329621607659,0.8353891956053349,ok,6.488979396331899,1.8701052604655362,False,107.04860541670348,107.04860541670348,False,512.847389558233,primary,p9,qualification,1339,row_resample,2160,8640,360,3,24,311,,,
C0065,network_volume_forecast,network_volume_forecast|router__general__packet_length_min,temporal,linear,322,322,347,347,propagated real-source observation mask,matched,347.0,[],0.44574183405037815,0.44574183405037815,0.2968299711815562,-0.5016739457813711,ok,1.0,0.0,True,18.0,18.0,False,44.0,primary,p9,qualification,1339,identity,2160,8640,360,3,24,322,,,
C0065,network_volume_forecast,network_volume_forecast|router__general__packet_length_min,temporal,linear,322,322,347,322,propagated real-source observation mask,matched,347.0,[],0.44574183405037815,0.4471224432059829,0.2968299711815562,-0.5016739457813711,ok,1.003097329104292,0.0030925422622382387,True,18.0,18.0,False,44.0,primary,p9,qualification,1339,block_a,2160,8640,360,3,24,322,,,
C0065,network_volume_forecast,network_volume_forecast|router__general__packet_length_min,temporal,linear,322,322,347,322,propagated real-source observation mask,matched,347.0,[],0.44574183405037815,0.44814043820900884,0.2968299711815562,-0.5016739457813711,ok,1.0053811510955455,0.005366724433545682,True,18.0,18.0,False,44.0,primary,p9,qualification,1339,block_b,2160,8640,360,3,24,322,,,
C0065,network_volume_forecast,network_volume_forecast|router__general__packet_length_min,temporal,linear,322,322,347,322,propagated real-source observation mask,matched,347.0,[],0.44574183405037815,0.47285712083283865,0.2968299711815562,-0.5016739457813711,ok,1.0608318194773612,0.05905333573617516,True,18.0,18.0,False,44.0,primary,p9,qualification,1339,row_resample,2160,8640,360,3,24,322,,,
C0066,network_volume_forecast,network_volume_forecast|router__general__packet_length_min,temporal,linear,320,320,345,345,propagated real-source observation mask,matched,345.0,[],0.45484200753984383,0.45484200753984383,0.2956521739130435,-0.5384362019730011,ok,1.0,0.0,True,18.0,18.0,False,44.0,primary,p9,qualification,1339,identity,2160,8640,360,3,24,320,,,
C0066,network_volume_forecast,network_volume_forecast|router__general__packet_length_min,temporal,linear,320,320,345,320,propagated real-source observation mask,matched,345.0,[],0.45484200753984383,0.4500497560615357,0.2956521739130435,-0.5384362019730011,ok,0.9894639206606519,-0.010591976796646474,True,18.0,18.0,False,44.0,primary,p9,qualification,1339,block_a,2160,8640,360,3,24,320,,,
C0066,network_volume_forecast,network_volume_forecast|router__general__packet_length_min,temporal,linear,320,320,345,320,propagated real-source observation mask,matched,345.0,[],0.45484200753984383,0.45224805180214145,0.2956521739130435,-0.5384362019730011,ok,0.9942970180970474,-0.005719305997843002,True,18.0,18.0,False,44.0,primary,p9,qualification,1339,block_b,2160,8640,360,3,24,320,,,
C0066,network_volume_forecast,network_volume_forecast|router__general__packet_length_min,temporal,linear,320,320,345,320,propagated real-source observation mask,matched,345.0,[],0.45484200753984383,0.4707060711260096,0.2956521739130435,-0.5384362019730011,ok,1.0348781847832647,0.034283723929050935,True,18.0,18.0,False,44.0,primary,p9,qualification,1339,row_resample,2160,8640,360,3,24,320,,,
C0067,network_volume_forecast,network_volume_forecast|router__general__packet_length_min,temporal,linear,311,311,336,336,propagated real-source observation mask,matched,336.0,[],0.42511008999043504,0.42511008999043504,0.29464285714285715,-0.4427978811796583,ok,1.0,0.0,True,18.0,18.0,False,44.0,primary,p9,qualification,1339,identity,2160,8640,360,3,24,311,,,
C0067,network_volume_forecast,network_volume_forecast|router__general__packet_length_min,temporal,linear,311,311,336,311,propagated real-source observation mask,matched,336.0,[],0.42511008999043504,0.4172230784954317,0.29464285714285715,-0.4427978811796583,ok,0.9814471317413784,-0.018727131472998416,True,18.0,18.0,False,44.0,primary,p9,qualification,1339,block_a,2160,8640,360,3,24,311,,,
C0067,network_volume_forecast,network_volume_forecast|router__general__packet_length_min,temporal,linear,311,311,336,311,propagated real-source observation mask,matched,336.0,[],0.42511008999043504,0.416018257344063,0.29464285714285715,-0.4427978811796583,ok,0.9786129925860462,-0.021619023507660002,True,18.0,18.0,False,44.0,primary,p9,qualification,1339,block_b,2160,8640,360,3,24,311,,,
C0067,network_volume_forecast,network_volume_forecast|router__general__packet_length_min,temporal,linear,311,311,336,311,propagated real-source observation mask,matched,336.0,[],0.42511008999043504,0.4715977031854417,0.29464285714285715,-0.4427978811796583,ok,1.1093542926634665,0.1037781277392931,False,18.0,18.0,False,44.0,primary,p9,qualification,1339,row_resample,2160,8640,360,3,24,311,,,
C0071,network_burst_prediction,network_burst_prediction|router__iot_named__mqtt_port_packets,temporal,linear,322,322,347,347,propagated real-source observation mask,matched,,,,,,,single_class,,,,,,,,primary,p9,qualification,1339,identity,2160,8640,360,3,24,322,,,
C0071,network_burst_prediction,network_burst_prediction|router__iot_named__mqtt_port_packets,temporal,linear,322,322,347,322,propagated real-source observation mask,matched,,,,,,,single_class,,,,,,,,primary,p9,qualification,1339,block_a,2160,8640,360,3,24,322,,,
C0071,network_burst_prediction,network_burst_prediction|router__iot_named__mqtt_port_packets,temporal,linear,322,322,347,322,propagated real-source observation mask,matched,,,,,,,single_class,,,,,,,,primary,p9,qualification,1339,block_b,2160,8640,360,3,24,322,,,
C0071,network_burst_prediction,network_burst_prediction|router__iot_named__mqtt_port_packets,temporal,linear,322,322,347,322,propagated real-source observation mask,matched,,,,,,,single_class,,,,,,,,primary,p9,qualification,1339,row_resample,2160,8640,360,3,24,322,,,
C0081,network_volume_forecast,network_volume_forecast|router__iot_named__udp_count,temporal,linear,320,320,345,345,propagated real-source observation mask,matched,345.0,[],0.2321436847329325,0.2321436847329325,0.4469565217391304,0.48061237851581246,ok,1.0,0.0,True,5.0,5.0,False,0.0,primary,p9,qualification,1339,identity,2160,8640,360,3,24,320,,,
C0081,network_volume_forecast,network_volume_forecast|router__iot_named__udp_count,temporal,linear,320,320,345,320,propagated real-source observation mask,matched,345.0,[],0.2321436847329325,0.23185523866735344,0.4469565217391304,0.48061237851581246,ok,0.9987574675317534,-0.0012433050517535987,True,5.0,5.0,False,0.0,primary,p9,qualification,1339,block_a,2160,8640,360,3,24,320,,,
C0081,network_volume_forecast,network_volume_forecast|router__iot_named__udp_count,temporal,linear,320,320,345,320,propagated real-source observation mask,matched,345.0,[],0.2321436847329325,0.2320822999333913,0.4469565217391304,0.48061237851581246,ok,0.9997355741138862,-0.000264460852802575,True,5.0,5.0,False,0.0,primary,p9,qualification,1339,block_b,2160,8640,360,3,24,320,,,
C0081,network_volume_forecast,network_volume_forecast|router__iot_named__udp_count,temporal,linear,320,320,345,320,propagated real-source observation mask,matched,345.0,[],0.2321436847329325,0.35770229300520173,0.4469565217391304,0.48061237851581246,ok,1.5408659228301511,0.4323445459531724,False,5.0,5.0,False,0.0,primary,p9,qualification,1339,row_resample,2160,8640,360,3,24,320,,,
C0082,network_volume_forecast,network_volume_forecast|router__iot_named__udp_count,temporal,linear,311,311,336,336,propagated real-source observation mask,matched,336.0,[],0.22785027075529035,0.22785027075529035,0.45178571428571435,0.495667384889476,ok,1.0,0.0,True,5.0,5.0,False,0.0,primary,p9,qualification,1339,identity,2160,8640,360,3,24,311,,,
C0082,network_volume_forecast,network_volume_forecast|router__iot_named__udp_count,temporal,linear,311,311,336,311,propagated real-source observation mask,matched,336.0,[],0.22785027075529035,0.22783568728017492,0.45178571428571435,0.495667384889476,ok,0.9999359953575342,-6.40066908503423e-05,True,5.0,5.0,False,0.0,primary,p9,qualification,1339,block_a,2160,8640,360,3,24,311,,,
C0082,network_volume_forecast,network_volume_forecast|router__iot_named__udp_count,temporal,linear,311,311,336,311,propagated real-source observation mask,matched,336.0,[],0.22785027075529035,0.2282208170221527,0.45178571428571435,0.495667384889476,ok,1.0016262709086718,0.0016249499620883962,True,5.0,5.0,False,0.0,primary,p9,qualification,1339,block_b,2160,8640,360,3,24,311,,,
C0082,network_volume_forecast,network_volume_forecast|router__iot_named__udp_count,temporal,linear,311,311,336,311,propagated real-source observation mask,matched,336.0,[],0.22785027075529035,0.3651325601987721,0.45178571428571435,0.495667384889476,ok,1.602510977882146,0.47157176026170167,False,5.0,5.0,False,0.0,primary,p9,qualification,1339,row_resample,2160,8640,360,3,24,311,,,
C0085,network_volume_forecast,network_volume_forecast|router__iot_named__dns_port_packets,temporal,linear,320,320,345,345,propagated real-source observation mask,matched,345.0,[],0.2140323681364009,0.2140323681364009,0.3536231884057971,0.39474453272903026,ok,1.0,0.0,True,4.0,4.0,False,0.0,primary,p9,qualification,1339,identity,2160,8640,360,3,24,320,,,
C0085,network_volume_forecast,network_volume_forecast|router__iot_named__dns_port_packets,temporal,linear,320,320,345,320,propagated real-source observation mask,matched,345.0,[],0.2140323681364009,0.21394696648465683,0.3536231884057971,0.39474453272903026,ok,0.9996009872128797,-0.0003990924139045404,True,4.0,4.0,False,0.0,primary,p9,qualification,1339,block_a,2160,8640,360,3,24,320,,,
C0085,network_volume_forecast,network_volume_forecast|router__iot_named__dns_port_packets,temporal,linear,320,320,345,320,propagated real-source observation mask,matched,345.0,[],0.2140323681364009,0.21394696648465683,0.3536231884057971,0.39474453272903026,ok,0.9996009872128797,-0.0003990924139045404,True,4.0,4.0,False,0.0,primary,p9,qualification,1339,block_b,2160,8640,360,3,24,320,,,
C0085,network_volume_forecast,network_volume_forecast|router__iot_named__dns_port_packets,temporal,linear,320,320,345,320,propagated real-source observation mask,matched,345.0,[],0.2140323681364009,0.4356045883251601,0.3536231884057971,0.39474453272903026,ok,2.0352276252326154,0.7106076677903996,False,4.0,4.0,False,0.0,primary,p9,qualification,1339,row_resample,2160,8640,360,3,24,320,,,
C0086,network_volume_forecast,network_volume_forecast|router__iot_named__dns_port_packets,temporal,linear,311,311,336,336,propagated real-source observation mask,matched,336.0,[],0.2175584949776774,0.2175584949776774,0.3541666666666667,0.38571719065126386,ok,1.0,0.0,True,4.0,4.0,False,0.0,primary,p9,qualification,1339,identity,2160,8640,360,3,24,311,,,
C0086,network_volume_forecast,network_volume_forecast|router__iot_named__dns_port_packets,temporal,linear,311,311,336,311,propagated real-source observation mask,matched,336.0,[],0.2175584949776774,0.2175584949776774,0.3541666666666667,0.38571719065126386,ok,1.0,0.0,True,4.0,4.0,False,0.0,primary,p9,qualification,1339,block_a,2160,8640,360,3,24,311,,,
C0086,network_volume_forecast,network_volume_forecast|router__iot_named__dns_port_packets,temporal,linear,311,311,336,311,propagated real-source observation mask,matched,336.0,[],0.2175584949776774,0.2175584949776774,0.3541666666666667,0.38571719065126386,ok,1.0,0.0,True,4.0,4.0,False,0.0,primary,p9,qualification,1339,block_b,2160,8640,360,3,24,311,,,
C0086,network_volume_forecast,network_volume_forecast|router__iot_named__dns_port_packets,temporal,linear,311,311,336,311,propagated real-source observation mask,matched,336.0,[],0.2175584949776774,0.45250968647963885,0.3541666666666667,0.38571719065126386,ok,2.079944920220507,0.7323414126993899,False,4.0,4.0,False,0.0,primary,p9,qualification,1339,row_resample,2160,8640,360,3,24,311,,,
C0034,network_volume_forecast,network_volume_forecast|router__general__packet_length_max,temporal,linear,322,322,347,347,propagated real-source observation mask,matched,347.0,[],2.8260228431426158,2.8260228431426158,2.211797845703217,-0.27770394958681793,ok,1.0,0.0,True,488.0,488.0,False,4060.0,primary,p9,qualification,1340,identity,2160,8640,360,2,1,322,,,
C0034,network_volume_forecast,network_volume_forecast|router__general__packet_length_max,temporal,linear,322,322,347,322,propagated real-source observation mask,matched,347.0,[],2.8260228431426158,2.8912054502851126,2.211797845703217,-0.27770394958681793,ok,1.0230651380970481,0.022803158546564166,True,488.0,488.0,False,4060.0,primary,p9,qualification,1340,block_a,2160,8640,360,2,1,322,,,
C0034,network_volume_forecast,network_volume_forecast|router__general__packet_length_max,temporal,linear,322,322,347,322,propagated real-source observation mask,matched,347.0,[],2.8260228431426158,2.8989578785482086,2.211797845703217,-0.27770394958681793,ok,1.0258083672545573,0.02548095274865239,True,488.0,488.0,False,4060.0,primary,p9,qualification,1340,block_b,2160,8640,360,2,1,322,,,
C0034,network_volume_forecast,network_volume_forecast|router__general__packet_length_max,temporal,linear,322,322,347,322,propagated real-source observation mask,matched,347.0,[],2.8260228431426158,2.740088183025392,2.211797845703217,-0.27770394958681793,ok,0.9695916611835798,-0.030880263968529355,True,488.0,488.0,False,4060.0,primary,p9,qualification,1340,row_resample,2160,8640,360,2,1,322,,,
C0035,network_volume_forecast,network_volume_forecast|router__general__packet_length_max,temporal,linear,320,320,345,345,propagated real-source observation mask,matched,345.0,[],2.6835421824384778,2.6835421824384778,2.208725350439534,-0.2149732341798203,ok,1.0,0.0,True,488.0,488.0,False,4060.0,primary,p9,qualification,1340,identity,2160,8640,360,2,1,320,,,
C0035,network_volume_forecast,network_volume_forecast|router__general__packet_length_max,temporal,linear,320,320,345,320,propagated real-source observation mask,matched,345.0,[],2.6835421824384778,2.687239282143798,2.208725350439534,-0.2149732341798203,ok,1.0013776939037944,0.001376745754288067,True,488.0,488.0,False,4060.0,primary,p9,qualification,1340,block_a,2160,8640,360,2,1,320,,,
C0035,network_volume_forecast,network_volume_forecast|router__general__packet_length_max,temporal,linear,320,320,345,320,propagated real-source observation mask,matched,345.0,[],2.6835421824384778,2.6921474619050842,2.208725350439534,-0.2149732341798203,ok,1.0032066868644438,0.003201556409037283,True,488.0,488.0,False,4060.0,primary,p9,qualification,1340,block_b,2160,8640,360,2,1,320,,,
C0035,network_volume_forecast,network_volume_forecast|router__general__packet_length_max,temporal,linear,320,320,345,320,propagated real-source observation mask,matched,345.0,[],2.6835421824384778,2.855084832473071,2.208725350439534,-0.2149732341798203,ok,1.0639239625734953,0.0619639246190825,True,488.0,488.0,False,4060.0,primary,p9,qualification,1340,row_resample,2160,8640,360,2,1,320,,,
C0044,network_volume_forecast,network_volume_forecast|router__general__packet_length_mean,temporal,linear,311,311,336,336,propagated real-source observation mask,matched,336.0,[],0.08120188693321202,0.08120188693321202,0.49329621607659,0.8353891956053349,ok,1.0,0.0,True,107.04860541670348,107.04860541670348,False,512.847389558233,primary,p9,qualification,1340,identity,2160,8640,360,2,1,311,,,
C0044,network_volume_forecast,network_volume_forecast|router__general__packet_length_mean,temporal,linear,311,311,336,311,propagated real-source observation mask,matched,336.0,[],0.08120188693321202,0.08074422111233695,0.49329621607659,0.8353891956053349,ok,0.9943638523911211,-0.005652090621817142,True,107.04860541670348,107.04860541670348,False,512.847389558233,primary,p9,qualification,1340,block_a,2160,8640,360,2,1,311,,,
C0044,network_volume_forecast,network_volume_forecast|router__general__packet_length_mean,temporal,linear,311,311,336,311,propagated real-source observation mask,matched,336.0,[],0.08120188693321202,0.08083498155593342,0.49329621607659,0.8353891956053349,ok,0.9954815658707491,-0.004528673107147362,True,107.04860541670348,107.04860541670348,False,512.847389558233,primary,p9,qualification,1340,block_b,2160,8640,360,2,1,311,,,
C0044,network_volume_forecast,network_volume_forecast|router__general__packet_length_mean,temporal,linear,311,311,336,311,propagated real-source observation mask,matched,336.0,[],0.08120188693321202,0.48869147187647854,0.49329621607659,0.8353891956053349,ok,6.018228028105108,1.7947928685011585,False,107.04860541670348,107.04860541670348,False,512.847389558233,primary,p9,qualification,1340,row_resample,2160,8640,360,2,1,311,,,
C0065,network_volume_forecast,network_volume_forecast|router__general__packet_length_min,temporal,linear,322,322,347,347,propagated real-source observation mask,matched,347.0,[],0.44574183405037815,0.44574183405037815,0.2968299711815562,-0.5016739457813711,ok,1.0,0.0,True,18.0,18.0,False,44.0,primary,p9,qualification,1340,identity,2160,8640,360,2,1,322,,,
C0065,network_volume_forecast,network_volume_forecast|router__general__packet_length_min,temporal,linear,322,322,347,322,propagated real-source observation mask,matched,347.0,[],0.44574183405037815,0.44574183405037815,0.2968299711815562,-0.5016739457813711,ok,1.0,0.0,True,18.0,18.0,False,44.0,primary,p9,qualification,1340,block_a,2160,8640,360,2,1,322,,,
C0065,network_volume_forecast,network_volume_forecast|router__general__packet_length_min,temporal,linear,322,322,347,322,propagated real-source observation mask,matched,347.0,[],0.44574183405037815,0.4471894204693511,0.2968299711815562,-0.5016739457813711,ok,1.0032475893182808,0.0032423272896182406,True,18.0,18.0,False,44.0,primary,p9,qualification,1340,block_b,2160,8640,360,2,1,322,,,
C0065,network_volume_forecast,network_volume_forecast|router__general__packet_length_min,temporal,linear,322,322,347,322,propagated real-source observation mask,matched,347.0,[],0.44574183405037815,0.4412160053092473,0.2968299711815562,-0.5016739457813711,ok,0.9898465246126767,-0.010205373514979466,True,18.0,18.0,False,44.0,primary,p9,qualification,1340,row_resample,2160,8640,360,2,1,322,,,
C0066,network_volume_forecast,network_volume_forecast|router__general__packet_length_min,temporal,linear,320,320,345,345,propagated real-source observation mask,matched,345.0,[],0.45484200753984383,0.45484200753984383,0.2956521739130435,-0.5384362019730011,ok,1.0,0.0,True,18.0,18.0,False,44.0,primary,p9,qualification,1340,identity,2160,8640,360,2,1,320,,,
C0066,network_volume_forecast,network_volume_forecast|router__general__packet_length_min,temporal,linear,320,320,345,320,propagated real-source observation mask,matched,345.0,[],0.45484200753984383,0.44879270639557883,0.2956521739130435,-0.5384362019730011,ok,0.9867002144833004,-0.013389019744660087,True,18.0,18.0,False,44.0,primary,p9,qualification,1340,block_a,2160,8640,360,2,1,320,,,
C0066,network_volume_forecast,network_volume_forecast|router__general__packet_length_min,temporal,linear,320,320,345,320,propagated real-source observation mask,matched,345.0,[],0.45484200753984383,0.4500497560615357,0.2956521739130435,-0.5384362019730011,ok,0.9894639206606519,-0.010591976796646474,True,18.0,18.0,False,44.0,primary,p9,qualification,1340,block_b,2160,8640,360,2,1,320,,,
C0066,network_volume_forecast,network_volume_forecast|router__general__packet_length_min,temporal,linear,320,320,345,320,propagated real-source observation mask,matched,345.0,[],0.45484200753984383,0.44119921788200894,0.2956521739130435,-0.5384362019730011,ok,0.9700054317066574,-0.030453607802801815,True,18.0,18.0,False,44.0,primary,p9,qualification,1340,row_resample,2160,8640,360,2,1,320,,,
C0067,network_volume_forecast,network_volume_forecast|router__general__packet_length_min,temporal,linear,311,311,336,336,propagated real-source observation mask,matched,336.0,[],0.42511008999043504,0.42511008999043504,0.29464285714285715,-0.4427978811796583,ok,1.0,0.0,True,18.0,18.0,False,44.0,primary,p9,qualification,1340,identity,2160,8640,360,2,1,311,,,
C0067,network_volume_forecast,network_volume_forecast|router__general__packet_length_min,temporal,linear,311,311,336,311,propagated real-source observation mask,matched,336.0,[],0.42511008999043504,0.41591487434559404,0.29464285714285715,-0.4427978811796583,ok,0.9783698014670791,-0.021867560307225063,True,18.0,18.0,False,44.0,primary,p9,qualification,1340,block_a,2160,8640,360,2,1,311,,,
C0067,network_volume_forecast,network_volume_forecast|router__general__packet_length_min,temporal,linear,311,311,336,311,propagated real-source observation mask,matched,336.0,[],0.42511008999043504,0.41789687471987724,0.29464285714285715,-0.4427978811796583,ok,0.9830321240535126,-0.01711347976210854,True,18.0,18.0,False,44.0,primary,p9,qualification,1340,block_b,2160,8640,360,2,1,311,,,
C0067,network_volume_forecast,network_volume_forecast|router__general__packet_length_min,temporal,linear,311,311,336,311,propagated real-source observation mask,matched,336.0,[],0.42511008999043504,0.43758533823839385,0.29464285714285715,-0.4427978811796583,ok,1.0293459236600089,0.028923574954598148,True,18.0,18.0,False,44.0,primary,p9,qualification,1340,row_resample,2160,8640,360,2,1,311,,,
C0071,network_burst_prediction,network_burst_prediction|router__iot_named__mqtt_port_packets,temporal,linear,322,322,347,347,propagated real-source observation mask,matched,,,,,,,single_class,,,,,,,,primary,p9,qualification,1340,identity,2160,8640,360,2,1,322,,,
C0071,network_burst_prediction,network_burst_prediction|router__iot_named__mqtt_port_packets,temporal,linear,322,322,347,322,propagated real-source observation mask,matched,,,,,,,single_class,,,,,,,,primary,p9,qualification,1340,block_a,2160,8640,360,2,1,322,,,
C0071,network_burst_prediction,network_burst_prediction|router__iot_named__mqtt_port_packets,temporal,linear,322,322,347,322,propagated real-source observation mask,matched,,,,,,,single_class,,,,,,,,primary,p9,qualification,1340,block_b,2160,8640,360,2,1,322,,,
C0071,network_burst_prediction,network_burst_prediction|router__iot_named__mqtt_port_packets,temporal,linear,322,322,347,322,propagated real-source observation mask,matched,,,,,,,single_class,,,,,,,,primary,p9,qualification,1340,row_resample,2160,8640,360,2,1,322,,,
C0081,network_volume_forecast,network_volume_forecast|router__iot_named__udp_count,temporal,linear,320,320,345,345,propagated real-source observation mask,matched,345.0,[],0.2321436847329325,0.2321436847329325,0.4469565217391304,0.48061237851581246,ok,1.0,0.0,True,5.0,5.0,False,0.0,primary,p9,qualification,1340,identity,2160,8640,360,2,1,320,,,
C0081,network_volume_forecast,network_volume_forecast|router__iot_named__udp_count,temporal,linear,320,320,345,320,propagated real-source observation mask,matched,345.0,[],0.2321436847329325,0.23169885460597778,0.4469565217391304,0.48061237851581246,ok,0.9980838155150915,-0.0019180227150326459,True,5.0,5.0,False,0.0,primary,p9,qualification,1340,block_a,2160,8640,360,2,1,320,,,
C0081,network_volume_forecast,network_volume_forecast|router__iot_named__udp_count,temporal,linear,320,320,345,320,propagated real-source observation mask,matched,345.0,[],0.2321436847329325,0.23169885460597778,0.4469565217391304,0.48061237851581246,ok,0.9980838155150915,-0.0019180227150326459,True,5.0,5.0,False,0.0,primary,p9,qualification,1340,block_b,2160,8640,360,2,1,320,,,
C0081,network_volume_forecast,network_volume_forecast|router__iot_named__udp_count,temporal,linear,320,320,345,320,propagated real-source observation mask,matched,345.0,[],0.2321436847329325,0.38086071453513454,0.4469565217391304,0.48061237851581246,ok,1.6406249214717692,0.495077218933024,False,5.0,5.0,False,0.0,primary,p9,qualification,1340,row_resample,2160,8640,360,2,1,320,,,
C0082,network_volume_forecast,network_volume_forecast|router__iot_named__udp_count,temporal,linear,311,311,336,336,propagated real-source observation mask,matched,336.0,[],0.22785027075529035,0.22785027075529035,0.45178571428571435,0.495667384889476,ok,1.0,0.0,True,5.0,5.0,False,0.0,primary,p9,qualification,1340,identity,2160,8640,360,2,1,311,,,
C0082,network_volume_forecast,network_volume_forecast|router__iot_named__udp_count,temporal,linear,311,311,336,311,propagated real-source observation mask,matched,336.0,[],0.22785027075529035,0.22775169463858796,0.45178571428571435,0.495667384889476,ok,0.9995673644960982,-0.00043272911764283425,True,5.0,5.0,False,0.0,primary,p9,qualification,1340,block_a,2160,8640,360,2,1,311,,,
C0082,network_volume_forecast,network_volume_forecast|router__iot_named__udp_count,temporal,linear,311,311,336,311,propagated real-source observation mask,matched,336.0,[],0.22785027075529035,0.22775169463858808,0.45178571428571435,0.495667384889476,ok,0.9995673644960986,-0.00043272911764238994,True,5.0,5.0,False,0.0,primary,p9,qualification,1340,block_b,2160,8640,360,2,1,311,,,
C0082,network_volume_forecast,network_volume_forecast|router__iot_named__udp_count,temporal,linear,311,311,336,311,propagated real-source observation mask,matched,336.0,[],0.22785027075529035,0.3919948332644881,0.45178571428571435,0.495667384889476,ok,1.7204053871214746,0.5425599532416968,False,5.0,5.0,False,0.0,primary,p9,qualification,1340,row_resample,2160,8640,360,2,1,311,,,
C0085,network_volume_forecast,network_volume_forecast|router__iot_named__dns_port_packets,temporal,linear,320,320,345,345,propagated real-source observation mask,matched,345.0,[],0.2140323681364009,0.2140323681364009,0.3536231884057971,0.39474453272903026,ok,1.0,0.0,True,4.0,4.0,False,0.0,primary,p9,qualification,1340,identity,2160,8640,360,2,1,320,,,
C0085,network_volume_forecast,network_volume_forecast|router__iot_named__dns_port_packets,temporal,linear,320,320,345,320,propagated real-source observation mask,matched,345.0,[],0.2140323681364009,0.21403236813640095,0.3536231884057971,0.39474453272903026,ok,1.0000000000000002,2.2204460492503128e-16,True,4.0,4.0,False,0.0,primary,p9,qualification,1340,block_a,2160,8640,360,2,1,320,,,
C0085,network_volume_forecast,network_volume_forecast|router__iot_named__dns_port_packets,temporal,linear,320,320,345,320,propagated real-source observation mask,matched,345.0,[],0.2140323681364009,0.21403236813640084,0.3536231884057971,0.39474453272903026,ok,0.9999999999999998,-2.2204460492503136e-16,True,4.0,4.0,False,0.0,primary,p9,qualification,1340,block_b,2160,8640,360,2,1,320,,,
C0085,network_volume_forecast,network_volume_forecast|router__iot_named__dns_port_packets,temporal,linear,320,320,345,320,propagated real-source observation mask,matched,345.0,[],0.2140323681364009,0.4866063870928005,0.3536231884057971,0.39474453272903026,ok,2.273517745608882,0.8213282996665335,False,4.0,4.0,False,0.0,primary,p9,qualification,1340,row_resample,2160,8640,360,2,1,320,,,
C0086,network_volume_forecast,network_volume_forecast|router__iot_named__dns_port_packets,temporal,linear,311,311,336,336,propagated real-source observation mask,matched,336.0,[],0.2175584949776774,0.2175584949776774,0.3541666666666667,0.38571719065126386,ok,1.0,0.0,True,4.0,4.0,False,0.0,primary,p9,qualification,1340,identity,2160,8640,360,2,1,311,,,
C0086,network_volume_forecast,network_volume_forecast|router__iot_named__dns_port_packets,temporal,linear,311,311,336,311,propagated real-source observation mask,matched,336.0,[],0.2175584949776774,0.2176557754500692,0.3541666666666667,0.38571719065126386,ok,1.0004471462831261,0.0004470463430176751,True,4.0,4.0,False,0.0,primary,p9,qualification,1340,block_a,2160,8640,360,2,1,311,,,
C0086,network_volume_forecast,network_volume_forecast|router__iot_named__dns_port_packets,temporal,linear,311,311,336,311,propagated real-source observation mask,matched,336.0,[],0.2175584949776774,0.2176557754500692,0.3541666666666667,0.38571719065126386,ok,1.0004471462831261,0.0004470463430176751,True,4.0,4.0,False,0.0,primary,p9,qualification,1340,block_b,2160,8640,360,2,1,311,,,
C0086,network_volume_forecast,network_volume_forecast|router__iot_named__dns_port_packets,temporal,linear,311,311,336,311,propagated real-source observation mask,matched,336.0,[],0.2175584949776774,0.5103855287017202,0.3541666666666667,0.38571719065126386,ok,2.3459692013133675,0.8526986219751884,False,4.0,4.0,False,0.0,primary,p9,qualification,1340,row_resample,2160,8640,360,2,1,311,,,
C0034,network_volume_forecast,network_volume_forecast|router__general__packet_length_max,temporal,linear,322,322,347,347,propagated real-source observation mask,matched,347.0,[],2.8260228431426158,2.8260228431426158,2.211797845703217,-0.27770394958681793,ok,1.0,0.0,True,488.0,488.0,False,4060.0,primary,p9,qualification,1341,identity,2160,8640,360,8,20,322,,,
C0034,network_volume_forecast,network_volume_forecast|router__general__packet_length_max,temporal,linear,322,322,347,322,propagated real-source observation mask,matched,347.0,[],2.8260228431426158,2.8775050009873486,2.211797845703217,-0.27770394958681793,ok,1.018217176824899,0.018053232138441903,True,488.0,488.0,False,4060.0,primary,p9,qualification,1341,block_a,2160,8640,360,8,20,322,,,
C0034,network_volume_forecast,network_volume_forecast|router__general__packet_length_max,temporal,linear,322,322,347,322,propagated real-source observation mask,matched,347.0,[],2.8260228431426158,2.8163812762200457,2.211797845703217,-0.27770394958681793,ok,0.9965882912284431,-0.003417541921044988,True,488.0,488.0,False,4060.0,primary,p9,qualification,1341,block_b,2160,8640,360,8,20,322,,,
C0034,network_volume_forecast,network_volume_forecast|router__general__packet_length_max,temporal,linear,322,322,347,322,propagated real-source observation mask,matched,347.0,[],2.8260228431426158,2.598400536781706,2.211797845703217,-0.27770394958681793,ok,0.9194548950963937,-0.0839742898697073,True,488.0,488.0,False,4060.0,primary,p9,qualification,1341,row_resample,2160,8640,360,8,20,322,,,
C0035,network_volume_forecast,network_volume_forecast|router__general__packet_length_max,temporal,linear,320,320,345,345,propagated real-source observation mask,matched,345.0,[],2.6835421824384778,2.6835421824384778,2.208725350439534,-0.2149732341798203,ok,1.0,0.0,True,488.0,488.0,False,4060.0,primary,p9,qualification,1341,identity,2160,8640,360,8,20,320,,,
C0035,network_volume_forecast,network_volume_forecast|router__general__packet_length_max,temporal,linear,320,320,345,320,propagated real-source observation mask,matched,345.0,[],2.6835421824384778,2.6723196343855173,2.208725350439534,-0.2149732341798203,ok,0.9958180094479593,-0.004190759530926408,True,488.0,488.0,False,4060.0,primary,p9,qualification,1341,block_a,2160,8640,360,8,20,320,,,
C0035,network_volume_forecast,network_volume_forecast|router__general__packet_length_max,temporal,linear,320,320,345,320,propagated real-source observation mask,matched,345.0,[],2.6835421824384778,2.6237338383105806,2.208725350439534,-0.2149732341798203,ok,0.9777129107493475,-0.02253919933181498,True,488.0,488.0,False,4060.0,primary,p9,qualification,1341,block_b,2160,8640,360,8,20,320,,,
C0035,network_volume_forecast,network_volume_forecast|router__general__packet_length_max,temporal,linear,320,320,345,320,propagated real-source observation mask,matched,345.0,[],2.6835421824384778,2.6857499932090705,2.208725350439534,-0.2149732341798203,ok,1.0008227225884658,0.0008223843377486666,True,488.0,488.0,False,4060.0,primary,p9,qualification,1341,row_resample,2160,8640,360,8,20,320,,,
C0044,network_volume_forecast,network_volume_forecast|router__general__packet_length_mean,temporal,linear,311,311,336,336,propagated real-source observation mask,matched,336.0,[],0.08120188693321202,0.08120188693321202,0.49329621607659,0.8353891956053349,ok,1.0,0.0,True,107.04860541670348,107.04860541670348,False,512.847389558233,primary,p9,qualification,1341,identity,2160,8640,360,8,20,311,,,
C0044,network_volume_forecast,network_volume_forecast|router__general__packet_length_mean,temporal,linear,311,311,336,311,propagated real-source observation mask,matched,336.0,[],0.08120188693321202,0.08141724790668818,0.49329621607659,0.8353891956053349,ok,1.0026521671060833,0.0026486563170002126,True,107.04860541670348,107.04860541670348,False,512.847389558233,primary,p9,qualification,1341,block_a,2160,8640,360,8,20,311,,,
C0044,network_volume_forecast,network_volume_forecast|router__general__packet_length_mean,temporal,linear,311,311,336,311,propagated real-source observation mask,matched,336.0,[],0.08120188693321202,0.08216552602406366,0.49329621607659,0.8353891956053349,ok,1.0118672007171978,0.011797337666825102,True,107.04860541670348,107.04860541670348,False,512.847389558233,primary,p9,qualification,1341,block_b,2160,8640,360,8,20,311,,,
C0044,network_volume_forecast,network_volume_forecast|router__general__packet_length_mean,temporal,linear,311,311,336,311,propagated real-source observation mask,matched,336.0,[],0.08120188693321202,0.4362317769237951,0.49329621607659,0.8353891956053349,ok,5.372187684291039,1.68123521555833,False,107.04860541670348,107.04860541670348,False,512.847389558233,primary,p9,qualification,1341,row_resample,2160,8640,360,8,20,311,,,
C0065,network_volume_forecast,network_volume_forecast|router__general__packet_length_min,temporal,linear,322,322,347,347,propagated real-source observation mask,matched,347.0,[],0.44574183405037815,0.44574183405037815,0.2968299711815562,-0.5016739457813711,ok,1.0,0.0,True,18.0,18.0,False,44.0,primary,p9,qualification,1341,identity,2160,8640,360,8,20,322,,,
C0065,network_volume_forecast,network_volume_forecast|router__general__packet_length_min,temporal,linear,322,322,347,322,propagated real-source observation mask,matched,347.0,[],0.44574183405037815,0.4456341347621416,0.2968299711815562,-0.5016739457813711,ok,0.9997583819152492,-0.00024164727910288395,True,18.0,18.0,False,44.0,primary,p9,qualification,1341,block_a,2160,8640,360,8,20,322,,,
C0065,network_volume_forecast,network_volume_forecast|router__general__packet_length_min,temporal,linear,322,322,347,322,propagated real-source observation mask,matched,347.0,[],0.44574183405037815,0.44758888759652543,0.2968299711815562,-0.5016739457813711,ok,1.0041437742770596,0.0041352124883604225,True,18.0,18.0,False,44.0,primary,p9,qualification,1341,block_b,2160,8640,360,8,20,322,,,
C0065,network_volume_forecast,network_volume_forecast|router__general__packet_length_min,temporal,linear,322,322,347,322,propagated real-source observation mask,matched,347.0,[],0.44574183405037815,0.4638040780094113,0.2968299711815562,-0.5016739457813711,ok,1.0405217607575774,0.03972228038353769,True,18.0,18.0,False,44.0,primary,p9,qualification,1341,row_resample,2160,8640,360,8,20,322,,,
C0066,network_volume_forecast,network_volume_forecast|router__general__packet_length_min,temporal,linear,320,320,345,345,propagated real-source observation mask,matched,345.0,[],0.45484200753984383,0.45484200753984383,0.2956521739130435,-0.5384362019730011,ok,1.0,0.0,True,18.0,18.0,False,44.0,primary,p9,qualification,1341,identity,2160,8640,360,8,20,320,,,
C0066,network_volume_forecast,network_volume_forecast|router__general__packet_length_min,temporal,linear,320,320,345,320,propagated real-source observation mask,matched,345.0,[],0.45484200753984383,0.44994218174931383,0.2956521739130435,-0.5384362019730011,ok,0.9892274114762789,-0.01083103296640684,True,18.0,18.0,False,44.0,primary,p9,qualification,1341,block_a,2160,8640,360,8,20,320,,,
C0066,network_volume_forecast,network_volume_forecast|router__general__packet_length_min,temporal,linear,320,320,345,320,propagated real-source observation mask,matched,345.0,[],0.45484200753984383,0.44965385006095077,0.2956521739130435,-0.5384362019730011,ok,0.9885934953392831,-0.011472057799867106,True,18.0,18.0,False,44.0,primary,p9,qualification,1341,block_b,2160,8640,360,8,20,320,,,
C0066,network_volume_forecast,network_volume_forecast|router__general__packet_length_min,temporal,linear,320,320,345,320,propagated real-source observation mask,matched,345.0,[],0.45484200753984383,0.4603836660520542,0.2956521739130435,-0.5384362019730011,ok,1.0121836998789628,0.012110076011746568,True,18.0,18.0,False,44.0,primary,p9,qualification,1341,row_resample,2160,8640,360,8,20,320,,,
C0067,network_volume_forecast,network_volume_forecast|router__general__packet_length_min,temporal,linear,311,311,336,336,propagated real-source observation mask,matched,336.0,[],0.42511008999043504,0.42511008999043504,0.29464285714285715,-0.4427978811796583,ok,1.0,0.0,True,18.0,18.0,False,44.0,primary,p9,qualification,1341,identity,2160,8640,360,8,20,311,,,
C0067,network_volume_forecast,network_volume_forecast|router__general__packet_length_min,temporal,linear,311,311,336,311,propagated real-source observation mask,matched,336.0,[],0.42511008999043504,0.41379086056285147,0.29464285714285715,-0.4427978811796583,ok,0.973373416218283,-0.026987492189654155,True,18.0,18.0,False,44.0,primary,p9,qualification,1341,block_a,2160,8640,360,8,20,311,,,
C0067,network_volume_forecast,network_volume_forecast|router__general__packet_length_min,temporal,linear,311,311,336,311,propagated real-source observation mask,matched,336.0,[],0.42511008999043504,0.4160100516371934,0.29464285714285715,-0.4427978811796583,ok,0.9785936900405107,-0.021638748093425492,True,18.0,18.0,False,44.0,primary,p9,qualification,1341,block_b,2160,8640,360,8,20,311,,,
C0067,network_volume_forecast,network_volume_forecast|router__general__packet_length_min,temporal,linear,311,311,336,311,propagated real-source observation mask,matched,336.0,[],0.42511008999043504,0.465003203382663,0.29464285714285715,-0.4427978811796583,ok,1.0938418408114603,0.08969612390641622,True,18.0,18.0,False,44.0,primary,p9,qualification,1341,row_resample,2160,8640,360,8,20,311,,,
C0071,network_burst_prediction,network_burst_prediction|router__iot_named__mqtt_port_packets,temporal,linear,322,322,347,347,propagated real-source observation mask,matched,,,,,,,single_class,,,,,,,,primary,p9,qualification,1341,identity,2160,8640,360,8,20,322,,,
C0071,network_burst_prediction,network_burst_prediction|router__iot_named__mqtt_port_packets,temporal,linear,322,322,347,322,propagated real-source observation mask,matched,,,,,,,single_class,,,,,,,,primary,p9,qualification,1341,block_a,2160,8640,360,8,20,322,,,
C0071,network_burst_prediction,network_burst_prediction|router__iot_named__mqtt_port_packets,temporal,linear,322,322,347,322,propagated real-source observation mask,matched,,,,,,,single_class,,,,,,,,primary,p9,qualification,1341,block_b,2160,8640,360,8,20,322,,,
C0071,network_burst_prediction,network_burst_prediction|router__iot_named__mqtt_port_packets,temporal,linear,322,322,347,322,propagated real-source observation mask,matched,,,,,,,single_class,,,,,,,,primary,p9,qualification,1341,row_resample,2160,8640,360,8,20,322,,,
C0081,network_volume_forecast,network_volume_forecast|router__iot_named__udp_count,temporal,linear,320,320,345,345,propagated real-source observation mask,matched,345.0,[],0.2321436847329325,0.2321436847329325,0.4469565217391304,0.48061237851581246,ok,1.0,0.0,True,5.0,5.0,False,0.0,primary,p9,qualification,1341,identity,2160,8640,360,8,20,320,,,
C0081,network_volume_forecast,network_volume_forecast|router__iot_named__udp_count,temporal,linear,320,320,345,320,propagated real-source observation mask,matched,345.0,[],0.2321436847329325,0.23169885460597778,0.4469565217391304,0.48061237851581246,ok,0.9980838155150915,-0.0019180227150326459,True,5.0,5.0,False,0.0,primary,p9,qualification,1341,block_a,2160,8640,360,8,20,320,,,
C0081,network_volume_forecast,network_volume_forecast|router__iot_named__udp_count,temporal,linear,320,320,345,320,propagated real-source observation mask,matched,345.0,[],0.2321436847329325,0.23192752618335516,0.4469565217391304,0.48061237851581246,ok,0.9990688587982652,-0.000931574982998858,True,5.0,5.0,False,0.0,primary,p9,qualification,1341,block_b,2160,8640,360,8,20,320,,,
C0081,network_volume_forecast,network_volume_forecast|router__iot_named__udp_count,temporal,linear,320,320,345,320,propagated real-source observation mask,matched,345.0,[],0.2321436847329325,0.3982051727110424,0.4469565217391304,0.48061237851581246,ok,1.7153392441804038,0.5396108710738096,False,5.0,5.0,False,0.0,primary,p9,qualification,1341,row_resample,2160,8640,360,8,20,320,,,
C0082,network_volume_forecast,network_volume_forecast|router__iot_named__udp_count,temporal,linear,311,311,336,336,propagated real-source observation mask,matched,336.0,[],0.22785027075529035,0.22785027075529035,0.45178571428571435,0.495667384889476,ok,1.0,0.0,True,5.0,5.0,False,0.0,primary,p9,qualification,1341,identity,2160,8640,360,8,20,311,,,
C0082,network_volume_forecast,network_volume_forecast|router__iot_named__udp_count,temporal,linear,311,311,336,311,propagated real-source observation mask,matched,336.0,[],0.22785027075529035,0.22775169463858796,0.45178571428571435,0.495667384889476,ok,0.9995673644960982,-0.00043272911764283425,True,5.0,5.0,False,0.0,primary,p9,qualification,1341,block_a,2160,8640,360,8,20,311,,,
C0082,network_volume_forecast,network_volume_forecast|router__iot_named__udp_count,temporal,linear,311,311,336,311,propagated real-source observation mask,matched,336.0,[],0.22785027075529035,0.22813914674985153,0.45178571428571435,0.495667384889476,ok,1.0012678325709405,0.0012670295498857435,True,5.0,5.0,False,0.0,primary,p9,qualification,1341,block_b,2160,8640,360,8,20,311,,,
C0082,network_volume_forecast,network_volume_forecast|router__iot_named__udp_count,temporal,linear,311,311,336,311,propagated real-source observation mask,matched,336.0,[],0.22785027075529035,0.38435500759043995,0.45178571428571435,0.495667384889476,ok,1.686875360368716,0.5228779184210636,False,5.0,5.0,False,0.0,primary,p9,qualification,1341,row_resample,2160,8640,360,8,20,311,,,
C0085,network_volume_forecast,network_volume_forecast|router__iot_named__dns_port_packets,temporal,linear,320,320,345,345,propagated real-source observation mask,matched,345.0,[],0.2140323681364009,0.2140323681364009,0.3536231884057971,0.39474453272903026,ok,1.0,0.0,True,4.0,4.0,False,0.0,primary,p9,qualification,1341,identity,2160,8640,360,8,20,320,,,
C0085,network_volume_forecast,network_volume_forecast|router__iot_named__dns_port_packets,temporal,linear,320,320,345,320,propagated real-source observation mask,matched,345.0,[],0.2140323681364009,0.2140323681364009,0.3536231884057971,0.39474453272903026,ok,1.0,0.0,True,4.0,4.0,False,0.0,primary,p9,qualification,1341,block_a,2160,8640,360,8,20,320,,,
C0085,network_volume_forecast,network_volume_forecast|router__iot_named__dns_port_packets,temporal,linear,320,320,345,320,propagated real-source observation mask,matched,345.0,[],0.2140323681364009,0.21403236813640084,0.3536231884057971,0.39474453272903026,ok,0.9999999999999998,-2.2204460492503136e-16,True,4.0,4.0,False,0.0,primary,p9,qualification,1341,block_b,2160,8640,360,8,20,320,,,
C0085,network_volume_forecast,network_volume_forecast|router__iot_named__dns_port_packets,temporal,linear,320,320,345,320,propagated real-source observation mask,matched,345.0,[],0.2140323681364009,0.5004919284326161,0.3536231884057971,0.39474453272903026,ok,2.3383936401323053,0.849464215059364,False,4.0,4.0,False,0.0,primary,p9,qualification,1341,row_resample,2160,8640,360,8,20,320,,,
C0086,network_volume_forecast,network_volume_forecast|router__iot_named__dns_port_packets,temporal,linear,311,311,336,336,propagated real-source observation mask,matched,336.0,[],0.2175584949776774,0.2175584949776774,0.3541666666666667,0.38571719065126386,ok,1.0,0.0,True,4.0,4.0,False,0.0,primary,p9,qualification,1341,identity,2160,8640,360,8,20,311,,,
C0086,network_volume_forecast,network_volume_forecast|router__iot_named__dns_port_packets,temporal,linear,311,311,336,311,propagated real-source observation mask,matched,336.0,[],0.2175584949776774,0.21765577545006914,0.3541666666666667,0.38571719065126386,ok,1.000447146283126,0.00044704634301745313,True,4.0,4.0,False,0.0,primary,p9,qualification,1341,block_a,2160,8640,360,8,20,311,,,
C0086,network_volume_forecast,network_volume_forecast|router__iot_named__dns_port_packets,temporal,linear,311,311,336,311,propagated real-source observation mask,matched,336.0,[],0.2175584949776774,0.2176557754500692,0.3541666666666667,0.38571719065126386,ok,1.0004471462831261,0.0004470463430176751,True,4.0,4.0,False,0.0,primary,p9,qualification,1341,block_b,2160,8640,360,8,20,311,,,
C0086,network_volume_forecast,network_volume_forecast|router__iot_named__dns_port_packets,temporal,linear,311,311,336,311,propagated real-source observation mask,matched,336.0,[],0.2175584949776774,0.4901019080473749,0.3541666666666667,0.38571719065126386,ok,2.2527362496126013,0.8121455882913211,False,4.0,4.0,False,0.0,primary,p9,qualification,1341,row_resample,2160,8640,360,8,20,311,,,
