column,tier,family,signal_class,minimum_observed,maximum_observed,zero_rate_observed,observed_count,nonfinite_count,binary,integer_like,nonnegative,support_selection_basis
router__pkt_total,router,router__pkt_total,protocol_other,0.0,28371.0,0.06537144845617764,1275924,1770,False,True,True,finite observed values before imputation
router__bytes_total,router,router__bytes_total,byte_volume,0.0,40227872.0,0.06537144845617764,1275924,1770,False,True,True,finite observed values before imputation
router__tcp_syn,router,router__tcp_syn,packet_count,0.0,3270.0,0.9356873920390243,1275924,1770,False,True,True,finite observed values before imputation
router__tcp_ack,router,router__tcp_ack,packet_count,0.0,23767.0,0.5514113693292076,1275924,1770,False,True,True,finite observed values before imputation
router__tcp_rst,router,router__tcp_rst,packet_count,0.0,504.0,0.9754522996667513,1275924,1770,False,True,True,finite observed values before imputation
router__tcp_fin,router,router__tcp_fin,packet_count,0.0,138.0,0.9308861656336898,1275924,1770,False,True,True,finite observed values before imputation
router__tcp_pkt,router,router__tcp_pkt,packet_count,0.0,23767.0,0.547813192635298,1275924,1770,False,True,True,finite observed values before imputation
router__udp_pkt,router,router__udp_pkt,packet_count,0.0,28367.0,0.3894213134951612,1275924,1770,False,True,True,finite observed values before imputation
router__icmp_pkt,router,router__icmp_pkt,packet_count,0.0,40.0,0.9825334424307404,1275924,1770,False,True,True,finite observed values before imputation
router__arp_pkt,router,router__arp_pkt,protocol_other,0.0,139.0,0.3083490866227142,1275924,1770,False,True,True,finite observed values before imputation
router__arp_req,router,router__arp_req,protocol_other,0.0,137.0,0.3210214714983024,1275924,1770,False,True,True,finite observed values before imputation
router__arp_reply,router,router__arp_reply,protocol_other,0.0,8.0,0.5748289083048833,1275924,1770,False,True,True,finite observed values before imputation
router__dns_pkt,router,router__dns_pkt,packet_count,0.0,951.0,0.8660272868916957,1275924,1770,False,True,True,finite observed values before imputation
router__dns_query,router,router__dns_query,packet_count,0.0,634.0,0.8967156351005232,1275924,1770,False,True,True,finite observed values before imputation
router__dns_response,router,router__dns_response,packet_count,0.0,317.0,0.8753765898282343,1275924,1770,False,True,True,finite observed values before imputation
router__dns_rcode0_ok,router,router__dns_rcode0_ok,packet_count,0.0,94.0,0.8770232396286927,1275924,1770,False,True,True,finite observed values before imputation
router__dns_rcode2_sf,router,router__dns_rcode2_sf,packet_count,0.0,9.0,0.9999984325085193,1275924,1770,True,True,True,finite observed values before imputation
router__dns_rcode3_nx,router,router__dns_rcode3_nx,packet_count,0.0,293.0,0.9989011884720407,1275924,1770,False,True,True,finite observed values before imputation
router__dns_rcode_other,router,router__dns_rcode_other,packet_count,0.0,87.0,0.9983329728102928,1275924,1770,True,True,True,finite observed values before imputation
router__dhcp_pkt,router,router__dhcp_pkt,protocol_other,0.0,18.0,0.9959535207426148,1275924,1770,False,True,True,finite observed values before imputation
router__ip_src_unique,router,router__ip_src_unique,protocol_other,0.0,35.0,0.21763678714406187,1275924,1770,False,True,True,finite observed values before imputation
router__ip_dst_unique,router,router__ip_dst_unique,protocol_other,0.0,43.0,0.21763678714406187,1275924,1770,False,True,True,finite observed values before imputation
router__dst_port_unique,router,router__dst_port_unique,protocol_other,0.0,168.0,0.22590530470466894,1275924,1770,False,True,True,finite observed values before imputation
router__ip_src_entropy,router,router__ip_src_entropy,protocol_other,-1.000088900582341e-12,2.658193349838257,0.2556704004313737,1275924,1770,False,False,False,finite observed values before imputation
router__ip_dst_entropy,router,router__ip_dst_entropy,protocol_other,-1.000088900582341e-12,2.9420669078826904,0.2556704004313737,1275924,1770,False,False,False,finite observed values before imputation
router__dst_port_entropy,router,router__dst_port_entropy,protocol_other,-1.000088900582341e-12,3.029470443725586,0.2647689047310028,1275924,1770,False,False,False,finite observed values before imputation
router__traffic_present,router,router__traffic_present,protocol_other,0.0,1.0,0.06537144845617764,1275924,1770,True,True,True,finite observed values before imputation
router__obs_present,router,router__obs_present,protocol_other,0.0,1.0,0.0013853082193389028,1277694,0,True,True,True,finite observed values before imputation
router__pkt_rate,router,router__pkt_rate,protocol_other,0.0,28371.0,0.06537144845617764,1275924,1770,False,True,True,finite observed values before imputation
router__byte_rate,router,router__byte_rate,byte_volume,0.0,40227872.0,0.06537144845617764,1275924,1770,False,True,True,finite observed values before imputation
router__avg_pkt_bytes,router,router__avg_pkt_bytes,byte_volume,0.0,2191.403076171875,0.06537144845617764,1275924,1770,False,False,True,finite observed values before imputation
router__tcp_share,router,router__tcp_share,packet_count,0.0,1.0,0.547813192635298,1275924,1770,False,False,True,finite observed values before imputation
router__udp_share,router,router__udp_share,packet_count,0.0,1.0,0.3894213134951612,1275924,1770,False,False,True,finite observed values before imputation
router__icmp_share,router,router__icmp_share,packet_count,0.0,1.0,0.9825334424307404,1275924,1770,False,False,True,finite observed values before imputation
router__tcp_syn_rate,router,router__tcp_syn_rate,packet_count,0.0,5.0,0.9356873920390243,1275924,1770,False,False,True,finite observed values before imputation
router__tcp_rst_rate,router,router__tcp_rst_rate,packet_count,0.0,1.0,0.9754522996667513,1275924,1770,False,False,True,finite observed values before imputation
router__tcp_fin_rate,router,router__tcp_fin_rate,packet_count,0.0,1.0,0.9308861656336898,1275924,1770,False,False,True,finite observed values before imputation
router__tcp_syn_minus_ack,router,router__tcp_syn_minus_ack,packet_count,0.0,3270.0,0.9961659158382474,1275924,1770,False,True,True,finite observed values before imputation
router__tcp_syn_minus_ack_rate,router,router__tcp_syn_minus_ack_rate,packet_count,0.0,5.0,0.9961659158382474,1275924,1770,False,True,True,finite observed values before imputation
router__dst_port_per_pkt,router,router__dst_port_per_pkt,protocol_other,0.0,1.0,0.22590530470466894,1275924,1770,False,False,True,finite observed values before imputation
router__dst_port_per_tcp,router,router__dst_port_per_tcp,packet_count,0.0,19.0,0.22590530470466894,1275924,1770,False,False,True,finite observed values before imputation
router__dst_ip_per_pkt,router,router__dst_ip_per_pkt,protocol_other,0.0,1.0,0.21763678714406187,1275924,1770,False,False,True,finite observed values before imputation
router__dst_port_entropy_norm,router,router__dst_port_entropy_norm,protocol_other,-1.000088900582341e-12,1.0,0.2647689047310028,1275924,1770,False,False,False,finite observed values before imputation
router__dst_ip_entropy_norm,router,router__dst_ip_entropy_norm,protocol_other,-1.000088900582341e-12,1.0,0.2556704004313737,1275924,1770,False,False,False,finite observed values before imputation
router__dns_share,router,router__dns_share,packet_count,0.0,1.0,0.8660272868916957,1275924,1770,False,False,True,finite observed values before imputation
router__dns_nx_rate,router,router__dns_nx_rate,packet_count,0.0,1.0,0.9989011884720407,1275924,1770,False,True,True,finite observed values before imputation
router__dns_servfail_rate,router,router__dns_servfail_rate,packet_count,0.0,0.529411792755127,0.9999984325085193,1275924,1770,True,True,True,finite observed values before imputation
router__arp_share,router,router__arp_share,protocol_other,0.0,1.0,0.3083490866227142,1275924,1770,False,False,True,finite observed values before imputation
router__arp_req_rate,router,router__arp_req_rate,protocol_other,0.0,1.0,0.3210214714983024,1275924,1770,False,False,True,finite observed values before imputation
router__arp_reply_rate,router,router__arp_reply_rate,protocol_other,0.0,1.0,0.5748289083048833,1275924,1770,False,False,True,finite observed values before imputation
router__pkt_total__diff1,router,router__pkt_total,protocol_other,-27657.0,26150.0,0.05381276627761528,1275924,1770,False,True,False,finite observed values before imputation
router__pkt_total__absdiff1,router,router__pkt_total,protocol_other,0.0,27657.0,0.05381276627761528,1275924,1770,False,True,True,finite observed values before imputation
router__bytes_total__diff1,router,router__bytes_total,byte_volume,-33952808.0,30840332.0,0.017381129283562342,1275924,1770,False,True,False,finite observed values before imputation
router__bytes_total__absdiff1,router,router__bytes_total,byte_volume,0.0,33952808.0,0.017381129283562342,1275924,1770,False,True,True,finite observed values before imputation
router__tcp_syn__diff1,router,router__tcp_syn,packet_count,-1098.0,780.0,0.8898178888397742,1275924,1770,False,True,False,finite observed values before imputation
router__tcp_syn__absdiff1,router,router__tcp_syn,packet_count,0.0,1098.0,0.8898178888397742,1275924,1770,False,True,True,finite observed values before imputation
router__tcp_rst__diff1,router,router__tcp_rst,packet_count,-504.0,504.0,0.9540466360065333,1275924,1770,False,True,False,finite observed values before imputation
router__tcp_rst__absdiff1,router,router__tcp_rst,packet_count,0.0,504.0,0.9540466360065333,1275924,1770,False,True,True,finite observed values before imputation
router__dns_pkt__diff1,router,router__dns_pkt,packet_count,-951.0,951.0,0.7723069712616112,1275924,1770,False,True,False,finite observed values before imputation
router__dns_pkt__absdiff1,router,router__dns_pkt,packet_count,0.0,951.0,0.7723069712616112,1275924,1770,False,True,True,finite observed values before imputation
router__arp_pkt__diff1,router,router__arp_pkt,protocol_other,-128.0,134.0,0.25588201178126596,1275924,1770,False,True,False,finite observed values before imputation
router__arp_pkt__absdiff1,router,router__arp_pkt,protocol_other,0.0,134.0,0.25588201178126596,1275924,1770,False,True,True,finite observed values before imputation
router__dst_port_unique__diff1,router,router__dst_port_unique,protocol_other,-164.0,164.0,0.16795671215526944,1275924,1770,False,True,False,finite observed values before imputation
router__dst_port_unique__absdiff1,router,router__dst_port_unique,protocol_other,0.0,164.0,0.16795671215526944,1275924,1770,False,True,True,finite observed values before imputation
router__ip_dst_unique__diff1,router,router__ip_dst_unique,protocol_other,-25.0,28.0,0.1598457274884711,1275924,1770,False,True,False,finite observed values before imputation
router__ip_dst_unique__absdiff1,router,router__ip_dst_unique,protocol_other,0.0,28.0,0.1598457274884711,1275924,1770,False,True,True,finite observed values before imputation
router__pkt_total__roll30_mean,router,router__pkt_total,protocol_other,0.0,7503.7998046875,0.0015353579053297844,1275924,1770,False,False,True,finite observed values before imputation
router__pkt_total__roll30_std,router,router__pkt_total,protocol_other,0.0,7914.181640625,0.00042008771682325904,1275924,1770,False,False,True,finite observed values before imputation
router__pkt_total__roll30_z,router,router__pkt_total,protocol_other,-3.247922897338867,5.385164737701416,0.002776027412291014,1275924,1770,False,False,False,finite observed values before imputation
router__bytes_total__roll30_mean,router,router__bytes_total,byte_volume,0.0,11161574.0,0.0015353579053297844,1275924,1770,False,False,True,finite observed values before imputation
router__bytes_total__roll30_std,router,router__bytes_total,byte_volume,0.0,11026822.0,0.001308855386370975,1275924,1770,False,False,True,finite observed values before imputation
router__bytes_total__roll30_z,router,router__bytes_total,byte_volume,-3.4867820739746094,5.385164737701416,0.0015439791084735455,1275924,1770,False,False,False,finite observed values before imputation
router__dst_port_unique__roll30_mean,router,router__dst_port_unique,protocol_other,0.0,34.233333587646484,0.0015455465999542292,1275924,1770,False,False,True,finite observed values before imputation
router__dst_port_unique__roll30_std,router,router__dst_port_unique,protocol_other,0.0,41.59221267700195,0.001198347236982767,1275924,1770,False,False,True,finite observed values before imputation
router__dst_port_unique__roll30_z,router,router__dst_port_unique,protocol_other,-2.876878023147583,5.385164737701416,0.00958912913308316,1275924,1770,False,False,False,finite observed values before imputation
router__tcp_syn_minus_ack__roll30_mean,router,router__tcp_syn_minus_ack,packet_count,0.0,1299.5333251953125,0.9664243324837529,1275924,1770,False,False,True,finite observed values before imputation
router__tcp_syn_minus_ack__roll30_std,router,router__tcp_syn_minus_ack,packet_count,0.0,1212.034423828125,0.9664243324837529,1275924,1770,False,False,True,finite observed values before imputation
router__tcp_syn_minus_ack__roll30_z,router,router__tcp_syn_minus_ack,packet_count,-3.513584613800049,5.385164737701416,0.9664306024496757,1275924,1770,False,False,False,finite observed values before imputation
router__dns_pkt__roll30_mean,router,router__dns_pkt,packet_count,0.0,89.80000305175781,0.06028728983857973,1275924,1770,False,False,True,finite observed values before imputation
router__dns_pkt__roll30_std,router,router__dns_pkt,packet_count,0.0,170.6759796142578,0.026558791902966006,1275924,1770,False,False,True,finite observed values before imputation
router__dns_pkt__roll30_z,router,router__dns_pkt,packet_count,-2.0396463871002197,5.385164737701416,0.06061803054100401,1275924,1770,False,False,False,finite observed values before imputation
router__arp_pkt__roll30_mean,router,router__arp_pkt,protocol_other,0.0,20.0,0.0015667077349434606,1275924,1770,False,False,True,finite observed values before imputation
router__arp_pkt__roll30_std,router,router__arp_pkt,protocol_other,0.0,42.812522888183594,0.0012265620836350755,1275924,1770,False,False,True,finite observed values before imputation
router__arp_pkt__roll30_z,router,router__arp_pkt,protocol_other,-2.9547502994537354,5.385164737701416,0.005181343089400309,1275924,1770,False,False,False,finite observed values before imputation
router__pkt_total__roll300_mean,router,router__pkt_total,protocol_other,0.0,3290.623291015625,0.0005705668989689041,1275924,1770,False,False,True,finite observed values before imputation
router__pkt_total__roll300_std,router,router__pkt_total,protocol_other,4.584412818076089e-05,4208.1982421875,0.0,1275924,1770,False,False,True,finite observed values before imputation
router__pkt_total__roll300_z,router,router__pkt_total,protocol_other,-2.2562453746795654,17.291616439819336,0.0006567789304065132,1275924,1770,False,False,False,finite observed values before imputation
router__bytes_total__roll300_mean,router,router__bytes_total,byte_volume,0.0,5655905.5,0.0005705668989689041,1275924,1770,False,False,True,finite observed values before imputation
router__bytes_total__roll300_std,router,router__bytes_total,byte_volume,0.0,6307502.5,0.0005705668989689041,1275924,1770,False,False,True,finite observed values before imputation
router__bytes_total__roll300_z,router,router__bytes_total,byte_volume,-1.6268103122711182,17.291616439819336,0.0005705668989689041,1275924,1770,False,False,False,finite observed values before imputation
router__dst_port_unique__roll300_mean,router,router__dst_port_unique,protocol_other,0.0,14.09666633605957,0.0005705668989689041,1275924,1770,False,False,True,finite observed values before imputation
router__dst_port_unique__roll300_std,router,router__dst_port_unique,protocol_other,0.0,15.860641479492188,0.0005705668989689041,1275924,1770,False,False,True,finite observed values before imputation
router__dst_port_unique__roll300_z,router,router__dst_port_unique,protocol_other,-2.758423328399658,17.291616439819336,0.0014428759079694402,1275924,1770,False,False,False,finite observed values before imputation
router__tcp_syn_minus_ack__roll300_mean,router,router__tcp_syn_minus_ack,packet_count,0.0,174.85667419433594,0.7511928610168004,1275924,1770,False,False,True,finite observed values before imputation
router__tcp_syn_minus_ack__roll300_std,router,router__tcp_syn_minus_ack,packet_count,0.0,496.327392578125,0.7511928610168004,1275924,1770,False,False,True,finite observed values before imputation
router__tcp_syn_minus_ack__roll300_z,router,router__tcp_syn_minus_ack,packet_count,-2.0091023445129395,17.291616439819336,0.7511928610168004,1275924,1770,False,False,False,finite observed values before imputation
router__dns_pkt__roll300_mean,router,router__dns_pkt,packet_count,0.0,43.90666580200195,0.0005744856276706136,1275924,1770,False,False,True,finite observed values before imputation
router__dns_pkt__roll300_std,router,router__dns_pkt,packet_count,0.0,55.63136672973633,0.0005744856276706136,1275924,1770,False,False,True,finite observed values before imputation
router__dns_pkt__roll300_z,router,router__dns_pkt,packet_count,-1.2639130353927612,17.291616439819336,0.0005987817456212125,1275924,1770,False,False,False,finite observed values before imputation
router__arp_pkt__roll300_mean,router,router__arp_pkt,protocol_other,0.0,5.349999904632568,0.000571350644709246,1275924,1770,False,False,True,finite observed values before imputation
router__arp_pkt__roll300_std,router,router__arp_pkt,protocol_other,0.0,14.609271049499512,0.000571350644709246,1275924,1770,False,False,True,finite observed values before imputation
router__arp_pkt__roll300_z,router,router__arp_pkt,protocol_other,-2.1390135288238525,17.291616439819336,0.0006121054232070249,1275924,1770,False,False,False,finite observed values before imputation
ota24__obs_present,ota,ota__obs_present,protocol_other,0.0,1.0,0.0003475010448511146,1277694,0,True,True,True,finite observed values before imputation
ota5__obs_present,ota,ota__obs_present,protocol_other,0.0,1.0,0.0003381091247200034,1277694,0,True,True,True,finite observed values before imputation
ota__obs_present,ota,ota__obs_present,protocol_other,0.0,1.0,5.4786200764815365e-06,1277694,0,True,True,True,finite observed values before imputation
ota24__traffic_present,ota,ota__traffic_present,protocol_other,0.0,1.0,6.0285770209434333e-05,1277250,444,True,True,True,finite observed values before imputation
ota5__traffic_present,ota,ota__traffic_present,protocol_other,0.0,1.0,2.0356042847904345e-05,1277262,432,True,True,True,finite observed values before imputation
ota24__pkt_total,ota,ota__pkt_total,protocol_other,0.0,7351.0,6.0285770209434333e-05,1277250,444,False,True,True,finite observed values before imputation
ota24__bytes_total,ota,ota__bytes_total,byte_volume,0.0,9314559.0,6.0285770209434333e-05,1277250,444,False,True,True,finite observed values before imputation
ota24__mgmt,ota,ota__mgmt,management_control,0.0,126.0,0.0004000782932080642,1277250,444,False,True,True,finite observed values before imputation
ota24__data,ota,ota__data,protocol_other,0.0,7341.0,0.06214288510471717,1277250,444,False,True,True,finite observed values before imputation
ota24__beacon,ota,ota__beacon,management_control,0.0,11.0,0.0006169504795458994,1277250,444,False,True,True,finite observed values before imputation
ota24__probe_req,ota,ota__probe_req,management_control,0.0,120.0,0.9795404188686632,1277250,444,False,True,True,finite observed values before imputation
ota24__probe_resp,ota,ota__probe_resp,management_control,0.0,66.0,0.6473086709727931,1277250,444,False,True,True,finite observed values before imputation
ota24__auth,ota,ota__auth,management_control,0.0,12.0,0.9997674691720493,1277250,444,False,True,True,finite observed values before imputation
ota24__assoc_req,ota,ota__assoc_req,management_control,0.0,13.0,0.9998019181835975,1277250,444,True,True,True,finite observed values before imputation
ota24__assoc_resp,ota,ota__assoc_resp,management_control,0.0,4.0,0.9998066157760814,1277250,444,True,True,True,finite observed values before imputation
ota24__deauth,ota,ota__deauth,management_control,0.0,15.0,0.9998019181835975,1277250,444,False,True,True,finite observed values before imputation
ota24__disassoc,ota,ota__disassoc,management_control,0.0,31.0,0.999925621452339,1277250,444,False,True,True,finite observed values before imputation
ota24__action,ota,ota__action,protocol_other,0.0,107.0,0.9996108827559209,1277250,444,False,True,True,finite observed values before imputation
ota24__bssid_unique,ota,ota__bssid_unique,protocol_other,0.0,11.0,6.0285770209434333e-05,1277250,444,False,True,True,finite observed values before imputation
ota24__sa_unique,ota,ota__sa_unique,protocol_other,0.0,17.0,6.0285770209434333e-05,1277250,444,False,True,True,finite observed values before imputation
ota24__da_unique,ota,ota__da_unique,protocol_other,0.0,22.0,6.0285770209434333e-05,1277250,444,False,True,True,finite observed values before imputation
ota24__rssi_n,ota,ota__rssi_n,radio_quality,0.0,1215.0,6.0285770209434333e-05,1277250,444,False,True,True,finite observed values before imputation
ota24__rssi_mean,ota,ota__rssi_mean,radio_quality,-84.0,0.0,6.0285770209434333e-05,1277250,444,False,False,False,finite observed values before imputation
ota24__rssi_min,ota,ota__rssi_min,radio_quality,-110.0,0.0,6.0285770209434333e-05,1277250,444,False,True,False,finite observed values before imputation
ota24__rssi_max,ota,ota__rssi_max,radio_quality,-84.0,20.0,6.0285770209434333e-05,1277250,444,False,True,False,finite observed values before imputation
ota5__pkt_total,ota,ota__pkt_total,protocol_other,0.0,6668.0,2.0356042847904345e-05,1277262,432,False,True,True,finite observed values before imputation
ota5__bytes_total,ota,ota__bytes_total,byte_volume,0.0,415174.0,2.0356042847904345e-05,1277262,432,False,True,True,finite observed values before imputation
ota5__mgmt,ota,ota__mgmt,management_control,0.0,296.0,2.8185290097098323e-05,1277262,432,False,True,True,finite observed values before imputation
ota5__data,ota,ota__data,protocol_other,0.0,6659.0,0.09380847469039241,1277262,432,False,True,True,finite observed values before imputation
ota5__beacon,ota,ota__beacon,management_control,0.0,11.0,0.0002975113954693712,1277262,432,False,True,True,finite observed values before imputation
ota5__probe_req,ota,ota__probe_req,management_control,0.0,25.0,0.9832649840048479,1277262,432,False,True,True,finite observed values before imputation
ota5__probe_resp,ota,ota__probe_resp,management_control,0.0,202.0,0.8129357954750083,1277262,432,False,True,True,finite observed values before imputation
ota5__auth,ota,ota__auth,management_control,0.0,270.0,0.9988890298153393,1277262,432,False,True,True,finite observed values before imputation
ota5__assoc_req,ota,ota__assoc_req,management_control,0.0,3.0,0.9998324541088672,1277262,432,True,True,True,finite observed values before imputation
ota5__assoc_resp,ota,ota__assoc_resp,management_control,0.0,5.0,0.9998316711841423,1277262,432,True,True,True,finite observed values before imputation
ota5__deauth,ota,ota__deauth,management_control,0.0,30.0,0.9998528101517151,1277262,432,True,True,True,finite observed values before imputation
ota5__disassoc,ota,ota__disassoc,management_control,0.0,27.0,0.9999663342368285,1277262,432,True,True,True,finite observed values before imputation
ota5__action,ota,ota__action,protocol_other,0.0,180.0,0.980029156116756,1277262,432,False,True,True,finite observed values before imputation
ota5__bssid_unique,ota,ota__bssid_unique,protocol_other,0.0,12.0,2.0356042847904345e-05,1277262,432,False,True,True,finite observed values before imputation
ota5__sa_unique,ota,ota__sa_unique,protocol_other,0.0,17.0,2.0356042847904345e-05,1277262,432,False,True,True,finite observed values before imputation
ota5__da_unique,ota,ota__da_unique,protocol_other,0.0,18.0,2.0356042847904345e-05,1277262,432,False,True,True,finite observed values before imputation
ota5__rssi_n,ota,ota__rssi_n,radio_quality,0.0,6668.0,2.0356042847904345e-05,1277262,432,False,True,True,finite observed values before imputation
ota5__rssi_mean,ota,ota__rssi_mean,radio_quality,-84.5,0.0,2.0356042847904345e-05,1277262,432,False,False,False,finite observed values before imputation
ota5__rssi_min,ota,ota__rssi_min,radio_quality,-91.0,0.0,2.0356042847904345e-05,1277262,432,False,True,False,finite observed values before imputation
ota5__rssi_max,ota,ota__rssi_max,radio_quality,-84.0,0.0,2.0356042847904345e-05,1277262,432,False,True,False,finite observed values before imputation
ota__pkt_total,ota,ota__pkt_total,protocol_other,0.0,7377.0,7.826642988462746e-07,1277687,7,False,True,True,finite observed values before imputation
ota__bytes_total,ota,ota__bytes_total,byte_volume,0.0,9328493.0,7.826642988462746e-07,1277687,7,False,True,True,finite observed values before imputation
ota__traffic_present,ota,ota__traffic_present,protocol_other,0.0,1.0,7.826642988462746e-07,1277687,7,True,True,True,finite observed values before imputation
ota__mgmt,ota,ota__mgmt,management_control,0.0,311.0,1.5653285976925491e-06,1277687,7,False,True,True,finite observed values before imputation
ota__data,ota,ota__data,protocol_other,0.0,7346.0,0.01507567972437694,1277687,7,False,True,True,finite observed values before imputation
ota__beacon,ota,ota__beacon,management_control,0.0,21.0,0.00010487701604540079,1277687,7,False,True,True,finite observed values before imputation
ota__probe_req,ota,ota__probe_req,management_control,0.0,120.0,0.9670920968907095,1277687,7,False,True,True,finite observed values before imputation
ota__probe_resp,ota,ota__probe_resp,management_control,0.0,202.0,0.5464241242182162,1277687,7,False,True,True,finite observed values before imputation
ota__auth,ota,ota__auth,management_control,0.0,270.0,0.9986639920418694,1277687,7,False,True,True,finite observed values before imputation
ota__assoc_req,ota,ota__assoc_req,management_control,0.0,13.0,0.9996391917582319,1277687,7,True,True,True,finite observed values before imputation
ota__assoc_resp,ota,ota__assoc_resp,management_control,0.0,5.0,0.9996423224154273,1277687,7,True,True,True,finite observed values before imputation
ota__deauth,ota,ota__deauth,management_control,0.0,30.0,0.9996564103728065,1277687,7,False,True,True,finite observed values before imputation
ota__disassoc,ota,ota__disassoc,management_control,0.0,31.0,0.9998919923267592,1277687,7,False,True,True,finite observed values before imputation
ota__action,ota,ota__action,protocol_other,0.0,180.0,0.9796530762228934,1277687,7,False,True,True,finite observed values before imputation
zigbee__channel,zigbee,zigbee__channel,management_control,11.0,11.0,0.0,1169553,108141,False,True,True,finite observed values before imputation
zigbee__pkt_total,zigbee,zigbee__pkt_total,protocol_other,1.0,88.0,0.0,1169553,108141,False,True,True,finite observed values before imputation
zigbee__bytes_total,zigbee,zigbee__bytes_total,byte_volume,5.0,3211.0,0.0,1169553,108141,False,True,True,finite observed values before imputation
zigbee__beacon,zigbee,zigbee__beacon,management_control,0.0,15.0,0.8186059118312723,1169553,108141,False,True,True,finite observed values before imputation
zigbee__data,zigbee,zigbee__data,protocol_other,0.0,45.0,0.27022204209642486,1169553,108141,False,True,True,finite observed values before imputation
zigbee__ack,zigbee,zigbee__ack,packet_count,0.0,40.0,0.11961407477899676,1169553,108141,False,True,True,finite observed values before imputation
zigbee__cmd,zigbee,zigbee__cmd,protocol_other,0.0,12.0,0.5921373379402216,1169553,108141,False,True,True,finite observed values before imputation
zigbee__other_type,zigbee,zigbee__other_type,protocol_other,0.0,18.0,0.83943523722311,1169553,108141,False,True,True,finite observed values before imputation
zigbee__nwk_present,zigbee,zigbee__nwk_present,protocol_other,0.0,40.0,0.4062979616998973,1169553,108141,False,True,True,finite observed values before imputation
zigbee__aps_present,zigbee,zigbee__aps_present,protocol_other,0.0,24.0,0.9989833722798368,1169553,108141,False,True,True,finite observed values before imputation
zigbee__zcl_present,zigbee,zigbee__zcl_present,protocol_other,0.0,24.0,0.9990321088484233,1169553,108141,False,True,True,finite observed values before imputation
zigbee__panid_unique,zigbee,zigbee__panid_unique,protocol_other,0.0,10.0,0.15417685218198748,1169553,108141,False,True,True,finite observed values before imputation
zigbee__src16_unique,zigbee,zigbee__src16_unique,protocol_other,0.0,14.0,0.1774387308655529,1169553,108141,False,True,True,finite observed values before imputation
zigbee__dst16_unique,zigbee,zigbee__dst16_unique,protocol_other,0.0,12.0,0.1554123669470302,1169553,108141,False,True,True,finite observed values before imputation
zigbee__src64_unique,zigbee,zigbee__src64_unique,protocol_other,0.0,5.0,0.7791352764688732,1169553,108141,False,True,True,finite observed values before imputation
zigbee__dst64_unique,zigbee,zigbee__dst64_unique,protocol_other,0.0,5.0,0.980506227592935,1169553,108141,False,True,True,finite observed values before imputation
zigbee__obs_present,zigbee,zigbee__obs_present,protocol_other,0.0,1.0,0.0846376362415414,1277694,0,True,True,True,finite observed values before imputation
zigbee__app_obs_present,zigbee,zigbee__app_obs_present,protocol_other,0.0,1.0,0.9989833722798368,1169553,108141,True,True,True,finite observed values before imputation
zigbee__aps_obs_present,zigbee,zigbee__aps_obs_present,protocol_other,0.0,1.0,0.9989833722798368,1169553,108141,True,True,True,finite observed values before imputation
zigbee__zcl_obs_present,zigbee,zigbee__zcl_obs_present,protocol_other,0.0,1.0,0.9990321088484233,1169553,108141,True,True,True,finite observed values before imputation
zigbee__beacon_rate,zigbee,zigbee__beacon_rate,management_control,0.0,1.0,0.8186059118312723,1169553,108141,False,False,True,finite observed values before imputation
zigbee__data_rate,zigbee,zigbee__data_rate,protocol_other,0.0,1.0,0.27022204209642486,1169553,108141,False,False,True,finite observed values before imputation
zigbee__ack_rate,zigbee,zigbee__ack_rate,packet_count,0.0,1.0,0.11961407477899676,1169553,108141,False,False,True,finite observed values before imputation
zigbee__cmd_rate,zigbee,zigbee__cmd_rate,protocol_other,0.0,1.0,0.5921373379402216,1169553,108141,False,False,True,finite observed values before imputation
zigbee__other_rate,zigbee,zigbee__other_rate,protocol_other,0.0,1.0,0.83943523722311,1169553,108141,False,False,True,finite observed values before imputation
zigbee__pps,zigbee,zigbee__pps,protocol_other,1.0,88.0,0.0,1169553,108141,False,True,True,finite observed values before imputation
zb__app_event_flag,zigbee,zigbee__app_event_flag,state_event,0.0,1.0,0.9991140288676319,1277694,0,True,True,True,finite observed values before imputation
zb__app_event_intensity,zigbee,zigbee__app_event_intensity,state_event,0.0,4.158883094787598,0.9991140288676319,1277694,0,False,True,True,finite observed values before imputation
net__obs_all,router,router__obs_all,protocol_other,0.0,1.0,0.08592980791958012,1277694,0,True,True,True,finite observed values before imputation
ota__traffic_obs_present,ota,ota__traffic_obs_present,protocol_other,0.0,1.0,7.826642988462746e-07,1277687,7,True,True,True,finite observed values before imputation
iot__coffee_maker__sensor__coffee_and_milk_cups__value,iot,iot__coffee_maker,protocol_other,3.0,3.0,0.0,1052548,225146,False,True,True,finite observed values before imputation
iot__coffee_maker__sensor__coffees__value,iot,iot__coffee_maker,protocol_other,1119.0,1139.0,0.0,1217174,60520,False,True,True,finite observed values before imputation
iot__coffee_maker__sensor__hot_water_cups__value,iot,iot__coffee_maker,protocol_other,222.0,222.0,0.0,1052548,225146,False,True,True,finite observed values before imputation
iot__coffee_maker__sensor__programme_progress__value,iot,iot__coffee_maker,protocol_other,0.0,100.0,0.2679270889470156,1217264,60430,False,True,True,finite observed values before imputation
iot__coffee_maker__switch__power__state,iot,iot__coffee_maker,state_event,0.0,1.0,0.9673579437164,1217264,60430,True,True,True,finite observed values before imputation
iot__coffee_maker_connectivity__binary_sensor__state__state,iot,iot__coffee_maker_connectivity,state_event,0.0,1.0,0.12530711130112585,1052550,225144,True,True,True,finite observed values before imputation
iot__coffee_maker_drip_tray_full__sensor__state__state,iot,iot__coffee_maker_drip_tray_full,state_event,0.0,1.0,0.9997681815936186,1052548,225146,True,True,True,finite observed values before imputation
iot__coffee_maker_fill_quantity__number__state__value,iot,iot__coffee_maker_fill_quantity,state_event,320.0,320.0,0.0,1052547,225147,False,True,True,finite observed values before imputation
iot__coffee_maker_hot__sensor__water__value,iot,iot__coffee_maker_hot,protocol_other,50500.0,50500.0,0.0,1052548,225146,False,True,True,finite observed values before imputation
iot__coffee_maker_local_control__binary_sensor__state__state,iot,iot__coffee_maker_local_control,state_event,0.0,1.0,0.9996204322471561,1217174,60520,True,True,True,finite observed values before imputation
iot__coffee_maker_remote_start__binary_sensor__state__state,iot,iot__coffee_maker_remote_start,state_event,1.0,1.0,0.0,1052548,225146,True,True,True,finite observed values before imputation
iot__door_window_sensor_pid_005__binary_sensor__contact__state,iot,iot__door_window_sensor_pid_005,state_event,0.0,1.0,0.7621844073296656,1269635,8059,True,True,True,finite observed values before imputation
iot__door_window_sensor_pid_005__sensor__battery__value,iot,iot__door_window_sensor_pid_005,protocol_other,100.0,100.0,0.0,102236,1175458,False,True,True,finite observed values before imputation
iot__door_window_sensor_pid_005__sensor__device_temperature__value,iot,iot__door_window_sensor_pid_005,physical_context,21.0,31.0,0.0,1277506,188,False,True,True,finite observed values before imputation
iot__door_window_sensor_pid_005__sensor__linkquality__value,iot,iot__door_window_sensor_pid_005,protocol_other,45.0,126.0,0.0,1277506,188,False,True,True,finite observed values before imputation
iot__door_window_sensor_pid_005__sensor__power_outage_count__value,iot,iot__door_window_sensor_pid_005,physical_context,3774.0,3774.0,0.0,102236,1175458,False,True,True,finite observed values before imputation
iot__door_window_sensor_pid_005__sensor__trigger_count__value,iot,iot__door_window_sensor_pid_005,packet_count,0.0,4.0,0.8927721240842083,1266527,11167,False,True,True,finite observed values before imputation
iot__door_window_sensor_pid_005__sensor__voltage__value,iot,iot__door_window_sensor_pid_005,physical_context,3015.0,3025.0,0.0,1012829,264865,False,True,True,finite observed values before imputation
iot__door_window_sensor_pid_007__binary_sensor__contact__state,iot,iot__door_window_sensor_pid_007,state_event,0.0,1.0,0.9997263273125342,1209474,68220,True,True,True,finite observed values before imputation
iot__door_window_sensor_pid_007__sensor__battery__value,iot,iot__door_window_sensor_pid_007,protocol_other,100.0,100.0,0.0,102236,1175458,False,True,True,finite observed values before imputation
iot__door_window_sensor_pid_007__sensor__device_temperature__value,iot,iot__door_window_sensor_pid_007,physical_context,28.0,31.0,0.0,1270667,7027,False,True,True,finite observed values before imputation
iot__door_window_sensor_pid_007__sensor__linkquality__value,iot,iot__door_window_sensor_pid_007,protocol_other,69.0,123.0,0.0,1276698,996,False,True,True,finite observed values before imputation
iot__door_window_sensor_pid_007__sensor__power_outage_count__value,iot,iot__door_window_sensor_pid_007,physical_context,2542.0,2542.0,0.0,102236,1175458,False,True,True,finite observed values before imputation
iot__door_window_sensor_pid_007__sensor__trigger_count__value,iot,iot__door_window_sensor_pid_007,packet_count,0.0,6.0,0.9310292522042142,1206439,71255,False,True,True,finite observed values before imputation
iot__door_window_sensor_pid_007__sensor__voltage__value,iot,iot__door_window_sensor_pid_007,physical_context,3005.0,3005.0,0.0,102236,1175458,False,True,True,finite observed values before imputation
iot__door_window_sensor_pid_136__binary_sensor__contact__state,iot,iot__door_window_sensor_pid_136,state_event,0.0,1.0,0.9900484391692049,1270253,7441,True,True,True,finite observed values before imputation
iot__door_window_sensor_pid_136__sensor__battery__value,iot,iot__door_window_sensor_pid_136,protocol_other,100.0,100.0,0.0,102236,1175458,False,True,True,finite observed values before imputation
iot__door_window_sensor_pid_136__sensor__linkquality__value,iot,iot__door_window_sensor_pid_136,protocol_other,36.0,153.0,0.0,1277364,330,False,True,True,finite observed values before imputation
iot__door_window_sensor_pid_136__sensor__power_outage_count__value,iot,iot__door_window_sensor_pid_136,physical_context,6.0,6.0,0.0,102236,1175458,False,True,True,finite observed values before imputation
iot__door_window_sensor_pid_136__sensor__voltage__value,iot,iot__door_window_sensor_pid_136,physical_context,3015.0,3015.0,0.0,102236,1175458,False,True,True,finite observed values before imputation
iot__kasa_smart_plug_pid_024__binary_sensor__cloud_connection__state,iot,iot__kasa_smart_plug_pid_024,state_event,0.0,1.0,0.0076007058790834685,431802,845892,True,True,True,finite observed values before imputation
iot__kasa_smart_plug_pid_024__sensor__current__value,iot,iot__kasa_smart_plug_pid_024,physical_context,0.0,0.18000000715255737,0.0015011490613724323,732772,544922,False,False,True,finite observed values before imputation
iot__kasa_smart_plug_pid_024__sensor__current_consumption__value,iot,iot__kasa_smart_plug_pid_024,physical_context,0.0,22.100000381469727,0.0020062436934880617,760127,517567,False,False,True,finite observed values before imputation
iot__kasa_smart_plug_pid_024__sensor__signal_strength__value,iot,iot__kasa_smart_plug_pid_024,radio_quality,-64.0,-44.0,0.0,755962,521732,False,True,False,finite observed values before imputation
iot__kasa_smart_plug_pid_024__sensor__this_month_s_consumption__value,iot,iot__kasa_smart_plug_pid_024,protocol_other,0.0,0.7770000100135803,9.221786602588424e-05,759072,518622,False,False,True,finite observed values before imputation
iot__kasa_smart_plug_pid_024__sensor__today_s_consumption__value,iot,iot__kasa_smart_plug_pid_024,protocol_other,0.0,0.06400000303983688,0.006330097803633911,759072,518622,False,False,True,finite observed values before imputation
iot__kasa_smart_plug_pid_024__sensor__total_consumption__value,iot,iot__kasa_smart_plug_pid_024,protocol_other,0.5049999952316284,1.0399999618530273,0.0,759047,518647,False,False,True,finite observed values before imputation
iot__kasa_smart_plug_pid_024__sensor__voltage__value,iot,iot__kasa_smart_plug_pid_024,physical_context,235.0,247.0,0.0,760142,517552,False,True,True,finite observed values before imputation
iot__kasa_smart_plug_pid_024__switch__led__state,iot,iot__kasa_smart_plug_pid_024,state_event,1.0,1.0,0.0,102235,1175459,True,True,True,finite observed values before imputation
iot__kasa_smart_plug_pid_024__switch__state__state,iot,iot__kasa_smart_plug_pid_024,state_event,1.0,1.0,0.0,102235,1175459,True,True,True,finite observed values before imputation
iot__lifx_color_6757ce__light__state__state,iot,iot__lifx_color_6757ce,state_event,0.0,1.0,0.9715898965933333,1178454,99240,True,True,True,finite observed values before imputation
iot__lifx_color_6757ce__light__state__value,iot,iot__lifx_color_6757ce,state_event,0.0,1.0,0.9715898965933333,1178454,99240,True,True,True,finite observed values before imputation
iot__lifx_color_6757ce__sensor__rssi__value,iot,iot__lifx_color_6757ce,radio_quality,-73.0,-52.0,0.0,1277694,0,False,True,False,finite observed values before imputation
iot__mi_box__media_player__state__state,iot,iot__mi_box,state_event,0.0,1.0,0.8575806780731963,1269273,8421,True,True,True,finite observed values before imputation
iot__mi_box__media_player__state__volume_level,iot,iot__mi_box,state_event,0.0,1.0,3.3089808102748584e-05,1269273,8421,False,False,True,finite observed values before imputation
iot__mi_box__remote__state__state,iot,iot__mi_box,state_event,0.0,1.0,0.5147223695085085,1269259,8435,True,True,True,finite observed values before imputation
iot__mi_box__remote__state__value,iot,iot__mi_box,state_event,0.0,1.0,0.5147223695085085,1269259,8435,True,True,True,finite observed values before imputation
iot__motion_sensor_pid_008__binary_sensor__occupancy__state,iot,iot__motion_sensor_pid_008,state_event,0.0,1.0,0.9815143532019404,1277694,0,True,True,True,finite observed values before imputation
iot__motion_sensor_pid_008__select__keep_time__value,iot,iot__motion_sensor_pid_008,state_event,10.0,10.0,0.0,102236,1175458,False,True,True,finite observed values before imputation
iot__motion_sensor_pid_008__sensor__battery__value,iot,iot__motion_sensor_pid_008,state_event,100.0,100.0,0.0,102236,1175458,False,True,True,finite observed values before imputation
iot__motion_sensor_pid_008__sensor__illuminance__value,iot,iot__motion_sensor_pid_008,state_event,0.0,1000.0,0.28389739640320766,1277694,0,False,True,True,finite observed values before imputation
iot__motion_sensor_pid_008__sensor__linkquality__value,iot,iot__motion_sensor_pid_008,state_event,42.0,186.0,0.0,1277694,0,False,True,True,finite observed values before imputation
iot__motion_sensor_pid_062__binary_sensor__occupancy__state,iot,iot__motion_sensor_pid_062,state_event,0.0,1.0,0.9449178473370596,1272935,4759,True,True,True,finite observed values before imputation
iot__motion_sensor_pid_062__sensor__battery__value,iot,iot__motion_sensor_pid_062,state_event,100.0,100.0,0.0,102236,1175458,False,True,True,finite observed values before imputation
iot__motion_sensor_pid_062__sensor__illuminance__value,iot,iot__motion_sensor_pid_062,state_event,1.0,127.0,0.0,1277694,0,False,True,True,finite observed values before imputation
iot__motion_sensor_pid_062__sensor__linkquality__value,iot,iot__motion_sensor_pid_062,state_event,9.0,120.0,0.0,1277694,0,False,True,True,finite observed values before imputation
iot__motion_sensor_pid_062__sensor__temperature__value,iot,iot__motion_sensor_pid_062,state_event,17.799999237060547,23.200000762939453,0.0,1274162,3532,False,False,True,finite observed values before imputation
iot__motion_sensor_pid_075__binary_sensor__occupancy__state,iot,iot__motion_sensor_pid_075,state_event,0.0,1.0,0.9746359264395406,1269867,7827,True,True,True,finite observed values before imputation
iot__motion_sensor_pid_075__sensor__battery__value,iot,iot__motion_sensor_pid_075,state_event,100.0,100.0,0.0,102236,1175458,False,True,True,finite observed values before imputation
iot__motion_sensor_pid_075__sensor__device_temperature__value,iot,iot__motion_sensor_pid_075,state_event,21.0,25.0,0.0,1275290,2404,False,True,True,finite observed values before imputation
iot__motion_sensor_pid_075__sensor__illuminance__value,iot,iot__motion_sensor_pid_075,state_event,0.0,96.0,0.07308632385971892,1271989,5705,False,True,True,finite observed values before imputation
iot__motion_sensor_pid_075__sensor__linkquality__value,iot,iot__motion_sensor_pid_075,state_event,111.0,138.0,0.0,1275290,2404,False,True,True,finite observed values before imputation
iot__motion_sensor_pid_075__sensor__power_outage_count__value,iot,iot__motion_sensor_pid_075,state_event,43.0,43.0,0.0,102236,1175458,False,True,True,finite observed values before imputation
iot__motion_sensor_pid_075__sensor__voltage__value,iot,iot__motion_sensor_pid_075,state_event,3075.0,3085.0,0.0,109728,1167966,False,True,True,finite observed values before imputation
iot__motion_sensor_pid_138__binary_sensor__occupancy__state,iot,iot__motion_sensor_pid_138,state_event,0.0,1.0,0.9585182367609146,1277694,0,True,True,True,finite observed values before imputation
iot__motion_sensor_pid_138__sensor__battery__value,iot,iot__motion_sensor_pid_138,state_event,100.0,100.0,0.0,102236,1175458,False,True,True,finite observed values before imputation
iot__motion_sensor_pid_138__sensor__linkquality__value,iot,iot__motion_sensor_pid_138,state_event,66.0,183.0,0.0,1277015,679,False,True,True,finite observed values before imputation
iot__motion_sensor_pid_138__sensor__power_outage_count__value,iot,iot__motion_sensor_pid_138,state_event,21.0,21.0,0.0,102236,1175458,False,True,True,finite observed values before imputation
iot__motion_sensor_pid_138__sensor__voltage__value,iot,iot__motion_sensor_pid_138,state_event,3125.0,3165.0,0.0,1125560,152134,False,True,True,finite observed values before imputation
iot__multipurpose_sensor_pid_003__binary_sensor__contact__state,iot,iot__multipurpose_sensor_pid_003,state_event,0.0,1.0,0.9971894445967895,1185175,92519,True,True,True,finite observed values before imputation
iot__multipurpose_sensor_pid_003__binary_sensor__moving__state,iot,iot__multipurpose_sensor_pid_003,state_event,0.0,1.0,0.9962176765727518,1269590,8104,True,True,True,finite observed values before imputation
iot__multipurpose_sensor_pid_003__sensor__battery__value,iot,iot__multipurpose_sensor_pid_003,protocol_other,100.0,100.0,0.0,102236,1175458,False,True,True,finite observed values before imputation
iot__multipurpose_sensor_pid_003__sensor__linkquality__value,iot,iot__multipurpose_sensor_pid_003,protocol_other,36.0,186.0,0.0,1277694,0,False,True,True,finite observed values before imputation
iot__multipurpose_sensor_pid_003__sensor__temperature__value,iot,iot__multipurpose_sensor_pid_003,physical_context,20.200000762939453,33.0,0.0,1277602,92,False,False,True,finite observed values before imputation
iot__multipurpose_sensor_pid_003__sensor__x_axis__value,iot,iot__multipurpose_sensor_pid_003,protocol_other,-1140.0,1934.0,0.00038910199355697507,1269590,8104,False,True,False,finite observed values before imputation
iot__multipurpose_sensor_pid_003__sensor__y_axis__value,iot,iot__multipurpose_sensor_pid_003,protocol_other,-230.0,231.0,0.0002930079789538355,1269590,8104,False,True,False,finite observed values before imputation
iot__multipurpose_sensor_pid_003__sensor__z_axis__value,iot,iot__multipurpose_sensor_pid_003,protocol_other,-1144.0,21.0,0.0,1269590,8104,False,True,False,finite observed values before imputation
iot__multipurpose_sensor_pid_006__binary_sensor__contact__state,iot,iot__multipurpose_sensor_pid_006,state_event,0.0,1.0,0.9988573579532927,1269864,7830,True,True,True,finite observed values before imputation
iot__multipurpose_sensor_pid_006__binary_sensor__moving__state,iot,iot__multipurpose_sensor_pid_006,state_event,0.0,1.0,0.9954254727693963,1269858,7836,True,True,True,finite observed values before imputation
iot__multipurpose_sensor_pid_006__sensor__battery__value,iot,iot__multipurpose_sensor_pid_006,protocol_other,100.0,100.0,0.0,102236,1175458,False,True,True,finite observed values before imputation
iot__multipurpose_sensor_pid_006__sensor__linkquality__value,iot,iot__multipurpose_sensor_pid_006,protocol_other,42.0,183.0,0.0,1277694,0,False,True,True,finite observed values before imputation
iot__multipurpose_sensor_pid_006__sensor__temperature__value,iot,iot__multipurpose_sensor_pid_006,physical_context,20.399999618530273,24.799999237060547,0.0,1277694,0,False,False,True,finite observed values before imputation
iot__multipurpose_sensor_pid_006__sensor__x_axis__value,iot,iot__multipurpose_sensor_pid_006,protocol_other,-2019.0,1459.0,3.149958499296772e-05,1269858,7836,False,True,False,finite observed values before imputation
iot__multipurpose_sensor_pid_006__sensor__y_axis__value,iot,iot__multipurpose_sensor_pid_006,protocol_other,675.0,1205.0,0.0,1269858,7836,False,True,True,finite observed values before imputation
iot__multipurpose_sensor_pid_006__sensor__z_axis__value,iot,iot__multipurpose_sensor_pid_006,protocol_other,-387.0,547.0,0.053186261771001164,1269858,7836,False,True,False,finite observed values before imputation
iot__s5_max__binary_sensor__cleaning__state,iot,iot__s5_max,state_event,0.0,1.0,0.9969635328204616,1251125,26569,True,True,True,finite observed values before imputation
iot__s5_max__sensor__battery__value,iot,iot__s5_max,protocol_other,94.0,100.0,0.0,1251125,26569,False,True,True,finite observed values before imputation
iot__s5_max__vacuum__state__battery_level,iot,iot__s5_max,state_event,94.0,100.0,0.0,1251125,26569,False,True,True,finite observed values before imputation
iot__s5_max_charging__binary_sensor__state__state,iot,iot__s5_max_charging,state_event,0.0,1.0,0.003133979418523329,1251125,26569,True,True,True,finite observed values before imputation
iot__s5_max_cleaning_area__sensor__state__value,iot,iot__s5_max_cleaning_area,state_event,0.0,16.299999237060547,3.516834848636227e-05,1251125,26569,False,False,True,finite observed values before imputation
iot__s5_max_cleaning_time__sensor__state__value,iot,iot__s5_max_cleaning_time,state_event,10.0,987.0,0.0,1251125,26569,False,True,True,finite observed values before imputation
iot__s5_max_filter_time_left__sensor__state__value,iot,iot__s5_max_filter_time_left,state_event,511898.0,539905.0,0.0,1251125,26569,False,True,True,finite observed values before imputation
iot__s5_max_main_brush_time_left__sensor__state__value,iot,iot__s5_max_main_brush_time_left,state_event,1051898.0,1055770.0,0.0,1251125,26569,False,True,True,finite observed values before imputation
iot__s5_max_sensor_time_left__sensor__state__value,iot,iot__s5_max_sensor_time_left,state_event,79898.0,83770.0,0.0,1251125,26569,False,True,True,finite observed values before imputation
iot__s5_max_side_brush_time_left__sensor__state__value,iot,iot__s5_max_side_brush_time_left,state_event,691898.0,695770.0,0.0,1251125,26569,False,True,True,finite observed values before imputation
iot__s5_max_total_cleaning_area__sensor__state__value,iot,iot__s5_max_total_cleaning_area,state_event,317.0,383.0,0.0,1251125,26569,False,True,True,finite observed values before imputation
iot__s5_max_total_cleaning_count__sensor__state__value,iot,iot__s5_max_total_cleaning_count,state_event,63.0,67.0,0.0,1251125,26569,False,True,True,finite observed values before imputation
iot__s5_max_total_cleaning_time__sensor__state__value,iot,iot__s5_max_total_cleaning_time,state_event,24230.0,28102.0,0.0,1251125,26569,False,True,True,finite observed values before imputation
iot__smart_light_pid_002__light__state__brightness,iot,iot__smart_light_pid_002,state_event,146.0,255.0,0.0,1008695,268999,False,True,True,finite observed values before imputation
iot__smart_light_pid_002__light__state__color_temp,iot,iot__smart_light_pid_002,state_event,250.0,250.0,0.0,1008695,268999,False,True,True,finite observed values before imputation
iot__smart_light_pid_002__light__state__color_temp_kelvin,iot,iot__smart_light_pid_002,state_event,4000.0,4000.0,0.0,1008695,268999,False,True,True,finite observed values before imputation
iot__smart_light_pid_002__light__state__rgb_color,iot,iot__smart_light_pid_002,state_event,255206160.0,255206160.0,0.0,1008695,268999,False,True,True,finite observed values before imputation
iot__smart_light_pid_002__light__state__state,iot,iot__smart_light_pid_002,state_event,0.0,1.0,0.9969475411298757,1008695,268999,True,True,True,finite observed values before imputation
iot__smart_light_pid_002__light__state__value,iot,iot__smart_light_pid_002,state_event,0.0,1.0,0.9969475411298757,1008695,268999,True,True,True,finite observed values before imputation
iot__smart_light_pid_002__select__power_on_behavior__state,iot,iot__smart_light_pid_002,state_event,1.0,1.0,0.0,102236,1175458,True,True,True,finite observed values before imputation
iot__smart_light_pid_002__select__power_on_behavior__value,iot,iot__smart_light_pid_002,physical_context,1.0,1.0,0.0,102236,1175458,True,True,True,finite observed values before imputation
iot__smart_light_pid_002__sensor__linkquality__value,iot,iot__smart_light_pid_002,physical_context,159.0,180.0,0.0,1185588,92106,False,True,True,finite observed values before imputation
iot__smart_light_strip_pid_147__light__state__brightness,iot,iot__smart_light_strip_pid_147,state_event,84.0,84.0,0.0,1269004,8690,False,True,True,finite observed values before imputation
iot__smart_light_strip_pid_147__light__state__rgb_color,iot,iot__smart_light_strip_pid_147,state_event,25515520.0,25515520.0,0.0,1269004,8690,False,True,True,finite observed values before imputation
iot__smart_light_strip_pid_147__light__state__state,iot,iot__smart_light_strip_pid_147,state_event,0.0,1.0,0.8936890663859216,1269004,8690,True,True,True,finite observed values before imputation
iot__smart_light_strip_pid_147__light__state__value,iot,iot__smart_light_strip_pid_147,state_event,0.0,1.0,0.8936890663859216,1269004,8690,True,True,True,finite observed values before imputation
iot__smart_light_strip_pid_147__sensor__linkquality__value,iot,iot__smart_light_strip_pid_147,physical_context,42.0,120.0,0.0,1269004,8690,False,True,True,finite observed values before imputation
iot__smart_plug__sensor__current__value,iot,iot__smart_plug,physical_context,0.0,7.199999809265137,7.366937971697802e-05,760153,517541,False,False,True,finite observed values before imputation
iot__smart_plug__sensor__signal_level__value,iot,iot__smart_plug,protocol_other,2.0,3.0,0.0,755916,521778,False,True,True,finite observed values before imputation
iot__smart_plug__sensor__signal_strength__value,iot,iot__smart_plug,radio_quality,-65.0,-49.0,0.0,760133,517561,False,True,False,finite observed values before imputation
iot__smart_plug__sensor__voltage__value,iot,iot__smart_plug,physical_context,211.0,249.0,0.0,760153,517541,False,True,True,finite observed values before imputation
iot__smart_plug__switch__state__state,iot,iot__smart_plug,state_event,1.0,1.0,0.0,102234,1175460,True,True,True,finite observed values before imputation
iot__smart_plug_auto_update_enabled__switch__state__state,iot,iot__smart_plug_auto_update_enabled,state_event,1.0,1.0,0.0,102234,1175460,True,True,True,finite observed values before imputation
iot__smart_plug_cloud_connection__binary_sensor__state__state,iot,iot__smart_plug_cloud_connection,state_event,0.0,1.0,0.013133694992518196,431714,845980,True,True,True,finite observed values before imputation
iot__smart_plug_current__sensor__consumption__value,iot,iot__smart_plug_current,physical_context,0.0,1668.0,0.6218928707210579,760147,517547,False,False,True,finite observed values before imputation
iot__smart_plug_led__switch__state__state,iot,iot__smart_plug_led,state_event,1.0,1.0,0.0,102234,1175460,True,True,True,finite observed values before imputation
iot__smart_plug_ps5__sensor__current__value,iot,iot__smart_plug_ps5,physical_context,0.0,1.059999942779541,0.0002959926541200862,760154,517540,False,False,True,finite observed values before imputation
iot__smart_plug_ps5__sensor__signal_level__value,iot,iot__smart_plug_ps5,protocol_other,1.0,3.0,0.0,748673,529021,False,True,True,finite observed values before imputation
iot__smart_plug_ps5__sensor__signal_strength__value,iot,iot__smart_plug_ps5,radio_quality,-76.0,-47.0,0.0,760104,517590,False,True,False,finite observed values before imputation
iot__smart_plug_ps5__sensor__voltage__value,iot,iot__smart_plug_ps5,physical_context,227.0,249.0,0.0,760154,517540,False,True,True,finite observed values before imputation
iot__smart_plug_ps5__switch__state__state,iot,iot__smart_plug_ps5,state_event,1.0,1.0,0.0,654205,623489,True,True,True,finite observed values before imputation
iot__smart_plug_ps5_auto_update_enabled__switch__state__state,iot,iot__smart_plug_ps5_auto_update_enabled,state_event,1.0,1.0,0.0,654205,623489,True,True,True,finite observed values before imputation
iot__smart_plug_ps5_cloud_connection__binary_sensor__state__state,iot,iot__smart_plug_ps5_cloud_connection,state_event,0.0,1.0,0.13606591206120405,654205,623489,True,True,True,finite observed values before imputation
iot__smart_plug_ps5_current__sensor__consumption__value,iot,iot__smart_plug_ps5_current,physical_context,0.0,234.0,0.694112199203313,760148,517546,False,False,True,finite observed values before imputation
iot__smart_plug_ps5_led__switch__state__state,iot,iot__smart_plug_ps5_led,state_event,1.0,1.0,0.0,654205,623489,True,True,True,finite observed values before imputation
iot__smart_plug_ps5_this_month_s__sensor__consumption__value,iot,iot__smart_plug_ps5_this_month_s,protocol_other,0.0,6.519999980926514,0.01843851858216048,744908,532786,False,False,True,finite observed values before imputation
iot__smart_plug_ps5_today_s__sensor__consumption__value,iot,iot__smart_plug_ps5_today_s,protocol_other,0.0,1.0700000524520874,0.06702165347990853,745192,532502,False,False,True,finite observed values before imputation
iot__smart_plug_ps5_turn_off_in__number__state__value,iot,iot__smart_plug_ps5_turn_off_in,state_event,120.0,120.0,0.0,654205,623489,False,True,True,finite observed values before imputation
iot__smart_plug_this_month_s__sensor__consumption__value,iot,iot__smart_plug_this_month_s,protocol_other,0.0,1.2200000286102295,0.004442255953151031,757498,520196,False,False,True,finite observed values before imputation
iot__smart_plug_today_s__sensor__consumption__value,iot,iot__smart_plug_today_s,protocol_other,0.0,0.10499999672174454,0.04163839376473601,757498,520196,False,False,True,finite observed values before imputation
iot__smart_plug_turn_off_in__number__state__value,iot,iot__smart_plug_turn_off_in,state_event,120.0,120.0,0.0,102209,1175485,False,True,True,finite observed values before imputation
iot__temperature_and_humidity_pid_001__sensor__battery__value,iot,iot__temperature_and_humidity_pid_001,physical_context,100.0,100.0,0.0,102236,1175458,False,True,True,finite observed values before imputation
iot__temperature_and_humidity_pid_001__sensor__humidity__value,iot,iot__temperature_and_humidity_pid_001,physical_context,46.099998474121094,82.4000015258789,0.0,1277694,0,False,False,True,finite observed values before imputation
iot__temperature_and_humidity_pid_001__sensor__linkquality__value,iot,iot__temperature_and_humidity_pid_001,physical_context,36.0,183.0,0.0,1277643,51,False,True,True,finite observed values before imputation
iot__temperature_and_humidity_pid_001__sensor__temperature__value,iot,iot__temperature_and_humidity_pid_001,physical_context,19.799999237060547,25.200000762939453,0.0,1277694,0,False,False,True,finite observed values before imputation
iot__temperature_and_humidity_pid_001__sensor__voltage__value,iot,iot__temperature_and_humidity_pid_001,physical_context,3000.0,3000.0,0.0,102236,1175458,False,True,True,finite observed values before imputation
iot__temperature_and_humidity_pid_070__sensor__battery__value,iot,iot__temperature_and_humidity_pid_070,physical_context,90.0,100.0,0.0,1013723,263971,False,True,True,finite observed values before imputation
iot__temperature_and_humidity_pid_070__sensor__humidity__value,iot,iot__temperature_and_humidity_pid_070,physical_context,37.79999923706055,72.80000305175781,0.0,1277473,221,False,False,True,finite observed values before imputation
iot__temperature_and_humidity_pid_070__sensor__linkquality__value,iot,iot__temperature_and_humidity_pid_070,physical_context,66.0,183.0,0.0,1277473,221,False,True,True,finite observed values before imputation
iot__temperature_and_humidity_pid_070__sensor__pressure__value,iot,iot__temperature_and_humidity_pid_070,physical_context,1033.0,1054.0,0.0,1277473,221,False,True,True,finite observed values before imputation
iot__temperature_and_humidity_pid_070__sensor__temperature__value,iot,iot__temperature_and_humidity_pid_070,physical_context,21.299999237060547,25.799999237060547,0.0,1277473,221,False,False,True,finite observed values before imputation
iot__temperature_and_humidity_pid_070__sensor__voltage__value,iot,iot__temperature_and_humidity_pid_070,physical_context,2985.0,3015.0,0.0,1274021,3673,False,True,True,finite observed values before imputation
iot__temperature_and_humidity_pid_073__sensor__battery__value,iot,iot__temperature_and_humidity_pid_073,physical_context,77.0,97.0,0.0,1245376,32318,False,True,True,finite observed values before imputation
iot__temperature_and_humidity_pid_073__sensor__humidity__value,iot,iot__temperature_and_humidity_pid_073,physical_context,43.099998474121094,91.5999984741211,0.0,1274999,2695,False,False,True,finite observed values before imputation
iot__temperature_and_humidity_pid_073__sensor__linkquality__value,iot,iot__temperature_and_humidity_pid_073,physical_context,24.0,180.0,0.0,1274999,2695,False,True,True,finite observed values before imputation
iot__temperature_and_humidity_pid_073__sensor__pressure__value,iot,iot__temperature_and_humidity_pid_073,physical_context,1039.0,1061.0,0.0,1274999,2695,False,True,True,finite observed values before imputation
iot__temperature_and_humidity_pid_073__sensor__temperature__value,iot,iot__temperature_and_humidity_pid_073,physical_context,17.399999618530273,25.5,0.0,1274999,2695,False,False,True,finite observed values before imputation
iot__temperature_and_humidity_pid_073__sensor__voltage__value,iot,iot__temperature_and_humidity_pid_073,physical_context,2965.0,2995.0,0.0,1245376,32318,False,True,True,finite observed values before imputation
iot__twinguard_087__sensor__humidity__value,iot,iot__twinguard_087,physical_context,41.900001525878906,80.4000015258789,0.0,1277694,0,False,False,True,finite observed values before imputation
iot__twinguard_087__sensor__purity__value,iot,iot__twinguard_087,protocol_other,500.0,4070.0,0.0,1277694,0,False,True,True,finite observed values before imputation
iot__twinguard_087__sensor__temperature__value,iot,iot__twinguard_087,physical_context,19.399999618530273,24.700000762939453,0.0,1277694,0,False,False,True,finite observed values before imputation
iot__twinguard_088__sensor__humidity__value,iot,iot__twinguard_088,physical_context,46.70000076293945,71.80000305175781,0.0,1277694,0,False,False,True,finite observed values before imputation
iot__twinguard_088__sensor__purity__value,iot,iot__twinguard_088,protocol_other,500.0,3110.0,0.0,1277694,0,False,True,True,finite observed values before imputation
iot__twinguard_088__sensor__temperature__value,iot,iot__twinguard_088,physical_context,22.200000762939453,25.799999237060547,0.0,1277694,0,False,False,True,finite observed values before imputation
iot__unknown_70_ee_50_7a_e5_2c__binary_sensor__connectivity__state,iot,iot__unknown_70_ee_50_7a_e5_2c,state_event,0.0,1.0,0.015315114677770355,1198881,78813,True,True,True,finite observed values before imputation
iot__unknown_70_ee_50_7a_e5_2c__sensor__anemometer_gust_angle__value,iot,iot__unknown_70_ee_50_7a_e5_2c,protocol_other,1.0,358.0,0.0,1277694,0,False,True,True,finite observed values before imputation
iot__unknown_70_ee_50_7a_e5_2c__sensor__anemometer_gust_strength__value,iot,iot__unknown_70_ee_50_7a_e5_2c,protocol_other,2.0,56.0,0.0,1277694,0,False,True,True,finite observed values before imputation
iot__unknown_70_ee_50_7a_e5_2c__sensor__anemometer_wind_angle__value,iot,iot__unknown_70_ee_50_7a_e5_2c,protocol_other,-1.0,358.0,0.00028175760393333617,1277694,0,False,True,False,finite observed values before imputation
iot__unknown_70_ee_50_7a_e5_2c__sensor__anemometer_wind_speed__value,iot,iot__unknown_70_ee_50_7a_e5_2c,protocol_other,1.0,21.0,0.0,1277694,0,False,True,True,finite observed values before imputation
iot__unknown_70_ee_50_7a_e5_2c__sensor__atmospheric_pressure__value,iot,iot__unknown_70_ee_50_7a_e5_2c,physical_context,1009.0,1031.0,0.0,1275562,2132,False,True,True,finite observed values before imputation
iot__unknown_70_ee_50_7a_e5_2c__sensor__carbon_dioxide__value,iot,iot__unknown_70_ee_50_7a_e5_2c,protocol_other,391.0,1001.0,0.0,1277694,0,False,True,True,finite observed values before imputation
iot__unknown_70_ee_50_7a_e5_2c__sensor__humidity__value,iot,iot__unknown_70_ee_50_7a_e5_2c,physical_context,48.0,76.0,0.0,1272322,5372,False,True,True,finite observed values before imputation
iot__unknown_70_ee_50_7a_e5_2c__sensor__noise__value,iot,iot__unknown_70_ee_50_7a_e5_2c,radio_quality,31.0,74.0,0.0,1277694,0,False,True,True,finite observed values before imputation
iot__unknown_70_ee_50_7a_e5_2c__sensor__outdoor_humidity__value,iot,iot__unknown_70_ee_50_7a_e5_2c,physical_context,40.0,94.0,0.0,1277362,332,False,True,True,finite observed values before imputation
iot__unknown_70_ee_50_7a_e5_2c__sensor__outdoor_temperature__value,iot,iot__unknown_70_ee_50_7a_e5_2c,physical_context,12.800000190734863,29.799999237060547,0.0,1277694,0,False,False,True,finite observed values before imputation
iot__unknown_70_ee_50_7a_e5_2c__sensor__rain_gauge_battery__value,iot,iot__unknown_70_ee_50_7a_e5_2c,protocol_other,66.0,68.0,0.0,1207161,70533,False,True,True,finite observed values before imputation
iot__unknown_70_ee_50_7a_e5_2c__sensor__rain_gauge_precipitation__value,iot,iot__unknown_70_ee_50_7a_e5_2c,protocol_other,0.0,0.30300000309944153,0.9782746287497589,1140740,136954,False,False,True,finite observed values before imputation
iot__unknown_70_ee_50_7a_e5_2c__sensor__rain_gauge_precipitation_last_hour__value,iot,iot__unknown_70_ee_50_7a_e5_2c,protocol_other,0.0,1.409999966621399,0.9031663656924452,1140740,136954,False,False,True,finite observed values before imputation
iot__unknown_70_ee_50_7a_e5_2c__sensor__rain_gauge_precipitation_today__value,iot,iot__unknown_70_ee_50_7a_e5_2c,protocol_other,0.0,2.5,0.5957799323246313,1140740,136954,False,False,True,finite observed values before imputation
iot__unknown_70_ee_50_7a_e5_2c__sensor__reachability__state,iot,iot__unknown_70_ee_50_7a_e5_2c,state_event,0.0,1.0,0.015315114677770355,1198881,78813,True,True,True,finite observed values before imputation
iot__unknown_70_ee_50_7a_e5_2c__sensor__temperature__value,iot,iot__unknown_70_ee_50_7a_e5_2c,physical_context,17.799999237060547,25.0,0.0,1275562,2132,False,False,True,finite observed values before imputation
iot__vibration_sensor_pid_078__binary_sensor__vibration__state,iot,iot__vibration_sensor_pid_078,state_event,0.0,1.0,0.9908568908072685,1269590,8104,True,True,True,finite observed values before imputation
iot__vibration_sensor_pid_078__number__sensitivity__value,iot,iot__vibration_sensor_pid_078,protocol_other,1.0,1.0,0.0,102236,1175458,True,True,True,finite observed values before imputation
iot__vibration_sensor_pid_078__sensor__angle_z__value,iot,iot__vibration_sensor_pid_078,protocol_other,90.0,90.0,0.0,102236,1175458,False,True,True,finite observed values before imputation
iot__vibration_sensor_pid_078__sensor__battery__value,iot,iot__vibration_sensor_pid_078,protocol_other,100.0,100.0,0.0,102236,1175458,False,True,True,finite observed values before imputation
iot__vibration_sensor_pid_078__sensor__device_temperature__value,iot,iot__vibration_sensor_pid_078,physical_context,21.0,27.0,0.0,1277694,0,False,True,True,finite observed values before imputation
iot__vibration_sensor_pid_078__sensor__linkquality__value,iot,iot__vibration_sensor_pid_078,protocol_other,42.0,180.0,0.0,1277694,0,False,True,True,finite observed values before imputation
iot__vibration_sensor_pid_078__sensor__power_outage_count__value,iot,iot__vibration_sensor_pid_078,physical_context,90.0,90.0,0.0,770049,507645,False,True,True,finite observed values before imputation
iot__vibration_sensor_pid_078__sensor__strength__value,iot,iot__vibration_sensor_pid_078,protocol_other,2.0,67.0,0.0,1272681,5013,False,True,True,finite observed values before imputation
iot__vibration_sensor_pid_078__sensor__voltage__value,iot,iot__vibration_sensor_pid_078,physical_context,3015.0,3075.0,0.0,1208423,69271,False,True,True,finite observed values before imputation
iot__vibration_sensor_pid_078__sensor__x_axis__value,iot,iot__vibration_sensor_pid_078,protocol_other,-1.0,-1.0,0.0,102236,1175458,False,True,False,finite observed values before imputation
iot__vibration_sensor_pid_078__sensor__y_axis__value,iot,iot__vibration_sensor_pid_078,protocol_other,6.0,6.0,0.0,102236,1175458,False,True,True,finite observed values before imputation
iot__vibration_sensor_pid_078__sensor__z_axis__value,iot,iot__vibration_sensor_pid_078,protocol_other,1218.0,1218.0,0.0,102236,1175458,False,True,True,finite observed values before imputation
iot__vibration_sensor_pid_079__binary_sensor__vibration__state,iot,iot__vibration_sensor_pid_079,state_event,0.0,1.0,0.9706007571220466,1258978,18716,True,True,True,finite observed values before imputation
iot__vibration_sensor_pid_079__number__sensitivity__value,iot,iot__vibration_sensor_pid_079,protocol_other,1.0,1.0,0.0,102236,1175458,True,True,True,finite observed values before imputation
iot__vibration_sensor_pid_079__sensor__angle_x__value,iot,iot__vibration_sensor_pid_079,protocol_other,1.0,1.0,0.0,102236,1175458,True,True,True,finite observed values before imputation
iot__vibration_sensor_pid_079__sensor__angle_y__value,iot,iot__vibration_sensor_pid_079,protocol_other,-1.0,-1.0,0.0,102236,1175458,False,True,False,finite observed values before imputation
iot__vibration_sensor_pid_079__sensor__angle_z__value,iot,iot__vibration_sensor_pid_079,protocol_other,88.0,88.0,0.0,102236,1175458,False,True,True,finite observed values before imputation
iot__vibration_sensor_pid_079__sensor__battery__value,iot,iot__vibration_sensor_pid_079,protocol_other,100.0,100.0,0.0,102236,1175458,False,True,True,finite observed values before imputation
iot__vibration_sensor_pid_079__sensor__device_temperature__value,iot,iot__vibration_sensor_pid_079,physical_context,26.0,30.0,0.0,1276554,1140,False,True,True,finite observed values before imputation
iot__vibration_sensor_pid_079__sensor__linkquality__value,iot,iot__vibration_sensor_pid_079,protocol_other,21.0,180.0,0.0,1273163,4531,False,True,True,finite observed values before imputation
iot__vibration_sensor_pid_079__sensor__power_outage_count__value,iot,iot__vibration_sensor_pid_079,physical_context,117.0,117.0,0.0,102236,1175458,False,True,True,finite observed values before imputation
iot__vibration_sensor_pid_079__sensor__strength__value,iot,iot__vibration_sensor_pid_079,protocol_other,1.0,41.0,0.0,1258738,18956,False,True,True,finite observed values before imputation
iot__vibration_sensor_pid_079__sensor__voltage__value,iot,iot__vibration_sensor_pid_079,physical_context,3005.0,3065.0,0.0,1276554,1140,False,True,True,finite observed values before imputation
iot__vibration_sensor_pid_079__sensor__x_axis__value,iot,iot__vibration_sensor_pid_079,protocol_other,21.0,21.0,0.0,102236,1175458,False,True,True,finite observed values before imputation
iot__vibration_sensor_pid_079__sensor__y_axis__value,iot,iot__vibration_sensor_pid_079,protocol_other,-34.0,-34.0,0.0,102236,1175458,False,True,False,finite observed values before imputation
iot__vibration_sensor_pid_079__sensor__z_axis__value,iot,iot__vibration_sensor_pid_079,protocol_other,1326.0,1326.0,0.0,102236,1175458,False,True,True,finite observed values before imputation
iot__water_leak_sensor_pid_083__sensor__battery__value,iot,iot__water_leak_sensor_pid_083,protocol_other,100.0,100.0,0.0,102236,1175458,False,True,True,finite observed values before imputation
iot__water_leak_sensor_pid_083__sensor__device_temperature__value,iot,iot__water_leak_sensor_pid_083,physical_context,21.0,28.0,0.0,1254721,22973,False,True,True,finite observed values before imputation
iot__water_leak_sensor_pid_083__sensor__linkquality__value,iot,iot__water_leak_sensor_pid_083,protocol_other,114.0,153.0,0.0,1275751,1943,False,True,True,finite observed values before imputation
iot__water_leak_sensor_pid_083__sensor__power_outage_count__value,iot,iot__water_leak_sensor_pid_083,physical_context,167.0,167.0,0.0,102236,1175458,False,True,True,finite observed values before imputation
iot__water_leak_sensor_pid_083__sensor__voltage__value,iot,iot__water_leak_sensor_pid_083,physical_context,3065.0,3115.0,0.0,1275751,1943,False,True,True,finite observed values before imputation
iot__wireless_mini_switch_pid_080__sensor__battery__value,iot,iot__wireless_mini_switch_pid_080,state_event,100.0,100.0,0.0,102236,1175458,False,True,True,finite observed values before imputation
iot__wireless_mini_switch_pid_080__sensor__device_temperature__value,iot,iot__wireless_mini_switch_pid_080,state_event,21.0,29.0,0.0,1256158,21536,False,True,True,finite observed values before imputation
iot__wireless_mini_switch_pid_080__sensor__linkquality__value,iot,iot__wireless_mini_switch_pid_080,state_event,72.0,150.0,0.0,1277694,0,False,True,True,finite observed values before imputation
iot__wireless_mini_switch_pid_080__sensor__power_outage_count__value,iot,iot__wireless_mini_switch_pid_080,state_event,80.0,80.0,0.0,102236,1175458,False,True,True,finite observed values before imputation
iot__wireless_mini_switch_pid_080__sensor__voltage__value,iot,iot__wireless_mini_switch_pid_080,state_event,3025.0,3035.0,0.0,925106,352588,False,True,True,finite observed values before imputation
iot__withings_average_heart_rate__sensor__state__value,iot,iot__withings_average_heart_rate,state_event,58.0,73.0,0.0,1246479,31215,False,True,True,finite observed values before imputation
iot__withings_average_respiratory_rate__sensor__state__value,iot,iot__withings_average_respiratory_rate,state_event,17.0,19.0,0.0,1246479,31215,False,True,True,finite observed values before imputation
iot__withings_breathing_disturbances_intensity__sensor__state__value,iot,iot__withings_breathing_disturbances_intensity,state_event,-1.0,38.0,0.0,1246479,31215,False,True,False,finite observed values before imputation
iot__withings_deep_sleep__sensor__state__value,iot,iot__withings_deep_sleep,state_event,0.550000011920929,2.5999999046325684,0.0,1246479,31215,False,False,True,finite observed values before imputation
iot__withings_light_sleep__sensor__state__value,iot,iot__withings_light_sleep,state_event,0.5830000042915344,4.78000020980835,0.0,1246479,31215,False,False,True,finite observed values before imputation
iot__withings_maximum_heart_rate__sensor__state__value,iot,iot__withings_maximum_heart_rate,state_event,74.0,88.0,0.0,1246479,31215,False,True,True,finite observed values before imputation
iot__withings_maximum_respiratory_rate__sensor__state__value,iot,iot__withings_maximum_respiratory_rate,state_event,22.0,27.0,0.0,1246479,31215,False,True,True,finite observed values before imputation
iot__withings_minimum_heart_rate__sensor__state__value,iot,iot__withings_minimum_heart_rate,state_event,49.0,60.0,0.0,1246479,31215,False,True,True,finite observed values before imputation
iot__withings_minimum_respiratory_rate__sensor__state__value,iot,iot__withings_minimum_respiratory_rate,state_event,9.0,16.0,0.0,1246479,31215,False,True,True,finite observed values before imputation
iot__withings_rem_sleep__sensor__state__value,iot,iot__withings_rem_sleep,state_event,0.20000000298023224,2.799999952316284,0.0,1246479,31215,False,False,True,finite observed values before imputation
iot__withings_sleep_score__sensor__state__value,iot,iot__withings_sleep_score,state_event,20.0,99.0,0.0,1246479,31215,False,True,True,finite observed values before imputation
iot__withings_snoring__sensor__state__value,iot,iot__withings_snoring,state_event,20.0,116.0,0.0,1246479,31215,False,True,True,finite observed values before imputation
iot__withings_snoring_episode_count__sensor__state__value,iot,iot__withings_snoring_episode_count,state_event,4.0,11.0,0.0,1246479,31215,False,True,True,finite observed values before imputation
iot__withings_time_to_sleep__sensor__state__value,iot,iot__withings_time_to_sleep,state_event,0.2329999953508377,0.5,0.0,1246479,31215,False,False,True,finite observed values before imputation
iot__withings_time_to_wakeup__sensor__state__value,iot,iot__withings_time_to_wakeup,state_event,0.0,0.6000000238418579,0.8112600391420175,1222216,55478,True,False,True,finite observed values before imputation
iot__withings_wakeup_count__sensor__state__value,iot,iot__withings_wakeup_count,state_event,0.0,2.0,0.34877282328863946,1246479,31215,False,True,True,finite observed values before imputation
iot__withings_wakeup_time__sensor__state__value,iot,iot__withings_wakeup_time,state_event,0.2329999953508377,1.9199999570846558,0.0,1246479,31215,False,False,True,finite observed values before imputation
iot__obs_present,iot,iot__obs_present,protocol_other,0.0,1.0,0.6750912190242734,1277694,0,True,True,True,finite observed values before imputation
iot__any_update_raw,iot,iot__any_update_raw,protocol_other,0.0,1.0,0.6750912190242734,1277694,0,True,True,True,finite observed values before imputation
iot__entity_obs__coffee_maker,iot,iot__entity_obs,protocol_other,0.0,1.0,0.9977193287281618,1277694,0,True,True,True,finite observed values before imputation
iot__entity_obs__coffee_maker_bean_container_empty,iot,iot__entity_obs,protocol_other,0.0,1.0,0.9999976520199673,1277694,0,True,True,True,finite observed values before imputation
iot__entity_obs__coffee_maker_child_lock,iot,iot__entity_obs,protocol_other,0.0,1.0,0.9999976520199673,1277694,0,True,True,True,finite observed values before imputation
iot__entity_obs__coffee_maker_connectivity,iot,iot__entity_obs,protocol_other,0.0,1.0,0.9999945213799235,1277694,0,True,True,True,finite observed values before imputation
iot__entity_obs__coffee_maker_drip_tray_full,iot,iot__entity_obs,protocol_other,0.0,1.0,0.9999929560599017,1277694,0,True,True,True,finite observed values before imputation
iot__entity_obs__coffee_maker_fill_quantity,iot,iot__entity_obs,protocol_other,0.0,1.0,0.9999992173399891,1277694,0,True,True,True,finite observed values before imputation
iot__entity_obs__coffee_maker_hot,iot,iot__entity_obs,protocol_other,0.0,1.0,0.9999976520199673,1277694,0,True,True,True,finite observed values before imputation
iot__entity_obs__coffee_maker_local_control,iot,iot__entity_obs,protocol_other,0.0,1.0,0.9998959062185468,1277694,0,True,True,True,finite observed values before imputation
iot__entity_obs__coffee_maker_milk,iot,iot__entity_obs,protocol_other,0.0,1.0,0.9999976520199673,1277694,0,True,True,True,finite observed values before imputation
iot__entity_obs__coffee_maker_remote_start,iot,iot__entity_obs,protocol_other,0.0,1.0,0.9999976520199673,1277694,0,True,True,True,finite observed values before imputation
iot__entity_obs__coffee_maker_water_tank_empty,iot,iot__entity_obs,protocol_other,0.0,1.0,0.9999976520199673,1277694,0,True,True,True,finite observed values before imputation
iot__entity_obs__door_window_sensor_pid_005,iot,iot__entity_obs,protocol_other,0.0,1.0,0.9996908492956843,1277694,0,True,True,True,finite observed values before imputation
iot__entity_obs__door_window_sensor_pid_007,iot,iot__entity_obs,protocol_other,0.0,1.0,0.9996955452557498,1277694,0,True,True,True,finite observed values before imputation
iot__entity_obs__door_window_sensor_pid_136,iot,iot__entity_obs,protocol_other,0.0,1.0,0.9996047566944825,1277694,0,True,True,True,finite observed values before imputation
iot__entity_obs__kasa_smart_plug_pid_024,iot,iot__entity_obs,protocol_other,0.0,1.0,0.9032843544698496,1277694,0,True,True,True,finite observed values before imputation
iot__entity_obs__lifx_color_6757ce,iot,iot__entity_obs,protocol_other,0.0,1.0,0.9839758189363025,1277694,0,True,True,True,finite observed values before imputation
iot__entity_obs__mi_box,iot,iot__entity_obs,protocol_other,0.0,1.0,0.9966940441138489,1277694,0,True,True,True,finite observed values before imputation
iot__entity_obs__motion_sensor_pid_008,iot,iot__entity_obs,state_event,0.0,1.0,0.9969945855580444,1277694,0,True,True,True,finite observed values before imputation
iot__entity_obs__motion_sensor_pid_062,iot,iot__entity_obs,state_event,0.0,1.0,0.9884017612980885,1277694,0,True,True,True,finite observed values before imputation
iot__entity_obs__motion_sensor_pid_075,iot,iot__entity_obs,state_event,0.0,1.0,0.9992228186091505,1277694,0,True,True,True,finite observed values before imputation
iot__entity_obs__motion_sensor_pid_138,iot,iot__entity_obs,state_event,0.0,1.0,0.9990451547866703,1277694,0,True,True,True,finite observed values before imputation
iot__entity_obs__multipurpose_sensor_pid_003,iot,iot__entity_obs,protocol_other,0.0,1.0,0.989232163569681,1277694,0,True,True,True,finite observed values before imputation
iot__entity_obs__multipurpose_sensor_pid_006,iot,iot__entity_obs,protocol_other,0.0,1.0,0.9891319830882824,1277694,0,True,True,True,finite observed values before imputation
iot__entity_obs__s5_max,iot,iot__entity_obs,protocol_other,0.0,1.0,0.9998904275984704,1277694,0,True,True,True,finite observed values before imputation
iot__entity_obs__s5_max_charging,iot,iot__entity_obs,protocol_other,0.0,1.0,0.9999663456195302,1277694,0,True,True,True,finite observed values before imputation
iot__entity_obs__s5_max_cleaning_area,iot,iot__entity_obs,protocol_other,0.0,1.0,0.9998184228774651,1277694,0,True,True,True,finite observed values before imputation
iot__entity_obs__s5_max_cleaning_time,iot,iot__entity_obs,protocol_other,0.0,1.0,0.9998004216972138,1277694,0,True,True,True,finite observed values before imputation
iot__entity_obs__s5_max_filter_time_left,iot,iot__entity_obs,protocol_other,0.0,1.0,0.999968693599563,1277694,0,True,True,True,finite observed values before imputation
iot__entity_obs__s5_max_main_brush_time_left,iot,iot__entity_obs,protocol_other,0.0,1.0,0.9999694762595739,1277694,0,True,True,True,finite observed values before imputation
iot__entity_obs__s5_max_mop_attached,iot,iot__entity_obs,protocol_other,0.0,1.0,0.9999726068996176,1277694,0,True,True,True,finite observed values before imputation
iot__entity_obs__s5_max_sensor_time_left,iot,iot__entity_obs,protocol_other,0.0,1.0,0.9999694762595739,1277694,0,True,True,True,finite observed values before imputation
iot__entity_obs__s5_max_side_brush_time_left,iot,iot__entity_obs,protocol_other,0.0,1.0,0.9999694762595739,1277694,0,True,True,True,finite observed values before imputation
iot__entity_obs__s5_max_total_cleaning_area,iot,iot__entity_obs,protocol_other,0.0,1.0,0.9999694762595739,1277694,0,True,True,True,finite observed values before imputation
iot__entity_obs__s5_max_total_cleaning_count,iot,iot__entity_obs,packet_count,0.0,1.0,0.9999694762595739,1277694,0,True,True,True,finite observed values before imputation
iot__entity_obs__s5_max_total_cleaning_time,iot,iot__entity_obs,protocol_other,0.0,1.0,0.9999694762595739,1277694,0,True,True,True,finite observed values before imputation
iot__entity_obs__s5_max_water_box_attached,iot,iot__entity_obs,protocol_other,0.0,1.0,0.9999726068996176,1277694,0,True,True,True,finite observed values before imputation
iot__entity_obs__smart_light_pid_002,iot,iot__entity_obs,physical_context,0.0,1.0,0.9999835641397705,1277694,0,True,True,True,finite observed values before imputation
iot__entity_obs__smart_light_pid_012,iot,iot__entity_obs,physical_context,0.0,1.0,0.9999984346799782,1277694,0,True,True,True,finite observed values before imputation
iot__entity_obs__smart_light_strip_pid_147,iot,iot__entity_obs,physical_context,0.0,1.0,0.9999608669994537,1277694,0,True,True,True,finite observed values before imputation
iot__entity_obs__smart_plug,iot,iot__entity_obs,protocol_other,0.0,1.0,0.8920844897134995,1277694,0,True,True,True,finite observed values before imputation
iot__entity_obs__smart_plug_auto_off_enabled,iot,iot__entity_obs,protocol_other,0.0,1.0,0.9999984346799782,1277694,0,True,True,True,finite observed values before imputation
iot__entity_obs__smart_plug_auto_update_enabled,iot,iot__entity_obs,protocol_other,0.0,1.0,0.9999984346799782,1277694,0,True,True,True,finite observed values before imputation
iot__entity_obs__smart_plug_cloud_connection,iot,iot__entity_obs,protocol_other,0.0,1.0,0.9999937387199126,1277694,0,True,True,True,finite observed values before imputation
iot__entity_obs__smart_plug_current,iot,iot__entity_obs,physical_context,0.0,1.0,0.9259955826668983,1277694,0,True,True,True,finite observed values before imputation
iot__entity_obs__smart_plug_led,iot,iot__entity_obs,protocol_other,0.0,1.0,0.9999984346799782,1277694,0,True,True,True,finite observed values before imputation
iot__entity_obs__smart_plug_overheated,iot,iot__entity_obs,protocol_other,0.0,1.0,0.9999984346799782,1277694,0,True,True,True,finite observed values before imputation
iot__entity_obs__smart_plug_overloaded,iot,iot__entity_obs,protocol_other,0.0,1.0,0.9999984346799782,1277694,0,True,True,True,finite observed values before imputation
iot__entity_obs__smart_plug_power_protection,iot,iot__entity_obs,physical_context,0.0,1.0,0.9999984346799782,1277694,0,True,True,True,finite observed values before imputation
iot__entity_obs__smart_plug_ps5,iot,iot__entity_obs,protocol_other,0.0,1.0,0.8861104458501018,1277694,0,True,True,True,finite observed values before imputation
iot__entity_obs__smart_plug_ps5_auto_off_enabled,iot,iot__entity_obs,protocol_other,0.0,1.0,0.9999812161597378,1277694,0,True,True,True,finite observed values before imputation
iot__entity_obs__smart_plug_ps5_auto_update_enabled,iot,iot__entity_obs,protocol_other,0.0,1.0,0.9999819988197487,1277694,0,True,True,True,finite observed values before imputation
iot__entity_obs__smart_plug_ps5_cloud_connection,iot,iot__entity_obs,protocol_other,0.0,1.0,0.9999765201996722,1277694,0,True,True,True,finite observed values before imputation
iot__entity_obs__smart_plug_ps5_current,iot,iot__entity_obs,physical_context,0.0,1.0,0.9409882178361956,1277694,0,True,True,True,finite observed values before imputation
iot__entity_obs__smart_plug_ps5_led,iot,iot__entity_obs,protocol_other,0.0,1.0,0.9999819988197487,1277694,0,True,True,True,finite observed values before imputation
iot__entity_obs__smart_plug_ps5_overheated,iot,iot__entity_obs,protocol_other,0.0,1.0,0.9999819988197487,1277694,0,True,True,True,finite observed values before imputation
iot__entity_obs__smart_plug_ps5_overloaded,iot,iot__entity_obs,protocol_other,0.0,1.0,0.9999819988197487,1277694,0,True,True,True,finite observed values before imputation
iot__entity_obs__smart_plug_ps5_power_protection,iot,iot__entity_obs,physical_context,0.0,1.0,0.9999812161597378,1277694,0,True,True,True,finite observed values before imputation
iot__entity_obs__smart_plug_ps5_this_month_s,iot,iot__entity_obs,protocol_other,0.0,1.0,0.9961047011256217,1277694,0,True,True,True,finite observed values before imputation
iot__entity_obs__smart_plug_ps5_today_s,iot,iot__entity_obs,protocol_other,0.0,1.0,0.9960992225055452,1277694,0,True,True,True,finite observed values before imputation
iot__entity_obs__smart_plug_ps5_turn_off_in,iot,iot__entity_obs,protocol_other,0.0,1.0,0.9999812161597378,1277694,0,True,True,True,finite observed values before imputation
iot__entity_obs__smart_plug_this_month_s,iot,iot__entity_obs,protocol_other,0.0,1.0,0.9995531011337613,1277694,0,True,True,True,finite observed values before imputation
iot__entity_obs__smart_plug_today_s,iot,iot__entity_obs,protocol_other,0.0,1.0,0.9995468398536739,1277694,0,True,True,True,finite observed values before imputation
iot__entity_obs__smart_plug_turn_off_in,iot,iot__entity_obs,protocol_other,0.0,1.0,0.9999984346799782,1277694,0,True,True,True,finite observed values before imputation
iot__entity_obs__temperature_and_humidity_pid_001,iot,iot__entity_obs,physical_context,0.0,1.0,0.9938741200944827,1277694,0,True,True,True,finite observed values before imputation
iot__entity_obs__temperature_and_humidity_pid_070,iot,iot__entity_obs,physical_context,0.0,1.0,0.9991531618681782,1277694,0,True,True,True,finite observed values before imputation
iot__entity_obs__temperature_and_humidity_pid_073,iot,iot__entity_obs,physical_context,0.0,1.0,0.9990608079868889,1277694,0,True,True,True,finite observed values before imputation
iot__entity_obs__twinguard_087,iot,iot__entity_obs,protocol_other,0.0,1.0,0.996671346973532,1277694,0,True,True,True,finite observed values before imputation
iot__entity_obs__twinguard_088,iot,iot__entity_obs,protocol_other,0.0,1.0,0.9966752602735867,1277694,0,True,True,True,finite observed values before imputation
iot__entity_obs__unknown_70_ee_50_7a_e5_2c,iot,iot__entity_obs,protocol_other,0.0,1.0,0.9983352821567605,1277694,0,True,True,True,finite observed values before imputation
iot__entity_obs__vibration_sensor_pid_078,iot,iot__entity_obs,protocol_other,0.0,1.0,0.9995233600533461,1277694,0,True,True,True,finite observed values before imputation
iot__entity_obs__vibration_sensor_pid_079,iot,iot__entity_obs,protocol_other,0.0,1.0,0.9987234815221798,1277694,0,True,True,True,finite observed values before imputation
iot__entity_obs__water_leak_sensor_pid_083,iot,iot__entity_obs,protocol_other,0.0,1.0,0.9997479834764819,1277694,0,True,True,True,finite observed values before imputation
iot__entity_obs__wireless_mini_switch_pid_080,iot,iot__entity_obs,state_event,0.0,1.0,0.9997010238758263,1277694,0,True,True,True,finite observed values before imputation
iot__entity_obs__withings_average_heart_rate,iot,iot__entity_obs,protocol_other,0.0,1.0,0.9999874774398252,1277694,0,True,True,True,finite observed values before imputation
iot__entity_obs__withings_average_respiratory_rate,iot,iot__entity_obs,protocol_other,0.0,1.0,0.9999913907398799,1277694,0,True,True,True,finite observed values before imputation
iot__entity_obs__withings_breathing_disturbances_intensity,iot,iot__entity_obs,protocol_other,0.0,1.0,0.9999874774398252,1277694,0,True,True,True,finite observed values before imputation
iot__entity_obs__withings_deep_sleep,iot,iot__entity_obs,protocol_other,0.0,1.0,0.9999882600998361,1277694,0,True,True,True,finite observed values before imputation
iot__entity_obs__withings_light_sleep,iot,iot__entity_obs,physical_context,0.0,1.0,0.9999874774398252,1277694,0,True,True,True,finite observed values before imputation
iot__entity_obs__withings_maximum_heart_rate,iot,iot__entity_obs,protocol_other,0.0,1.0,0.9999906080798688,1277694,0,True,True,True,finite observed values before imputation
iot__entity_obs__withings_maximum_respiratory_rate,iot,iot__entity_obs,protocol_other,0.0,1.0,0.9999929560599017,1277694,0,True,True,True,finite observed values before imputation
iot__entity_obs__withings_minimum_heart_rate,iot,iot__entity_obs,protocol_other,0.0,1.0,0.9999882600998361,1277694,0,True,True,True,finite observed values before imputation
iot__entity_obs__withings_minimum_respiratory_rate,iot,iot__entity_obs,protocol_other,0.0,1.0,0.9999906080798688,1277694,0,True,True,True,finite observed values before imputation
iot__entity_obs__withings_rem_sleep,iot,iot__entity_obs,protocol_other,0.0,1.0,0.9999874774398252,1277694,0,True,True,True,finite observed values before imputation
iot__entity_obs__withings_sleep_score,iot,iot__entity_obs,protocol_other,0.0,1.0,0.9999874774398252,1277694,0,True,True,True,finite observed values before imputation
iot__entity_obs__withings_snoring,iot,iot__entity_obs,protocol_other,0.0,1.0,0.9999882600998361,1277694,0,True,True,True,finite observed values before imputation
iot__entity_obs__withings_snoring_episode_count,iot,iot__entity_obs,packet_count,0.0,1.0,0.9999882600998361,1277694,0,True,True,True,finite observed values before imputation
iot__entity_obs__withings_time_to_sleep,iot,iot__entity_obs,protocol_other,0.0,1.0,0.9999906080798688,1277694,0,True,True,True,finite observed values before imputation
iot__entity_obs__withings_time_to_wakeup,iot,iot__entity_obs,protocol_other,0.0,1.0,0.9999953040399344,1277694,0,True,True,True,finite observed values before imputation
iot__entity_obs__withings_wakeup_count,iot,iot__entity_obs,packet_count,0.0,1.0,0.9999906080798688,1277694,0,True,True,True,finite observed values before imputation
iot__entity_obs__withings_wakeup_time,iot,iot__entity_obs,protocol_other,0.0,1.0,0.9999874774398252,1277694,0,True,True,True,finite observed values before imputation
iot__entity_stale__coffee_maker,iot,iot__entity_stale,protocol_other,0.0,1.0,0.8746781310705067,1277694,0,True,True,True,finite observed values before imputation
iot__entity_stale__coffee_maker_bean_container_empty,iot,iot__entity_stale,protocol_other,0.0,1.0,0.0014111359996994586,1277694,0,True,True,True,finite observed values before imputation
iot__entity_stale__coffee_maker_child_lock,iot,iot__entity_stale,protocol_other,0.0,1.0,0.2028678228120348,1277694,0,True,True,True,finite observed values before imputation
iot__entity_stale__coffee_maker_connectivity,iot,iot__entity_stale,protocol_other,0.0,1.0,0.23500149488062086,1277694,0,True,True,True,finite observed values before imputation
iot__entity_stale__coffee_maker_drip_tray_full,iot,iot__entity_stale,protocol_other,0.0,1.0,0.003013241042064845,1277694,0,True,True,True,finite observed values before imputation
iot__entity_stale__coffee_maker_fill_quantity,iot,iot__entity_stale,protocol_other,0.0,1.0,0.00047037866656648617,1277694,0,True,True,True,finite observed values before imputation
iot__entity_stale__coffee_maker_hot,iot,iot__entity_stale,protocol_other,0.0,1.0,0.0014111359996994586,1277694,0,True,True,True,finite observed values before imputation
iot__entity_stale__coffee_maker_local_control,iot,iot__entity_stale,protocol_other,0.0,1.0,0.8724718124997065,1277694,0,True,True,True,finite observed values before imputation
iot__entity_stale__coffee_maker_milk,iot,iot__entity_stale,protocol_other,0.0,1.0,0.0014111359996994586,1277694,0,True,True,True,finite observed values before imputation
iot__entity_stale__coffee_maker_remote_start,iot,iot__entity_stale,protocol_other,0.0,1.0,0.2028678228120348,1277694,0,True,True,True,finite observed values before imputation
iot__entity_stale__coffee_maker_water_tank_empty,iot,iot__entity_stale,protocol_other,0.0,1.0,0.0014111359996994586,1277694,0,True,True,True,finite observed values before imputation
iot__entity_stale__door_window_sensor_pid_005,iot,iot__entity_stale,protocol_other,0.0,1.0,0.9998528599179459,1277694,0,True,True,True,finite observed values before imputation
iot__entity_stale__door_window_sensor_pid_007,iot,iot__entity_stale,protocol_other,0.0,1.0,0.9992204706291178,1277694,0,True,True,True,finite observed values before imputation
iot__entity_stale__door_window_sensor_pid_136,iot,iot__entity_stale,protocol_other,0.0,1.0,0.9997417221963945,1277694,0,True,True,True,finite observed values before imputation
iot__entity_stale__kasa_smart_plug_pid_024,iot,iot__entity_stale,protocol_other,0.0,1.0,0.5949327460252611,1277694,0,True,True,True,finite observed values before imputation
iot__entity_stale__mi_box,iot,iot__entity_stale,protocol_other,0.0,1.0,0.21353156546090066,1277694,0,True,True,True,finite observed values before imputation
iot__entity_stale__motion_sensor_pid_075,iot,iot__entity_stale,state_event,0.0,1.0,0.998118485333734,1277694,0,True,True,True,finite observed values before imputation
iot__entity_stale__s5_max,iot,iot__entity_stale,protocol_other,0.0,1.0,0.9791648078491407,1277694,0,True,True,True,finite observed values before imputation
iot__entity_stale__s5_max_charging,iot,iot__entity_stale,protocol_other,0.0,1.0,0.9791648078491407,1277694,0,True,True,True,finite observed values before imputation
iot__entity_stale__s5_max_cleaning_area,iot,iot__entity_stale,protocol_other,0.0,1.0,0.015902868762004047,1277694,0,True,True,True,finite observed values before imputation
iot__entity_stale__s5_max_cleaning_time,iot,iot__entity_stale,protocol_other,0.0,1.0,0.01597956944307479,1277694,0,True,True,True,finite observed values before imputation
iot__entity_stale__s5_max_filter_time_left,iot,iot__entity_stale,protocol_other,0.0,1.0,0.01301720130172013,1277694,0,True,True,True,finite observed values before imputation
iot__entity_stale__s5_max_main_brush_time_left,iot,iot__entity_stale,protocol_other,0.0,1.0,0.013006244061567166,1277694,0,True,True,True,finite observed values before imputation
iot__entity_stale__s5_max_mop_attached,iot,iot__entity_stale,protocol_other,0.0,1.0,0.9791601118890751,1277694,0,True,True,True,finite observed values before imputation
iot__entity_stale__s5_max_sensor_time_left,iot,iot__entity_stale,protocol_other,0.0,1.0,0.013006244061567166,1277694,0,True,True,True,finite observed values before imputation
iot__entity_stale__s5_max_side_brush_time_left,iot,iot__entity_stale,protocol_other,0.0,1.0,0.013006244061567166,1277694,0,True,True,True,finite observed values before imputation
iot__entity_stale__s5_max_total_cleaning_area,iot,iot__entity_stale,protocol_other,0.0,1.0,0.013006244061567166,1277694,0,True,True,True,finite observed values before imputation
iot__entity_stale__s5_max_total_cleaning_count,iot,iot__entity_stale,packet_count,0.0,1.0,0.013006244061567166,1277694,0,True,True,True,finite observed values before imputation
iot__entity_stale__s5_max_total_cleaning_time,iot,iot__entity_stale,protocol_other,0.0,1.0,0.013006244061567166,1277694,0,True,True,True,finite observed values before imputation
iot__entity_stale__s5_max_water_box_attached,iot,iot__entity_stale,protocol_other,0.0,1.0,0.9791601118890751,1277694,0,True,True,True,finite observed values before imputation
iot__entity_stale__smart_light_pid_002,iot,iot__entity_stale,physical_context,0.0,1.0,0.008011307871837858,1277694,0,True,True,True,finite observed values before imputation
iot__entity_stale__smart_light_pid_012,iot,iot__entity_stale,physical_context,0.0,1.0,0.0009407573331329723,1277694,0,True,True,True,finite observed values before imputation
iot__entity_stale__smart_light_strip_pid_147,iot,iot__entity_stale,physical_context,0.0,1.0,0.022211108450067074,1277694,0,True,True,True,finite observed values before imputation
iot__entity_stale__smart_plug,iot,iot__entity_stale,protocol_other,0.0,1.0,0.5949413552853813,1277694,0,True,True,True,finite observed values before imputation
iot__entity_stale__smart_plug_auto_off_enabled,iot,iot__entity_stale,protocol_other,0.0,1.0,0.07999489705672877,1277694,0,True,True,True,finite observed values before imputation
iot__entity_stale__smart_plug_auto_update_enabled,iot,iot__entity_stale,protocol_other,0.0,1.0,0.08001446355700191,1277694,0,True,True,True,finite observed values before imputation
iot__entity_stale__smart_plug_cloud_connection,iot,iot__entity_stale,protocol_other,0.0,1.0,0.14768481342168,1277694,0,True,True,True,finite observed values before imputation
iot__entity_stale__smart_plug_current,iot,iot__entity_stale,physical_context,0.0,1.0,0.5949366593253158,1277694,0,True,True,True,finite observed values before imputation
iot__entity_stale__smart_plug_led,iot,iot__entity_stale,protocol_other,0.0,1.0,0.08001446355700191,1277694,0,True,True,True,finite observed values before imputation
iot__entity_stale__smart_plug_overheated,iot,iot__entity_stale,protocol_other,0.0,1.0,0.08001446355700191,1277694,0,True,True,True,finite observed values before imputation
iot__entity_stale__smart_plug_overloaded,iot,iot__entity_stale,protocol_other,0.0,1.0,0.08001446355700191,1277694,0,True,True,True,finite observed values before imputation
iot__entity_stale__smart_plug_power_protection,iot,iot__entity_stale,physical_context,0.0,1.0,0.0009407573331329723,1277694,0,True,True,True,finite observed values before imputation
iot__entity_stale__smart_plug_ps5,iot,iot__entity_stale,protocol_other,0.0,1.0,0.5949421379453922,1277694,0,True,True,True,finite observed values before imputation
iot__entity_stale__smart_plug_ps5_auto_off_enabled,iot,iot__entity_stale,protocol_other,0.0,1.0,0.25935552644060317,1277694,0,True,True,True,finite observed values before imputation
iot__entity_stale__smart_plug_ps5_auto_update_enabled,iot,iot__entity_stale,protocol_other,0.0,1.0,0.25935552644060317,1277694,0,True,True,True,finite observed values before imputation
iot__entity_stale__smart_plug_ps5_cloud_connection,iot,iot__entity_stale,protocol_other,0.0,1.0,0.25943457510170664,1277694,0,True,True,True,finite observed values before imputation
iot__entity_stale__smart_plug_ps5_current,iot,iot__entity_stale,physical_context,0.0,1.0,0.5947636914629011,1277694,0,True,True,True,finite observed values before imputation
iot__entity_stale__smart_plug_ps5_led,iot,iot__entity_stale,protocol_other,0.0,1.0,0.25935552644060317,1277694,0,True,True,True,finite observed values before imputation
iot__entity_stale__smart_plug_ps5_overheated,iot,iot__entity_stale,protocol_other,0.0,1.0,0.25935552644060317,1277694,0,True,True,True,finite observed values before imputation
iot__entity_stale__smart_plug_ps5_overloaded,iot,iot__entity_stale,protocol_other,0.0,1.0,0.25935552644060317,1277694,0,True,True,True,finite observed values before imputation
iot__entity_stale__smart_plug_ps5_power_protection,iot,iot__entity_stale,physical_context,0.0,1.0,0.008057484812482488,1277694,0,True,True,True,finite observed values before imputation
iot__entity_stale__smart_plug_ps5_this_month_s,iot,iot__entity_stale,protocol_other,0.0,1.0,0.09659668120848967,1277694,0,True,True,True,finite observed values before imputation
iot__entity_stale__smart_plug_ps5_today_s,iot,iot__entity_stale,protocol_other,0.0,1.0,0.09841010445380506,1277694,0,True,True,True,finite observed values before imputation
iot__entity_stale__smart_plug_ps5_turn_off_in,iot,iot__entity_stale,protocol_other,0.0,1.0,0.008004263931739525,1277694,0,True,True,True,finite observed values before imputation
iot__entity_stale__smart_plug_this_month_s,iot,iot__entity_stale,protocol_other,0.0,1.0,0.06641026724708733,1277694,0,True,True,True,finite observed values before imputation
iot__entity_stale__smart_plug_today_s,iot,iot__entity_stale,protocol_other,0.0,1.0,0.07017329657961922,1277694,0,True,True,True,finite observed values before imputation
iot__entity_stale__smart_plug_turn_off_in,iot,iot__entity_stale,protocol_other,0.0,1.0,0.0009407573331329723,1277694,0,True,True,True,finite observed values before imputation
iot__entity_stale__temperature_and_humidity_pid_001,iot,iot__entity_stale,physical_context,0.0,1.0,0.9911708124167445,1277694,0,True,True,True,finite observed values before imputation
iot__entity_stale__temperature_and_humidity_pid_070,iot,iot__entity_stale,physical_context,0.0,1.0,0.413318838469931,1277694,0,True,True,True,finite observed values before imputation
iot__entity_stale__temperature_and_humidity_pid_073,iot,iot__entity_stale,physical_context,0.0,1.0,0.44393962873739723,1277694,0,True,True,True,finite observed values before imputation
iot__entity_stale__twinguard_087,iot,iot__entity_stale,protocol_other,0.0,1.0,0.9995304039934444,1277694,0,True,True,True,finite observed values before imputation
iot__entity_stale__twinguard_088,iot,iot__entity_stale,protocol_other,0.0,1.0,0.9992963886501776,1277694,0,True,True,True,finite observed values before imputation
iot__entity_stale__vibration_sensor_pid_079,iot,iot__entity_stale,protocol_other,0.0,1.0,0.9991077675875444,1277694,0,True,True,True,finite observed values before imputation
iot__entity_stale__water_leak_sensor_pid_083,iot,iot__entity_stale,protocol_other,0.0,1.0,0.9984792915987709,1277694,0,True,True,True,finite observed values before imputation
iot__entity_stale__wireless_mini_switch_pid_080,iot,iot__entity_stale,state_event,0.0,1.0,0.1771151778125279,1277694,0,True,True,True,finite observed values before imputation
iot__entity_stale__withings_average_heart_rate,iot,iot__entity_stale,protocol_other,0.0,1.0,0.007526058665063779,1277694,0,True,True,True,finite observed values before imputation
iot__entity_stale__withings_average_respiratory_rate,iot,iot__entity_stale,protocol_other,0.0,1.0,0.005174165332231348,1277694,0,True,True,True,finite observed values before imputation
iot__entity_stale__withings_breathing_disturbances_intensity,iot,iot__entity_stale,protocol_other,0.0,1.0,0.007526058665063779,1277694,0,True,True,True,finite observed values before imputation
iot__entity_stale__withings_deep_sleep,iot,iot__entity_stale,protocol_other,0.0,1.0,0.007055679998497293,1277694,0,True,True,True,finite observed values before imputation
iot__entity_stale__withings_light_sleep,iot,iot__entity_stale,physical_context,0.0,1.0,0.007526058665063779,1277694,0,True,True,True,finite observed values before imputation
iot__entity_stale__withings_maximum_heart_rate,iot,iot__entity_stale,protocol_other,0.0,1.0,0.0056445439987978345,1277694,0,True,True,True,finite observed values before imputation
iot__entity_stale__withings_maximum_respiratory_rate,iot,iot__entity_stale,protocol_other,0.0,1.0,0.004233407999098376,1277694,0,True,True,True,finite observed values before imputation
iot__entity_stale__withings_minimum_heart_rate,iot,iot__entity_stale,protocol_other,0.0,1.0,0.007055679998497293,1277694,0,True,True,True,finite observed values before imputation
iot__entity_stale__withings_minimum_respiratory_rate,iot,iot__entity_stale,protocol_other,0.0,1.0,0.0056445439987978345,1277694,0,True,True,True,finite observed values before imputation
iot__entity_stale__withings_rem_sleep,iot,iot__entity_stale,protocol_other,0.0,1.0,0.007526058665063779,1277694,0,True,True,True,finite observed values before imputation
iot__entity_stale__withings_sleep_score,iot,iot__entity_stale,protocol_other,0.0,1.0,0.007526058665063779,1277694,0,True,True,True,finite observed values before imputation
iot__entity_stale__withings_snoring,iot,iot__entity_stale,protocol_other,0.0,1.0,0.007055679998497293,1277694,0,True,True,True,finite observed values before imputation
iot__entity_stale__withings_snoring_episode_count,iot,iot__entity_stale,packet_count,0.0,1.0,0.007055679998497293,1277694,0,True,True,True,finite observed values before imputation
iot__entity_stale__withings_time_to_sleep,iot,iot__entity_stale,protocol_other,0.0,1.0,0.0056445439987978345,1277694,0,True,True,True,finite observed values before imputation
iot__entity_stale__withings_time_to_wakeup,iot,iot__entity_stale,protocol_other,0.0,1.0,0.0028222719993989172,1277694,0,True,True,True,finite observed values before imputation
iot__entity_stale__withings_wakeup_count,iot,iot__entity_stale,packet_count,0.0,1.0,0.0056445439987978345,1277694,0,True,True,True,finite observed values before imputation
iot__entity_stale__withings_wakeup_time,iot,iot__entity_stale,protocol_other,0.0,1.0,0.007526058665063779,1277694,0,True,True,True,finite observed values before imputation
events_in_sec__entity__motion_sensor_pid_062,iot,iot__entity,state_event,0.0,1.0,0.9933309540469001,1277694,0,True,True,True,finite observed values before imputation
events_in_sec__entity__motion_sensor_pid_008,iot,iot__entity,state_event,0.0,1.0,0.9976614118873534,1277694,0,True,True,True,finite observed values before imputation
events_in_sec__entity__multipurpose_sensor_pid_006,iot,iot__entity,state_event,0.0,1.0,0.9991821202885824,1277694,0,True,True,True,finite observed values before imputation
events_in_sec__entity__motion_sensor_pid_138,iot,iot__entity,state_event,0.0,1.0,0.9992439504294456,1277694,0,True,True,True,finite observed values before imputation
events_in_sec__entity__vibration_sensor_pid_079,iot,iot__entity,state_event,0.0,1.0,0.9993840465714013,1277694,0,True,True,True,finite observed values before imputation
events_in_sec__entity__motion_sensor_pid_075,iot,iot__entity,state_event,0.0,1.0,0.9995092721731494,1277694,0,True,True,True,finite observed values before imputation
events_in_sec__entity__multipurpose_sensor_pid_003,iot,iot__entity,state_event,0.0,1.0,0.9995343172934991,1277694,0,True,True,True,finite observed values before imputation
events_in_sec__entity__door_window_sensor_pid_136,iot,iot__entity,state_event,0.0,1.0,0.9998152922374215,1277694,0,True,True,True,finite observed values before imputation
events_in_sec__entity__vibration_sensor_pid_078,iot,iot__entity,state_event,0.0,1.0,0.999841120017782,1277694,0,True,True,True,finite observed values before imputation
events_in_sec__entity__coffee_maker_local_control,iot,iot__entity,state_event,0.0,1.0,0.9999006021786124,1277694,0,True,True,True,finite observed values before imputation
events_in_sec__entity__door_window_sensor_pid_007,iot,iot__entity,state_event,0.0,1.0,0.9999459964592461,1277694,0,True,True,True,finite observed values before imputation
events_in_sec__entity__door_window_sensor_pid_005,iot,iot__entity,state_event,0.0,1.0,0.9999632149794865,1277694,0,True,True,True,finite observed values before imputation
events_in_sec__feat__motion_sensor_pid_062__binary_sensor__occupancy,iot,iot__feat,state_event,0.0,1.0,0.9933309540469001,1277694,0,True,True,True,finite observed values before imputation
events_in_sec__feat__motion_sensor_pid_008__binary_sensor__occupancy,iot,iot__feat,state_event,0.0,1.0,0.9976614118873534,1277694,0,True,True,True,finite observed values before imputation
events_in_sec__feat__motion_sensor_pid_138__binary_sensor__occupancy,iot,iot__feat,state_event,0.0,1.0,0.9992439504294456,1277694,0,True,True,True,finite observed values before imputation
events_in_sec__feat__vibration_sensor_pid_079__binary_sensor__vibration,iot,iot__feat,state_event,0.0,1.0,0.9993840465714013,1277694,0,True,True,True,finite observed values before imputation
events_in_sec__feat__multipurpose_sensor_pid_006__binary_sensor__moving,iot,iot__feat,state_event,0.0,1.0,0.9994357021321224,1277694,0,True,True,True,finite observed values before imputation
events_in_sec__feat__motion_sensor_pid_075__binary_sensor__occupancy,iot,iot__feat,state_event,0.0,1.0,0.9995092721731494,1277694,0,True,True,True,finite observed values before imputation
events_in_sec__feat__multipurpose_sensor_pid_003__binary_sensor__moving,iot,iot__feat,state_event,0.0,1.0,0.9995797115741327,1277694,0,True,True,True,finite observed values before imputation
events_in_sec__feat__multipurpose_sensor_pid_006__binary_sensor__contact,iot,iot__feat,state_event,0.0,1.0,0.9996689348153783,1277694,0,True,True,True,finite observed values before imputation
events_in_sec__feat__door_window_sensor_pid_136__binary_sensor__contact,iot,iot__feat,state_event,0.0,1.0,0.9998152922374215,1277694,0,True,True,True,finite observed values before imputation
events_in_sec__feat__vibration_sensor_pid_078__binary_sensor__vibration,iot,iot__feat,state_event,0.0,1.0,0.999841120017782,1277694,0,True,True,True,finite observed values before imputation
events_in_sec__feat__coffee_maker_local_control__binary_sensor__state,iot,iot__feat,state_event,0.0,1.0,0.9999006021786124,1277694,0,True,True,True,finite observed values before imputation
events_in_sec__feat__multipurpose_sensor_pid_003__binary_sensor__contact,iot,iot__feat,state_event,0.0,1.0,0.9999428658192024,1277694,0,True,True,True,finite observed values before imputation
events_in_sec__feat__door_window_sensor_pid_007__binary_sensor__contact,iot,iot__feat,state_event,0.0,1.0,0.9999459964592461,1277694,0,True,True,True,finite observed values before imputation
events_in_sec__feat__door_window_sensor_pid_005__binary_sensor__contact,iot,iot__feat,state_event,0.0,1.0,0.9999632149794865,1277694,0,True,True,True,finite observed values before imputation
telemetry_in_sec__entity__smart_plug_ps5,iot,iot__entity,protocol_other,0.0,1.0,0.8861104458501018,1277694,0,True,True,True,finite observed values before imputation
telemetry_in_sec__entity__smart_plug,iot,iot__entity,protocol_other,0.0,1.0,0.8920844897134995,1277694,0,True,True,True,finite observed values before imputation
telemetry_in_sec__entity__kasa_smart_plug_pid_024,iot,iot__entity,protocol_other,0.0,1.0,0.9032851371298605,1277694,0,True,True,True,finite observed values before imputation
telemetry_in_sec__entity__smart_plug_current,iot,iot__entity,physical_context,0.0,1.0,0.9259955826668983,1277694,0,True,True,True,finite observed values before imputation
telemetry_in_sec__entity__smart_plug_ps5_current,iot,iot__entity,physical_context,0.0,1.0,0.9409882178361956,1277694,0,True,True,True,finite observed values before imputation
telemetry_in_sec__entity__lifx_color_6757ce,iot,iot__entity,protocol_other,0.0,1.0,0.9839758189363025,1277694,0,True,True,True,finite observed values before imputation
telemetry_in_sec__entity__multipurpose_sensor_pid_003,iot,iot__entity,protocol_other,0.0,1.0,0.9894779188131118,1277694,0,True,True,True,finite observed values before imputation
telemetry_in_sec__entity__multipurpose_sensor_pid_006,iot,iot__entity,protocol_other,0.0,1.0,0.9895334876738875,1277694,0,True,True,True,finite observed values before imputation
telemetry_in_sec__entity__motion_sensor_pid_062,iot,iot__entity,state_event,0.0,1.0,0.9899999530403993,1277694,0,True,True,True,finite observed values before imputation
telemetry_in_sec__entity__temperature_and_humidity_pid_001,iot,iot__entity,physical_context,0.0,1.0,0.9938741200944827,1277694,0,True,True,True,finite observed values before imputation
telemetry_in_sec__entity__smart_plug_ps5_today_s,iot,iot__entity,protocol_other,0.0,1.0,0.9960992225055452,1277694,0,True,True,True,finite observed values before imputation
telemetry_in_sec__entity__smart_plug_ps5_this_month_s,iot,iot__entity,protocol_other,0.0,1.0,0.9961047011256217,1277694,0,True,True,True,finite observed values before imputation
telemetry_in_sec__entity__twinguard_087,iot,iot__entity,protocol_other,0.0,1.0,0.996671346973532,1277694,0,True,True,True,finite observed values before imputation
telemetry_in_sec__entity__twinguard_088,iot,iot__entity,protocol_other,0.0,1.0,0.9966752602735867,1277694,0,True,True,True,finite observed values before imputation
telemetry_in_sec__entity__motion_sensor_pid_008,iot,iot__entity,state_event,0.0,1.0,0.997644193367113,1277694,0,True,True,True,finite observed values before imputation
telemetry_in_sec__entity__coffee_maker,iot,iot__entity,protocol_other,0.0,1.0,0.9977193287281618,1277694,0,True,True,True,finite observed values before imputation
telemetry_in_sec__entity__unknown_70_ee_50_7a_e5_2c,iot,iot__entity,protocol_other,0.0,1.0,0.9983352821567605,1277694,0,True,True,True,finite observed values before imputation
telemetry_in_sec__entity__temperature_and_humidity_pid_073,iot,iot__entity,physical_context,0.0,1.0,0.9990608079868889,1277694,0,True,True,True,finite observed values before imputation
telemetry_in_sec__entity__temperature_and_humidity_pid_070,iot,iot__entity,physical_context,0.0,1.0,0.9991531618681782,1277694,0,True,True,True,finite observed values before imputation
telemetry_in_sec__entity__vibration_sensor_pid_079,iot,iot__entity,protocol_other,0.0,1.0,0.9991641191083311,1277694,0,True,True,True,finite observed values before imputation
telemetry_in_sec__entity__motion_sensor_pid_075,iot,iot__entity,state_event,0.0,1.0,0.9994944016329419,1277694,0,True,True,True,finite observed values before imputation
telemetry_in_sec__entity__smart_plug_today_s,iot,iot__entity,protocol_other,0.0,1.0,0.9995468398536739,1277694,0,True,True,True,finite observed values before imputation
telemetry_in_sec__entity__smart_plug_this_month_s,iot,iot__entity,protocol_other,0.0,1.0,0.9995531011337613,1277694,0,True,True,True,finite observed values before imputation
telemetry_in_sec__entity__motion_sensor_pid_138,iot,iot__entity,state_event,0.0,1.0,0.9995601450738596,1277694,0,True,True,True,finite observed values before imputation
telemetry_in_sec__entity__door_window_sensor_pid_136,iot,iot__entity,protocol_other,0.0,1.0,0.9996094526545479,1277694,0,True,True,True,finite observed values before imputation
telemetry_in_sec__entity__vibration_sensor_pid_078,iot,iot__entity,protocol_other,0.0,1.0,0.9996180619146682,1277694,0,True,True,True,finite observed values before imputation
telemetry_in_sec__entity__door_window_sensor_pid_005,iot,iot__entity,protocol_other,0.0,1.0,0.999693197275717,1277694,0,True,True,True,finite observed values before imputation
telemetry_in_sec__entity__wireless_mini_switch_pid_080,iot,iot__entity,state_event,0.0,1.0,0.9997010238758263,1277694,0,True,True,True,finite observed values before imputation
telemetry_in_sec__entity__door_window_sensor_pid_007,iot,iot__entity,protocol_other,0.0,1.0,0.9997088504759356,1277694,0,True,True,True,finite observed values before imputation
telemetry_in_sec__entity__water_leak_sensor_pid_083,iot,iot__entity,protocol_other,0.0,1.0,0.9997479834764819,1277694,0,True,True,True,finite observed values before imputation
telemetry_in_sec__entity__s5_max_cleaning_time,iot,iot__entity,protocol_other,0.0,1.0,0.9998004216972138,1277694,0,True,True,True,finite observed values before imputation
telemetry_in_sec__entity__s5_max_cleaning_area,iot,iot__entity,protocol_other,0.0,1.0,0.9998184228774651,1277694,0,True,True,True,finite observed values before imputation
telemetry_in_sec__entity__s5_max,iot,iot__entity,protocol_other,0.0,1.0,0.999936604539115,1277694,0,True,True,True,finite observed values before imputation
telemetry_in_sec__entity__smart_light_strip_pid_147,iot,iot__entity,physical_context,0.0,1.0,0.9999655629595192,1277694,0,True,True,True,finite observed values before imputation
telemetry_in_sec__entity__s5_max_filter_time_left,iot,iot__entity,protocol_other,0.0,1.0,0.999968693599563,1277694,0,True,True,True,finite observed values before imputation
telemetry_in_sec__entity__s5_max_main_brush_time_left,iot,iot__entity,protocol_other,0.0,1.0,0.9999694762595739,1277694,0,True,True,True,finite observed values before imputation
telemetry_in_sec__entity__s5_max_sensor_time_left,iot,iot__entity,protocol_other,0.0,1.0,0.9999694762595739,1277694,0,True,True,True,finite observed values before imputation
telemetry_in_sec__entity__s5_max_side_brush_time_left,iot,iot__entity,protocol_other,0.0,1.0,0.9999694762595739,1277694,0,True,True,True,finite observed values before imputation
telemetry_in_sec__entity__s5_max_total_cleaning_area,iot,iot__entity,protocol_other,0.0,1.0,0.9999694762595739,1277694,0,True,True,True,finite observed values before imputation
telemetry_in_sec__entity__s5_max_total_cleaning_count,iot,iot__entity,packet_count,0.0,1.0,0.9999694762595739,1277694,0,True,True,True,finite observed values before imputation
telemetry_in_sec__entity__s5_max_total_cleaning_time,iot,iot__entity,protocol_other,0.0,1.0,0.9999694762595739,1277694,0,True,True,True,finite observed values before imputation
telemetry_in_sec__entity__smart_light_pid_002,iot,iot__entity,physical_context,0.0,1.0,0.9999835641397705,1277694,0,True,True,True,finite observed values before imputation
telemetry_in_sec__entity__withings_average_heart_rate,iot,iot__entity,protocol_other,0.0,1.0,0.9999874774398252,1277694,0,True,True,True,finite observed values before imputation
telemetry_in_sec__entity__withings_breathing_disturbances_intensity,iot,iot__entity,protocol_other,0.0,1.0,0.9999874774398252,1277694,0,True,True,True,finite observed values before imputation
telemetry_in_sec__entity__withings_light_sleep,iot,iot__entity,physical_context,0.0,1.0,0.9999874774398252,1277694,0,True,True,True,finite observed values before imputation
telemetry_in_sec__entity__withings_rem_sleep,iot,iot__entity,protocol_other,0.0,1.0,0.9999874774398252,1277694,0,True,True,True,finite observed values before imputation
telemetry_in_sec__entity__withings_sleep_score,iot,iot__entity,protocol_other,0.0,1.0,0.9999874774398252,1277694,0,True,True,True,finite observed values before imputation
telemetry_in_sec__entity__withings_wakeup_time,iot,iot__entity,protocol_other,0.0,1.0,0.9999874774398252,1277694,0,True,True,True,finite observed values before imputation
telemetry_in_sec__entity__withings_deep_sleep,iot,iot__entity,protocol_other,0.0,1.0,0.9999882600998361,1277694,0,True,True,True,finite observed values before imputation
telemetry_in_sec__entity__withings_minimum_heart_rate,iot,iot__entity,protocol_other,0.0,1.0,0.9999882600998361,1277694,0,True,True,True,finite observed values before imputation
iot__events_update_any,iot,iot__events_update_any,state_event,0.0,1.0,0.9874680479050539,1277694,0,True,True,True,finite observed values before imputation
iot__events_total,iot,iot__events_total,state_event,0.0,3.0,0.9874680479050539,1277694,0,False,True,True,finite observed values before imputation
iot__events_entity_unique,iot,iot__events_entity_unique,state_event,0.0,3.0,0.9874680479050539,1277694,0,False,True,True,finite observed values before imputation
