split,feature,rows,missing_nonfinite,float32_overflow,stored_zero,float32_underflow_to_zero,physical_units_verified
TRAIN,events_in_sec__entity__coffee_maker_local_control,766616,0,0,766521,0,False
VAL,events_in_sec__entity__coffee_maker_local_control,255418,0,0,255392,0,False
TEST,events_in_sec__entity__coffee_maker_local_control,255418,0,0,255412,0,False
TRAIN,events_in_sec__entity__door_window_sensor_pid_005,766616,0,0,766585,0,False
VAL,events_in_sec__entity__door_window_sensor_pid_005,255418,0,0,255413,0,False
TEST,events_in_sec__entity__door_window_sensor_pid_005,255418,0,0,255407,0,False
TRAIN,events_in_sec__entity__door_window_sensor_pid_007,766616,0,0,766565,0,False
VAL,events_in_sec__entity__door_window_sensor_pid_007,255418,0,0,255410,0,False
TEST,events_in_sec__entity__door_window_sensor_pid_007,255418,0,0,255408,0,False
TRAIN,events_in_sec__entity__door_window_sensor_pid_136,766616,0,0,766504,0,False
VAL,events_in_sec__entity__door_window_sensor_pid_136,255418,0,0,255354,0,False
TEST,events_in_sec__entity__door_window_sensor_pid_136,255418,0,0,255358,0,False
TRAIN,events_in_sec__entity__motion_sensor_pid_008,766616,0,0,764398,0,False
VAL,events_in_sec__entity__motion_sensor_pid_008,255418,0,0,255018,0,False
TEST,events_in_sec__entity__motion_sensor_pid_008,255418,0,0,255048,0,False
TRAIN,events_in_sec__entity__motion_sensor_pid_062,766616,0,0,761349,0,False
VAL,events_in_sec__entity__motion_sensor_pid_062,255418,0,0,253930,0,False
TEST,events_in_sec__entity__motion_sensor_pid_062,255418,0,0,253652,0,False
TRAIN,events_in_sec__entity__motion_sensor_pid_075,766616,0,0,766231,0,False
VAL,events_in_sec__entity__motion_sensor_pid_075,255418,0,0,255288,0,False
TEST,events_in_sec__entity__motion_sensor_pid_075,255418,0,0,255306,0,False
TRAIN,events_in_sec__entity__motion_sensor_pid_138,766616,0,0,765926,0,False
VAL,events_in_sec__entity__motion_sensor_pid_138,255418,0,0,255270,0,False
TEST,events_in_sec__entity__motion_sensor_pid_138,255418,0,0,255290,0,False
TRAIN,events_in_sec__entity__multipurpose_sensor_pid_003,766616,0,0,766287,0,False
VAL,events_in_sec__entity__multipurpose_sensor_pid_003,255418,0,0,255302,0,False
TEST,events_in_sec__entity__multipurpose_sensor_pid_003,255418,0,0,255268,0,False
TRAIN,events_in_sec__entity__multipurpose_sensor_pid_006,766616,0,0,765871,0,False
VAL,events_in_sec__entity__multipurpose_sensor_pid_006,255418,0,0,255263,0,False
TEST,events_in_sec__entity__multipurpose_sensor_pid_006,255418,0,0,255273,0,False
TRAIN,events_in_sec__entity__vibration_sensor_pid_078,766616,0,0,766487,0,False
VAL,events_in_sec__entity__vibration_sensor_pid_078,255418,0,0,255374,0,False
TEST,events_in_sec__entity__vibration_sensor_pid_078,255418,0,0,255388,0,False
TRAIN,events_in_sec__entity__vibration_sensor_pid_079,766616,0,0,766127,0,False
VAL,events_in_sec__entity__vibration_sensor_pid_079,255418,0,0,255262,0,False
TEST,events_in_sec__entity__vibration_sensor_pid_079,255418,0,0,255276,0,False
TRAIN,events_in_sec__feat__coffee_maker_local_control__binary_sensor__state,766616,0,0,766521,0,False
VAL,events_in_sec__feat__coffee_maker_local_control__binary_sensor__state,255418,0,0,255392,0,False
TEST,events_in_sec__feat__coffee_maker_local_control__binary_sensor__state,255418,0,0,255412,0,False
TRAIN,events_in_sec__feat__door_window_sensor_pid_005__binary_sensor__contact,766616,0,0,766585,0,False
VAL,events_in_sec__feat__door_window_sensor_pid_005__binary_sensor__contact,255418,0,0,255413,0,False
TEST,events_in_sec__feat__door_window_sensor_pid_005__binary_sensor__contact,255418,0,0,255407,0,False
TRAIN,events_in_sec__feat__door_window_sensor_pid_007__binary_sensor__contact,766616,0,0,766565,0,False
VAL,events_in_sec__feat__door_window_sensor_pid_007__binary_sensor__contact,255418,0,0,255410,0,False
TEST,events_in_sec__feat__door_window_sensor_pid_007__binary_sensor__contact,255418,0,0,255408,0,False
TRAIN,events_in_sec__feat__door_window_sensor_pid_136__binary_sensor__contact,766616,0,0,766504,0,False
VAL,events_in_sec__feat__door_window_sensor_pid_136__binary_sensor__contact,255418,0,0,255354,0,False
TEST,events_in_sec__feat__door_window_sensor_pid_136__binary_sensor__contact,255418,0,0,255358,0,False
TRAIN,events_in_sec__feat__motion_sensor_pid_008__binary_sensor__occupancy,766616,0,0,764398,0,False
VAL,events_in_sec__feat__motion_sensor_pid_008__binary_sensor__occupancy,255418,0,0,255018,0,False
TEST,events_in_sec__feat__motion_sensor_pid_008__binary_sensor__occupancy,255418,0,0,255048,0,False
TRAIN,events_in_sec__feat__motion_sensor_pid_062__binary_sensor__occupancy,766616,0,0,761349,0,False
VAL,events_in_sec__feat__motion_sensor_pid_062__binary_sensor__occupancy,255418,0,0,253930,0,False
TEST,events_in_sec__feat__motion_sensor_pid_062__binary_sensor__occupancy,255418,0,0,253652,0,False
TRAIN,events_in_sec__feat__motion_sensor_pid_075__binary_sensor__occupancy,766616,0,0,766231,0,False
VAL,events_in_sec__feat__motion_sensor_pid_075__binary_sensor__occupancy,255418,0,0,255288,0,False
TEST,events_in_sec__feat__motion_sensor_pid_075__binary_sensor__occupancy,255418,0,0,255306,0,False
TRAIN,events_in_sec__feat__motion_sensor_pid_138__binary_sensor__occupancy,766616,0,0,765926,0,False
VAL,events_in_sec__feat__motion_sensor_pid_138__binary_sensor__occupancy,255418,0,0,255270,0,False
TEST,events_in_sec__feat__motion_sensor_pid_138__binary_sensor__occupancy,255418,0,0,255290,0,False
TRAIN,events_in_sec__feat__multipurpose_sensor_pid_003__binary_sensor__contact,766616,0,0,766569,0,False
VAL,events_in_sec__feat__multipurpose_sensor_pid_003__binary_sensor__contact,255418,0,0,255404,0,False
TEST,events_in_sec__feat__multipurpose_sensor_pid_003__binary_sensor__contact,255418,0,0,255406,0,False
TRAIN,events_in_sec__feat__multipurpose_sensor_pid_003__binary_sensor__moving,766616,0,0,766323,0,False
VAL,events_in_sec__feat__multipurpose_sensor_pid_003__binary_sensor__moving,255418,0,0,255314,0,False
TEST,events_in_sec__feat__multipurpose_sensor_pid_003__binary_sensor__moving,255418,0,0,255278,0,False
TRAIN,events_in_sec__feat__multipurpose_sensor_pid_006__binary_sensor__contact,766616,0,0,766345,0,False
VAL,events_in_sec__feat__multipurpose_sensor_pid_006__binary_sensor__contact,255418,0,0,255332,0,False
TEST,events_in_sec__feat__multipurpose_sensor_pid_006__binary_sensor__contact,255418,0,0,255352,0,False
TRAIN,events_in_sec__feat__multipurpose_sensor_pid_006__binary_sensor__moving,766616,0,0,766081,0,False
VAL,events_in_sec__feat__multipurpose_sensor_pid_006__binary_sensor__moving,255418,0,0,255324,0,False
TEST,events_in_sec__feat__multipurpose_sensor_pid_006__binary_sensor__moving,255418,0,0,255326,0,False
TRAIN,events_in_sec__feat__vibration_sensor_pid_078__binary_sensor__vibration,766616,0,0,766487,0,False
VAL,events_in_sec__feat__vibration_sensor_pid_078__binary_sensor__vibration,255418,0,0,255374,0,False
TEST,events_in_sec__feat__vibration_sensor_pid_078__binary_sensor__vibration,255418,0,0,255388,0,False
TRAIN,events_in_sec__feat__vibration_sensor_pid_079__binary_sensor__vibration,766616,0,0,766127,0,False
VAL,events_in_sec__feat__vibration_sensor_pid_079__binary_sensor__vibration,255418,0,0,255262,0,False
TEST,events_in_sec__feat__vibration_sensor_pid_079__binary_sensor__vibration,255418,0,0,255276,0,False
TRAIN,iot__any_update_raw,766616,0,0,601563,0,False
VAL,iot__any_update_raw,255418,0,0,120187,0,False
TEST,iot__any_update_raw,255418,0,0,140697,0,False
TRAIN,iot__coffee_maker__sensor__coffee_and_milk_cups__value,766616,225146,0,0,0,False
VAL,iot__coffee_maker__sensor__coffee_and_milk_cups__value,255418,0,0,0,0,False
TEST,iot__coffee_maker__sensor__coffee_and_milk_cups__value,255418,0,0,0,0,False
TRAIN,iot__coffee_maker__sensor__coffees__value,766616,60520,0,0,0,False
VAL,iot__coffee_maker__sensor__coffees__value,255418,0,0,0,0,False
TEST,iot__coffee_maker__sensor__coffees__value,255418,0,0,0,0,False
TRAIN,iot__coffee_maker__sensor__hot_water_cups__value,766616,225146,0,0,0,False
VAL,iot__coffee_maker__sensor__hot_water_cups__value,255418,0,0,0,0,False
TEST,iot__coffee_maker__sensor__hot_water_cups__value,255418,0,0,0,0,False
TRAIN,iot__coffee_maker__sensor__programme_progress__value,766616,60430,0,174741,0,False
VAL,iot__coffee_maker__sensor__programme_progress__value,255418,0,0,76831,0,False
TEST,iot__coffee_maker__sensor__programme_progress__value,255418,0,0,74445,0,False
TRAIN,iot__coffee_maker__switch__power__state,766616,60430,0,676684,0,False
VAL,iot__coffee_maker__switch__power__state,255418,0,0,246592,0,False
TEST,iot__coffee_maker__switch__power__state,255418,0,0,254012,0,False
TRAIN,iot__coffee_maker_bean_container_empty__sensor__state__state,766616,225146,0,541470,0,False
VAL,iot__coffee_maker_bean_container_empty__sensor__state__state,255418,0,0,255418,0,False
TEST,iot__coffee_maker_bean_container_empty__sensor__state__state,255418,0,0,255418,0,False
TRAIN,iot__coffee_maker_bean_container_empty__sensor__state__value,766616,225146,0,541470,0,False
VAL,iot__coffee_maker_bean_container_empty__sensor__state__value,255418,0,0,255418,0,False
TEST,iot__coffee_maker_bean_container_empty__sensor__state__value,255418,0,0,255418,0,False
TRAIN,iot__coffee_maker_child_lock__switch__state__state,766616,225146,0,541470,0,False
VAL,iot__coffee_maker_child_lock__switch__state__state,255418,0,0,255418,0,False
TEST,iot__coffee_maker_child_lock__switch__state__state,255418,0,0,255418,0,False
TRAIN,iot__coffee_maker_connectivity__binary_sensor__state__state,766616,225144,0,257,0,False
VAL,iot__coffee_maker_connectivity__binary_sensor__state__state,255418,0,0,0,0,False
TEST,iot__coffee_maker_connectivity__binary_sensor__state__state,255418,0,0,131635,0,False
TRAIN,iot__coffee_maker_drip_tray_full__sensor__state__state,766616,225146,0,541285,0,False
VAL,iot__coffee_maker_drip_tray_full__sensor__state__state,255418,0,0,255359,0,False
TEST,iot__coffee_maker_drip_tray_full__sensor__state__state,255418,0,0,255418,0,False
TRAIN,iot__coffee_maker_drip_tray_full__sensor__state__value,766616,225146,0,541470,0,False
VAL,iot__coffee_maker_drip_tray_full__sensor__state__value,255418,0,0,255418,0,False
TEST,iot__coffee_maker_drip_tray_full__sensor__state__value,255418,0,0,255418,0,False
TRAIN,iot__coffee_maker_fill_quantity__number__state__value,766616,225147,0,0,0,False
VAL,iot__coffee_maker_fill_quantity__number__state__value,255418,0,0,0,0,False
TEST,iot__coffee_maker_fill_quantity__number__state__value,255418,0,0,0,0,False
TRAIN,iot__coffee_maker_hot__sensor__water__value,766616,225146,0,0,0,False
VAL,iot__coffee_maker_hot__sensor__water__value,255418,0,0,0,0,False
TEST,iot__coffee_maker_hot__sensor__water__value,255418,0,0,0,0,False
TRAIN,iot__coffee_maker_local_control__binary_sensor__state__state,766616,60520,0,705742,0,False
VAL,iot__coffee_maker_local_control__binary_sensor__state__state,255418,0,0,255326,0,False
TEST,iot__coffee_maker_local_control__binary_sensor__state__state,255418,0,0,255402,0,False
TRAIN,iot__coffee_maker_remote_start__binary_sensor__state__state,766616,225146,0,0,0,False
VAL,iot__coffee_maker_remote_start__binary_sensor__state__state,255418,0,0,0,0,False
TEST,iot__coffee_maker_remote_start__binary_sensor__state__state,255418,0,0,0,0,False
TRAIN,iot__door_window_sensor_pid_005__binary_sensor__contact__state,766616,8059,0,500409,0,False
VAL,iot__door_window_sensor_pid_005__binary_sensor__contact__state,255418,0,0,245266,0,False
TEST,iot__door_window_sensor_pid_005__binary_sensor__contact__state,255418,0,0,221900,0,False
TRAIN,iot__door_window_sensor_pid_005__sensor__battery__value,766616,766616,0,0,0,False
VAL,iot__door_window_sensor_pid_005__sensor__battery__value,255418,255418,0,0,0,False
TEST,iot__door_window_sensor_pid_005__sensor__battery__value,255418,153182,0,0,0,False
TRAIN,iot__door_window_sensor_pid_005__sensor__device_temperature__value,766616,188,0,0,0,False
VAL,iot__door_window_sensor_pid_005__sensor__device_temperature__value,255418,0,0,0,0,False
TEST,iot__door_window_sensor_pid_005__sensor__device_temperature__value,255418,0,0,0,0,False
TRAIN,iot__door_window_sensor_pid_005__sensor__linkquality__value,766616,188,0,0,0,False
VAL,iot__door_window_sensor_pid_005__sensor__linkquality__value,255418,0,0,0,0,False
TEST,iot__door_window_sensor_pid_005__sensor__linkquality__value,255418,0,0,0,0,False
TRAIN,iot__door_window_sensor_pid_005__sensor__power_outage_count__value,766616,766616,0,0,0,False
VAL,iot__door_window_sensor_pid_005__sensor__power_outage_count__value,255418,255418,0,0,0,False
TEST,iot__door_window_sensor_pid_005__sensor__power_outage_count__value,255418,153182,0,0,0,False
TRAIN,iot__door_window_sensor_pid_005__sensor__trigger_count__value,766616,11167,0,653849,0,False
VAL,iot__door_window_sensor_pid_005__sensor__trigger_count__value,255418,0,0,246376,0,False
TEST,iot__door_window_sensor_pid_005__sensor__trigger_count__value,255418,0,0,230253,0,False
TRAIN,iot__door_window_sensor_pid_005__sensor__voltage__value,766616,264865,0,0,0,False
VAL,iot__door_window_sensor_pid_005__sensor__voltage__value,255418,0,0,0,0,False
TEST,iot__door_window_sensor_pid_005__sensor__voltage__value,255418,0,0,0,0,False
TRAIN,iot__door_window_sensor_pid_007__binary_sensor__contact__state,766616,68220,0,698142,0,False
VAL,iot__door_window_sensor_pid_007__binary_sensor__contact__state,255418,0,0,255378,0,False
TEST,iot__door_window_sensor_pid_007__binary_sensor__contact__state,255418,0,0,255381,0,False
TRAIN,iot__door_window_sensor_pid_007__sensor__battery__value,766616,766616,0,0,0,False
VAL,iot__door_window_sensor_pid_007__sensor__battery__value,255418,255418,0,0,0,False
TEST,iot__door_window_sensor_pid_007__sensor__battery__value,255418,153182,0,0,0,False
TRAIN,iot__door_window_sensor_pid_007__sensor__device_temperature__value,766616,7027,0,0,0,False
VAL,iot__door_window_sensor_pid_007__sensor__device_temperature__value,255418,0,0,0,0,False
TEST,iot__door_window_sensor_pid_007__sensor__device_temperature__value,255418,0,0,0,0,False
TRAIN,iot__door_window_sensor_pid_007__sensor__linkquality__value,766616,996,0,0,0,False
VAL,iot__door_window_sensor_pid_007__sensor__linkquality__value,255418,0,0,0,0,False
TEST,iot__door_window_sensor_pid_007__sensor__linkquality__value,255418,0,0,0,0,False
TRAIN,iot__door_window_sensor_pid_007__sensor__power_outage_count__value,766616,766616,0,0,0,False
VAL,iot__door_window_sensor_pid_007__sensor__power_outage_count__value,255418,255418,0,0,0,False
TEST,iot__door_window_sensor_pid_007__sensor__power_outage_count__value,255418,153182,0,0,0,False
TRAIN,iot__door_window_sensor_pid_007__sensor__trigger_count__value,766616,71255,0,640529,0,False
VAL,iot__door_window_sensor_pid_007__sensor__trigger_count__value,255418,0,0,246297,0,False
TEST,iot__door_window_sensor_pid_007__sensor__trigger_count__value,255418,0,0,236283,0,False
TRAIN,iot__door_window_sensor_pid_007__sensor__voltage__value,766616,766616,0,0,0,False
VAL,iot__door_window_sensor_pid_007__sensor__voltage__value,255418,255418,0,0,0,False
TEST,iot__door_window_sensor_pid_007__sensor__voltage__value,255418,153182,0,0,0,False
TRAIN,iot__door_window_sensor_pid_136__binary_sensor__contact__state,766616,7441,0,750380,0,False
VAL,iot__door_window_sensor_pid_136__binary_sensor__contact__state,255418,0,0,255058,0,False
TEST,iot__door_window_sensor_pid_136__binary_sensor__contact__state,255418,0,0,251932,0,False
TRAIN,iot__door_window_sensor_pid_136__sensor__battery__value,766616,766616,0,0,0,False
VAL,iot__door_window_sensor_pid_136__sensor__battery__value,255418,255418,0,0,0,False
TEST,iot__door_window_sensor_pid_136__sensor__battery__value,255418,153182,0,0,0,False
TRAIN,iot__door_window_sensor_pid_136__sensor__linkquality__value,766616,330,0,0,0,False
VAL,iot__door_window_sensor_pid_136__sensor__linkquality__value,255418,0,0,0,0,False
TEST,iot__door_window_sensor_pid_136__sensor__linkquality__value,255418,0,0,0,0,False
TRAIN,iot__door_window_sensor_pid_136__sensor__power_outage_count__value,766616,766616,0,0,0,False
VAL,iot__door_window_sensor_pid_136__sensor__power_outage_count__value,255418,255418,0,0,0,False
TEST,iot__door_window_sensor_pid_136__sensor__power_outage_count__value,255418,153182,0,0,0,False
TRAIN,iot__door_window_sensor_pid_136__sensor__voltage__value,766616,766616,0,0,0,False
VAL,iot__door_window_sensor_pid_136__sensor__voltage__value,255418,255418,0,0,0,False
TEST,iot__door_window_sensor_pid_136__sensor__voltage__value,255418,153182,0,0,0,False
TRAIN,iot__entity_obs__coffee_maker,766616,0,0,764548,0,False
VAL,iot__entity_obs__coffee_maker,255418,0,0,254716,0,False
TEST,iot__entity_obs__coffee_maker,255418,0,0,255274,0,False
TRAIN,iot__entity_obs__coffee_maker_bean_container_empty,766616,0,0,766614,0,False
VAL,iot__entity_obs__coffee_maker_bean_container_empty,255418,0,0,255418,0,False
TEST,iot__entity_obs__coffee_maker_bean_container_empty,255418,0,0,255417,0,False
TRAIN,iot__entity_obs__coffee_maker_child_lock,766616,0,0,766614,0,False
VAL,iot__entity_obs__coffee_maker_child_lock,255418,0,0,255418,0,False
TEST,iot__entity_obs__coffee_maker_child_lock,255418,0,0,255417,0,False
TRAIN,iot__entity_obs__coffee_maker_connectivity,766616,0,0,766612,0,False
VAL,iot__entity_obs__coffee_maker_connectivity,255418,0,0,255418,0,False
TEST,iot__entity_obs__coffee_maker_connectivity,255418,0,0,255415,0,False
TRAIN,iot__entity_obs__coffee_maker_drip_tray_full,766616,0,0,766610,0,False
VAL,iot__entity_obs__coffee_maker_drip_tray_full,255418,0,0,255416,0,False
TEST,iot__entity_obs__coffee_maker_drip_tray_full,255418,0,0,255417,0,False
TRAIN,iot__entity_obs__coffee_maker_fill_quantity,766616,0,0,766615,0,False
VAL,iot__entity_obs__coffee_maker_fill_quantity,255418,0,0,255418,0,False
TEST,iot__entity_obs__coffee_maker_fill_quantity,255418,0,0,255418,0,False
TRAIN,iot__entity_obs__coffee_maker_hot,766616,0,0,766614,0,False
VAL,iot__entity_obs__coffee_maker_hot,255418,0,0,255418,0,False
TEST,iot__entity_obs__coffee_maker_hot,255418,0,0,255417,0,False
TRAIN,iot__entity_obs__coffee_maker_local_control,766616,0,0,766516,0,False
VAL,iot__entity_obs__coffee_maker_local_control,255418,0,0,255392,0,False
TEST,iot__entity_obs__coffee_maker_local_control,255418,0,0,255411,0,False
TRAIN,iot__entity_obs__coffee_maker_milk,766616,0,0,766614,0,False
VAL,iot__entity_obs__coffee_maker_milk,255418,0,0,255418,0,False
TEST,iot__entity_obs__coffee_maker_milk,255418,0,0,255417,0,False
TRAIN,iot__entity_obs__coffee_maker_remote_start,766616,0,0,766614,0,False
VAL,iot__entity_obs__coffee_maker_remote_start,255418,0,0,255418,0,False
TEST,iot__entity_obs__coffee_maker_remote_start,255418,0,0,255417,0,False
TRAIN,iot__entity_obs__coffee_maker_water_tank_empty,766616,0,0,766614,0,False
VAL,iot__entity_obs__coffee_maker_water_tank_empty,255418,0,0,255418,0,False
TEST,iot__entity_obs__coffee_maker_water_tank_empty,255418,0,0,255417,0,False
TRAIN,iot__entity_obs__door_window_sensor_pid_005,766616,0,0,766380,0,False
VAL,iot__entity_obs__door_window_sensor_pid_005,255418,0,0,255340,0,False
TEST,iot__entity_obs__door_window_sensor_pid_005,255418,0,0,255337,0,False
TRAIN,iot__entity_obs__door_window_sensor_pid_007,766616,0,0,766373,0,False
VAL,iot__entity_obs__door_window_sensor_pid_007,255418,0,0,255350,0,False
TEST,iot__entity_obs__door_window_sensor_pid_007,255418,0,0,255340,0,False
TRAIN,iot__entity_obs__door_window_sensor_pid_136,766616,0,0,766357,0,False
VAL,iot__entity_obs__door_window_sensor_pid_136,255418,0,0,255295,0,False
TEST,iot__entity_obs__door_window_sensor_pid_136,255418,0,0,255295,0,False
TRAIN,iot__entity_obs__kasa_smart_plug_pid_024,766616,0,0,725693,0,False
VAL,iot__entity_obs__kasa_smart_plug_pid_024,255418,0,0,214837,0,False
TEST,iot__entity_obs__kasa_smart_plug_pid_024,255418,0,0,213386,0,False
TRAIN,iot__entity_obs__lifx_color_6757ce,766616,0,0,754325,0,False
VAL,iot__entity_obs__lifx_color_6757ce,255418,0,0,251336,0,False
TEST,iot__entity_obs__lifx_color_6757ce,255418,0,0,251321,0,False
TRAIN,iot__entity_obs__mi_box,766616,0,0,764068,0,False
VAL,iot__entity_obs__mi_box,255418,0,0,254561,0,False
TEST,iot__entity_obs__mi_box,255418,0,0,254599,0,False
TRAIN,iot__entity_obs__motion_sensor_pid_008,766616,0,0,763823,0,False
VAL,iot__entity_obs__motion_sensor_pid_008,255418,0,0,254874,0,False
TEST,iot__entity_obs__motion_sensor_pid_008,255418,0,0,254915,0,False
TRAIN,iot__entity_obs__motion_sensor_pid_062,766616,0,0,757773,0,False
VAL,iot__entity_obs__motion_sensor_pid_062,255418,0,0,252603,0,False
TEST,iot__entity_obs__motion_sensor_pid_062,255418,0,0,252259,0,False
TRAIN,iot__entity_obs__motion_sensor_pid_075,766616,0,0,766010,0,False
VAL,iot__entity_obs__motion_sensor_pid_075,255418,0,0,255218,0,False
TEST,iot__entity_obs__motion_sensor_pid_075,255418,0,0,255231,0,False
TRAIN,iot__entity_obs__motion_sensor_pid_138,766616,0,0,765761,0,False
VAL,iot__entity_obs__motion_sensor_pid_138,255418,0,0,255226,0,False
TEST,iot__entity_obs__motion_sensor_pid_138,255418,0,0,255245,0,False
TRAIN,iot__entity_obs__multipurpose_sensor_pid_003,766616,0,0,758727,0,False
VAL,iot__entity_obs__multipurpose_sensor_pid_003,255418,0,0,252593,0,False
TEST,iot__entity_obs__multipurpose_sensor_pid_003,255418,0,0,252374,0,False
TRAIN,iot__entity_obs__multipurpose_sensor_pid_006,766616,0,0,758315,0,False
VAL,iot__entity_obs__multipurpose_sensor_pid_006,255418,0,0,252760,0,False
TEST,iot__entity_obs__multipurpose_sensor_pid_006,255418,0,0,252491,0,False
TRAIN,iot__entity_obs__s5_max,766616,0,0,766525,0,False
VAL,iot__entity_obs__s5_max,255418,0,0,255415,0,False
TEST,iot__entity_obs__s5_max,255418,0,0,255372,0,False
TRAIN,iot__entity_obs__s5_max_charging,766616,0,0,766600,0,False
VAL,iot__entity_obs__s5_max_charging,255418,0,0,255415,0,False
TEST,iot__entity_obs__s5_max_charging,255418,0,0,255394,0,False
TRAIN,iot__entity_obs__s5_max_cleaning_area,766616,0,0,766455,0,False
VAL,iot__entity_obs__s5_max_cleaning_area,255418,0,0,255415,0,False
TEST,iot__entity_obs__s5_max_cleaning_area,255418,0,0,255350,0,False
TRAIN,iot__entity_obs__s5_max_cleaning_time,766616,0,0,766438,0,False
VAL,iot__entity_obs__s5_max_cleaning_time,255418,0,0,255415,0,False
TEST,iot__entity_obs__s5_max_cleaning_time,255418,0,0,255344,0,False
TRAIN,iot__entity_obs__s5_max_filter_time_left,766616,0,0,766602,0,False
VAL,iot__entity_obs__s5_max_filter_time_left,255418,0,0,255415,0,False
TEST,iot__entity_obs__s5_max_filter_time_left,255418,0,0,255395,0,False
TRAIN,iot__entity_obs__s5_max_main_brush_time_left,766616,0,0,766603,0,False
VAL,iot__entity_obs__s5_max_main_brush_time_left,255418,0,0,255415,0,False
TEST,iot__entity_obs__s5_max_main_brush_time_left,255418,0,0,255395,0,False
TRAIN,iot__entity_obs__s5_max_mop_attached,766616,0,0,766606,0,False
VAL,iot__entity_obs__s5_max_mop_attached,255418,0,0,255415,0,False
TEST,iot__entity_obs__s5_max_mop_attached,255418,0,0,255396,0,False
TRAIN,iot__entity_obs__s5_max_sensor_time_left,766616,0,0,766603,0,False
VAL,iot__entity_obs__s5_max_sensor_time_left,255418,0,0,255415,0,False
TEST,iot__entity_obs__s5_max_sensor_time_left,255418,0,0,255395,0,False
TRAIN,iot__entity_obs__s5_max_side_brush_time_left,766616,0,0,766603,0,False
VAL,iot__entity_obs__s5_max_side_brush_time_left,255418,0,0,255415,0,False
TEST,iot__entity_obs__s5_max_side_brush_time_left,255418,0,0,255395,0,False
TRAIN,iot__entity_obs__s5_max_total_cleaning_area,766616,0,0,766603,0,False
VAL,iot__entity_obs__s5_max_total_cleaning_area,255418,0,0,255415,0,False
TEST,iot__entity_obs__s5_max_total_cleaning_area,255418,0,0,255395,0,False
TRAIN,iot__entity_obs__s5_max_total_cleaning_count,766616,0,0,766603,0,False
VAL,iot__entity_obs__s5_max_total_cleaning_count,255418,0,0,255415,0,False
TEST,iot__entity_obs__s5_max_total_cleaning_count,255418,0,0,255395,0,False
TRAIN,iot__entity_obs__s5_max_total_cleaning_time,766616,0,0,766603,0,False
VAL,iot__entity_obs__s5_max_total_cleaning_time,255418,0,0,255415,0,False
TEST,iot__entity_obs__s5_max_total_cleaning_time,255418,0,0,255395,0,False
TRAIN,iot__entity_obs__s5_max_water_box_attached,766616,0,0,766606,0,False
VAL,iot__entity_obs__s5_max_water_box_attached,255418,0,0,255415,0,False
TEST,iot__entity_obs__s5_max_water_box_attached,255418,0,0,255396,0,False
TRAIN,iot__entity_obs__smart_light_pid_002,766616,0,0,766599,0,False
VAL,iot__entity_obs__smart_light_pid_002,255418,0,0,255417,0,False
TEST,iot__entity_obs__smart_light_pid_002,255418,0,0,255415,0,False
TRAIN,iot__entity_obs__smart_light_pid_012,766616,0,0,766616,0,False
VAL,iot__entity_obs__smart_light_pid_012,255418,0,0,255418,0,False
TEST,iot__entity_obs__smart_light_pid_012,255418,0,0,255416,0,False
TRAIN,iot__entity_obs__smart_light_strip_pid_147,766616,0,0,766584,0,False
VAL,iot__entity_obs__smart_light_strip_pid_147,255418,0,0,255411,0,False
TEST,iot__entity_obs__smart_light_strip_pid_147,255418,0,0,255407,0,False
TRAIN,iot__entity_obs__smart_plug,766616,0,0,720683,0,False
VAL,iot__entity_obs__smart_plug,255418,0,0,209293,0,False
TEST,iot__entity_obs__smart_plug,255418,0,0,209636,0,False
TRAIN,iot__entity_obs__smart_plug_auto_off_enabled,766616,0,0,766616,0,False
VAL,iot__entity_obs__smart_plug_auto_off_enabled,255418,0,0,255418,0,False
TEST,iot__entity_obs__smart_plug_auto_off_enabled,255418,0,0,255416,0,False
TRAIN,iot__entity_obs__smart_plug_auto_update_enabled,766616,0,0,766616,0,False
VAL,iot__entity_obs__smart_plug_auto_update_enabled,255418,0,0,255418,0,False
TEST,iot__entity_obs__smart_plug_auto_update_enabled,255418,0,0,255416,0,False
TRAIN,iot__entity_obs__smart_plug_cloud_connection,766616,0,0,766616,0,False
VAL,iot__entity_obs__smart_plug_cloud_connection,255418,0,0,255416,0,False
TEST,iot__entity_obs__smart_plug_cloud_connection,255418,0,0,255412,0,False
TRAIN,iot__entity_obs__smart_plug_current,766616,0,0,735708,0,False
VAL,iot__entity_obs__smart_plug_current,255418,0,0,223484,0,False
TEST,iot__entity_obs__smart_plug_current,255418,0,0,223737,0,False
TRAIN,iot__entity_obs__smart_plug_led,766616,0,0,766616,0,False
VAL,iot__entity_obs__smart_plug_led,255418,0,0,255418,0,False
TEST,iot__entity_obs__smart_plug_led,255418,0,0,255416,0,False
TRAIN,iot__entity_obs__smart_plug_overheated,766616,0,0,766616,0,False
VAL,iot__entity_obs__smart_plug_overheated,255418,0,0,255418,0,False
TEST,iot__entity_obs__smart_plug_overheated,255418,0,0,255416,0,False
TRAIN,iot__entity_obs__smart_plug_overloaded,766616,0,0,766616,0,False
VAL,iot__entity_obs__smart_plug_overloaded,255418,0,0,255418,0,False
TEST,iot__entity_obs__smart_plug_overloaded,255418,0,0,255416,0,False
TRAIN,iot__entity_obs__smart_plug_power_protection,766616,0,0,766616,0,False
VAL,iot__entity_obs__smart_plug_power_protection,255418,0,0,255418,0,False
TEST,iot__entity_obs__smart_plug_power_protection,255418,0,0,255416,0,False
TRAIN,iot__entity_obs__smart_plug_ps5,766616,0,0,718931,0,False
VAL,iot__entity_obs__smart_plug_ps5,255418,0,0,206517,0,False
TEST,iot__entity_obs__smart_plug_ps5,255418,0,0,206532,0,False
TRAIN,iot__entity_obs__smart_plug_ps5_auto_off_enabled,766616,0,0,766611,0,False
VAL,iot__entity_obs__smart_plug_ps5_auto_off_enabled,255418,0,0,255418,0,False
TEST,iot__entity_obs__smart_plug_ps5_auto_off_enabled,255418,0,0,255399,0,False
TRAIN,iot__entity_obs__smart_plug_ps5_auto_update_enabled,766616,0,0,766611,0,False
VAL,iot__entity_obs__smart_plug_ps5_auto_update_enabled,255418,0,0,255418,0,False
TEST,iot__entity_obs__smart_plug_ps5_auto_update_enabled,255418,0,0,255400,0,False
TRAIN,iot__entity_obs__smart_plug_ps5_cloud_connection,766616,0,0,766609,0,False
VAL,iot__entity_obs__smart_plug_ps5_cloud_connection,255418,0,0,255418,0,False
TEST,iot__entity_obs__smart_plug_ps5_cloud_connection,255418,0,0,255395,0,False
TRAIN,iot__entity_obs__smart_plug_ps5_current,766616,0,0,741678,0,False
VAL,iot__entity_obs__smart_plug_ps5_current,255418,0,0,230485,0,False
TEST,iot__entity_obs__smart_plug_ps5_current,255418,0,0,229910,0,False
TRAIN,iot__entity_obs__smart_plug_ps5_led,766616,0,0,766611,0,False
VAL,iot__entity_obs__smart_plug_ps5_led,255418,0,0,255418,0,False
TEST,iot__entity_obs__smart_plug_ps5_led,255418,0,0,255400,0,False
TRAIN,iot__entity_obs__smart_plug_ps5_overheated,766616,0,0,766611,0,False
VAL,iot__entity_obs__smart_plug_ps5_overheated,255418,0,0,255418,0,False
TEST,iot__entity_obs__smart_plug_ps5_overheated,255418,0,0,255400,0,False
TRAIN,iot__entity_obs__smart_plug_ps5_overloaded,766616,0,0,766611,0,False
VAL,iot__entity_obs__smart_plug_ps5_overloaded,255418,0,0,255418,0,False
TEST,iot__entity_obs__smart_plug_ps5_overloaded,255418,0,0,255400,0,False
TRAIN,iot__entity_obs__smart_plug_ps5_power_protection,766616,0,0,766611,0,False
VAL,iot__entity_obs__smart_plug_ps5_power_protection,255418,0,0,255418,0,False
TEST,iot__entity_obs__smart_plug_ps5_power_protection,255418,0,0,255399,0,False
TRAIN,iot__entity_obs__smart_plug_ps5_this_month_s,766616,0,0,764858,0,False
VAL,iot__entity_obs__smart_plug_ps5_this_month_s,255418,0,0,254056,0,False
TEST,iot__entity_obs__smart_plug_ps5_this_month_s,255418,0,0,253561,0,False
TRAIN,iot__entity_obs__smart_plug_ps5_today_s,766616,0,0,764855,0,False
VAL,iot__entity_obs__smart_plug_ps5_today_s,255418,0,0,254054,0,False
TEST,iot__entity_obs__smart_plug_ps5_today_s,255418,0,0,253559,0,False
TRAIN,iot__entity_obs__smart_plug_ps5_turn_off_in,766616,0,0,766611,0,False
VAL,iot__entity_obs__smart_plug_ps5_turn_off_in,255418,0,0,255418,0,False
TEST,iot__entity_obs__smart_plug_ps5_turn_off_in,255418,0,0,255399,0,False
TRAIN,iot__entity_obs__smart_plug_this_month_s,766616,0,0,766410,0,False
VAL,iot__entity_obs__smart_plug_this_month_s,255418,0,0,255205,0,False
TEST,iot__entity_obs__smart_plug_this_month_s,255418,0,0,255266,0,False
TRAIN,iot__entity_obs__smart_plug_today_s,766616,0,0,766407,0,False
VAL,iot__entity_obs__smart_plug_today_s,255418,0,0,255203,0,False
TEST,iot__entity_obs__smart_plug_today_s,255418,0,0,255263,0,False
TRAIN,iot__entity_obs__smart_plug_turn_off_in,766616,0,0,766616,0,False
VAL,iot__entity_obs__smart_plug_turn_off_in,255418,0,0,255418,0,False
TEST,iot__entity_obs__smart_plug_turn_off_in,255418,0,0,255416,0,False
TRAIN,iot__entity_obs__temperature_and_humidity_pid_001,766616,0,0,762073,0,False
VAL,iot__entity_obs__temperature_and_humidity_pid_001,255418,0,0,253766,0,False
TEST,iot__entity_obs__temperature_and_humidity_pid_001,255418,0,0,253787,0,False
TRAIN,iot__entity_obs__temperature_and_humidity_pid_070,766616,0,0,765963,0,False
VAL,iot__entity_obs__temperature_and_humidity_pid_070,255418,0,0,255198,0,False
TEST,iot__entity_obs__temperature_and_humidity_pid_070,255418,0,0,255210,0,False
TRAIN,iot__entity_obs__temperature_and_humidity_pid_073,766616,0,0,765921,0,False
VAL,iot__entity_obs__temperature_and_humidity_pid_073,255418,0,0,255155,0,False
TEST,iot__entity_obs__temperature_and_humidity_pid_073,255418,0,0,255176,0,False
TRAIN,iot__entity_obs__twinguard_087,766616,0,0,764064,0,False
VAL,iot__entity_obs__twinguard_087,255418,0,0,254567,0,False
TEST,iot__entity_obs__twinguard_087,255418,0,0,254568,0,False
TRAIN,iot__entity_obs__twinguard_088,766616,0,0,764069,0,False
VAL,iot__entity_obs__twinguard_088,255418,0,0,254566,0,False
TEST,iot__entity_obs__twinguard_088,255418,0,0,254569,0,False
TRAIN,iot__entity_obs__unknown_70_ee_50_7a_e5_2c,766616,0,0,765331,0,False
VAL,iot__entity_obs__unknown_70_ee_50_7a_e5_2c,255418,0,0,254991,0,False
TEST,iot__entity_obs__unknown_70_ee_50_7a_e5_2c,255418,0,0,255003,0,False
TRAIN,iot__entity_obs__vibration_sensor_pid_078,766616,0,0,766232,0,False
VAL,iot__entity_obs__vibration_sensor_pid_078,255418,0,0,255292,0,False
TEST,iot__entity_obs__vibration_sensor_pid_078,255418,0,0,255319,0,False
TRAIN,iot__entity_obs__vibration_sensor_pid_079,766616,0,0,765620,0,False
VAL,iot__entity_obs__vibration_sensor_pid_079,255418,0,0,255094,0,False
TEST,iot__entity_obs__vibration_sensor_pid_079,255418,0,0,255107,0,False
TRAIN,iot__entity_obs__water_leak_sensor_pid_083,766616,0,0,766426,0,False
VAL,iot__entity_obs__water_leak_sensor_pid_083,255418,0,0,255352,0,False
TEST,iot__entity_obs__water_leak_sensor_pid_083,255418,0,0,255352,0,False
TRAIN,iot__entity_obs__wireless_mini_switch_pid_080,766616,0,0,766381,0,False
VAL,iot__entity_obs__wireless_mini_switch_pid_080,255418,0,0,255344,0,False
TEST,iot__entity_obs__wireless_mini_switch_pid_080,255418,0,0,255345,0,False
TRAIN,iot__entity_obs__withings_average_heart_rate,766616,0,0,766608,0,False
VAL,iot__entity_obs__withings_average_heart_rate,255418,0,0,255414,0,False
TEST,iot__entity_obs__withings_average_heart_rate,255418,0,0,255414,0,False
TRAIN,iot__entity_obs__withings_average_respiratory_rate,766616,0,0,766610,0,False
VAL,iot__entity_obs__withings_average_respiratory_rate,255418,0,0,255416,0,False
TEST,iot__entity_obs__withings_average_respiratory_rate,255418,0,0,255415,0,False
TRAIN,iot__entity_obs__withings_breathing_disturbances_intensity,766616,0,0,766608,0,False
VAL,iot__entity_obs__withings_breathing_disturbances_intensity,255418,0,0,255414,0,False
TEST,iot__entity_obs__withings_breathing_disturbances_intensity,255418,0,0,255414,0,False
TRAIN,iot__entity_obs__withings_deep_sleep,766616,0,0,766609,0,False
VAL,iot__entity_obs__withings_deep_sleep,255418,0,0,255414,0,False
TEST,iot__entity_obs__withings_deep_sleep,255418,0,0,255414,0,False
TRAIN,iot__entity_obs__withings_light_sleep,766616,0,0,766608,0,False
VAL,iot__entity_obs__withings_light_sleep,255418,0,0,255414,0,False
TEST,iot__entity_obs__withings_light_sleep,255418,0,0,255414,0,False
TRAIN,iot__entity_obs__withings_maximum_heart_rate,766616,0,0,766609,0,False
VAL,iot__entity_obs__withings_maximum_heart_rate,255418,0,0,255416,0,False
TEST,iot__entity_obs__withings_maximum_heart_rate,255418,0,0,255415,0,False
TRAIN,iot__entity_obs__withings_maximum_respiratory_rate,766616,0,0,766611,0,False
VAL,iot__entity_obs__withings_maximum_respiratory_rate,255418,0,0,255417,0,False
TEST,iot__entity_obs__withings_maximum_respiratory_rate,255418,0,0,255415,0,False
TRAIN,iot__entity_obs__withings_minimum_heart_rate,766616,0,0,766609,0,False
VAL,iot__entity_obs__withings_minimum_heart_rate,255418,0,0,255414,0,False
TEST,iot__entity_obs__withings_minimum_heart_rate,255418,0,0,255414,0,False
TRAIN,iot__entity_obs__withings_minimum_respiratory_rate,766616,0,0,766611,0,False
VAL,iot__entity_obs__withings_minimum_respiratory_rate,255418,0,0,255414,0,False
TEST,iot__entity_obs__withings_minimum_respiratory_rate,255418,0,0,255415,0,False
TRAIN,iot__entity_obs__withings_rem_sleep,766616,0,0,766608,0,False
VAL,iot__entity_obs__withings_rem_sleep,255418,0,0,255414,0,False
TEST,iot__entity_obs__withings_rem_sleep,255418,0,0,255414,0,False
TRAIN,iot__entity_obs__withings_sleep_score,766616,0,0,766608,0,False
VAL,iot__entity_obs__withings_sleep_score,255418,0,0,255414,0,False
TEST,iot__entity_obs__withings_sleep_score,255418,0,0,255414,0,False
TRAIN,iot__entity_obs__withings_snoring,766616,0,0,766608,0,False
VAL,iot__entity_obs__withings_snoring,255418,0,0,255414,0,False
TEST,iot__entity_obs__withings_snoring,255418,0,0,255415,0,False
TRAIN,iot__entity_obs__withings_snoring_episode_count,766616,0,0,766609,0,False
VAL,iot__entity_obs__withings_snoring_episode_count,255418,0,0,255414,0,False
TEST,iot__entity_obs__withings_snoring_episode_count,255418,0,0,255414,0,False
TRAIN,iot__entity_obs__withings_time_to_sleep,766616,0,0,766610,0,False
VAL,iot__entity_obs__withings_time_to_sleep,255418,0,0,255415,0,False
TEST,iot__entity_obs__withings_time_to_sleep,255418,0,0,255415,0,False
TRAIN,iot__entity_obs__withings_time_to_wakeup,766616,0,0,766614,0,False
VAL,iot__entity_obs__withings_time_to_wakeup,255418,0,0,255416,0,False
TEST,iot__entity_obs__withings_time_to_wakeup,255418,0,0,255416,0,False
TRAIN,iot__entity_obs__withings_wakeup_count,766616,0,0,766610,0,False
VAL,iot__entity_obs__withings_wakeup_count,255418,0,0,255416,0,False
TEST,iot__entity_obs__withings_wakeup_count,255418,0,0,255414,0,False
TRAIN,iot__entity_obs__withings_wakeup_time,766616,0,0,766608,0,False
VAL,iot__entity_obs__withings_wakeup_time,255418,0,0,255414,0,False
TEST,iot__entity_obs__withings_wakeup_time,255418,0,0,255414,0,False
TRAIN,iot__entity_stale__coffee_maker,766616,0,0,692525,0,False
VAL,iot__entity_stale__coffee_maker,255418,0,0,255418,0,False
TEST,iot__entity_stale__coffee_maker,255418,0,0,169386,0,False
TRAIN,iot__entity_stale__coffee_maker_bean_container_empty,766616,0,0,1202,0,False
VAL,iot__entity_stale__coffee_maker_bean_container_empty,255418,0,0,0,0,False
TEST,iot__entity_stale__coffee_maker_bean_container_empty,255418,0,0,601,0,False
TRAIN,iot__entity_stale__coffee_maker_child_lock,766616,0,0,172802,0,False
VAL,iot__entity_stale__coffee_maker_child_lock,255418,0,0,0,0,False
TEST,iot__entity_stale__coffee_maker_child_lock,255418,0,0,86401,0,False
TRAIN,iot__entity_stale__coffee_maker_connectivity,766616,0,0,173059,0,False
VAL,iot__entity_stale__coffee_maker_connectivity,255418,0,0,0,0,False
TEST,iot__entity_stale__coffee_maker_connectivity,255418,0,0,127201,0,False
TRAIN,iot__entity_stale__coffee_maker_drip_tray_full,766616,0,0,2589,0,False
VAL,iot__entity_stale__coffee_maker_drip_tray_full,255418,0,0,660,0,False
TEST,iot__entity_stale__coffee_maker_drip_tray_full,255418,0,0,601,0,False
TRAIN,iot__entity_stale__coffee_maker_fill_quantity,766616,0,0,601,0,False
VAL,iot__entity_stale__coffee_maker_fill_quantity,255418,0,0,0,0,False
TEST,iot__entity_stale__coffee_maker_fill_quantity,255418,0,0,0,0,False
TRAIN,iot__entity_stale__coffee_maker_hot,766616,0,0,1202,0,False
VAL,iot__entity_stale__coffee_maker_hot,255418,0,0,0,0,False
TEST,iot__entity_stale__coffee_maker_hot,255418,0,0,601,0,False
TRAIN,iot__entity_stale__coffee_maker_local_control,766616,0,0,689706,0,False
VAL,iot__entity_stale__coffee_maker_local_control,255418,0,0,255418,0,False
TEST,iot__entity_stale__coffee_maker_local_control,255418,0,0,169386,0,False
TRAIN,iot__entity_stale__coffee_maker_milk,766616,0,0,1202,0,False
VAL,iot__entity_stale__coffee_maker_milk,255418,0,0,0,0,False
TEST,iot__entity_stale__coffee_maker_milk,255418,0,0,601,0,False
TRAIN,iot__entity_stale__coffee_maker_remote_start,766616,0,0,172802,0,False
VAL,iot__entity_stale__coffee_maker_remote_start,255418,0,0,0,0,False
TEST,iot__entity_stale__coffee_maker_remote_start,255418,0,0,86401,0,False
TRAIN,iot__entity_stale__coffee_maker_water_tank_empty,766616,0,0,1202,0,False
VAL,iot__entity_stale__coffee_maker_water_tank_empty,255418,0,0,0,0,False
TEST,iot__entity_stale__coffee_maker_water_tank_empty,255418,0,0,601,0,False
TRAIN,iot__entity_stale__door_window_sensor_pid_005,766616,0,0,766428,0,False
VAL,iot__entity_stale__door_window_sensor_pid_005,255418,0,0,255418,0,False
TEST,iot__entity_stale__door_window_sensor_pid_005,255418,0,0,255418,0,False
TRAIN,iot__entity_stale__door_window_sensor_pid_007,766616,0,0,765620,0,False
VAL,iot__entity_stale__door_window_sensor_pid_007,255418,0,0,255418,0,False
TEST,iot__entity_stale__door_window_sensor_pid_007,255418,0,0,255418,0,False
TRAIN,iot__entity_stale__door_window_sensor_pid_136,766616,0,0,766286,0,False
VAL,iot__entity_stale__door_window_sensor_pid_136,255418,0,0,255418,0,False
TEST,iot__entity_stale__door_window_sensor_pid_136,255418,0,0,255418,0,False
TRAIN,iot__entity_stale__kasa_smart_plug_pid_024,766616,0,0,249064,0,False
VAL,iot__entity_stale__kasa_smart_plug_pid_024,255418,0,0,255418,0,False
TEST,iot__entity_stale__kasa_smart_plug_pid_024,255418,0,0,255418,0,False
TRAIN,iot__entity_stale__mi_box,766616,0,0,163522,0,False
VAL,iot__entity_stale__mi_box,255418,0,0,51592,0,False
TEST,iot__entity_stale__mi_box,255418,0,0,57714,0,False
TRAIN,iot__entity_stale__motion_sensor_pid_075,766616,0,0,764212,0,False
VAL,iot__entity_stale__motion_sensor_pid_075,255418,0,0,255418,0,False
TEST,iot__entity_stale__motion_sensor_pid_075,255418,0,0,255418,0,False
TRAIN,iot__entity_stale__s5_max,766616,0,0,740016,0,False
VAL,iot__entity_stale__s5_max,255418,0,0,255406,0,False
TEST,iot__entity_stale__s5_max,255418,0,0,255409,0,False
TRAIN,iot__entity_stale__s5_max_charging,766616,0,0,740016,0,False
VAL,iot__entity_stale__s5_max_charging,255418,0,0,255406,0,False
TEST,iot__entity_stale__s5_max_charging,255418,0,0,255409,0,False
TRAIN,iot__entity_stale__s5_max_cleaning_area,766616,0,0,10619,0,False
VAL,iot__entity_stale__s5_max_cleaning_area,255418,0,0,1803,0,False
TEST,iot__entity_stale__s5_max_cleaning_area,255418,0,0,7897,0,False
TRAIN,iot__entity_stale__s5_max_cleaning_time,766616,0,0,10685,0,False
VAL,iot__entity_stale__s5_max_cleaning_time,255418,0,0,1803,0,False
TEST,iot__entity_stale__s5_max_cleaning_time,255418,0,0,7929,0,False
TRAIN,iot__entity_stale__s5_max_filter_time_left,766616,0,0,7827,0,False
VAL,iot__entity_stale__s5_max_filter_time_left,255418,0,0,1803,0,False
TEST,iot__entity_stale__s5_max_filter_time_left,255418,0,0,7002,0,False
TRAIN,iot__entity_stale__s5_max_main_brush_time_left,766616,0,0,7813,0,False
VAL,iot__entity_stale__s5_max_main_brush_time_left,255418,0,0,1803,0,False
TEST,iot__entity_stale__s5_max_main_brush_time_left,255418,0,0,7002,0,False
TRAIN,iot__entity_stale__s5_max_mop_attached,766616,0,0,740013,0,False
VAL,iot__entity_stale__s5_max_mop_attached,255418,0,0,255403,0,False
TEST,iot__entity_stale__s5_max_mop_attached,255418,0,0,255409,0,False
TRAIN,iot__entity_stale__s5_max_sensor_time_left,766616,0,0,7813,0,False
VAL,iot__entity_stale__s5_max_sensor_time_left,255418,0,0,1803,0,False
TEST,iot__entity_stale__s5_max_sensor_time_left,255418,0,0,7002,0,False
TRAIN,iot__entity_stale__s5_max_side_brush_time_left,766616,0,0,7813,0,False
VAL,iot__entity_stale__s5_max_side_brush_time_left,255418,0,0,1803,0,False
TEST,iot__entity_stale__s5_max_side_brush_time_left,255418,0,0,7002,0,False
TRAIN,iot__entity_stale__s5_max_total_cleaning_area,766616,0,0,7813,0,False
VAL,iot__entity_stale__s5_max_total_cleaning_area,255418,0,0,1803,0,False
TEST,iot__entity_stale__s5_max_total_cleaning_area,255418,0,0,7002,0,False
TRAIN,iot__entity_stale__s5_max_total_cleaning_count,766616,0,0,7813,0,False
VAL,iot__entity_stale__s5_max_total_cleaning_count,255418,0,0,1803,0,False
TEST,iot__entity_stale__s5_max_total_cleaning_count,255418,0,0,7002,0,False
TRAIN,iot__entity_stale__s5_max_total_cleaning_time,766616,0,0,7813,0,False
VAL,iot__entity_stale__s5_max_total_cleaning_time,255418,0,0,1803,0,False
TEST,iot__entity_stale__s5_max_total_cleaning_time,255418,0,0,7002,0,False
TRAIN,iot__entity_stale__s5_max_water_box_attached,766616,0,0,740013,0,False
VAL,iot__entity_stale__s5_max_water_box_attached,255418,0,0,255403,0,False
TEST,iot__entity_stale__s5_max_water_box_attached,255418,0,0,255409,0,False
TRAIN,iot__entity_stale__smart_light_pid_002,766616,0,0,7832,0,False
VAL,iot__entity_stale__smart_light_pid_002,255418,0,0,601,0,False
TEST,iot__entity_stale__smart_light_pid_002,255418,0,0,1803,0,False
TRAIN,iot__entity_stale__smart_light_pid_012,766616,0,0,0,0,False
VAL,iot__entity_stale__smart_light_pid_012,255418,0,0,0,0,False
TEST,iot__entity_stale__smart_light_pid_012,255418,0,0,1202,0,False
TRAIN,iot__entity_stale__smart_light_strip_pid_147,766616,0,0,17561,0,False
VAL,iot__entity_stale__smart_light_strip_pid_147,255418,0,0,4207,0,False
TEST,iot__entity_stale__smart_light_strip_pid_147,255418,0,0,6611,0,False
TRAIN,iot__entity_stale__smart_plug,766616,0,0,249075,0,False
VAL,iot__entity_stale__smart_plug,255418,0,0,255418,0,False
TEST,iot__entity_stale__smart_plug,255418,0,0,255418,0,False
TRAIN,iot__entity_stale__smart_plug_auto_off_enabled,766616,0,0,0,0,False
VAL,iot__entity_stale__smart_plug_auto_off_enabled,255418,0,0,0,0,False
TEST,iot__entity_stale__smart_plug_auto_off_enabled,255418,0,0,102209,0,False
TRAIN,iot__entity_stale__smart_plug_auto_update_enabled,766616,0,0,0,0,False
VAL,iot__entity_stale__smart_plug_auto_update_enabled,255418,0,0,0,0,False
TEST,iot__entity_stale__smart_plug_auto_update_enabled,255418,0,0,102234,0,False
TRAIN,iot__entity_stale__smart_plug_cloud_connection,766616,0,0,0,0,False
VAL,iot__entity_stale__smart_plug_cloud_connection,255418,0,0,86462,0,False
TEST,iot__entity_stale__smart_plug_cloud_connection,255418,0,0,102234,0,False
TRAIN,iot__entity_stale__smart_plug_current,766616,0,0,249069,0,False
VAL,iot__entity_stale__smart_plug_current,255418,0,0,255418,0,False
TEST,iot__entity_stale__smart_plug_current,255418,0,0,255418,0,False
TRAIN,iot__entity_stale__smart_plug_led,766616,0,0,0,0,False
VAL,iot__entity_stale__smart_plug_led,255418,0,0,0,0,False
TEST,iot__entity_stale__smart_plug_led,255418,0,0,102234,0,False
TRAIN,iot__entity_stale__smart_plug_overheated,766616,0,0,0,0,False
VAL,iot__entity_stale__smart_plug_overheated,255418,0,0,0,0,False
TEST,iot__entity_stale__smart_plug_overheated,255418,0,0,102234,0,False
TRAIN,iot__entity_stale__smart_plug_overloaded,766616,0,0,0,0,False
VAL,iot__entity_stale__smart_plug_overloaded,255418,0,0,0,0,False
TEST,iot__entity_stale__smart_plug_overloaded,255418,0,0,102234,0,False
TRAIN,iot__entity_stale__smart_plug_power_protection,766616,0,0,0,0,False
VAL,iot__entity_stale__smart_plug_power_protection,255418,0,0,0,0,False
TEST,iot__entity_stale__smart_plug_power_protection,255418,0,0,1202,0,False
TRAIN,iot__entity_stale__smart_plug_ps5,766616,0,0,249076,0,False
VAL,iot__entity_stale__smart_plug_ps5,255418,0,0,255418,0,False
TEST,iot__entity_stale__smart_plug_ps5,255418,0,0,255418,0,False
TRAIN,iot__entity_stale__smart_plug_ps5_auto_off_enabled,766616,0,0,142020,0,False
VAL,iot__entity_stale__smart_plug_ps5_auto_off_enabled,255418,0,0,31351,0,False
TEST,iot__entity_stale__smart_plug_ps5_auto_off_enabled,255418,0,0,157885,0,False
TRAIN,iot__entity_stale__smart_plug_ps5_auto_update_enabled,766616,0,0,142020,0,False
VAL,iot__entity_stale__smart_plug_ps5_auto_update_enabled,255418,0,0,31351,0,False
TEST,iot__entity_stale__smart_plug_ps5_auto_update_enabled,255418,0,0,157885,0,False
TRAIN,iot__entity_stale__smart_plug_ps5_cloud_connection,766616,0,0,142020,0,False
VAL,iot__entity_stale__smart_plug_ps5_cloud_connection,255418,0,0,31452,0,False
TEST,iot__entity_stale__smart_plug_ps5_cloud_connection,255418,0,0,157885,0,False
TRAIN,iot__entity_stale__smart_plug_ps5_current,766616,0,0,248848,0,False
VAL,iot__entity_stale__smart_plug_ps5_current,255418,0,0,255418,0,False
TEST,iot__entity_stale__smart_plug_ps5_current,255418,0,0,255418,0,False
TRAIN,iot__entity_stale__smart_plug_ps5_led,766616,0,0,142020,0,False
VAL,iot__entity_stale__smart_plug_ps5_led,255418,0,0,31351,0,False
TEST,iot__entity_stale__smart_plug_ps5_led,255418,0,0,157885,0,False
TRAIN,iot__entity_stale__smart_plug_ps5_overheated,766616,0,0,142020,0,False
VAL,iot__entity_stale__smart_plug_ps5_overheated,255418,0,0,31351,0,False
TEST,iot__entity_stale__smart_plug_ps5_overheated,255418,0,0,157885,0,False
TRAIN,iot__entity_stale__smart_plug_ps5_overloaded,766616,0,0,142020,0,False
VAL,iot__entity_stale__smart_plug_ps5_overloaded,255418,0,0,31351,0,False
TEST,iot__entity_stale__smart_plug_ps5_overloaded,255418,0,0,157885,0,False
TRAIN,iot__entity_stale__smart_plug_ps5_power_protection,766616,0,0,1892,0,False
VAL,iot__entity_stale__smart_plug_ps5_power_protection,255418,0,0,0,0,False
TEST,iot__entity_stale__smart_plug_ps5_power_protection,255418,0,0,8403,0,False
TRAIN,iot__entity_stale__smart_plug_ps5_this_month_s,766616,0,0,41945,0,False
VAL,iot__entity_stale__smart_plug_ps5_this_month_s,255418,0,0,33687,0,False
TEST,iot__entity_stale__smart_plug_ps5_this_month_s,255418,0,0,47789,0,False
TRAIN,iot__entity_stale__smart_plug_ps5_today_s,766616,0,0,43009,0,False
VAL,iot__entity_stale__smart_plug_ps5_today_s,255418,0,0,33738,0,False
TEST,iot__entity_stale__smart_plug_ps5_today_s,255418,0,0,48991,0,False
TRAIN,iot__entity_stale__smart_plug_ps5_turn_off_in,766616,0,0,1892,0,False
VAL,iot__entity_stale__smart_plug_ps5_turn_off_in,255418,0,0,0,0,False
TEST,iot__entity_stale__smart_plug_ps5_turn_off_in,255418,0,0,8335,0,False
TRAIN,iot__entity_stale__smart_plug_this_month_s,766616,0,0,24011,0,False
VAL,iot__entity_stale__smart_plug_this_month_s,255418,0,0,30895,0,False
TEST,iot__entity_stale__smart_plug_this_month_s,255418,0,0,29946,0,False
TRAIN,iot__entity_stale__smart_plug_today_s,766616,0,0,25814,0,False
VAL,iot__entity_stale__smart_plug_today_s,255418,0,0,32097,0,False
TEST,iot__entity_stale__smart_plug_today_s,255418,0,0,31749,0,False
TRAIN,iot__entity_stale__smart_plug_turn_off_in,766616,0,0,0,0,False
VAL,iot__entity_stale__smart_plug_turn_off_in,255418,0,0,0,0,False
TEST,iot__entity_stale__smart_plug_turn_off_in,255418,0,0,1202,0,False
TRAIN,iot__entity_stale__temperature_and_humidity_pid_001,766616,0,0,762086,0,False
VAL,iot__entity_stale__temperature_and_humidity_pid_001,255418,0,0,249388,0,False
TEST,iot__entity_stale__temperature_and_humidity_pid_001,255418,0,0,254697,0,False
TRAIN,iot__entity_stale__temperature_and_humidity_pid_070,766616,0,0,310709,0,False
VAL,iot__entity_stale__temperature_and_humidity_pid_070,255418,0,0,112824,0,False
TEST,iot__entity_stale__temperature_and_humidity_pid_070,255418,0,0,104498,0,False
TRAIN,iot__entity_stale__temperature_and_humidity_pid_073,766616,0,0,325062,0,False
VAL,iot__entity_stale__temperature_and_humidity_pid_073,255418,0,0,127606,0,False
TEST,iot__entity_stale__temperature_and_humidity_pid_073,255418,0,0,114529,0,False
TRAIN,iot__entity_stale__twinguard_087,766616,0,0,766016,0,False
VAL,iot__entity_stale__twinguard_087,255418,0,0,255418,0,False
TEST,iot__entity_stale__twinguard_087,255418,0,0,255418,0,False
TRAIN,iot__entity_stale__twinguard_088,766616,0,0,765717,0,False
VAL,iot__entity_stale__twinguard_088,255418,0,0,255418,0,False
TEST,iot__entity_stale__twinguard_088,255418,0,0,255418,0,False
TRAIN,iot__entity_stale__vibration_sensor_pid_079,766616,0,0,765476,0,False
VAL,iot__entity_stale__vibration_sensor_pid_079,255418,0,0,255418,0,False
TEST,iot__entity_stale__vibration_sensor_pid_079,255418,0,0,255418,0,False
TRAIN,iot__entity_stale__water_leak_sensor_pid_083,766616,0,0,764673,0,False
VAL,iot__entity_stale__water_leak_sensor_pid_083,255418,0,0,255418,0,False
TEST,iot__entity_stale__water_leak_sensor_pid_083,255418,0,0,255418,0,False
TRAIN,iot__entity_stale__wireless_mini_switch_pid_080,766616,0,0,138544,0,False
VAL,iot__entity_stale__wireless_mini_switch_pid_080,255418,0,0,44417,0,False
TEST,iot__entity_stale__wireless_mini_switch_pid_080,255418,0,0,43217,0,False
TRAIN,iot__entity_stale__withings_average_heart_rate,766616,0,0,4808,0,False
VAL,iot__entity_stale__withings_average_heart_rate,255418,0,0,2404,0,False
TEST,iot__entity_stale__withings_average_heart_rate,255418,0,0,2404,0,False
TRAIN,iot__entity_stale__withings_average_respiratory_rate,766616,0,0,3606,0,False
VAL,iot__entity_stale__withings_average_respiratory_rate,255418,0,0,1202,0,False
TEST,iot__entity_stale__withings_average_respiratory_rate,255418,0,0,1803,0,False
TRAIN,iot__entity_stale__withings_breathing_disturbances_intensity,766616,0,0,4808,0,False
VAL,iot__entity_stale__withings_breathing_disturbances_intensity,255418,0,0,2404,0,False
TEST,iot__entity_stale__withings_breathing_disturbances_intensity,255418,0,0,2404,0,False
TRAIN,iot__entity_stale__withings_deep_sleep,766616,0,0,4207,0,False
VAL,iot__entity_stale__withings_deep_sleep,255418,0,0,2404,0,False
TEST,iot__entity_stale__withings_deep_sleep,255418,0,0,2404,0,False
TRAIN,iot__entity_stale__withings_light_sleep,766616,0,0,4808,0,False
VAL,iot__entity_stale__withings_light_sleep,255418,0,0,2404,0,False
TEST,iot__entity_stale__withings_light_sleep,255418,0,0,2404,0,False
TRAIN,iot__entity_stale__withings_maximum_heart_rate,766616,0,0,4207,0,False
VAL,iot__entity_stale__withings_maximum_heart_rate,255418,0,0,1202,0,False
TEST,iot__entity_stale__withings_maximum_heart_rate,255418,0,0,1803,0,False
TRAIN,iot__entity_stale__withings_maximum_respiratory_rate,766616,0,0,3005,0,False
VAL,iot__entity_stale__withings_maximum_respiratory_rate,255418,0,0,601,0,False
TEST,iot__entity_stale__withings_maximum_respiratory_rate,255418,0,0,1803,0,False
TRAIN,iot__entity_stale__withings_minimum_heart_rate,766616,0,0,4207,0,False
VAL,iot__entity_stale__withings_minimum_heart_rate,255418,0,0,2404,0,False
TEST,iot__entity_stale__withings_minimum_heart_rate,255418,0,0,2404,0,False
TRAIN,iot__entity_stale__withings_minimum_respiratory_rate,766616,0,0,3005,0,False
VAL,iot__entity_stale__withings_minimum_respiratory_rate,255418,0,0,2404,0,False
TEST,iot__entity_stale__withings_minimum_respiratory_rate,255418,0,0,1803,0,False
TRAIN,iot__entity_stale__withings_rem_sleep,766616,0,0,4808,0,False
VAL,iot__entity_stale__withings_rem_sleep,255418,0,0,2404,0,False
TEST,iot__entity_stale__withings_rem_sleep,255418,0,0,2404,0,False
TRAIN,iot__entity_stale__withings_sleep_score,766616,0,0,4808,0,False
VAL,iot__entity_stale__withings_sleep_score,255418,0,0,2404,0,False
TEST,iot__entity_stale__withings_sleep_score,255418,0,0,2404,0,False
TRAIN,iot__entity_stale__withings_snoring,766616,0,0,4808,0,False
VAL,iot__entity_stale__withings_snoring,255418,0,0,2404,0,False
TEST,iot__entity_stale__withings_snoring,255418,0,0,1803,0,False
TRAIN,iot__entity_stale__withings_snoring_episode_count,766616,0,0,4207,0,False
VAL,iot__entity_stale__withings_snoring_episode_count,255418,0,0,2404,0,False
TEST,iot__entity_stale__withings_snoring_episode_count,255418,0,0,2404,0,False
TRAIN,iot__entity_stale__withings_time_to_sleep,766616,0,0,3606,0,False
VAL,iot__entity_stale__withings_time_to_sleep,255418,0,0,1803,0,False
TEST,iot__entity_stale__withings_time_to_sleep,255418,0,0,1803,0,False
TRAIN,iot__entity_stale__withings_time_to_wakeup,766616,0,0,1202,0,False
VAL,iot__entity_stale__withings_time_to_wakeup,255418,0,0,1202,0,False
TEST,iot__entity_stale__withings_time_to_wakeup,255418,0,0,1202,0,False
TRAIN,iot__entity_stale__withings_wakeup_count,766616,0,0,3606,0,False
VAL,iot__entity_stale__withings_wakeup_count,255418,0,0,1202,0,False
TEST,iot__entity_stale__withings_wakeup_count,255418,0,0,2404,0,False
TRAIN,iot__entity_stale__withings_wakeup_time,766616,0,0,4808,0,False
VAL,iot__entity_stale__withings_wakeup_time,255418,0,0,2404,0,False
TEST,iot__entity_stale__withings_wakeup_time,255418,0,0,2404,0,False
TRAIN,iot__events_entity_unique,766616,0,0,756215,0,False
VAL,iot__events_entity_unique,255418,0,0,252708,0,False
TEST,iot__events_entity_unique,255418,0,0,252517,0,False
TRAIN,iot__events_total,766616,0,0,756215,0,False
VAL,iot__events_total,255418,0,0,252708,0,False
TEST,iot__events_total,255418,0,0,252517,0,False
TRAIN,iot__events_update_any,766616,0,0,756215,0,False
VAL,iot__events_update_any,255418,0,0,252708,0,False
TEST,iot__events_update_any,255418,0,0,252517,0,False
TRAIN,iot__kasa_smart_plug_pid_024__binary_sensor__cloud_connection__state,766616,766616,0,0,0,False
VAL,iot__kasa_smart_plug_pid_024__binary_sensor__cloud_connection__state,255418,79155,0,15,0,False
TEST,iot__kasa_smart_plug_pid_024__binary_sensor__cloud_connection__state,255418,0,0,3267,0,False
TRAIN,iot__kasa_smart_plug_pid_024__sensor__current__value,766616,544922,0,605,0,False
VAL,iot__kasa_smart_plug_pid_024__sensor__current__value,255418,0,0,0,0,False
TEST,iot__kasa_smart_plug_pid_024__sensor__current__value,255418,0,0,495,0,False
TRAIN,iot__kasa_smart_plug_pid_024__sensor__current_consumption__value,766616,517567,0,780,0,False
VAL,iot__kasa_smart_plug_pid_024__sensor__current_consumption__value,255418,0,0,0,0,False
TEST,iot__kasa_smart_plug_pid_024__sensor__current_consumption__value,255418,0,0,745,0,False
TRAIN,iot__kasa_smart_plug_pid_024__sensor__signal_strength__value,766616,521732,0,0,0,False
VAL,iot__kasa_smart_plug_pid_024__sensor__signal_strength__value,255418,0,0,0,0,False
TEST,iot__kasa_smart_plug_pid_024__sensor__signal_strength__value,255418,0,0,0,0,False
TRAIN,iot__kasa_smart_plug_pid_024__sensor__this_month_s_consumption__value,766616,518622,0,0,0,False
VAL,iot__kasa_smart_plug_pid_024__sensor__this_month_s_consumption__value,255418,0,0,70,0,False
TEST,iot__kasa_smart_plug_pid_024__sensor__this_month_s_consumption__value,255418,0,0,0,0,False
TRAIN,iot__kasa_smart_plug_pid_024__sensor__today_s_consumption__value,766616,518622,0,2165,0,False
VAL,iot__kasa_smart_plug_pid_024__sensor__today_s_consumption__value,255418,0,0,1695,0,False
TEST,iot__kasa_smart_plug_pid_024__sensor__today_s_consumption__value,255418,0,0,945,0,False
TRAIN,iot__kasa_smart_plug_pid_024__sensor__total_consumption__value,766616,518647,0,0,0,False
VAL,iot__kasa_smart_plug_pid_024__sensor__total_consumption__value,255418,0,0,0,0,False
TEST,iot__kasa_smart_plug_pid_024__sensor__total_consumption__value,255418,0,0,0,0,False
TRAIN,iot__kasa_smart_plug_pid_024__sensor__voltage__value,766616,517552,0,0,0,False
VAL,iot__kasa_smart_plug_pid_024__sensor__voltage__value,255418,0,0,0,0,False
TEST,iot__kasa_smart_plug_pid_024__sensor__voltage__value,255418,0,0,0,0,False
TRAIN,iot__kasa_smart_plug_pid_024__switch__led__state,766616,766616,0,0,0,False
VAL,iot__kasa_smart_plug_pid_024__switch__led__state,255418,255418,0,0,0,False
TEST,iot__kasa_smart_plug_pid_024__switch__led__state,255418,153183,0,0,0,False
TRAIN,iot__kasa_smart_plug_pid_024__switch__state__state,766616,766616,0,0,0,False
VAL,iot__kasa_smart_plug_pid_024__switch__state__state,255418,255418,0,0,0,False
TEST,iot__kasa_smart_plug_pid_024__switch__state__state,255418,153183,0,0,0,False
TRAIN,iot__lifx_color_6757ce__light__state__state,766616,99240,0,633896,0,False
VAL,iot__lifx_color_6757ce__light__state__state,255418,0,0,255418,0,False
TEST,iot__lifx_color_6757ce__light__state__state,255418,0,0,255418,0,False
TRAIN,iot__lifx_color_6757ce__light__state__value,766616,99240,0,633896,0,False
VAL,iot__lifx_color_6757ce__light__state__value,255418,0,0,255418,0,False
TEST,iot__lifx_color_6757ce__light__state__value,255418,0,0,255418,0,False
TRAIN,iot__lifx_color_6757ce__sensor__rssi__value,766616,0,0,0,0,False
VAL,iot__lifx_color_6757ce__sensor__rssi__value,255418,0,0,0,0,False
TEST,iot__lifx_color_6757ce__sensor__rssi__value,255418,0,0,0,0,False
TRAIN,iot__mi_box__media_player__state__state,766616,8421,0,651459,0,False
VAL,iot__mi_box__media_player__state__state,255418,0,0,221531,0,False
TEST,iot__mi_box__media_player__state__state,255418,0,0,215272,0,False
TRAIN,iot__mi_box__media_player__state__volume_level,766616,8421,0,42,0,False
VAL,iot__mi_box__media_player__state__volume_level,255418,0,0,0,0,False
TEST,iot__mi_box__media_player__state__volume_level,255418,0,0,0,0,False
TRAIN,iot__mi_box__remote__state__state,766616,8435,0,402698,0,False
VAL,iot__mi_box__remote__state__state,255418,0,0,134052,0,False
TEST,iot__mi_box__remote__state__state,255418,0,0,116324,0,False
TRAIN,iot__mi_box__remote__state__value,766616,8435,0,402698,0,False
VAL,iot__mi_box__remote__state__value,255418,0,0,134052,0,False
TEST,iot__mi_box__remote__state__value,255418,0,0,116324,0,False
TRAIN,iot__motion_sensor_pid_008__binary_sensor__occupancy__state,766616,0,0,750312,0,False
VAL,iot__motion_sensor_pid_008__binary_sensor__occupancy__state,255418,0,0,252363,0,False
TEST,iot__motion_sensor_pid_008__binary_sensor__occupancy__state,255418,0,0,251158,0,False
TRAIN,iot__motion_sensor_pid_008__select__keep_time__value,766616,766616,0,0,0,False
VAL,iot__motion_sensor_pid_008__select__keep_time__value,255418,255418,0,0,0,False
TEST,iot__motion_sensor_pid_008__select__keep_time__value,255418,153182,0,0,0,False
TRAIN,iot__motion_sensor_pid_008__sensor__battery__value,766616,766616,0,0,0,False
VAL,iot__motion_sensor_pid_008__sensor__battery__value,255418,255418,0,0,0,False
TEST,iot__motion_sensor_pid_008__sensor__battery__value,255418,153182,0,0,0,False
TRAIN,iot__motion_sensor_pid_008__sensor__illuminance__value,766616,0,0,215851,0,False
VAL,iot__motion_sensor_pid_008__sensor__illuminance__value,255418,0,0,72443,0,False
TEST,iot__motion_sensor_pid_008__sensor__illuminance__value,255418,0,0,74440,0,False
TRAIN,iot__motion_sensor_pid_008__sensor__linkquality__value,766616,0,0,0,0,False
VAL,iot__motion_sensor_pid_008__sensor__linkquality__value,255418,0,0,0,0,False
TEST,iot__motion_sensor_pid_008__sensor__linkquality__value,255418,0,0,0,0,False
TRAIN,iot__motion_sensor_pid_062__binary_sensor__occupancy__state,766616,4759,0,719382,0,False
VAL,iot__motion_sensor_pid_062__binary_sensor__occupancy__state,255418,0,0,242558,0,False
TEST,iot__motion_sensor_pid_062__binary_sensor__occupancy__state,255418,0,0,240637,0,False
TRAIN,iot__motion_sensor_pid_062__sensor__battery__value,766616,766616,0,0,0,False
VAL,iot__motion_sensor_pid_062__sensor__battery__value,255418,255418,0,0,0,False
TEST,iot__motion_sensor_pid_062__sensor__battery__value,255418,153182,0,0,0,False
TRAIN,iot__motion_sensor_pid_062__sensor__illuminance__value,766616,0,0,0,0,False
VAL,iot__motion_sensor_pid_062__sensor__illuminance__value,255418,0,0,0,0,False
TEST,iot__motion_sensor_pid_062__sensor__illuminance__value,255418,0,0,0,0,False
TRAIN,iot__motion_sensor_pid_062__sensor__linkquality__value,766616,0,0,0,0,False
VAL,iot__motion_sensor_pid_062__sensor__linkquality__value,255418,0,0,0,0,False
TEST,iot__motion_sensor_pid_062__sensor__linkquality__value,255418,0,0,0,0,False
TRAIN,iot__motion_sensor_pid_062__sensor__temperature__value,766616,3532,0,0,0,False
VAL,iot__motion_sensor_pid_062__sensor__temperature__value,255418,0,0,0,0,False
TEST,iot__motion_sensor_pid_062__sensor__temperature__value,255418,0,0,0,0,False
TRAIN,iot__motion_sensor_pid_075__binary_sensor__occupancy__state,766616,7827,0,739164,0,False
VAL,iot__motion_sensor_pid_075__binary_sensor__occupancy__state,255418,0,0,248822,0,False
TEST,iot__motion_sensor_pid_075__binary_sensor__occupancy__state,255418,0,0,249430,0,False
TRAIN,iot__motion_sensor_pid_075__sensor__battery__value,766616,766616,0,0,0,False
VAL,iot__motion_sensor_pid_075__sensor__battery__value,255418,255418,0,0,0,False
TEST,iot__motion_sensor_pid_075__sensor__battery__value,255418,153182,0,0,0,False
TRAIN,iot__motion_sensor_pid_075__sensor__device_temperature__value,766616,2404,0,0,0,False
VAL,iot__motion_sensor_pid_075__sensor__device_temperature__value,255418,0,0,0,0,False
TEST,iot__motion_sensor_pid_075__sensor__device_temperature__value,255418,0,0,0,0,False
TRAIN,iot__motion_sensor_pid_075__sensor__illuminance__value,766616,5705,0,58266,0,False
VAL,iot__motion_sensor_pid_075__sensor__illuminance__value,255418,0,0,18361,0,False
TEST,iot__motion_sensor_pid_075__sensor__illuminance__value,255418,0,0,16338,0,False
TRAIN,iot__motion_sensor_pid_075__sensor__linkquality__value,766616,2404,0,0,0,False
VAL,iot__motion_sensor_pid_075__sensor__linkquality__value,255418,0,0,0,0,False
TEST,iot__motion_sensor_pid_075__sensor__linkquality__value,255418,0,0,0,0,False
TRAIN,iot__motion_sensor_pid_075__sensor__power_outage_count__value,766616,766616,0,0,0,False
VAL,iot__motion_sensor_pid_075__sensor__power_outage_count__value,255418,255418,0,0,0,False
TEST,iot__motion_sensor_pid_075__sensor__power_outage_count__value,255418,153182,0,0,0,False
TRAIN,iot__motion_sensor_pid_075__sensor__voltage__value,766616,766616,0,0,0,False
VAL,iot__motion_sensor_pid_075__sensor__voltage__value,255418,255418,0,0,0,False
TEST,iot__motion_sensor_pid_075__sensor__voltage__value,255418,145690,0,0,0,False
TRAIN,iot__motion_sensor_pid_138__binary_sensor__occupancy__state,766616,0,0,728003,0,False
VAL,iot__motion_sensor_pid_138__binary_sensor__occupancy__state,255418,0,0,247899,0,False
TEST,iot__motion_sensor_pid_138__binary_sensor__occupancy__state,255418,0,0,248549,0,False
TRAIN,iot__motion_sensor_pid_138__sensor__battery__value,766616,766616,0,0,0,False
VAL,iot__motion_sensor_pid_138__sensor__battery__value,255418,255418,0,0,0,False
TEST,iot__motion_sensor_pid_138__sensor__battery__value,255418,153182,0,0,0,False
TRAIN,iot__motion_sensor_pid_138__sensor__linkquality__value,766616,679,0,0,0,False
VAL,iot__motion_sensor_pid_138__sensor__linkquality__value,255418,0,0,0,0,False
TEST,iot__motion_sensor_pid_138__sensor__linkquality__value,255418,0,0,0,0,False
TRAIN,iot__motion_sensor_pid_138__sensor__power_outage_count__value,766616,766616,0,0,0,False
VAL,iot__motion_sensor_pid_138__sensor__power_outage_count__value,255418,255418,0,0,0,False
TEST,iot__motion_sensor_pid_138__sensor__power_outage_count__value,255418,153182,0,0,0,False
TRAIN,iot__motion_sensor_pid_138__sensor__voltage__value,766616,152134,0,0,0,False
VAL,iot__motion_sensor_pid_138__sensor__voltage__value,255418,0,0,0,0,False
TEST,iot__motion_sensor_pid_138__sensor__voltage__value,255418,0,0,0,0,False
TRAIN,iot__multipurpose_sensor_pid_003__binary_sensor__contact__state,766616,92519,0,671765,0,False
VAL,iot__multipurpose_sensor_pid_003__binary_sensor__contact__state,255418,0,0,254844,0,False
TEST,iot__multipurpose_sensor_pid_003__binary_sensor__contact__state,255418,0,0,254993,0,False
TRAIN,iot__multipurpose_sensor_pid_003__sensor__battery__value,766616,766616,0,0,0,False
VAL,iot__multipurpose_sensor_pid_003__sensor__battery__value,255418,255418,0,0,0,False
TEST,iot__multipurpose_sensor_pid_003__sensor__battery__value,255418,153182,0,0,0,False
TRAIN,iot__multipurpose_sensor_pid_003__sensor__linkquality__value,766616,0,0,0,0,False
VAL,iot__multipurpose_sensor_pid_003__sensor__linkquality__value,255418,0,0,0,0,False
TEST,iot__multipurpose_sensor_pid_003__sensor__linkquality__value,255418,0,0,0,0,False
TRAIN,iot__multipurpose_sensor_pid_003__sensor__temperature__value,766616,92,0,0,0,False
VAL,iot__multipurpose_sensor_pid_003__sensor__temperature__value,255418,0,0,0,0,False
TEST,iot__multipurpose_sensor_pid_003__sensor__temperature__value,255418,0,0,0,0,False
TRAIN,iot__multipurpose_sensor_pid_003__sensor__x_axis__value,766616,8104,0,447,0,False
VAL,iot__multipurpose_sensor_pid_003__sensor__x_axis__value,255418,0,0,0,0,False
TEST,iot__multipurpose_sensor_pid_003__sensor__x_axis__value,255418,0,0,47,0,False
TRAIN,iot__multipurpose_sensor_pid_003__sensor__y_axis__value,766616,8104,0,348,0,False
VAL,iot__multipurpose_sensor_pid_003__sensor__y_axis__value,255418,0,0,0,0,False
TEST,iot__multipurpose_sensor_pid_003__sensor__y_axis__value,255418,0,0,24,0,False
TRAIN,iot__multipurpose_sensor_pid_003__sensor__z_axis__value,766616,8104,0,0,0,False
VAL,iot__multipurpose_sensor_pid_003__sensor__z_axis__value,255418,0,0,0,0,False
TEST,iot__multipurpose_sensor_pid_003__sensor__z_axis__value,255418,0,0,0,0,False
TRAIN,iot__multipurpose_sensor_pid_006__binary_sensor__contact__state,766616,7830,0,757792,0,False
VAL,iot__multipurpose_sensor_pid_006__binary_sensor__contact__state,255418,0,0,255173,0,False
TEST,iot__multipurpose_sensor_pid_006__binary_sensor__contact__state,255418,0,0,255206,0,False
TRAIN,iot__multipurpose_sensor_pid_006__sensor__battery__value,766616,766616,0,0,0,False
VAL,iot__multipurpose_sensor_pid_006__sensor__battery__value,255418,255418,0,0,0,False
TEST,iot__multipurpose_sensor_pid_006__sensor__battery__value,255418,153182,0,0,0,False
TRAIN,iot__multipurpose_sensor_pid_006__sensor__linkquality__value,766616,0,0,0,0,False
VAL,iot__multipurpose_sensor_pid_006__sensor__linkquality__value,255418,0,0,0,0,False
TEST,iot__multipurpose_sensor_pid_006__sensor__linkquality__value,255418,0,0,0,0,False
TRAIN,iot__multipurpose_sensor_pid_006__sensor__temperature__value,766616,0,0,0,0,False
VAL,iot__multipurpose_sensor_pid_006__sensor__temperature__value,255418,0,0,0,0,False
TEST,iot__multipurpose_sensor_pid_006__sensor__temperature__value,255418,0,0,0,0,False
TRAIN,iot__multipurpose_sensor_pid_006__sensor__x_axis__value,766616,7836,0,30,0,False
VAL,iot__multipurpose_sensor_pid_006__sensor__x_axis__value,255418,0,0,0,0,False
TEST,iot__multipurpose_sensor_pid_006__sensor__x_axis__value,255418,0,0,10,0,False
TRAIN,iot__multipurpose_sensor_pid_006__sensor__y_axis__value,766616,7836,0,0,0,False
VAL,iot__multipurpose_sensor_pid_006__sensor__y_axis__value,255418,0,0,0,0,False
TEST,iot__multipurpose_sensor_pid_006__sensor__y_axis__value,255418,0,0,0,0,False
TRAIN,iot__multipurpose_sensor_pid_006__sensor__z_axis__value,766616,7836,0,67539,0,False
VAL,iot__multipurpose_sensor_pid_006__sensor__z_axis__value,255418,0,0,0,0,False
TEST,iot__multipurpose_sensor_pid_006__sensor__z_axis__value,255418,0,0,0,0,False
TRAIN,iot__obs_present,766616,0,0,601563,0,False
VAL,iot__obs_present,255418,0,0,120187,0,False
TEST,iot__obs_present,255418,0,0,140697,0,False
TRAIN,iot__s5_max__binary_sensor__cleaning__state,766616,26569,0,737175,0,False
VAL,iot__s5_max__binary_sensor__cleaning__state,255418,0,0,255418,0,False
TEST,iot__s5_max__binary_sensor__cleaning__state,255418,0,0,254491,0,False
TRAIN,iot__s5_max__sensor__battery__value,766616,26569,0,0,0,False
VAL,iot__s5_max__sensor__battery__value,255418,0,0,0,0,False
TEST,iot__s5_max__sensor__battery__value,255418,0,0,0,0,False
TRAIN,iot__s5_max__vacuum__state__battery_level,766616,26569,0,0,0,False
VAL,iot__s5_max__vacuum__state__battery_level,255418,0,0,0,0,False
TEST,iot__s5_max__vacuum__state__battery_level,255418,0,0,0,0,False
TRAIN,iot__s5_max_charging__binary_sensor__state__state,766616,26569,0,2963,0,False
VAL,iot__s5_max_charging__binary_sensor__state__state,255418,0,0,0,0,False
TEST,iot__s5_max_charging__binary_sensor__state__state,255418,0,0,958,0,False
TRAIN,iot__s5_max_cleaning_area__sensor__state__value,766616,26569,0,19,0,False
VAL,iot__s5_max_cleaning_area__sensor__state__value,255418,0,0,0,0,False
TEST,iot__s5_max_cleaning_area__sensor__state__value,255418,0,0,25,0,False
TRAIN,iot__s5_max_cleaning_time__sensor__state__value,766616,26569,0,0,0,False
VAL,iot__s5_max_cleaning_time__sensor__state__value,255418,0,0,0,0,False
TEST,iot__s5_max_cleaning_time__sensor__state__value,255418,0,0,0,0,False
TRAIN,iot__s5_max_filter_time_left__sensor__state__value,766616,26569,0,0,0,False
VAL,iot__s5_max_filter_time_left__sensor__state__value,255418,0,0,0,0,False
TEST,iot__s5_max_filter_time_left__sensor__state__value,255418,0,0,0,0,False
TRAIN,iot__s5_max_main_brush_time_left__sensor__state__value,766616,26569,0,0,0,False
VAL,iot__s5_max_main_brush_time_left__sensor__state__value,255418,0,0,0,0,False
TEST,iot__s5_max_main_brush_time_left__sensor__state__value,255418,0,0,0,0,False
TRAIN,iot__s5_max_mop_attached__binary_sensor__state__state,766616,26569,0,740047,0,False
VAL,iot__s5_max_mop_attached__binary_sensor__state__state,255418,0,0,255418,0,False
TEST,iot__s5_max_mop_attached__binary_sensor__state__state,255418,0,0,255418,0,False
TRAIN,iot__s5_max_sensor_time_left__sensor__state__value,766616,26569,0,0,0,False
VAL,iot__s5_max_sensor_time_left__sensor__state__value,255418,0,0,0,0,False
TEST,iot__s5_max_sensor_time_left__sensor__state__value,255418,0,0,0,0,False
TRAIN,iot__s5_max_side_brush_time_left__sensor__state__value,766616,26569,0,0,0,False
VAL,iot__s5_max_side_brush_time_left__sensor__state__value,255418,0,0,0,0,False
TEST,iot__s5_max_side_brush_time_left__sensor__state__value,255418,0,0,0,0,False
TRAIN,iot__s5_max_total_cleaning_area__sensor__state__value,766616,26569,0,0,0,False
VAL,iot__s5_max_total_cleaning_area__sensor__state__value,255418,0,0,0,0,False
TEST,iot__s5_max_total_cleaning_area__sensor__state__value,255418,0,0,0,0,False
TRAIN,iot__s5_max_total_cleaning_count__sensor__state__value,766616,26569,0,0,0,False
VAL,iot__s5_max_total_cleaning_count__sensor__state__value,255418,0,0,0,0,False
TEST,iot__s5_max_total_cleaning_count__sensor__state__value,255418,0,0,0,0,False
TRAIN,iot__s5_max_total_cleaning_time__sensor__state__value,766616,26569,0,0,0,False
VAL,iot__s5_max_total_cleaning_time__sensor__state__value,255418,0,0,0,0,False
TEST,iot__s5_max_total_cleaning_time__sensor__state__value,255418,0,0,0,0,False
TRAIN,iot__s5_max_water_box_attached__binary_sensor__state__state,766616,26569,0,740047,0,False
VAL,iot__s5_max_water_box_attached__binary_sensor__state__state,255418,0,0,255418,0,False
TEST,iot__s5_max_water_box_attached__binary_sensor__state__state,255418,0,0,255418,0,False
TRAIN,iot__smart_light_pid_002__light__state__brightness,766616,268999,0,0,0,False
VAL,iot__smart_light_pid_002__light__state__brightness,255418,0,0,0,0,False
TEST,iot__smart_light_pid_002__light__state__brightness,255418,0,0,0,0,False
TRAIN,iot__smart_light_pid_002__light__state__color_temp,766616,268999,0,0,0,False
VAL,iot__smart_light_pid_002__light__state__color_temp,255418,0,0,0,0,False
TEST,iot__smart_light_pid_002__light__state__color_temp,255418,0,0,0,0,False
TRAIN,iot__smart_light_pid_002__light__state__color_temp_kelvin,766616,268999,0,0,0,False
VAL,iot__smart_light_pid_002__light__state__color_temp_kelvin,255418,0,0,0,0,False
TEST,iot__smart_light_pid_002__light__state__color_temp_kelvin,255418,0,0,0,0,False
TRAIN,iot__smart_light_pid_002__light__state__rgb_color,766616,268999,0,0,0,False
VAL,iot__smart_light_pid_002__light__state__rgb_color,255418,0,0,0,0,False
TEST,iot__smart_light_pid_002__light__state__rgb_color,255418,0,0,0,0,False
TRAIN,iot__smart_light_pid_002__light__state__state,766616,268999,0,494538,0,False
VAL,iot__smart_light_pid_002__light__state__state,255418,0,0,255418,0,False
TEST,iot__smart_light_pid_002__light__state__state,255418,0,0,255418,0,False
TRAIN,iot__smart_light_pid_002__light__state__value,766616,268999,0,494538,0,False
VAL,iot__smart_light_pid_002__light__state__value,255418,0,0,255418,0,False
TEST,iot__smart_light_pid_002__light__state__value,255418,0,0,255418,0,False
TRAIN,iot__smart_light_pid_002__select__power_on_behavior__state,766616,766616,0,0,0,False
VAL,iot__smart_light_pid_002__select__power_on_behavior__state,255418,255418,0,0,0,False
TEST,iot__smart_light_pid_002__select__power_on_behavior__state,255418,153182,0,0,0,False
TRAIN,iot__smart_light_pid_002__select__power_on_behavior__value,766616,766616,0,0,0,False
VAL,iot__smart_light_pid_002__select__power_on_behavior__value,255418,255418,0,0,0,False
TEST,iot__smart_light_pid_002__select__power_on_behavior__value,255418,153182,0,0,0,False
TRAIN,iot__smart_light_pid_002__sensor__linkquality__value,766616,92106,0,0,0,False
VAL,iot__smart_light_pid_002__sensor__linkquality__value,255418,0,0,0,0,False
TEST,iot__smart_light_pid_002__sensor__linkquality__value,255418,0,0,0,0,False
TRAIN,iot__smart_light_strip_pid_147__light__state__brightness,766616,8690,0,0,0,False
VAL,iot__smart_light_strip_pid_147__light__state__brightness,255418,0,0,0,0,False
TEST,iot__smart_light_strip_pid_147__light__state__brightness,255418,0,0,0,0,False
TRAIN,iot__smart_light_strip_pid_147__light__state__rgb_color,766616,8690,0,0,0,False
VAL,iot__smart_light_strip_pid_147__light__state__rgb_color,255418,0,0,0,0,False
TEST,iot__smart_light_strip_pid_147__light__state__rgb_color,255418,0,0,0,0,False
TRAIN,iot__smart_light_strip_pid_147__light__state__state,766616,8690,0,666253,0,False
VAL,iot__smart_light_strip_pid_147__light__state__state,255418,0,0,241088,0,False
TEST,iot__smart_light_strip_pid_147__light__state__state,255418,0,0,226512,0,False
TRAIN,iot__smart_light_strip_pid_147__light__state__value,766616,8690,0,666253,0,False
VAL,iot__smart_light_strip_pid_147__light__state__value,255418,0,0,241088,0,False
TEST,iot__smart_light_strip_pid_147__light__state__value,255418,0,0,226512,0,False
TRAIN,iot__smart_light_strip_pid_147__sensor__linkquality__value,766616,8690,0,0,0,False
VAL,iot__smart_light_strip_pid_147__sensor__linkquality__value,255418,0,0,0,0,False
TEST,iot__smart_light_strip_pid_147__sensor__linkquality__value,255418,0,0,0,0,False
TRAIN,iot__smart_plug__sensor__current__value,766616,517541,0,29,0,False
VAL,iot__smart_plug__sensor__current__value,255418,0,0,11,0,False
TEST,iot__smart_plug__sensor__current__value,255418,0,0,16,0,False
TRAIN,iot__smart_plug__sensor__signal_level__value,766616,521778,0,0,0,False
VAL,iot__smart_plug__sensor__signal_level__value,255418,0,0,0,0,False
TEST,iot__smart_plug__sensor__signal_level__value,255418,0,0,0,0,False
TRAIN,iot__smart_plug__sensor__signal_strength__value,766616,517561,0,0,0,False
VAL,iot__smart_plug__sensor__signal_strength__value,255418,0,0,0,0,False
TEST,iot__smart_plug__sensor__signal_strength__value,255418,0,0,0,0,False
TRAIN,iot__smart_plug__sensor__voltage__value,766616,517541,0,0,0,False
VAL,iot__smart_plug__sensor__voltage__value,255418,0,0,0,0,False
TEST,iot__smart_plug__sensor__voltage__value,255418,0,0,0,0,False
TRAIN,iot__smart_plug__switch__state__state,766616,766616,0,0,0,False
VAL,iot__smart_plug__switch__state__state,255418,255418,0,0,0,False
TEST,iot__smart_plug__switch__state__state,255418,153184,0,0,0,False
TRAIN,iot__smart_plug_auto_update_enabled__switch__state__state,766616,766616,0,0,0,False
VAL,iot__smart_plug_auto_update_enabled__switch__state__state,255418,255418,0,0,0,False
TEST,iot__smart_plug_auto_update_enabled__switch__state__state,255418,153184,0,0,0,False
TRAIN,iot__smart_plug_cloud_connection__binary_sensor__state__state,766616,766616,0,0,0,False
VAL,iot__smart_plug_cloud_connection__binary_sensor__state__state,255418,79243,0,61,0,False
TEST,iot__smart_plug_cloud_connection__binary_sensor__state__state,255418,0,0,5609,0,False
TRAIN,iot__smart_plug_current__sensor__consumption__value,766616,517547,0,164801,0,False
VAL,iot__smart_plug_current__sensor__consumption__value,255418,0,0,165028,0,False
TEST,iot__smart_plug_current__sensor__consumption__value,255418,0,0,142747,0,False
TRAIN,iot__smart_plug_led__switch__state__state,766616,766616,0,0,0,False
VAL,iot__smart_plug_led__switch__state__state,255418,255418,0,0,0,False
TEST,iot__smart_plug_led__switch__state__state,255418,153184,0,0,0,False
TRAIN,iot__smart_plug_ps5__sensor__current__value,766616,517540,0,69,0,False
VAL,iot__smart_plug_ps5__sensor__current__value,255418,0,0,88,0,False
TEST,iot__smart_plug_ps5__sensor__current__value,255418,0,0,68,0,False
TRAIN,iot__smart_plug_ps5__sensor__signal_level__value,766616,529021,0,0,0,False
VAL,iot__smart_plug_ps5__sensor__signal_level__value,255418,0,0,0,0,False
TEST,iot__smart_plug_ps5__sensor__signal_level__value,255418,0,0,0,0,False
TRAIN,iot__smart_plug_ps5__sensor__signal_strength__value,766616,517590,0,0,0,False
VAL,iot__smart_plug_ps5__sensor__signal_strength__value,255418,0,0,0,0,False
TEST,iot__smart_plug_ps5__sensor__signal_strength__value,255418,0,0,0,0,False
TRAIN,iot__smart_plug_ps5__sensor__voltage__value,766616,517540,0,0,0,False
VAL,iot__smart_plug_ps5__sensor__voltage__value,255418,0,0,0,0,False
TEST,iot__smart_plug_ps5__sensor__voltage__value,255418,0,0,0,0,False
TRAIN,iot__smart_plug_ps5__switch__state__state,766616,623489,0,0,0,False
VAL,iot__smart_plug_ps5__switch__state__state,255418,0,0,0,0,False
TEST,iot__smart_plug_ps5__switch__state__state,255418,0,0,0,0,False
TRAIN,iot__smart_plug_ps5_auto_off_enabled__switch__state__state,766616,623489,0,143127,0,False
VAL,iot__smart_plug_ps5_auto_off_enabled__switch__state__state,255418,0,0,255418,0,False
TEST,iot__smart_plug_ps5_auto_off_enabled__switch__state__state,255418,0,0,255418,0,False
TRAIN,iot__smart_plug_ps5_auto_update_enabled__switch__state__state,766616,623489,0,0,0,False
VAL,iot__smart_plug_ps5_auto_update_enabled__switch__state__state,255418,0,0,0,0,False
TEST,iot__smart_plug_ps5_auto_update_enabled__switch__state__state,255418,0,0,0,0,False
TRAIN,iot__smart_plug_ps5_cloud_connection__binary_sensor__state__state,766616,623489,0,50,0,False
VAL,iot__smart_plug_ps5_cloud_connection__binary_sensor__state__state,255418,0,0,0,0,False
TEST,iot__smart_plug_ps5_cloud_connection__binary_sensor__state__state,255418,0,0,88965,0,False
TRAIN,iot__smart_plug_ps5_current__sensor__consumption__value,766616,517546,0,170563,0,False
VAL,iot__smart_plug_ps5_current__sensor__consumption__value,255418,0,0,181187,0,False
TEST,iot__smart_plug_ps5_current__sensor__consumption__value,255418,0,0,175690,0,False
TRAIN,iot__smart_plug_ps5_led__switch__state__state,766616,623489,0,0,0,False
VAL,iot__smart_plug_ps5_led__switch__state__state,255418,0,0,0,0,False
TEST,iot__smart_plug_ps5_led__switch__state__state,255418,0,0,0,0,False
TRAIN,iot__smart_plug_ps5_overheated__binary_sensor__state__state,766616,623489,0,143127,0,False
VAL,iot__smart_plug_ps5_overheated__binary_sensor__state__state,255418,0,0,255418,0,False
TEST,iot__smart_plug_ps5_overheated__binary_sensor__state__state,255418,0,0,255418,0,False
TRAIN,iot__smart_plug_ps5_overloaded__binary_sensor__state__state,766616,623489,0,143127,0,False
VAL,iot__smart_plug_ps5_overloaded__binary_sensor__state__state,255418,0,0,255418,0,False
TEST,iot__smart_plug_ps5_overloaded__binary_sensor__state__state,255418,0,0,255418,0,False
TRAIN,iot__smart_plug_ps5_power_protection__number__state__value,766616,623489,0,143127,0,False
VAL,iot__smart_plug_ps5_power_protection__number__state__value,255418,0,0,255418,0,False
TEST,iot__smart_plug_ps5_power_protection__number__state__value,255418,0,0,255418,0,False
TRAIN,iot__smart_plug_ps5_this_month_s__sensor__consumption__value,766616,532786,0,0,0,False
VAL,iot__smart_plug_ps5_this_month_s__sensor__consumption__value,255418,0,0,13735,0,False
TEST,iot__smart_plug_ps5_this_month_s__sensor__consumption__value,255418,0,0,0,0,False
TRAIN,iot__smart_plug_ps5_today_s__sensor__consumption__value,766616,532502,0,9841,0,False
VAL,iot__smart_plug_ps5_today_s__sensor__consumption__value,255418,0,0,13791,0,False
TEST,iot__smart_plug_ps5_today_s__sensor__consumption__value,255418,0,0,26312,0,False
TRAIN,iot__smart_plug_ps5_turn_off_in__number__state__value,766616,623489,0,0,0,False
VAL,iot__smart_plug_ps5_turn_off_in__number__state__value,255418,0,0,0,0,False
TEST,iot__smart_plug_ps5_turn_off_in__number__state__value,255418,0,0,0,0,False
TRAIN,iot__smart_plug_this_month_s__sensor__consumption__value,766616,520196,0,0,0,False
VAL,iot__smart_plug_this_month_s__sensor__consumption__value,255418,0,0,3365,0,False
TEST,iot__smart_plug_this_month_s__sensor__consumption__value,255418,0,0,0,0,False
TRAIN,iot__smart_plug_today_s__sensor__consumption__value,766616,520196,0,6650,0,False
VAL,iot__smart_plug_today_s__sensor__consumption__value,255418,0,0,14541,0,False
TEST,iot__smart_plug_today_s__sensor__consumption__value,255418,0,0,10350,0,False
TRAIN,iot__smart_plug_turn_off_in__number__state__value,766616,766616,0,0,0,False
VAL,iot__smart_plug_turn_off_in__number__state__value,255418,255418,0,0,0,False
TEST,iot__smart_plug_turn_off_in__number__state__value,255418,153209,0,0,0,False
TRAIN,iot__temperature_and_humidity_pid_001__sensor__battery__value,766616,766616,0,0,0,False
VAL,iot__temperature_and_humidity_pid_001__sensor__battery__value,255418,255418,0,0,0,False
TEST,iot__temperature_and_humidity_pid_001__sensor__battery__value,255418,153182,0,0,0,False
TRAIN,iot__temperature_and_humidity_pid_001__sensor__humidity__value,766616,0,0,0,0,False
VAL,iot__temperature_and_humidity_pid_001__sensor__humidity__value,255418,0,0,0,0,False
TEST,iot__temperature_and_humidity_pid_001__sensor__humidity__value,255418,0,0,0,0,False
TRAIN,iot__temperature_and_humidity_pid_001__sensor__linkquality__value,766616,51,0,0,0,False
VAL,iot__temperature_and_humidity_pid_001__sensor__linkquality__value,255418,0,0,0,0,False
TEST,iot__temperature_and_humidity_pid_001__sensor__linkquality__value,255418,0,0,0,0,False
TRAIN,iot__temperature_and_humidity_pid_001__sensor__temperature__value,766616,0,0,0,0,False
VAL,iot__temperature_and_humidity_pid_001__sensor__temperature__value,255418,0,0,0,0,False
TEST,iot__temperature_and_humidity_pid_001__sensor__temperature__value,255418,0,0,0,0,False
TRAIN,iot__temperature_and_humidity_pid_001__sensor__voltage__value,766616,766616,0,0,0,False
VAL,iot__temperature_and_humidity_pid_001__sensor__voltage__value,255418,255418,0,0,0,False
TEST,iot__temperature_and_humidity_pid_001__sensor__voltage__value,255418,153182,0,0,0,False
TRAIN,iot__temperature_and_humidity_pid_070__sensor__battery__value,766616,263971,0,0,0,False
VAL,iot__temperature_and_humidity_pid_070__sensor__battery__value,255418,0,0,0,0,False
TEST,iot__temperature_and_humidity_pid_070__sensor__battery__value,255418,0,0,0,0,False
TRAIN,iot__temperature_and_humidity_pid_070__sensor__humidity__value,766616,221,0,0,0,False
VAL,iot__temperature_and_humidity_pid_070__sensor__humidity__value,255418,0,0,0,0,False
TEST,iot__temperature_and_humidity_pid_070__sensor__humidity__value,255418,0,0,0,0,False
TRAIN,iot__temperature_and_humidity_pid_070__sensor__linkquality__value,766616,221,0,0,0,False
VAL,iot__temperature_and_humidity_pid_070__sensor__linkquality__value,255418,0,0,0,0,False
TEST,iot__temperature_and_humidity_pid_070__sensor__linkquality__value,255418,0,0,0,0,False
TRAIN,iot__temperature_and_humidity_pid_070__sensor__pressure__value,766616,221,0,0,0,False
VAL,iot__temperature_and_humidity_pid_070__sensor__pressure__value,255418,0,0,0,0,False
TEST,iot__temperature_and_humidity_pid_070__sensor__pressure__value,255418,0,0,0,0,False
TRAIN,iot__temperature_and_humidity_pid_070__sensor__temperature__value,766616,221,0,0,0,False
VAL,iot__temperature_and_humidity_pid_070__sensor__temperature__value,255418,0,0,0,0,False
TEST,iot__temperature_and_humidity_pid_070__sensor__temperature__value,255418,0,0,0,0,False
TRAIN,iot__temperature_and_humidity_pid_070__sensor__voltage__value,766616,3673,0,0,0,False
VAL,iot__temperature_and_humidity_pid_070__sensor__voltage__value,255418,0,0,0,0,False
TEST,iot__temperature_and_humidity_pid_070__sensor__voltage__value,255418,0,0,0,0,False
TRAIN,iot__temperature_and_humidity_pid_073__sensor__battery__value,766616,32318,0,0,0,False
VAL,iot__temperature_and_humidity_pid_073__sensor__battery__value,255418,0,0,0,0,False
TEST,iot__temperature_and_humidity_pid_073__sensor__battery__value,255418,0,0,0,0,False
TRAIN,iot__temperature_and_humidity_pid_073__sensor__humidity__value,766616,2695,0,0,0,False
VAL,iot__temperature_and_humidity_pid_073__sensor__humidity__value,255418,0,0,0,0,False
TEST,iot__temperature_and_humidity_pid_073__sensor__humidity__value,255418,0,0,0,0,False
TRAIN,iot__temperature_and_humidity_pid_073__sensor__linkquality__value,766616,2695,0,0,0,False
VAL,iot__temperature_and_humidity_pid_073__sensor__linkquality__value,255418,0,0,0,0,False
TEST,iot__temperature_and_humidity_pid_073__sensor__linkquality__value,255418,0,0,0,0,False
TRAIN,iot__temperature_and_humidity_pid_073__sensor__pressure__value,766616,2695,0,0,0,False
VAL,iot__temperature_and_humidity_pid_073__sensor__pressure__value,255418,0,0,0,0,False
TEST,iot__temperature_and_humidity_pid_073__sensor__pressure__value,255418,0,0,0,0,False
TRAIN,iot__temperature_and_humidity_pid_073__sensor__temperature__value,766616,2695,0,0,0,False
VAL,iot__temperature_and_humidity_pid_073__sensor__temperature__value,255418,0,0,0,0,False
TEST,iot__temperature_and_humidity_pid_073__sensor__temperature__value,255418,0,0,0,0,False
TRAIN,iot__temperature_and_humidity_pid_073__sensor__voltage__value,766616,32318,0,0,0,False
VAL,iot__temperature_and_humidity_pid_073__sensor__voltage__value,255418,0,0,0,0,False
TEST,iot__temperature_and_humidity_pid_073__sensor__voltage__value,255418,0,0,0,0,False
TRAIN,iot__twinguard_087__sensor__humidity__value,766616,0,0,0,0,False
VAL,iot__twinguard_087__sensor__humidity__value,255418,0,0,0,0,False
TEST,iot__twinguard_087__sensor__humidity__value,255418,0,0,0,0,False
TRAIN,iot__twinguard_087__sensor__purity__value,766616,0,0,0,0,False
VAL,iot__twinguard_087__sensor__purity__value,255418,0,0,0,0,False
TEST,iot__twinguard_087__sensor__purity__value,255418,0,0,0,0,False
TRAIN,iot__twinguard_087__sensor__temperature__value,766616,0,0,0,0,False
VAL,iot__twinguard_087__sensor__temperature__value,255418,0,0,0,0,False
TEST,iot__twinguard_087__sensor__temperature__value,255418,0,0,0,0,False
TRAIN,iot__twinguard_088__sensor__humidity__value,766616,0,0,0,0,False
VAL,iot__twinguard_088__sensor__humidity__value,255418,0,0,0,0,False
TEST,iot__twinguard_088__sensor__humidity__value,255418,0,0,0,0,False
TRAIN,iot__twinguard_088__sensor__purity__value,766616,0,0,0,0,False
VAL,iot__twinguard_088__sensor__purity__value,255418,0,0,0,0,False
TEST,iot__twinguard_088__sensor__purity__value,255418,0,0,0,0,False
TRAIN,iot__twinguard_088__sensor__temperature__value,766616,0,0,0,0,False
VAL,iot__twinguard_088__sensor__temperature__value,255418,0,0,0,0,False
TEST,iot__twinguard_088__sensor__temperature__value,255418,0,0,0,0,False
TRAIN,iot__unknown_70_ee_50_7a_e5_2c__binary_sensor__connectivity__state,766616,78813,0,9180,0,False
VAL,iot__unknown_70_ee_50_7a_e5_2c__binary_sensor__connectivity__state,255418,0,0,3060,0,False
TEST,iot__unknown_70_ee_50_7a_e5_2c__binary_sensor__connectivity__state,255418,0,0,6121,0,False
TRAIN,iot__unknown_70_ee_50_7a_e5_2c__sensor__anemometer_gust_angle__value,766616,0,0,0,0,False
VAL,iot__unknown_70_ee_50_7a_e5_2c__sensor__anemometer_gust_angle__value,255418,0,0,0,0,False
TEST,iot__unknown_70_ee_50_7a_e5_2c__sensor__anemometer_gust_angle__value,255418,0,0,0,0,False
TRAIN,iot__unknown_70_ee_50_7a_e5_2c__sensor__anemometer_gust_strength__value,766616,0,0,0,0,False
VAL,iot__unknown_70_ee_50_7a_e5_2c__sensor__anemometer_gust_strength__value,255418,0,0,0,0,False
TEST,iot__unknown_70_ee_50_7a_e5_2c__sensor__anemometer_gust_strength__value,255418,0,0,0,0,False
TRAIN,iot__unknown_70_ee_50_7a_e5_2c__sensor__anemometer_wind_angle__value,766616,0,0,0,0,False
VAL,iot__unknown_70_ee_50_7a_e5_2c__sensor__anemometer_wind_angle__value,255418,0,0,360,0,False
TEST,iot__unknown_70_ee_50_7a_e5_2c__sensor__anemometer_wind_angle__value,255418,0,0,0,0,False
TRAIN,iot__unknown_70_ee_50_7a_e5_2c__sensor__anemometer_wind_speed__value,766616,0,0,0,0,False
VAL,iot__unknown_70_ee_50_7a_e5_2c__sensor__anemometer_wind_speed__value,255418,0,0,0,0,False
TEST,iot__unknown_70_ee_50_7a_e5_2c__sensor__anemometer_wind_speed__value,255418,0,0,0,0,False
TRAIN,iot__unknown_70_ee_50_7a_e5_2c__sensor__atmospheric_pressure__value,766616,2132,0,0,0,False
VAL,iot__unknown_70_ee_50_7a_e5_2c__sensor__atmospheric_pressure__value,255418,0,0,0,0,False
TEST,iot__unknown_70_ee_50_7a_e5_2c__sensor__atmospheric_pressure__value,255418,0,0,0,0,False
TRAIN,iot__unknown_70_ee_50_7a_e5_2c__sensor__carbon_dioxide__value,766616,0,0,0,0,False
VAL,iot__unknown_70_ee_50_7a_e5_2c__sensor__carbon_dioxide__value,255418,0,0,0,0,False
TEST,iot__unknown_70_ee_50_7a_e5_2c__sensor__carbon_dioxide__value,255418,0,0,0,0,False
TRAIN,iot__unknown_70_ee_50_7a_e5_2c__sensor__humidity__value,766616,5372,0,0,0,False
VAL,iot__unknown_70_ee_50_7a_e5_2c__sensor__humidity__value,255418,0,0,0,0,False
TEST,iot__unknown_70_ee_50_7a_e5_2c__sensor__humidity__value,255418,0,0,0,0,False
TRAIN,iot__unknown_70_ee_50_7a_e5_2c__sensor__noise__value,766616,0,0,0,0,False
VAL,iot__unknown_70_ee_50_7a_e5_2c__sensor__noise__value,255418,0,0,0,0,False
TEST,iot__unknown_70_ee_50_7a_e5_2c__sensor__noise__value,255418,0,0,0,0,False
TRAIN,iot__unknown_70_ee_50_7a_e5_2c__sensor__outdoor_humidity__value,766616,332,0,0,0,False
VAL,iot__unknown_70_ee_50_7a_e5_2c__sensor__outdoor_humidity__value,255418,0,0,0,0,False
TEST,iot__unknown_70_ee_50_7a_e5_2c__sensor__outdoor_humidity__value,255418,0,0,0,0,False
TRAIN,iot__unknown_70_ee_50_7a_e5_2c__sensor__outdoor_temperature__value,766616,0,0,0,0,False
VAL,iot__unknown_70_ee_50_7a_e5_2c__sensor__outdoor_temperature__value,255418,0,0,0,0,False
TEST,iot__unknown_70_ee_50_7a_e5_2c__sensor__outdoor_temperature__value,255418,0,0,0,0,False
TRAIN,iot__unknown_70_ee_50_7a_e5_2c__sensor__rain_gauge_battery__value,766616,70533,0,0,0,False
VAL,iot__unknown_70_ee_50_7a_e5_2c__sensor__rain_gauge_battery__value,255418,0,0,0,0,False
TEST,iot__unknown_70_ee_50_7a_e5_2c__sensor__rain_gauge_battery__value,255418,0,0,0,0,False
TRAIN,iot__unknown_70_ee_50_7a_e5_2c__sensor__rain_gauge_precipitation__value,766616,136954,0,612081,0,False
VAL,iot__unknown_70_ee_50_7a_e5_2c__sensor__rain_gauge_precipitation__value,255418,0,0,255418,0,False
TEST,iot__unknown_70_ee_50_7a_e5_2c__sensor__rain_gauge_precipitation__value,255418,0,0,248216,0,False
TRAIN,iot__unknown_70_ee_50_7a_e5_2c__sensor__rain_gauge_precipitation_last_hour__value,766616,136954,0,549441,0,False
VAL,iot__unknown_70_ee_50_7a_e5_2c__sensor__rain_gauge_precipitation_last_hour__value,255418,0,0,255418,0,False
TEST,iot__unknown_70_ee_50_7a_e5_2c__sensor__rain_gauge_precipitation_last_hour__value,255418,0,0,225177,0,False
TRAIN,iot__unknown_70_ee_50_7a_e5_2c__sensor__rain_gauge_precipitation_today__value,766616,136954,0,209355,0,False
VAL,iot__unknown_70_ee_50_7a_e5_2c__sensor__rain_gauge_precipitation_today__value,255418,0,0,255418,0,False
TEST,iot__unknown_70_ee_50_7a_e5_2c__sensor__rain_gauge_precipitation_today__value,255418,0,0,214615,0,False
TRAIN,iot__unknown_70_ee_50_7a_e5_2c__sensor__reachability__state,766616,78813,0,9180,0,False
VAL,iot__unknown_70_ee_50_7a_e5_2c__sensor__reachability__state,255418,0,0,3060,0,False
TEST,iot__unknown_70_ee_50_7a_e5_2c__sensor__reachability__state,255418,0,0,6121,0,False
TRAIN,iot__unknown_70_ee_50_7a_e5_2c__sensor__temperature__value,766616,2132,0,0,0,False
VAL,iot__unknown_70_ee_50_7a_e5_2c__sensor__temperature__value,255418,0,0,0,0,False
TEST,iot__unknown_70_ee_50_7a_e5_2c__sensor__temperature__value,255418,0,0,0,0,False
TRAIN,iot__vibration_sensor_pid_078__binary_sensor__vibration__state,766616,8104,0,751085,0,False
VAL,iot__vibration_sensor_pid_078__binary_sensor__vibration__state,255418,0,0,252818,0,False
TEST,iot__vibration_sensor_pid_078__binary_sensor__vibration__state,255418,0,0,253837,0,False
TRAIN,iot__vibration_sensor_pid_078__number__sensitivity__value,766616,766616,0,0,0,False
VAL,iot__vibration_sensor_pid_078__number__sensitivity__value,255418,255418,0,0,0,False
TEST,iot__vibration_sensor_pid_078__number__sensitivity__value,255418,153182,0,0,0,False
TRAIN,iot__vibration_sensor_pid_078__sensor__angle_z__value,766616,766616,0,0,0,False
VAL,iot__vibration_sensor_pid_078__sensor__angle_z__value,255418,255418,0,0,0,False
TEST,iot__vibration_sensor_pid_078__sensor__angle_z__value,255418,153182,0,0,0,False
TRAIN,iot__vibration_sensor_pid_078__sensor__battery__value,766616,766616,0,0,0,False
VAL,iot__vibration_sensor_pid_078__sensor__battery__value,255418,255418,0,0,0,False
TEST,iot__vibration_sensor_pid_078__sensor__battery__value,255418,153182,0,0,0,False
TRAIN,iot__vibration_sensor_pid_078__sensor__device_temperature__value,766616,0,0,0,0,False
VAL,iot__vibration_sensor_pid_078__sensor__device_temperature__value,255418,0,0,0,0,False
TEST,iot__vibration_sensor_pid_078__sensor__device_temperature__value,255418,0,0,0,0,False
TRAIN,iot__vibration_sensor_pid_078__sensor__linkquality__value,766616,0,0,0,0,False
VAL,iot__vibration_sensor_pid_078__sensor__linkquality__value,255418,0,0,0,0,False
TEST,iot__vibration_sensor_pid_078__sensor__linkquality__value,255418,0,0,0,0,False
TRAIN,iot__vibration_sensor_pid_078__sensor__power_outage_count__value,766616,507645,0,0,0,False
VAL,iot__vibration_sensor_pid_078__sensor__power_outage_count__value,255418,0,0,0,0,False
TEST,iot__vibration_sensor_pid_078__sensor__power_outage_count__value,255418,0,0,0,0,False
TRAIN,iot__vibration_sensor_pid_078__sensor__strength__value,766616,5013,0,0,0,False
VAL,iot__vibration_sensor_pid_078__sensor__strength__value,255418,0,0,0,0,False
TEST,iot__vibration_sensor_pid_078__sensor__strength__value,255418,0,0,0,0,False
TRAIN,iot__vibration_sensor_pid_078__sensor__voltage__value,766616,69271,0,0,0,False
VAL,iot__vibration_sensor_pid_078__sensor__voltage__value,255418,0,0,0,0,False
TEST,iot__vibration_sensor_pid_078__sensor__voltage__value,255418,0,0,0,0,False
TRAIN,iot__vibration_sensor_pid_078__sensor__x_axis__value,766616,766616,0,0,0,False
VAL,iot__vibration_sensor_pid_078__sensor__x_axis__value,255418,255418,0,0,0,False
TEST,iot__vibration_sensor_pid_078__sensor__x_axis__value,255418,153182,0,0,0,False
TRAIN,iot__vibration_sensor_pid_078__sensor__y_axis__value,766616,766616,0,0,0,False
VAL,iot__vibration_sensor_pid_078__sensor__y_axis__value,255418,255418,0,0,0,False
TEST,iot__vibration_sensor_pid_078__sensor__y_axis__value,255418,153182,0,0,0,False
TRAIN,iot__vibration_sensor_pid_078__sensor__z_axis__value,766616,766616,0,0,0,False
VAL,iot__vibration_sensor_pid_078__sensor__z_axis__value,255418,255418,0,0,0,False
TEST,iot__vibration_sensor_pid_078__sensor__z_axis__value,255418,153182,0,0,0,False
TRAIN,iot__vibration_sensor_pid_079__binary_sensor__vibration__state,766616,18716,0,724748,0,False
VAL,iot__vibration_sensor_pid_079__binary_sensor__vibration__state,255418,0,0,248176,0,False
TEST,iot__vibration_sensor_pid_079__binary_sensor__vibration__state,255418,0,0,248799,0,False
TRAIN,iot__vibration_sensor_pid_079__number__sensitivity__value,766616,766616,0,0,0,False
VAL,iot__vibration_sensor_pid_079__number__sensitivity__value,255418,255418,0,0,0,False
TEST,iot__vibration_sensor_pid_079__number__sensitivity__value,255418,153182,0,0,0,False
TRAIN,iot__vibration_sensor_pid_079__sensor__angle_x__value,766616,766616,0,0,0,False
VAL,iot__vibration_sensor_pid_079__sensor__angle_x__value,255418,255418,0,0,0,False
TEST,iot__vibration_sensor_pid_079__sensor__angle_x__value,255418,153182,0,0,0,False
TRAIN,iot__vibration_sensor_pid_079__sensor__angle_y__value,766616,766616,0,0,0,False
VAL,iot__vibration_sensor_pid_079__sensor__angle_y__value,255418,255418,0,0,0,False
TEST,iot__vibration_sensor_pid_079__sensor__angle_y__value,255418,153182,0,0,0,False
TRAIN,iot__vibration_sensor_pid_079__sensor__angle_z__value,766616,766616,0,0,0,False
VAL,iot__vibration_sensor_pid_079__sensor__angle_z__value,255418,255418,0,0,0,False
TEST,iot__vibration_sensor_pid_079__sensor__angle_z__value,255418,153182,0,0,0,False
TRAIN,iot__vibration_sensor_pid_079__sensor__battery__value,766616,766616,0,0,0,False
VAL,iot__vibration_sensor_pid_079__sensor__battery__value,255418,255418,0,0,0,False
TEST,iot__vibration_sensor_pid_079__sensor__battery__value,255418,153182,0,0,0,False
TRAIN,iot__vibration_sensor_pid_079__sensor__device_temperature__value,766616,1140,0,0,0,False
VAL,iot__vibration_sensor_pid_079__sensor__device_temperature__value,255418,0,0,0,0,False
TEST,iot__vibration_sensor_pid_079__sensor__device_temperature__value,255418,0,0,0,0,False
TRAIN,iot__vibration_sensor_pid_079__sensor__linkquality__value,766616,4531,0,0,0,False
VAL,iot__vibration_sensor_pid_079__sensor__linkquality__value,255418,0,0,0,0,False
TEST,iot__vibration_sensor_pid_079__sensor__linkquality__value,255418,0,0,0,0,False
TRAIN,iot__vibration_sensor_pid_079__sensor__power_outage_count__value,766616,766616,0,0,0,False
VAL,iot__vibration_sensor_pid_079__sensor__power_outage_count__value,255418,255418,0,0,0,False
TEST,iot__vibration_sensor_pid_079__sensor__power_outage_count__value,255418,153182,0,0,0,False
TRAIN,iot__vibration_sensor_pid_079__sensor__strength__value,766616,18956,0,0,0,False
VAL,iot__vibration_sensor_pid_079__sensor__strength__value,255418,0,0,0,0,False
TEST,iot__vibration_sensor_pid_079__sensor__strength__value,255418,0,0,0,0,False
TRAIN,iot__vibration_sensor_pid_079__sensor__voltage__value,766616,1140,0,0,0,False
VAL,iot__vibration_sensor_pid_079__sensor__voltage__value,255418,0,0,0,0,False
TEST,iot__vibration_sensor_pid_079__sensor__voltage__value,255418,0,0,0,0,False
TRAIN,iot__vibration_sensor_pid_079__sensor__x_axis__value,766616,766616,0,0,0,False
VAL,iot__vibration_sensor_pid_079__sensor__x_axis__value,255418,255418,0,0,0,False
TEST,iot__vibration_sensor_pid_079__sensor__x_axis__value,255418,153182,0,0,0,False
TRAIN,iot__vibration_sensor_pid_079__sensor__y_axis__value,766616,766616,0,0,0,False
VAL,iot__vibration_sensor_pid_079__sensor__y_axis__value,255418,255418,0,0,0,False
TEST,iot__vibration_sensor_pid_079__sensor__y_axis__value,255418,153182,0,0,0,False
TRAIN,iot__vibration_sensor_pid_079__sensor__z_axis__value,766616,766616,0,0,0,False
VAL,iot__vibration_sensor_pid_079__sensor__z_axis__value,255418,255418,0,0,0,False
TEST,iot__vibration_sensor_pid_079__sensor__z_axis__value,255418,153182,0,0,0,False
TRAIN,iot__water_leak_sensor_pid_083__sensor__battery__value,766616,766616,0,0,0,False
VAL,iot__water_leak_sensor_pid_083__sensor__battery__value,255418,255418,0,0,0,False
TEST,iot__water_leak_sensor_pid_083__sensor__battery__value,255418,153182,0,0,0,False
TRAIN,iot__water_leak_sensor_pid_083__sensor__device_temperature__value,766616,22973,0,0,0,False
VAL,iot__water_leak_sensor_pid_083__sensor__device_temperature__value,255418,0,0,0,0,False
TEST,iot__water_leak_sensor_pid_083__sensor__device_temperature__value,255418,0,0,0,0,False
TRAIN,iot__water_leak_sensor_pid_083__sensor__linkquality__value,766616,1943,0,0,0,False
VAL,iot__water_leak_sensor_pid_083__sensor__linkquality__value,255418,0,0,0,0,False
TEST,iot__water_leak_sensor_pid_083__sensor__linkquality__value,255418,0,0,0,0,False
TRAIN,iot__water_leak_sensor_pid_083__sensor__power_outage_count__value,766616,766616,0,0,0,False
VAL,iot__water_leak_sensor_pid_083__sensor__power_outage_count__value,255418,255418,0,0,0,False
TEST,iot__water_leak_sensor_pid_083__sensor__power_outage_count__value,255418,153182,0,0,0,False
TRAIN,iot__water_leak_sensor_pid_083__sensor__voltage__value,766616,1943,0,0,0,False
VAL,iot__water_leak_sensor_pid_083__sensor__voltage__value,255418,0,0,0,0,False
TEST,iot__water_leak_sensor_pid_083__sensor__voltage__value,255418,0,0,0,0,False
TRAIN,iot__wireless_mini_switch_pid_080__sensor__battery__value,766616,766616,0,0,0,False
VAL,iot__wireless_mini_switch_pid_080__sensor__battery__value,255418,255418,0,0,0,False
TEST,iot__wireless_mini_switch_pid_080__sensor__battery__value,255418,153182,0,0,0,False
TRAIN,iot__wireless_mini_switch_pid_080__sensor__device_temperature__value,766616,21536,0,0,0,False
VAL,iot__wireless_mini_switch_pid_080__sensor__device_temperature__value,255418,0,0,0,0,False
TEST,iot__wireless_mini_switch_pid_080__sensor__device_temperature__value,255418,0,0,0,0,False
TRAIN,iot__wireless_mini_switch_pid_080__sensor__linkquality__value,766616,0,0,0,0,False
VAL,iot__wireless_mini_switch_pid_080__sensor__linkquality__value,255418,0,0,0,0,False
TEST,iot__wireless_mini_switch_pid_080__sensor__linkquality__value,255418,0,0,0,0,False
TRAIN,iot__wireless_mini_switch_pid_080__sensor__power_outage_count__value,766616,766616,0,0,0,False
VAL,iot__wireless_mini_switch_pid_080__sensor__power_outage_count__value,255418,255418,0,0,0,False
TEST,iot__wireless_mini_switch_pid_080__sensor__power_outage_count__value,255418,153182,0,0,0,False
TRAIN,iot__wireless_mini_switch_pid_080__sensor__voltage__value,766616,352588,0,0,0,False
VAL,iot__wireless_mini_switch_pid_080__sensor__voltage__value,255418,0,0,0,0,False
TEST,iot__wireless_mini_switch_pid_080__sensor__voltage__value,255418,0,0,0,0,False
TRAIN,iot__withings_average_heart_rate__sensor__state__value,766616,31215,0,0,0,False
VAL,iot__withings_average_heart_rate__sensor__state__value,255418,0,0,0,0,False
TEST,iot__withings_average_heart_rate__sensor__state__value,255418,0,0,0,0,False
TRAIN,iot__withings_average_respiratory_rate__sensor__state__value,766616,31215,0,0,0,False
VAL,iot__withings_average_respiratory_rate__sensor__state__value,255418,0,0,0,0,False
TEST,iot__withings_average_respiratory_rate__sensor__state__value,255418,0,0,0,0,False
TRAIN,iot__withings_breathing_disturbances_intensity__sensor__state__value,766616,31215,0,0,0,False
VAL,iot__withings_breathing_disturbances_intensity__sensor__state__value,255418,0,0,0,0,False
TEST,iot__withings_breathing_disturbances_intensity__sensor__state__value,255418,0,0,0,0,False
TRAIN,iot__withings_deep_sleep__sensor__state__value,766616,31215,0,0,0,False
VAL,iot__withings_deep_sleep__sensor__state__value,255418,0,0,0,0,False
TEST,iot__withings_deep_sleep__sensor__state__value,255418,0,0,0,0,False
TRAIN,iot__withings_light_sleep__sensor__state__value,766616,31215,0,0,0,False
VAL,iot__withings_light_sleep__sensor__state__value,255418,0,0,0,0,False
TEST,iot__withings_light_sleep__sensor__state__value,255418,0,0,0,0,False
TRAIN,iot__withings_maximum_heart_rate__sensor__state__value,766616,31215,0,0,0,False
VAL,iot__withings_maximum_heart_rate__sensor__state__value,255418,0,0,0,0,False
TEST,iot__withings_maximum_heart_rate__sensor__state__value,255418,0,0,0,0,False
TRAIN,iot__withings_maximum_respiratory_rate__sensor__state__value,766616,31215,0,0,0,False
VAL,iot__withings_maximum_respiratory_rate__sensor__state__value,255418,0,0,0,0,False
TEST,iot__withings_maximum_respiratory_rate__sensor__state__value,255418,0,0,0,0,False
TRAIN,iot__withings_minimum_heart_rate__sensor__state__value,766616,31215,0,0,0,False
VAL,iot__withings_minimum_heart_rate__sensor__state__value,255418,0,0,0,0,False
TEST,iot__withings_minimum_heart_rate__sensor__state__value,255418,0,0,0,0,False
TRAIN,iot__withings_minimum_respiratory_rate__sensor__state__value,766616,31215,0,0,0,False
VAL,iot__withings_minimum_respiratory_rate__sensor__state__value,255418,0,0,0,0,False
TEST,iot__withings_minimum_respiratory_rate__sensor__state__value,255418,0,0,0,0,False
TRAIN,iot__withings_rem_sleep__sensor__state__value,766616,31215,0,0,0,False
VAL,iot__withings_rem_sleep__sensor__state__value,255418,0,0,0,0,False
TEST,iot__withings_rem_sleep__sensor__state__value,255418,0,0,0,0,False
TRAIN,iot__withings_sleep_score__sensor__state__value,766616,31215,0,0,0,False
VAL,iot__withings_sleep_score__sensor__state__value,255418,0,0,0,0,False
TEST,iot__withings_sleep_score__sensor__state__value,255418,0,0,0,0,False
TRAIN,iot__withings_snoring__sensor__state__value,766616,31215,0,0,0,False
VAL,iot__withings_snoring__sensor__state__value,255418,0,0,0,0,False
TEST,iot__withings_snoring__sensor__state__value,255418,0,0,0,0,False
TRAIN,iot__withings_snoring_episode_count__sensor__state__value,766616,31215,0,0,0,False
VAL,iot__withings_snoring_episode_count__sensor__state__value,255418,0,0,0,0,False
TEST,iot__withings_snoring_episode_count__sensor__state__value,255418,0,0,0,0,False
TRAIN,iot__withings_time_to_sleep__sensor__state__value,766616,31215,0,0,0,False
VAL,iot__withings_time_to_sleep__sensor__state__value,255418,0,0,0,0,False
TEST,iot__withings_time_to_sleep__sensor__state__value,255418,0,0,0,0,False
TRAIN,iot__withings_time_to_wakeup__sensor__state__value,766616,55478,0,685858,0,False
VAL,iot__withings_time_to_wakeup__sensor__state__value,255418,0,0,177000,0,False
TEST,iot__withings_time_to_wakeup__sensor__state__value,255418,0,0,128677,0,False
TRAIN,iot__withings_wakeup_count__sensor__state__value,766616,31215,0,364855,0,False
VAL,iot__withings_wakeup_count__sensor__state__value,255418,0,0,22261,0,False
TEST,iot__withings_wakeup_count__sensor__state__value,255418,0,0,47622,0,False
TRAIN,iot__withings_wakeup_time__sensor__state__value,766616,31215,0,0,0,False
VAL,iot__withings_wakeup_time__sensor__state__value,255418,0,0,0,0,False
TEST,iot__withings_wakeup_time__sensor__state__value,255418,0,0,0,0,False
TRAIN,net__obs_all,766616,0,0,60088,0,False
VAL,net__obs_all,255418,0,0,19639,0,False
TEST,net__obs_all,255418,0,0,30020,0,False
TRAIN,ota24__action,766616,265,0,766129,0,False
VAL,ota24__action,255418,88,0,255260,0,False
TEST,ota24__action,255418,91,0,255122,0,False
TRAIN,ota24__assoc_req,766616,265,0,766268,0,False
VAL,ota24__assoc_req,255418,88,0,255300,0,False
TEST,ota24__assoc_req,255418,91,0,255187,0,False
TRAIN,ota24__assoc_resp,766616,265,0,766268,0,False
VAL,ota24__assoc_resp,255418,88,0,255302,0,False
TEST,ota24__assoc_resp,255418,91,0,255191,0,False
TRAIN,ota24__auth,766616,265,0,766253,0,False
VAL,ota24__auth,255418,88,0,255300,0,False
TEST,ota24__auth,255418,91,0,255158,0,False
TRAIN,ota24__beacon,766616,265,0,483,0,False
VAL,ota24__beacon,255418,88,0,184,0,False
TEST,ota24__beacon,255418,91,0,121,0,False
TRAIN,ota24__bssid_unique,766616,265,0,40,0,False
VAL,ota24__bssid_unique,255418,88,0,29,0,False
TEST,ota24__bssid_unique,255418,91,0,8,0,False
TRAIN,ota24__bytes_total,766616,265,0,40,0,False
VAL,ota24__bytes_total,255418,88,0,29,0,False
TEST,ota24__bytes_total,255418,91,0,8,0,False
TRAIN,ota24__da_unique,766616,265,0,40,0,False
VAL,ota24__da_unique,255418,88,0,29,0,False
TEST,ota24__da_unique,255418,91,0,8,0,False
TRAIN,ota24__data,766616,265,0,43196,0,False
VAL,ota24__data,255418,88,0,16175,0,False
TEST,ota24__data,255418,91,0,19993,0,False
TRAIN,ota24__deauth,766616,265,0,766263,0,False
VAL,ota24__deauth,255418,88,0,255301,0,False
TEST,ota24__deauth,255418,91,0,255191,0,False
TRAIN,ota24__disassoc,766616,265,0,766292,0,False
VAL,ota24__disassoc,255418,88,0,255309,0,False
TEST,ota24__disassoc,255418,91,0,255312,0,False
TRAIN,ota24__mgmt,766616,265,0,335,0,False
VAL,ota24__mgmt,255418,88,0,147,0,False
TEST,ota24__mgmt,255418,91,0,29,0,False
TRAIN,ota24__obs_present,766616,0,0,265,0,False
VAL,ota24__obs_present,255418,0,0,88,0,False
TEST,ota24__obs_present,255418,0,0,91,0,False
TRAIN,ota24__pkt_total,766616,265,0,40,0,False
VAL,ota24__pkt_total,255418,88,0,29,0,False
TEST,ota24__pkt_total,255418,91,0,8,0,False
TRAIN,ota24__probe_req,766616,265,0,753951,0,False
VAL,ota24__probe_req,255418,88,0,251692,0,False
TEST,ota24__probe_req,255418,91,0,245236,0,False
TRAIN,ota24__probe_resp,766616,265,0,502539,0,False
VAL,ota24__probe_resp,255418,88,0,170943,0,False
TEST,ota24__probe_resp,255418,91,0,153158,0,False
TRAIN,ota24__rssi_max,766616,265,0,40,0,False
VAL,ota24__rssi_max,255418,88,0,29,0,False
TEST,ota24__rssi_max,255418,91,0,8,0,False
TRAIN,ota24__rssi_mean,766616,265,0,40,0,False
VAL,ota24__rssi_mean,255418,88,0,29,0,False
TEST,ota24__rssi_mean,255418,91,0,8,0,False
TRAIN,ota24__rssi_min,766616,265,0,40,0,False
VAL,ota24__rssi_min,255418,88,0,29,0,False
TEST,ota24__rssi_min,255418,91,0,8,0,False
TRAIN,ota24__rssi_n,766616,265,0,40,0,False
VAL,ota24__rssi_n,255418,88,0,29,0,False
TEST,ota24__rssi_n,255418,91,0,8,0,False
TRAIN,ota24__sa_unique,766616,265,0,40,0,False
VAL,ota24__sa_unique,255418,88,0,29,0,False
TEST,ota24__sa_unique,255418,91,0,8,0,False
TRAIN,ota24__traffic_present,766616,265,0,40,0,False
VAL,ota24__traffic_present,255418,88,0,29,0,False
TEST,ota24__traffic_present,255418,91,0,8,0,False
TRAIN,ota5__action,766616,260,0,750923,0,False
VAL,ota5__action,255418,86,0,250958,0,False
TEST,ota5__action,255418,86,0,249631,0,False
TRAIN,ota5__assoc_req,766616,260,0,766227,0,False
VAL,ota5__assoc_req,255418,86,0,255302,0,False
TEST,ota5__assoc_req,255418,86,0,255277,0,False
TRAIN,ota5__assoc_resp,766616,260,0,766226,0,False
VAL,ota5__assoc_resp,255418,86,0,255302,0,False
TEST,ota5__assoc_resp,255418,86,0,255277,0,False
TRAIN,ota5__auth,766616,260,0,766203,0,False
VAL,ota5__auth,255418,86,0,255302,0,False
TEST,ota5__auth,255418,86,0,254096,0,False
TRAIN,ota5__beacon,766616,260,0,270,0,False
VAL,ota5__beacon,255418,86,0,8,0,False
TEST,ota5__beacon,255418,86,0,102,0,False
TRAIN,ota5__bssid_unique,766616,260,0,12,0,False
VAL,ota5__bssid_unique,255418,86,0,0,0,False
TEST,ota5__bssid_unique,255418,86,0,14,0,False
TRAIN,ota5__bytes_total,766616,260,0,12,0,False
VAL,ota5__bytes_total,255418,86,0,0,0,False
TEST,ota5__bytes_total,255418,86,0,14,0,False
TRAIN,ota5__da_unique,766616,260,0,12,0,False
VAL,ota5__da_unique,255418,86,0,0,0,False
TEST,ota5__da_unique,255418,86,0,14,0,False
TRAIN,ota5__data,766616,260,0,70698,0,False
VAL,ota5__data,255418,86,0,27247,0,False
TEST,ota5__data,255418,86,0,21858,0,False
TRAIN,ota5__deauth,766616,260,0,766233,0,False
VAL,ota5__deauth,255418,86,0,255305,0,False
TEST,ota5__deauth,255418,86,0,255294,0,False
TRAIN,ota5__disassoc,766616,260,0,766320,0,False
VAL,ota5__disassoc,255418,86,0,255330,0,False
TEST,ota5__disassoc,255418,86,0,255327,0,False
TRAIN,ota5__mgmt,766616,260,0,15,0,False
VAL,ota5__mgmt,255418,86,0,0,0,False
TEST,ota5__mgmt,255418,86,0,21,0,False
TRAIN,ota5__obs_present,766616,0,0,260,0,False
VAL,ota5__obs_present,255418,0,0,86,0,False
TEST,ota5__obs_present,255418,0,0,86,0,False
TRAIN,ota5__pkt_total,766616,260,0,12,0,False
VAL,ota5__pkt_total,255418,86,0,0,0,False
TEST,ota5__pkt_total,255418,86,0,14,0,False
TRAIN,ota5__probe_req,766616,260,0,756560,0,False
VAL,ota5__probe_req,255418,86,0,252218,0,False
TEST,ota5__probe_req,255418,86,0,246869,0,False
TRAIN,ota5__probe_resp,766616,260,0,619504,0,False
VAL,ota5__probe_resp,255418,86,0,218898,0,False
TEST,ota5__probe_resp,255418,86,0,199742,0,False
TRAIN,ota5__rssi_max,766616,260,0,12,0,False
VAL,ota5__rssi_max,255418,86,0,0,0,False
TEST,ota5__rssi_max,255418,86,0,14,0,False
TRAIN,ota5__rssi_mean,766616,260,0,12,0,False
VAL,ota5__rssi_mean,255418,86,0,0,0,False
TEST,ota5__rssi_mean,255418,86,0,14,0,False
TRAIN,ota5__rssi_min,766616,260,0,12,0,False
VAL,ota5__rssi_min,255418,86,0,0,0,False
TEST,ota5__rssi_min,255418,86,0,14,0,False
TRAIN,ota5__rssi_n,766616,260,0,12,0,False
VAL,ota5__rssi_n,255418,86,0,0,0,False
TEST,ota5__rssi_n,255418,86,0,14,0,False
TRAIN,ota5__sa_unique,766616,260,0,12,0,False
VAL,ota5__sa_unique,255418,86,0,0,0,False
TEST,ota5__sa_unique,255418,86,0,14,0,False
TRAIN,ota5__traffic_present,766616,260,0,12,0,False
VAL,ota5__traffic_present,255418,86,0,0,0,False
TEST,ota5__traffic_present,255418,86,0,14,0,False
TRAIN,ota__action,766616,7,0,750957,0,False
VAL,ota__action,255418,0,0,250974,0,False
TEST,ota__action,255418,0,0,249517,0,False
TRAIN,ota__assoc_req,766616,7,0,766398,0,False
VAL,ota__assoc_req,255418,0,0,255359,0,False
TEST,ota__assoc_req,255418,0,0,255227,0,False
TRAIN,ota__assoc_resp,766616,7,0,766396,0,False
VAL,ota__assoc_resp,255418,0,0,255360,0,False
TEST,ota__assoc_resp,255418,0,0,255232,0,False
TRAIN,ota__auth,766616,7,0,766359,0,False
VAL,ota__auth,255418,0,0,255358,0,False
TEST,ota__auth,255418,0,0,254021,0,False
TRAIN,ota__beacon,766616,7,0,44,0,False
VAL,ota__beacon,255418,0,0,0,0,False
TEST,ota__beacon,255418,0,0,90,0,False
TRAIN,ota__bytes_total,766616,7,0,0,0,False
VAL,ota__bytes_total,255418,0,0,0,0,False
TEST,ota__bytes_total,255418,0,0,1,0,False
TRAIN,ota__data,766616,7,0,10366,0,False
VAL,ota__data,255418,0,0,4528,0,False
TEST,ota__data,255418,0,0,4366,0,False
TRAIN,ota__deauth,766616,7,0,766398,0,False
VAL,ota__deauth,255418,0,0,255362,0,False
TEST,ota__deauth,255418,0,0,255246,0,False
TRAIN,ota__disassoc,766616,7,0,766514,0,False
VAL,ota__disassoc,255418,0,0,255395,0,False
TEST,ota__disassoc,255418,0,0,255398,0,False
TRAIN,ota__mgmt,766616,7,0,1,0,False
VAL,ota__mgmt,255418,0,0,0,0,False
TEST,ota__mgmt,255418,0,0,1,0,False
TRAIN,ota__obs_present,766616,0,0,7,0,False
VAL,ota__obs_present,255418,0,0,0,0,False
TEST,ota__obs_present,255418,0,0,0,0,False
TRAIN,ota__pkt_total,766616,7,0,0,0,False
VAL,ota__pkt_total,255418,0,0,0,0,False
TEST,ota__pkt_total,255418,0,0,1,0,False
TRAIN,ota__probe_req,766616,7,0,747191,0,False
VAL,ota__probe_req,255418,0,0,249299,0,False
TEST,ota__probe_req,255418,0,0,238913,0,False
TRAIN,ota__probe_resp,766616,7,0,421054,0,False
VAL,ota__probe_resp,255418,0,0,152272,0,False
TEST,ota__probe_resp,255418,0,0,124727,0,False
TRAIN,ota__traffic_obs_present,766616,7,0,0,0,False
VAL,ota__traffic_obs_present,255418,0,0,0,0,False
TEST,ota__traffic_obs_present,255418,0,0,1,0,False
TRAIN,ota__traffic_present,766616,7,0,0,0,False
VAL,ota__traffic_present,255418,0,0,0,0,False
TEST,ota__traffic_present,255418,0,0,1,0,False
TRAIN,router__arp_pkt,766616,1051,0,234035,0,False
VAL,router__arp_pkt,255418,323,0,76140,0,False
TEST,router__arp_pkt,255418,396,0,83189,0,False
TRAIN,router__arp_pkt__absdiff1,766616,1051,0,191358,0,False
VAL,router__arp_pkt__absdiff1,255418,323,0,62731,0,False
TEST,router__arp_pkt__absdiff1,255418,396,0,72338,0,False
TRAIN,router__arp_pkt__diff1,766616,1051,0,191358,0,False
VAL,router__arp_pkt__diff1,255418,323,0,62731,0,False
TEST,router__arp_pkt__diff1,255418,396,0,72338,0,False
TRAIN,router__arp_pkt__roll300_mean,766616,1051,0,729,0,False
VAL,router__arp_pkt__roll300_mean,255418,323,0,0,0,False
TEST,router__arp_pkt__roll300_mean,255418,396,0,0,0,False
TRAIN,router__arp_pkt__roll300_z,766616,1051,0,762,0,False
VAL,router__arp_pkt__roll300_z,255418,323,0,5,0,False
TEST,router__arp_pkt__roll300_z,255418,396,0,14,0,False
TRAIN,router__arp_pkt__roll30_mean,766616,1051,0,1674,0,False
VAL,router__arp_pkt__roll30_mean,255418,323,0,201,0,False
TEST,router__arp_pkt__roll30_mean,255418,396,0,124,0,False
TRAIN,router__arp_pkt__roll30_std,766616,1051,0,1364,0,False
VAL,router__arp_pkt__roll30_std,255418,323,0,201,0,False
TEST,router__arp_pkt__roll30_std,255418,396,0,0,0,False
TRAIN,router__arp_pkt__roll30_z,766616,1051,0,4228,0,False
VAL,router__arp_pkt__roll30_z,255418,323,0,1092,0,False
TEST,router__arp_pkt__roll30_z,255418,396,0,1290,0,False
TRAIN,router__arp_reply,766616,1051,0,428346,0,False
VAL,router__arp_reply,255418,323,0,143134,0,False
TEST,router__arp_reply,255418,396,0,161808,0,False
TRAIN,router__arp_reply_rate,766616,1051,0,428346,0,False
VAL,router__arp_reply_rate,255418,323,0,143134,0,False
TEST,router__arp_reply_rate,255418,396,0,161808,0,False
TRAIN,router__arp_req,766616,1051,0,243817,0,False
VAL,router__arp_req,255418,323,0,79174,0,False
TEST,router__arp_req,255418,396,0,86542,0,False
TRAIN,router__arp_req_rate,766616,1051,0,243817,0,False
VAL,router__arp_req_rate,255418,323,0,79174,0,False
TEST,router__arp_req_rate,255418,396,0,86542,0,False
TRAIN,router__arp_share,766616,1051,0,234035,0,False
VAL,router__arp_share,255418,323,0,76140,0,False
TEST,router__arp_share,255418,396,0,83189,0,False
TRAIN,router__avg_pkt_bytes,766616,1051,0,45826,0,False
VAL,router__avg_pkt_bytes,255418,323,0,15746,0,False
TEST,router__avg_pkt_bytes,255418,396,0,21823,0,False
TRAIN,router__byte_rate,766616,1051,0,45826,0,False
VAL,router__byte_rate,255418,323,0,15746,0,False
TEST,router__byte_rate,255418,396,0,21823,0,False
TRAIN,router__bytes_total,766616,1051,0,45826,0,False
VAL,router__bytes_total,255418,323,0,15746,0,False
TEST,router__bytes_total,255418,396,0,21823,0,False
TRAIN,router__bytes_total__absdiff1,766616,1051,0,11844,0,False
VAL,router__bytes_total__absdiff1,255418,323,0,3753,0,False
TEST,router__bytes_total__absdiff1,255418,396,0,6577,0,False
TRAIN,router__bytes_total__diff1,766616,1051,0,11844,0,False
VAL,router__bytes_total__diff1,255418,323,0,3753,0,False
TEST,router__bytes_total__diff1,255418,396,0,6577,0,False
TRAIN,router__bytes_total__roll300_mean,766616,1051,0,728,0,False
VAL,router__bytes_total__roll300_mean,255418,323,0,0,0,False
TEST,router__bytes_total__roll300_mean,255418,396,0,0,0,False
TRAIN,router__bytes_total__roll300_std,766616,1051,0,728,0,False
VAL,router__bytes_total__roll300_std,255418,323,0,0,0,False
TEST,router__bytes_total__roll300_std,255418,396,0,0,0,False
TRAIN,router__bytes_total__roll300_z,766616,1051,0,728,0,False
VAL,router__bytes_total__roll300_z,255418,323,0,0,0,False
TEST,router__bytes_total__roll300_z,255418,396,0,0,0,False
TRAIN,router__bytes_total__roll30_mean,766616,1051,0,1642,0,False
VAL,router__bytes_total__roll30_mean,255418,323,0,194,0,False
TEST,router__bytes_total__roll30_mean,255418,396,0,123,0,False
TRAIN,router__bytes_total__roll30_std,766616,1051,0,1353,0,False
VAL,router__bytes_total__roll30_std,255418,323,0,194,0,False
TEST,router__bytes_total__roll30_std,255418,396,0,123,0,False
TRAIN,router__bytes_total__roll30_z,766616,1051,0,1644,0,False
VAL,router__bytes_total__roll30_z,255418,323,0,196,0,False
TEST,router__bytes_total__roll30_z,255418,396,0,130,0,False
TRAIN,router__dhcp_pkt,766616,1051,0,762501,0,False
VAL,router__dhcp_pkt,255418,323,0,254143,0,False
TEST,router__dhcp_pkt,255418,396,0,253875,0,False
TRAIN,router__dns_nx_rate,766616,1051,0,765274,0,False
VAL,router__dns_nx_rate,255418,323,0,254837,0,False
TEST,router__dns_nx_rate,255418,396,0,254169,0,False
TRAIN,router__dns_pkt,766616,1051,0,662881,0,False
VAL,router__dns_pkt,255418,323,0,220397,0,False
TEST,router__dns_pkt,255418,396,0,221481,0,False
TRAIN,router__dns_pkt__absdiff1,766616,1051,0,589846,0,False
VAL,router__dns_pkt__absdiff1,255418,323,0,196063,0,False
TEST,router__dns_pkt__absdiff1,255418,396,0,199284,0,False
TRAIN,router__dns_pkt__diff1,766616,1051,0,589846,0,False
VAL,router__dns_pkt__diff1,255418,323,0,196063,0,False
TEST,router__dns_pkt__diff1,255418,396,0,199284,0,False
TRAIN,router__dns_pkt__roll300_mean,766616,1051,0,733,0,False
VAL,router__dns_pkt__roll300_mean,255418,323,0,0,0,False
TEST,router__dns_pkt__roll300_mean,255418,396,0,0,0,False
TRAIN,router__dns_query,766616,1051,0,686223,0,False
VAL,router__dns_query,255418,323,0,228047,0,False
TEST,router__dns_query,255418,396,0,229645,0,False
TRAIN,router__dns_rcode0_ok,766616,1051,0,669426,0,False
VAL,router__dns_rcode0_ok,255418,323,0,222734,0,False
TEST,router__dns_rcode0_ok,255418,396,0,226625,0,False
TRAIN,router__dns_rcode2_sf,766616,1051,0,765565,0,False
VAL,router__dns_rcode2_sf,255418,323,0,255093,0,False
TEST,router__dns_rcode2_sf,255418,396,0,255022,0,False
TRAIN,router__dns_rcode3_nx,766616,1051,0,765274,0,False
VAL,router__dns_rcode3_nx,255418,323,0,254837,0,False
TEST,router__dns_rcode3_nx,255418,396,0,254169,0,False
TRAIN,router__dns_rcode_other,766616,1051,0,765565,0,False
VAL,router__dns_rcode_other,255418,323,0,255095,0,False
TEST,router__dns_rcode_other,255418,396,0,252895,0,False
TRAIN,router__dns_response,766616,1051,0,669410,0,False
VAL,router__dns_response,255418,323,0,222645,0,False
TEST,router__dns_response,255418,396,0,224629,0,False
TRAIN,router__dns_servfail_rate,766616,1051,0,765565,0,False
VAL,router__dns_servfail_rate,255418,323,0,255093,0,False
TEST,router__dns_servfail_rate,255418,396,0,255022,0,False
TRAIN,router__dns_share,766616,1051,0,662881,0,False
VAL,router__dns_share,255418,323,0,220397,0,False
TEST,router__dns_share,255418,396,0,221481,0,False
TRAIN,router__dst_ip_entropy_norm,766616,1051,0,181679,0,False
VAL,router__dst_ip_entropy_norm,255418,323,0,62876,0,False
TEST,router__dst_ip_entropy_norm,255418,396,0,81593,0,False
TRAIN,router__dst_ip_per_pkt,766616,1051,0,156625,0,False
VAL,router__dst_ip_per_pkt,255418,323,0,54349,0,False
TEST,router__dst_ip_per_pkt,255418,396,0,66654,0,False
TRAIN,router__dst_port_entropy,766616,1051,0,188282,0,False
VAL,router__dst_port_entropy,255418,323,0,65538,0,False
TEST,router__dst_port_entropy,255418,396,0,83935,0,False
TRAIN,router__dst_port_entropy_norm,766616,1051,0,188282,0,False
VAL,router__dst_port_entropy_norm,255418,323,0,65538,0,False
TEST,router__dst_port_entropy_norm,255418,396,0,83935,0,False
TRAIN,router__dst_port_per_pkt,766616,1051,0,162405,0,False
VAL,router__dst_port_per_pkt,255418,323,0,56690,0,False
TEST,router__dst_port_per_pkt,255418,396,0,69081,0,False
TRAIN,router__dst_port_per_tcp,766616,1051,0,162405,0,False
VAL,router__dst_port_per_tcp,255418,323,0,56690,0,False
TEST,router__dst_port_per_tcp,255418,396,0,69081,0,False
TRAIN,router__dst_port_unique,766616,1051,0,162405,0,False
VAL,router__dst_port_unique,255418,323,0,56690,0,False
TEST,router__dst_port_unique,255418,396,0,69081,0,False
TRAIN,router__dst_port_unique__absdiff1,766616,1051,0,123560,0,False
VAL,router__dst_port_unique__absdiff1,255418,323,0,41162,0,False
TEST,router__dst_port_unique__absdiff1,255418,396,0,49542,0,False
TRAIN,router__dst_port_unique__diff1,766616,1051,0,123560,0,False
VAL,router__dst_port_unique__diff1,255418,323,0,41162,0,False
TEST,router__dst_port_unique__diff1,255418,396,0,49542,0,False
TRAIN,router__icmp_pkt,766616,1051,0,752682,0,False
VAL,router__icmp_pkt,255418,323,0,250763,0,False
TEST,router__icmp_pkt,255418,396,0,249954,0,False
TRAIN,router__icmp_share,766616,1051,0,752682,0,False
VAL,router__icmp_share,255418,323,0,250763,0,False
TEST,router__icmp_share,255418,396,0,249954,0,False
TRAIN,router__ip_dst_entropy,766616,1051,0,181679,0,False
VAL,router__ip_dst_entropy,255418,323,0,62876,0,False
TEST,router__ip_dst_entropy,255418,396,0,81593,0,False
TRAIN,router__ip_dst_unique,766616,1051,0,156625,0,False
VAL,router__ip_dst_unique,255418,323,0,54349,0,False
TEST,router__ip_dst_unique,255418,396,0,66654,0,False
TRAIN,router__ip_dst_unique__absdiff1,766616,1051,0,118204,0,False
VAL,router__ip_dst_unique__absdiff1,255418,323,0,39045,0,False
TEST,router__ip_dst_unique__absdiff1,255418,396,0,46664,0,False
TRAIN,router__ip_dst_unique__diff1,766616,1051,0,118204,0,False
VAL,router__ip_dst_unique__diff1,255418,323,0,39045,0,False
TEST,router__ip_dst_unique__diff1,255418,396,0,46664,0,False
TRAIN,router__ip_src_entropy,766616,1051,0,181679,0,False
VAL,router__ip_src_entropy,255418,323,0,62876,0,False
TEST,router__ip_src_entropy,255418,396,0,81593,0,False
TRAIN,router__ip_src_unique,766616,1051,0,156625,0,False
VAL,router__ip_src_unique,255418,323,0,54349,0,False
TEST,router__ip_src_unique,255418,396,0,66654,0,False
TRAIN,router__obs_present,766616,0,0,1051,0,False
VAL,router__obs_present,255418,0,0,323,0,False
TEST,router__obs_present,255418,0,0,396,0,False
TRAIN,router__pkt_rate,766616,1051,0,45826,0,False
VAL,router__pkt_rate,255418,323,0,15746,0,False
TEST,router__pkt_rate,255418,396,0,21823,0,False
TRAIN,router__pkt_total,766616,1051,0,45826,0,False
VAL,router__pkt_total,255418,323,0,15746,0,False
TEST,router__pkt_total,255418,396,0,21823,0,False
TRAIN,router__pkt_total__absdiff1,766616,1051,0,38923,0,False
VAL,router__pkt_total__absdiff1,255418,323,0,12619,0,False
TEST,router__pkt_total__absdiff1,255418,396,0,17106,0,False
TRAIN,router__pkt_total__diff1,766616,1051,0,38923,0,False
VAL,router__pkt_total__diff1,255418,323,0,12619,0,False
TEST,router__pkt_total__diff1,255418,396,0,17106,0,False
TRAIN,router__pkt_total__roll300_mean,766616,1051,0,728,0,False
VAL,router__pkt_total__roll300_mean,255418,323,0,0,0,False
TEST,router__pkt_total__roll300_mean,255418,396,0,0,0,False
TRAIN,router__pkt_total__roll300_std,766616,1051,0,0,0,False
VAL,router__pkt_total__roll300_std,255418,323,0,0,0,False
TEST,router__pkt_total__roll300_std,255418,396,0,0,0,False
TRAIN,router__pkt_total__roll300_z,766616,1051,0,783,0,False
VAL,router__pkt_total__roll300_z,255418,323,0,25,0,False
TEST,router__pkt_total__roll300_z,255418,396,0,30,0,False
TRAIN,router__pkt_total__roll30_mean,766616,1051,0,1642,0,False
VAL,router__pkt_total__roll30_mean,255418,323,0,194,0,False
TEST,router__pkt_total__roll30_mean,255418,396,0,123,0,False
TRAIN,router__pkt_total__roll30_std,766616,1051,0,225,0,False
VAL,router__pkt_total__roll30_std,255418,323,0,194,0,False
TEST,router__pkt_total__roll30_std,255418,396,0,117,0,False
TRAIN,router__pkt_total__roll30_z,766616,1051,0,2554,0,False
VAL,router__pkt_total__roll30_z,255418,323,0,502,0,False
TEST,router__pkt_total__roll30_z,255418,396,0,486,0,False
TRAIN,router__tcp_ack,766616,1051,0,403539,0,False
VAL,router__tcp_ack,255418,323,0,138736,0,False
TEST,router__tcp_ack,255418,396,0,161131,0,False
TRAIN,router__tcp_fin,766616,1051,0,709605,0,False
VAL,router__tcp_fin,255418,323,0,238423,0,False
TEST,router__tcp_fin,255418,396,0,239484,0,False
TRAIN,router__tcp_fin_rate,766616,1051,0,709605,0,False
VAL,router__tcp_fin_rate,255418,323,0,238423,0,False
TEST,router__tcp_fin_rate,255418,396,0,239484,0,False
TRAIN,router__tcp_pkt,766616,1051,0,402596,0,False
VAL,router__tcp_pkt,255418,323,0,138453,0,False
TEST,router__tcp_pkt,255418,396,0,157766,0,False
TRAIN,router__tcp_rst,766616,1051,0,745574,0,False
VAL,router__tcp_rst,255418,323,0,249068,0,False
TEST,router__tcp_rst,255418,396,0,249721,0,False
TRAIN,router__tcp_rst__absdiff1,766616,1051,0,728144,0,False
VAL,router__tcp_rst__absdiff1,255418,323,0,243784,0,False
TEST,router__tcp_rst__absdiff1,255418,396,0,245125,0,False
TRAIN,router__tcp_rst__diff1,766616,1051,0,728144,0,False
VAL,router__tcp_rst__diff1,255418,323,0,243784,0,False
TEST,router__tcp_rst__diff1,255418,396,0,245125,0,False
TRAIN,router__tcp_rst_rate,766616,1051,0,745574,0,False
VAL,router__tcp_rst_rate,255418,323,0,249068,0,False
TEST,router__tcp_rst_rate,255418,396,0,249721,0,False
TRAIN,router__tcp_share,766616,1051,0,402596,0,False
VAL,router__tcp_share,255418,323,0,138453,0,False
TEST,router__tcp_share,255418,396,0,157766,0,False
TRAIN,router__tcp_syn,766616,1051,0,716140,0,False
VAL,router__tcp_syn,255418,323,0,239793,0,False
TEST,router__tcp_syn,255418,396,0,237700,0,False
TRAIN,router__tcp_syn__absdiff1,766616,1051,0,679388,0,False
VAL,router__tcp_syn__absdiff1,255418,323,0,228312,0,False
TEST,router__tcp_syn__absdiff1,255418,396,0,227415,0,False
TRAIN,router__tcp_syn__diff1,766616,1051,0,679388,0,False
VAL,router__tcp_syn__diff1,255418,323,0,228312,0,False
TEST,router__tcp_syn__diff1,255418,396,0,227415,0,False
TRAIN,router__tcp_syn_minus_ack,766616,1051,0,764515,0,False
VAL,router__tcp_syn_minus_ack,255418,323,0,254774,0,False
TEST,router__tcp_syn_minus_ack,255418,396,0,251501,0,False
TRAIN,router__tcp_syn_minus_ack__roll300_std,766616,1051,0,573916,0,False
VAL,router__tcp_syn_minus_ack__roll300_std,255418,323,0,190711,0,False
TEST,router__tcp_syn_minus_ack__roll300_std,255418,396,0,193596,0,False
TRAIN,router__tcp_syn_minus_ack_rate,766616,1051,0,764515,0,False
VAL,router__tcp_syn_minus_ack_rate,255418,323,0,254774,0,False
TEST,router__tcp_syn_minus_ack_rate,255418,396,0,251501,0,False
TRAIN,router__tcp_syn_rate,766616,1051,0,716140,0,False
VAL,router__tcp_syn_rate,255418,323,0,239793,0,False
TEST,router__tcp_syn_rate,255418,396,0,237700,0,False
TRAIN,router__traffic_present,766616,1051,0,45826,0,False
VAL,router__traffic_present,255418,323,0,15746,0,False
TEST,router__traffic_present,255418,396,0,21823,0,False
TRAIN,router__udp_pkt,766616,1051,0,293794,0,False
VAL,router__udp_pkt,255418,323,0,99006,0,False
TEST,router__udp_pkt,255418,396,0,103977,0,False
TRAIN,router__udp_share,766616,1051,0,293794,0,False
VAL,router__udp_share,255418,323,0,99006,0,False
TEST,router__udp_share,255418,396,0,103977,0,False
TRAIN,telemetry_in_sec__entity__coffee_maker,766616,0,0,764548,0,False
VAL,telemetry_in_sec__entity__coffee_maker,255418,0,0,254716,0,False
TEST,telemetry_in_sec__entity__coffee_maker,255418,0,0,255274,0,False
TRAIN,telemetry_in_sec__entity__door_window_sensor_pid_005,766616,0,0,766382,0,False
VAL,telemetry_in_sec__entity__door_window_sensor_pid_005,255418,0,0,255340,0,False
TEST,telemetry_in_sec__entity__door_window_sensor_pid_005,255418,0,0,255338,0,False
TRAIN,telemetry_in_sec__entity__door_window_sensor_pid_007,766616,0,0,766386,0,False
VAL,telemetry_in_sec__entity__door_window_sensor_pid_007,255418,0,0,255351,0,False
TEST,telemetry_in_sec__entity__door_window_sensor_pid_007,255418,0,0,255343,0,False
TRAIN,telemetry_in_sec__entity__door_window_sensor_pid_136,766616,0,0,766359,0,False
VAL,telemetry_in_sec__entity__door_window_sensor_pid_136,255418,0,0,255298,0,False
TEST,telemetry_in_sec__entity__door_window_sensor_pid_136,255418,0,0,255296,0,False
TRAIN,telemetry_in_sec__entity__kasa_smart_plug_pid_024,766616,0,0,725693,0,False
VAL,telemetry_in_sec__entity__kasa_smart_plug_pid_024,255418,0,0,214838,0,False
TEST,telemetry_in_sec__entity__kasa_smart_plug_pid_024,255418,0,0,213386,0,False
TRAIN,telemetry_in_sec__entity__lifx_color_6757ce,766616,0,0,754325,0,False
VAL,telemetry_in_sec__entity__lifx_color_6757ce,255418,0,0,251336,0,False
TEST,telemetry_in_sec__entity__lifx_color_6757ce,255418,0,0,251321,0,False
TRAIN,telemetry_in_sec__entity__motion_sensor_pid_008,766616,0,0,764458,0,False
VAL,telemetry_in_sec__entity__motion_sensor_pid_008,255418,0,0,254977,0,False
TEST,telemetry_in_sec__entity__motion_sensor_pid_008,255418,0,0,255007,0,False
TRAIN,telemetry_in_sec__entity__motion_sensor_pid_062,766616,0,0,759269,0,False
VAL,telemetry_in_sec__entity__motion_sensor_pid_062,255418,0,0,252851,0,False
TEST,telemetry_in_sec__entity__motion_sensor_pid_062,255418,0,0,252557,0,False
TRAIN,telemetry_in_sec__entity__motion_sensor_pid_075,766616,0,0,766223,0,False
VAL,telemetry_in_sec__entity__motion_sensor_pid_075,255418,0,0,255289,0,False
TEST,telemetry_in_sec__entity__motion_sensor_pid_075,255418,0,0,255294,0,False
TRAIN,telemetry_in_sec__entity__motion_sensor_pid_138,766616,0,0,766221,0,False
VAL,telemetry_in_sec__entity__motion_sensor_pid_138,255418,0,0,255330,0,False
TEST,telemetry_in_sec__entity__motion_sensor_pid_138,255418,0,0,255339,0,False
TRAIN,telemetry_in_sec__entity__multipurpose_sensor_pid_003,766616,0,0,758921,0,False
VAL,telemetry_in_sec__entity__multipurpose_sensor_pid_003,255418,0,0,252641,0,False
TEST,telemetry_in_sec__entity__multipurpose_sensor_pid_003,255418,0,0,252446,0,False
TRAIN,telemetry_in_sec__entity__multipurpose_sensor_pid_006,766616,0,0,758684,0,False
VAL,telemetry_in_sec__entity__multipurpose_sensor_pid_006,255418,0,0,252835,0,False
TEST,telemetry_in_sec__entity__multipurpose_sensor_pid_006,255418,0,0,252560,0,False
TRAIN,telemetry_in_sec__entity__s5_max,766616,0,0,766570,0,False
VAL,telemetry_in_sec__entity__s5_max,255418,0,0,255415,0,False
TEST,telemetry_in_sec__entity__s5_max,255418,0,0,255386,0,False
TRAIN,telemetry_in_sec__entity__s5_max_cleaning_area,766616,0,0,766455,0,False
VAL,telemetry_in_sec__entity__s5_max_cleaning_area,255418,0,0,255415,0,False
TEST,telemetry_in_sec__entity__s5_max_cleaning_area,255418,0,0,255350,0,False
TRAIN,telemetry_in_sec__entity__s5_max_cleaning_time,766616,0,0,766438,0,False
VAL,telemetry_in_sec__entity__s5_max_cleaning_time,255418,0,0,255415,0,False
TEST,telemetry_in_sec__entity__s5_max_cleaning_time,255418,0,0,255344,0,False
TRAIN,telemetry_in_sec__entity__s5_max_filter_time_left,766616,0,0,766602,0,False
VAL,telemetry_in_sec__entity__s5_max_filter_time_left,255418,0,0,255415,0,False
TEST,telemetry_in_sec__entity__s5_max_filter_time_left,255418,0,0,255395,0,False
TRAIN,telemetry_in_sec__entity__s5_max_main_brush_time_left,766616,0,0,766603,0,False
VAL,telemetry_in_sec__entity__s5_max_main_brush_time_left,255418,0,0,255415,0,False
TEST,telemetry_in_sec__entity__s5_max_main_brush_time_left,255418,0,0,255395,0,False
TRAIN,telemetry_in_sec__entity__s5_max_sensor_time_left,766616,0,0,766603,0,False
VAL,telemetry_in_sec__entity__s5_max_sensor_time_left,255418,0,0,255415,0,False
TEST,telemetry_in_sec__entity__s5_max_sensor_time_left,255418,0,0,255395,0,False
TRAIN,telemetry_in_sec__entity__s5_max_side_brush_time_left,766616,0,0,766603,0,False
VAL,telemetry_in_sec__entity__s5_max_side_brush_time_left,255418,0,0,255415,0,False
TEST,telemetry_in_sec__entity__s5_max_side_brush_time_left,255418,0,0,255395,0,False
TRAIN,telemetry_in_sec__entity__s5_max_total_cleaning_area,766616,0,0,766603,0,False
VAL,telemetry_in_sec__entity__s5_max_total_cleaning_area,255418,0,0,255415,0,False
TEST,telemetry_in_sec__entity__s5_max_total_cleaning_area,255418,0,0,255395,0,False
TRAIN,telemetry_in_sec__entity__s5_max_total_cleaning_count,766616,0,0,766603,0,False
VAL,telemetry_in_sec__entity__s5_max_total_cleaning_count,255418,0,0,255415,0,False
TEST,telemetry_in_sec__entity__s5_max_total_cleaning_count,255418,0,0,255395,0,False
TRAIN,telemetry_in_sec__entity__s5_max_total_cleaning_time,766616,0,0,766603,0,False
VAL,telemetry_in_sec__entity__s5_max_total_cleaning_time,255418,0,0,255415,0,False
TEST,telemetry_in_sec__entity__s5_max_total_cleaning_time,255418,0,0,255395,0,False
TRAIN,telemetry_in_sec__entity__smart_light_pid_002,766616,0,0,766599,0,False
VAL,telemetry_in_sec__entity__smart_light_pid_002,255418,0,0,255417,0,False
TEST,telemetry_in_sec__entity__smart_light_pid_002,255418,0,0,255415,0,False
TRAIN,telemetry_in_sec__entity__smart_light_strip_pid_147,766616,0,0,766588,0,False
VAL,telemetry_in_sec__entity__smart_light_strip_pid_147,255418,0,0,255412,0,False
TEST,telemetry_in_sec__entity__smart_light_strip_pid_147,255418,0,0,255408,0,False
TRAIN,telemetry_in_sec__entity__smart_plug,766616,0,0,720683,0,False
VAL,telemetry_in_sec__entity__smart_plug,255418,0,0,209293,0,False
TEST,telemetry_in_sec__entity__smart_plug,255418,0,0,209636,0,False
TRAIN,telemetry_in_sec__entity__smart_plug_current,766616,0,0,735708,0,False
VAL,telemetry_in_sec__entity__smart_plug_current,255418,0,0,223484,0,False
TEST,telemetry_in_sec__entity__smart_plug_current,255418,0,0,223737,0,False
TRAIN,telemetry_in_sec__entity__smart_plug_ps5,766616,0,0,718931,0,False
VAL,telemetry_in_sec__entity__smart_plug_ps5,255418,0,0,206517,0,False
TEST,telemetry_in_sec__entity__smart_plug_ps5,255418,0,0,206532,0,False
TRAIN,telemetry_in_sec__entity__smart_plug_ps5_current,766616,0,0,741678,0,False
VAL,telemetry_in_sec__entity__smart_plug_ps5_current,255418,0,0,230485,0,False
TEST,telemetry_in_sec__entity__smart_plug_ps5_current,255418,0,0,229910,0,False
TRAIN,telemetry_in_sec__entity__smart_plug_ps5_this_month_s,766616,0,0,764858,0,False
VAL,telemetry_in_sec__entity__smart_plug_ps5_this_month_s,255418,0,0,254056,0,False
TEST,telemetry_in_sec__entity__smart_plug_ps5_this_month_s,255418,0,0,253561,0,False
TRAIN,telemetry_in_sec__entity__smart_plug_ps5_today_s,766616,0,0,764855,0,False
VAL,telemetry_in_sec__entity__smart_plug_ps5_today_s,255418,0,0,254054,0,False
TEST,telemetry_in_sec__entity__smart_plug_ps5_today_s,255418,0,0,253559,0,False
TRAIN,telemetry_in_sec__entity__smart_plug_this_month_s,766616,0,0,766410,0,False
VAL,telemetry_in_sec__entity__smart_plug_this_month_s,255418,0,0,255205,0,False
TEST,telemetry_in_sec__entity__smart_plug_this_month_s,255418,0,0,255266,0,False
TRAIN,telemetry_in_sec__entity__smart_plug_today_s,766616,0,0,766407,0,False
VAL,telemetry_in_sec__entity__smart_plug_today_s,255418,0,0,255203,0,False
TEST,telemetry_in_sec__entity__smart_plug_today_s,255418,0,0,255263,0,False
TRAIN,telemetry_in_sec__entity__temperature_and_humidity_pid_001,766616,0,0,762073,0,False
VAL,telemetry_in_sec__entity__temperature_and_humidity_pid_001,255418,0,0,253766,0,False
TEST,telemetry_in_sec__entity__temperature_and_humidity_pid_001,255418,0,0,253787,0,False
TRAIN,telemetry_in_sec__entity__temperature_and_humidity_pid_070,766616,0,0,765963,0,False
VAL,telemetry_in_sec__entity__temperature_and_humidity_pid_070,255418,0,0,255198,0,False
TEST,telemetry_in_sec__entity__temperature_and_humidity_pid_070,255418,0,0,255210,0,False
TRAIN,telemetry_in_sec__entity__temperature_and_humidity_pid_073,766616,0,0,765921,0,False
VAL,telemetry_in_sec__entity__temperature_and_humidity_pid_073,255418,0,0,255155,0,False
TEST,telemetry_in_sec__entity__temperature_and_humidity_pid_073,255418,0,0,255176,0,False
TRAIN,telemetry_in_sec__entity__twinguard_087,766616,0,0,764064,0,False
VAL,telemetry_in_sec__entity__twinguard_087,255418,0,0,254567,0,False
TEST,telemetry_in_sec__entity__twinguard_087,255418,0,0,254568,0,False
TRAIN,telemetry_in_sec__entity__twinguard_088,766616,0,0,764069,0,False
VAL,telemetry_in_sec__entity__twinguard_088,255418,0,0,254566,0,False
TEST,telemetry_in_sec__entity__twinguard_088,255418,0,0,254569,0,False
TRAIN,telemetry_in_sec__entity__unknown_70_ee_50_7a_e5_2c,766616,0,0,765331,0,False
VAL,telemetry_in_sec__entity__unknown_70_ee_50_7a_e5_2c,255418,0,0,254991,0,False
TEST,telemetry_in_sec__entity__unknown_70_ee_50_7a_e5_2c,255418,0,0,255003,0,False
TRAIN,telemetry_in_sec__entity__vibration_sensor_pid_078,766616,0,0,766307,0,False
VAL,telemetry_in_sec__entity__vibration_sensor_pid_078,255418,0,0,255319,0,False
TEST,telemetry_in_sec__entity__vibration_sensor_pid_078,255418,0,0,255338,0,False
TRAIN,telemetry_in_sec__entity__vibration_sensor_pid_079,766616,0,0,765966,0,False
VAL,telemetry_in_sec__entity__vibration_sensor_pid_079,255418,0,0,255211,0,False
TEST,telemetry_in_sec__entity__vibration_sensor_pid_079,255418,0,0,255207,0,False
TRAIN,telemetry_in_sec__entity__water_leak_sensor_pid_083,766616,0,0,766426,0,False
VAL,telemetry_in_sec__entity__water_leak_sensor_pid_083,255418,0,0,255352,0,False
TEST,telemetry_in_sec__entity__water_leak_sensor_pid_083,255418,0,0,255352,0,False
TRAIN,telemetry_in_sec__entity__wireless_mini_switch_pid_080,766616,0,0,766381,0,False
VAL,telemetry_in_sec__entity__wireless_mini_switch_pid_080,255418,0,0,255344,0,False
TEST,telemetry_in_sec__entity__wireless_mini_switch_pid_080,255418,0,0,255345,0,False
TRAIN,telemetry_in_sec__entity__withings_average_heart_rate,766616,0,0,766608,0,False
VAL,telemetry_in_sec__entity__withings_average_heart_rate,255418,0,0,255414,0,False
TEST,telemetry_in_sec__entity__withings_average_heart_rate,255418,0,0,255414,0,False
TRAIN,telemetry_in_sec__entity__withings_breathing_disturbances_intensity,766616,0,0,766608,0,False
VAL,telemetry_in_sec__entity__withings_breathing_disturbances_intensity,255418,0,0,255414,0,False
TEST,telemetry_in_sec__entity__withings_breathing_disturbances_intensity,255418,0,0,255414,0,False
TRAIN,telemetry_in_sec__entity__withings_deep_sleep,766616,0,0,766609,0,False
VAL,telemetry_in_sec__entity__withings_deep_sleep,255418,0,0,255414,0,False
TEST,telemetry_in_sec__entity__withings_deep_sleep,255418,0,0,255414,0,False
TRAIN,telemetry_in_sec__entity__withings_light_sleep,766616,0,0,766608,0,False
VAL,telemetry_in_sec__entity__withings_light_sleep,255418,0,0,255414,0,False
TEST,telemetry_in_sec__entity__withings_light_sleep,255418,0,0,255414,0,False
TRAIN,telemetry_in_sec__entity__withings_minimum_heart_rate,766616,0,0,766609,0,False
VAL,telemetry_in_sec__entity__withings_minimum_heart_rate,255418,0,0,255414,0,False
TEST,telemetry_in_sec__entity__withings_minimum_heart_rate,255418,0,0,255414,0,False
TRAIN,telemetry_in_sec__entity__withings_rem_sleep,766616,0,0,766608,0,False
VAL,telemetry_in_sec__entity__withings_rem_sleep,255418,0,0,255414,0,False
TEST,telemetry_in_sec__entity__withings_rem_sleep,255418,0,0,255414,0,False
TRAIN,telemetry_in_sec__entity__withings_sleep_score,766616,0,0,766608,0,False
VAL,telemetry_in_sec__entity__withings_sleep_score,255418,0,0,255414,0,False
TEST,telemetry_in_sec__entity__withings_sleep_score,255418,0,0,255414,0,False
TRAIN,telemetry_in_sec__entity__withings_wakeup_time,766616,0,0,766608,0,False
VAL,telemetry_in_sec__entity__withings_wakeup_time,255418,0,0,255414,0,False
TEST,telemetry_in_sec__entity__withings_wakeup_time,255418,0,0,255414,0,False
TRAIN,zb__app_event_flag,766616,0,0,766585,0,False
VAL,zb__app_event_flag,255418,0,0,254347,0,False
TEST,zb__app_event_flag,255418,0,0,255388,0,False
TRAIN,zb__app_event_intensity,766616,0,0,766585,0,False
VAL,zb__app_event_intensity,255418,0,0,254347,0,False
TEST,zb__app_event_intensity,255418,0,0,255388,0,False
TRAIN,zigbee__ack,766616,59105,0,102975,0,False
VAL,zigbee__ack,255418,19343,0,27550,0,False
TEST,zigbee__ack,255418,29648,0,9293,0,False
TRAIN,zigbee__ack_rate,766616,59105,0,102975,0,False
VAL,zigbee__ack_rate,255418,19343,0,27550,0,False
TEST,zigbee__ack_rate,255418,29648,0,9293,0,False
TRAIN,zigbee__app_obs_present,766616,59105,0,707443,0,False
VAL,zigbee__app_obs_present,255418,19343,0,234984,0,False
TEST,zigbee__app_obs_present,255418,29648,0,225740,0,False
TRAIN,zigbee__aps_obs_present,766616,59105,0,707443,0,False
VAL,zigbee__aps_obs_present,255418,19343,0,234984,0,False
TEST,zigbee__aps_obs_present,255418,29648,0,225740,0,False
TRAIN,zigbee__aps_present,766616,59105,0,707443,0,False
VAL,zigbee__aps_present,255418,19343,0,234984,0,False
TEST,zigbee__aps_present,255418,29648,0,225740,0,False
TRAIN,zigbee__beacon,766616,59105,0,566284,0,False
VAL,zigbee__beacon,255418,19343,0,193852,0,False
TEST,zigbee__beacon,255418,29648,0,197111,0,False
TRAIN,zigbee__beacon_rate,766616,59105,0,566284,0,False
VAL,zigbee__beacon_rate,255418,19343,0,193852,0,False
TEST,zigbee__beacon_rate,255418,29648,0,197111,0,False
TRAIN,zigbee__bytes_total,766616,59105,0,0,0,False
VAL,zigbee__bytes_total,255418,19343,0,0,0,False
TEST,zigbee__bytes_total,255418,29648,0,0,0,False
TRAIN,zigbee__channel,766616,59105,0,0,0,False
VAL,zigbee__channel,255418,19343,0,0,0,False
TEST,zigbee__channel,255418,29648,0,0,0,False
TRAIN,zigbee__cmd,766616,59105,0,400738,0,False
VAL,zigbee__cmd,255418,19343,0,145490,0,False
TEST,zigbee__cmd,255418,29648,0,146189,0,False
TRAIN,zigbee__cmd_rate,766616,59105,0,400738,0,False
VAL,zigbee__cmd_rate,255418,19343,0,145490,0,False
TEST,zigbee__cmd_rate,255418,29648,0,146189,0,False
TRAIN,zigbee__data,766616,59105,0,166124,0,False
VAL,zigbee__data,255418,19343,0,70107,0,False
TEST,zigbee__data,255418,29648,0,79768,0,False
TRAIN,zigbee__data_rate,766616,59105,0,166124,0,False
VAL,zigbee__data_rate,255418,19343,0,70107,0,False
TEST,zigbee__data_rate,255418,29648,0,79768,0,False
TRAIN,zigbee__dst16_unique,766616,59105,0,84643,0,False
VAL,zigbee__dst16_unique,255418,19343,0,42365,0,False
TEST,zigbee__dst16_unique,255418,29648,0,54739,0,False
TRAIN,zigbee__dst64_unique,766616,59105,0,690030,0,False
VAL,zigbee__dst64_unique,255418,19343,0,232436,0,False
TEST,zigbee__dst64_unique,255418,29648,0,224097,0,False
TRAIN,zigbee__nwk_present,766616,59105,0,276035,0,False
VAL,zigbee__nwk_present,255418,19343,0,97762,0,False
TEST,zigbee__nwk_present,255418,29648,0,101310,0,False
TRAIN,zigbee__obs_present,766616,0,0,59105,0,False
VAL,zigbee__obs_present,255418,0,0,19343,0,False
TEST,zigbee__obs_present,255418,0,0,29648,0,False
TRAIN,zigbee__other_rate,766616,59105,0,565130,0,False
VAL,zigbee__other_rate,255418,19343,0,207118,0,False
TEST,zigbee__other_rate,255418,29648,0,209345,0,False
TRAIN,zigbee__other_type,766616,59105,0,565130,0,False
VAL,zigbee__other_type,255418,19343,0,207118,0,False
TEST,zigbee__other_type,255418,29648,0,209345,0,False
TRAIN,zigbee__panid_unique,766616,59105,0,83699,0,False
VAL,zigbee__panid_unique,255418,19343,0,42049,0,False
TEST,zigbee__panid_unique,255418,29648,0,54555,0,False
TRAIN,zigbee__pkt_total,766616,59105,0,0,0,False
VAL,zigbee__pkt_total,255418,19343,0,0,0,False
TEST,zigbee__pkt_total,255418,29648,0,0,0,False
TRAIN,zigbee__pps,766616,59105,0,0,0,False
VAL,zigbee__pps,255418,19343,0,0,0,False
TEST,zigbee__pps,255418,29648,0,0,0,False
TRAIN,zigbee__src16_unique,766616,59105,0,101888,0,False
VAL,zigbee__src16_unique,255418,19343,0,47111,0,False
TEST,zigbee__src16_unique,255418,29648,0,58505,0,False
TRAIN,zigbee__src64_unique,766616,59105,0,528559,0,False
VAL,zigbee__src64_unique,255418,19343,0,188716,0,False
TEST,zigbee__src64_unique,255418,29648,0,193815,0,False
TRAIN,zigbee__zcl_obs_present,766616,59105,0,707480,0,False
VAL,zigbee__zcl_obs_present,255418,19343,0,235004,0,False
TEST,zigbee__zcl_obs_present,255418,29648,0,225740,0,False
TRAIN,zigbee__zcl_present,766616,59105,0,707480,0,False
VAL,zigbee__zcl_present,255418,19343,0,235004,0,False
TEST,zigbee__zcl_present,255418,29648,0,225740,0,False
