arm,pair_id,feature,observed_fraction_a,observed_fraction_b,both_have_observations,observed_KS,observed_mean_a,observed_mean_b
balanced_observed,pair0,iot__entity_stale__s5_max_total_cleaning_count,1.0,1.0,True,0.0,1.0,1.0
balanced_observed,pair0,iot__smart_plug__sensor__voltage__value,0.0,0.6391666666666667,False,,,245.11618137041867
balanced_observed,pair0,iot__coffee_maker_hot__sensor__water__value,0.0,1.0,False,,,50500.0
balanced_observed,pair0,iot__smart_plug_ps5__sensor__signal_strength__value,0.0,0.6368981481481482,False,,,-60.403358290324924
balanced_observed,pair0,iot__s5_max_main_brush_time_left__sensor__state__value,0.0,1.0,False,,,1053805.0
balanced_observed,pair0,ota__bytes_total,0.9997222222222222,1.0,True,0.19098212723698965,28606.196906548113,21580.192175925928
balanced_observed,pair0,ota__mgmt,0.9997222222222222,1.0,True,0.2449265099358875,31.107159396128555,34.76486111111111
balanced_observed,pair0,ota__pkt_total,0.9997222222222222,1.0,True,0.15475772591151865,53.227655830323236,49.0675462962963
balanced_observed,pair0,ota5__rssi_n,0.9996759259259259,0.9996759259259259,True,0.20075950539526705,24.112351224934006,26.752466076969387
balanced_observed,pair0,router__bytes_total__diff1,0.9988425925925926,0.9992129629629629,True,0.043259339608353375,-0.12333719582850522,0.1162952323588009
balanced_observed,pair0,router__udp_pkt,0.9988425925925926,0.9992129629629629,True,0.06203069032755015,201.84041714947855,107.24505397766761
balanced_observed,pair0,router__pkt_total__diff1,0.9988425925925926,0.9992129629629629,True,0.039783506277659725,-0.0011587485515643105,0.0012973173330862254
balanced_observed,pair0,zigbee__bytes_total,0.9449074074074074,0.9669907407407408,True,0.05289741230705336,225.17604115629592,195.45377507540576
balanced_observed,pair0,zigbee__beacon,0.9449074074074074,0.9669907407407408,True,0.09702907788713144,0.4410583047525723,0.3265188873461962
balanced_observed,pair0,zigbee__ack,0.9449074074074074,0.9669907407407408,True,0.05956070704247041,3.3532092111709946,2.994398429645234
balanced_observed,pair0,zigbee__pkt_total,0.9449074074074074,0.9669907407407408,True,0.056759520742573066,7.408525232729055,6.574998803083258
balanced_observed,pair0,zb__app_event_intensity,1.0,1.0,True,0.0003240740740740877,0.0008522698724711383,0.0
balanced_observed,pair0,iot__entity_stale__withings_snoring_episode_count,1.0,1.0,True,0.0,1.0,1.0
balanced_observed,pair0,iot__smart_plug_ps5__sensor__voltage__value,0.0,0.6392129629629629,False,,,245.08951980879263
balanced_observed,pair0,iot__twinguard_087__sensor__purity__value,1.0,1.0,True,0.7498611111111111,2061.465740740741,838.3291666666667
balanced_observed,pair0,iot__smart_plug__sensor__signal_strength__value,0.0,0.6382407407407408,False,,,-50.75888582620049
balanced_observed,pair0,iot__s5_max_side_brush_time_left__sensor__state__value,0.0,1.0,False,,,693805.0
balanced_observed,pair0,ota24__bytes_total,0.9996296296296296,0.9996759259259259,True,0.08630005440849048,15618.499768432754,6372.555689343769
balanced_observed,pair0,ota5__mgmt,0.9996759259259259,0.9996759259259259,True,0.235724540360302,21.041865419348863,23.732830083823462
balanced_observed,pair0,ota__data,0.9997222222222222,1.0,True,0.07450320562296114,22.120496434194685,14.302685185185185
balanced_observed,pair0,ota24__rssi_n,0.9996296296296296,0.9996759259259259,True,0.09621015882992973,22.333549462763987,22.297457509378038
balanced_observed,pair0,router__bytes_total__absdiff1,0.9988425925925926,0.9992129629629629,True,0.0845717411277459,442618.3751100811,240791.62127600427
balanced_observed,pair0,router__tcp_pkt,0.9988425925925926,0.9992129629629629,True,0.051227947578372346,31.95819235225956,29.16068201825511
balanced_observed,pair0,router__pkt_total__absdiff1,0.9988425925925926,0.9992129629629629,True,0.07901036656623606,353.95582850521436,200.08154566093685
balanced_observed,pair0,zigbee__beacon_rate,0.9449074074074074,0.9669907407407408,True,0.09717158897553002,0.06918992841911047,0.04113842260297426
balanced_observed,pair0,zigbee__ack_rate,0.9449074074074074,0.9669907407407408,True,0.0613211352367668,0.4677648840931147,0.5047095122960212
balanced_observed,pair0,zigbee__pps,0.9449074074074074,0.9669907407407408,True,0.056759520742573066,7.408525232729055,6.574998803083258
balanced_observed,pair1,iot__entity_stale__s5_max_total_cleaning_count,1.0,1.0,True,0.0,1.0,1.0
balanced_observed,pair1,iot__smart_plug__sensor__voltage__value,0.0,0.0,False,,,
balanced_observed,pair1,iot__coffee_maker_hot__sensor__water__value,0.0,1.0,False,,,50500.0
balanced_observed,pair1,iot__smart_plug_ps5__sensor__signal_strength__value,0.0,0.0,False,,,
balanced_observed,pair1,iot__s5_max_main_brush_time_left__sensor__state__value,1.0,1.0,True,1.0,1055770.0,1053805.0
balanced_observed,pair1,ota__bytes_total,1.0,1.0,True,0.08078703703703705,19105.30898148148,19993.59412037037
balanced_observed,pair1,ota__mgmt,1.0,1.0,True,0.08000000000000002,31.641296296296296,32.04435185185185
balanced_observed,pair1,ota__pkt_total,1.0,1.0,True,0.05166666666666664,46.04388888888889,48.148842592592594
balanced_observed,pair1,ota5__rssi_n,0.9996296296296296,0.9996296296296296,True,0.14560948499444237,23.345452019266396,26.07725083364209
balanced_observed,pair1,router__bytes_total__diff1,0.9986111111111111,0.9990277777777777,True,0.057155442875391205,1.1528511821974965,175.6423837990639
balanced_observed,pair1,router__udp_pkt,0.9986111111111111,0.9990277777777777,True,0.024696233737263595,93.91970329160871,31.760322535798693
balanced_observed,pair1,router__pkt_total__diff1,0.9986111111111111,0.9990277777777777,True,0.020512318774866256,0.0041261010662957814,0.1437045275499328
balanced_observed,pair1,zigbee__bytes_total,0.9675925925925926,0.9849074074074075,True,0.1081848364447831,202.54717703349283,209.8322835385917
balanced_observed,pair1,zigbee__beacon,0.9675925925925926,0.9849074074074075,True,0.054800769904454705,0.5183732057416268,0.3912287299050484
balanced_observed,pair1,zigbee__ack,0.9675925925925926,0.9849074074074075,True,0.10777103754026413,3.1721052631578948,3.2244053774560495
balanced_observed,pair1,zigbee__pkt_total,0.9675925925925926,0.9849074074074075,True,0.08689781942870711,6.9091387559808615,7.022515746921124
balanced_observed,pair1,zb__app_event_intensity,1.0,1.0,True,0.0003240740740740877,0.0006827656317640234,0.0
balanced_observed,pair1,iot__entity_stale__withings_snoring_episode_count,1.0,1.0,True,0.0,0.9721759259259259,0.9721759259259259
balanced_observed,pair1,iot__smart_plug_ps5__sensor__voltage__value,0.0,0.0,False,,,
balanced_observed,pair1,iot__twinguard_087__sensor__purity__value,1.0,1.0,True,0.1777314814814815,662.5796296296296,698.4212962962963
balanced_observed,pair1,iot__smart_plug__sensor__signal_strength__value,0.0,0.0,False,,,
balanced_observed,pair1,iot__s5_max_side_brush_time_left__sensor__state__value,1.0,1.0,True,1.0,695770.0,693805.0
balanced_observed,pair1,ota24__bytes_total,0.9996759259259259,0.9996759259259259,True,0.06316861946001023,6609.140276941602,6446.066178854258
balanced_observed,pair1,ota5__mgmt,0.9996296296296296,0.9996296296296296,True,0.07345313078918114,20.51750648388292,21.48013153019637
balanced_observed,pair1,ota__data,1.0,1.0,True,0.12319444444444444,14.402592592592592,16.10449074074074
balanced_observed,pair1,ota24__rssi_n,0.9996759259259259,0.9996759259259259,True,0.03686379845320242,22.473764645950077,21.975269763349235
balanced_observed,pair1,router__bytes_total__absdiff1,0.9986111111111111,0.9990277777777777,True,0.10397419295958232,216334.726147427,85511.38036980397
balanced_observed,pair1,router__tcp_pkt,0.9986111111111111,0.9990277777777777,True,0.15919939290897422,14.990496059341679,27.58149126465545
balanced_observed,pair1,router__pkt_total__absdiff1,0.9986111111111111,0.9990277777777777,True,0.03320355177124834,177.4162726008345,76.66967885444181
balanced_observed,pair1,zigbee__beacon_rate,0.9675925925925926,0.9849074074074075,True,0.0456048648461429,0.07588320582472323,0.0530924439040442
balanced_observed,pair1,zigbee__ack_rate,0.9675925925925926,0.9849074074074075,True,0.03548096762541875,0.5082967616416264,0.5064718702283918
balanced_observed,pair1,zigbee__pps,0.9675925925925926,0.9849074074074075,True,0.08689781942870711,6.9091387559808615,7.022515746921124
balanced_observed,pair2,iot__entity_stale__s5_max_total_cleaning_count,1.0,1.0,True,0.0,1.0,1.0
balanced_observed,pair2,iot__smart_plug__sensor__voltage__value,0.0,1.0,False,,,243.36388888888888
balanced_observed,pair2,iot__coffee_maker_hot__sensor__water__value,0.0,1.0,False,,,50500.0
balanced_observed,pair2,iot__smart_plug_ps5__sensor__signal_strength__value,0.0,1.0,False,,,-60.63851851851852
balanced_observed,pair2,iot__s5_max_main_brush_time_left__sensor__state__value,1.0,1.0,True,1.0,1055770.0,1053805.0
balanced_observed,pair2,ota__bytes_total,1.0,1.0,True,0.11745370370370378,18517.296342592592,20278.950787037036
balanced_observed,pair2,ota__mgmt,1.0,1.0,True,0.10379629629629628,31.688055555555554,33.160046296296294
balanced_observed,pair2,ota__pkt_total,1.0,1.0,True,0.06611111111111112,45.64453703703704,47.50662037037037
balanced_observed,pair2,ota5__rssi_n,0.9996296296296296,0.9996759259259259,True,0.19148330947617653,23.576417191552427,26.259806418746816
balanced_observed,pair2,router__bytes_total__diff1,0.9971296296296296,0.9978703703703704,True,0.07103232084595852,0.5511653821153311,226.03980699638117
balanced_observed,pair2,router__udp_pkt,0.9971296296296296,0.9978703703703704,True,0.0889209774812253,14.496378493824867,161.29321703628096
balanced_observed,pair2,router__pkt_total__diff1,0.9971296296296296,0.9978703703703704,True,0.04816067357914178,0.0035286470424366234,0.18279669666883178
balanced_observed,pair2,zigbee__bytes_total,0.9546296296296296,0.9501388888888889,True,0.10488035164634901,179.95140640155188,197.48886615017298
balanced_observed,pair2,zigbee__beacon,0.9546296296296296,0.9501388888888889,True,0.019647056343730762,0.4204655674102813,0.4466208643960435
balanced_observed,pair2,zigbee__ack,0.9546296296296296,0.9501388888888889,True,0.04239842710596088,2.8516003879728418,2.7599766116064903
balanced_observed,pair2,zigbee__pkt_total,0.9546296296296296,0.9501388888888889,True,0.0694497427668978,6.209553831231814,6.5548409101983145
balanced_observed,pair2,zb__app_event_intensity,1.0,1.0,True,0.0,0.0,0.0
balanced_observed,pair2,iot__entity_stale__withings_snoring_episode_count,1.0,1.0,True,0.0,1.0,1.0
balanced_observed,pair2,iot__smart_plug_ps5__sensor__voltage__value,0.0,1.0,False,,,243.3187037037037
balanced_observed,pair2,iot__twinguard_087__sensor__purity__value,1.0,1.0,True,0.8150000000000001,566.9537037037037,804.6828703703703
balanced_observed,pair2,iot__smart_plug__sensor__signal_strength__value,0.0,1.0,False,,,-52.94324074074074
balanced_observed,pair2,iot__s5_max_side_brush_time_left__sensor__state__value,1.0,1.0,True,1.0,695770.0,693805.0
balanced_observed,pair2,ota24__bytes_total,0.9996296296296296,0.9996296296296296,True,0.10855872545387185,6124.439838829196,5929.206419044091
balanced_observed,pair2,ota5__mgmt,0.9996296296296296,0.9996759259259259,True,0.19222002212544453,20.637226750648388,22.906775343861437
balanced_observed,pair2,ota__data,1.0,1.0,True,0.051712962962963016,13.95648148148148,14.346574074074073
balanced_observed,pair2,ota24__rssi_n,0.9996296296296296,0.9996296296296296,True,0.08290107447202669,22.08382734346054,21.26055946646906
balanced_observed,pair2,router__bytes_total__absdiff1,0.9971296296296296,0.9978703703703704,True,0.13556805236727765,262134.99633206427,370109.2171290712
balanced_observed,pair2,router__tcp_pkt,0.9971296296296296,0.9978703703703704,True,0.026061044406491818,123.9924319806853,35.907673749652034
balanced_observed,pair2,router__pkt_total__absdiff1,0.9971296296296296,0.9978703703703704,True,0.0946484352116006,164.18571826539142,302.9707710865733
balanced_observed,pair2,zigbee__beacon_rate,0.9546296296296296,0.9501388888888889,True,0.028700828806818124,0.06446467292053348,0.07189085203828428
balanced_observed,pair2,zigbee__ack_rate,0.9546296296296296,0.9501388888888889,True,0.11002035850766284,0.4995719547827017,0.431391838089402
balanced_observed,pair2,zigbee__pps,0.9546296296296296,0.9501388888888889,True,0.0694497427668978,6.209553831231814,6.5548409101983145
balanced_observed,pair3,iot__entity_stale__s5_max_total_cleaning_count,1.0,1.0,True,0.0,1.0,1.0
balanced_observed,pair3,iot__smart_plug__sensor__voltage__value,0.0,1.0,False,,,242.66685185185185
balanced_observed,pair3,iot__coffee_maker_hot__sensor__water__value,0.0,1.0,False,,,50500.0
balanced_observed,pair3,iot__smart_plug_ps5__sensor__signal_strength__value,0.0,1.0,False,,,-61.54787037037037
balanced_observed,pair3,iot__s5_max_main_brush_time_left__sensor__state__value,1.0,1.0,True,1.0,1055770.0,1053805.0
balanced_observed,pair3,ota__bytes_total,1.0,1.0,True,0.15430555555555558,17765.994166666667,19733.0775
balanced_observed,pair3,ota__mgmt,1.0,1.0,True,0.11356481481481484,31.03587962962963,32.55689814814815
balanced_observed,pair3,ota__pkt_total,1.0,1.0,True,0.05527777777777776,45.21652777777778,47.299675925925925
balanced_observed,pair3,ota5__rssi_n,0.9996759259259259,0.9996759259259259,True,0.16482193303385356,22.42120131524105,24.65132218774603
balanced_observed,pair3,router__bytes_total__diff1,0.9998148148148148,0.9989351851851852,True,0.062443909772246786,-0.4572142989442489,66.31417713305835
balanced_observed,pair3,router__udp_pkt,0.9998148148148148,0.9989351851851852,True,0.05055709929925023,3.4780051861455825,119.54664689252445
balanced_observed,pair3,router__pkt_total__diff1,0.9998148148148148,0.9989351851851852,True,0.0343032546772727,-0.0006945730690868679,0.05584650322102239
balanced_observed,pair3,zigbee__bytes_total,0.9153703703703704,0.8724537037037037,True,0.07308702868847068,221.0637770584665,207.2344919076678
balanced_observed,pair3,zigbee__beacon,0.9153703703703704,0.8724537037037037,True,0.036481913983916536,0.4773922718996561,0.46086495091536217
balanced_observed,pair3,zigbee__ack,0.9153703703703704,0.8724537037037037,True,0.10328416004000396,2.945225571515274,2.305863624303529
balanced_observed,pair3,zigbee__pkt_total,0.9153703703703704,0.8724537037037037,True,0.0542206331269065,6.993071009508395,6.191775006633059
balanced_observed,pair3,zb__app_event_intensity,1.0,1.0,True,0.0,0.0,0.0
balanced_observed,pair3,iot__entity_stale__withings_snoring_episode_count,1.0,1.0,True,0.027824074074074074,1.0,0.9721759259259259
balanced_observed,pair3,iot__smart_plug_ps5__sensor__voltage__value,0.0,1.0,False,,,242.68541666666667
balanced_observed,pair3,iot__twinguard_087__sensor__purity__value,1.0,1.0,True,0.3041666666666667,577.0050925925926,575.8726851851852
balanced_observed,pair3,iot__smart_plug__sensor__signal_strength__value,0.0,1.0,False,,,-51.39083333333333
balanced_observed,pair3,iot__s5_max_side_brush_time_left__sensor__state__value,1.0,1.0,True,1.0,695770.0,693805.0
balanced_observed,pair3,ota24__bytes_total,0.9997222222222222,0.9996296296296296,True,0.04650463985525877,6246.090256552746,6468.678353093738
balanced_observed,pair3,ota5__mgmt,0.9996759259259259,0.9996759259259259,True,0.175056731348122,19.656555365164635,21.604733015329042
balanced_observed,pair3,ota__data,1.0,1.0,True,0.028981481481481497,14.180648148148148,14.742777777777778
balanced_observed,pair3,ota24__rssi_n,0.9997222222222222,0.9996296296296296,True,0.037597118406945684,22.80883578771881,22.66464431270841
balanced_observed,pair3,router__bytes_total__absdiff1,0.9998148148148148,0.9989351851851852,True,0.12419279795531146,2049.7434710131506,263258.8343606618
balanced_observed,pair3,router__tcp_pkt,0.9998148148148148,0.9989351851851852,True,0.08880248078911168,3.492591220596407,31.62506372526301
balanced_observed,pair3,router__pkt_total__absdiff1,0.9998148148148148,0.9989351851851852,True,0.06175200207138165,10.805658455269494,217.30402743662233
balanced_observed,pair3,zigbee__beacon_rate,0.9153703703703704,0.8724537037037037,True,0.036481913983916536,0.07913309545826144,0.07787971744552535
balanced_observed,pair3,zigbee__ack_rate,0.9153703703703704,0.8724537037037037,True,0.14542774629985866,0.4142402594582365,0.31657911740731703
balanced_observed,pair3,zigbee__pps,0.9153703703703704,0.8724537037037037,True,0.0542206331269065,6.993071009508395,6.191775006633059
balanced_observed,pair4,iot__entity_stale__s5_max_total_cleaning_count,1.0,1.0,True,0.017777777777777778,0.9822222222222222,1.0
balanced_observed,pair4,iot__smart_plug__sensor__voltage__value,0.0,1.0,False,,,243.55717592592592
balanced_observed,pair4,iot__coffee_maker_hot__sensor__water__value,0.0,1.0,False,,,50500.0
balanced_observed,pair4,iot__smart_plug_ps5__sensor__signal_strength__value,0.0,1.0,False,,,-62.18773148148148
balanced_observed,pair4,iot__s5_max_main_brush_time_left__sensor__state__value,1.0,1.0,True,1.0,1054792.0,1053805.0
balanced_observed,pair4,ota__bytes_total,1.0,1.0,True,0.2170833333333334,30125.04685185185,26675.359907407408
balanced_observed,pair4,ota__mgmt,1.0,1.0,True,0.15875000000000006,40.66879629629629,38.40435185185185
balanced_observed,pair4,ota__pkt_total,1.0,1.0,True,0.09273148148148147,54.94601851851852,52.59810185185185
balanced_observed,pair4,ota5__rssi_n,0.9996759259259259,0.9996296296296296,True,0.22621798044722657,33.77367665447136,30.50833642089663
balanced_observed,pair4,router__bytes_total__diff1,0.9992129629629629,0.9985648148148148,True,0.06530972587783909,0.5441782884677756,-0.23107237238629513
balanced_observed,pair4,router__udp_pkt,0.9992129629629629,0.9985648148148148,True,0.08866874362345867,37.72890701014688,3.7974407714775835
balanced_observed,pair4,router__pkt_total__diff1,0.9992129629629629,0.9985648148148148,True,0.043005081887050656,0.0011583190473984154,0.0004172655199592007
balanced_observed,pair4,zigbee__bytes_total,0.9027777777777778,0.9081481481481481,True,0.05575265612582092,208.06261538461538,201.671441680261
balanced_observed,pair4,zigbee__beacon,0.9027777777777778,0.9081481481481481,True,0.04428738444806957,0.43138461538461537,0.3591455954323002
balanced_observed,pair4,zigbee__ack,0.9027777777777778,0.9081481481481481,True,0.03501421131886062,2.7794358974358975,2.670575040783034
balanced_observed,pair4,zigbee__pkt_total,0.9027777777777778,0.9081481481481481,True,0.0384316727318359,6.683948717948718,6.389325040783034
balanced_observed,pair4,zb__app_event_intensity,1.0,1.0,True,0.0,0.0,0.0
balanced_observed,pair4,iot__entity_stale__withings_snoring_episode_count,1.0,1.0,True,0.0,1.0,1.0
balanced_observed,pair4,iot__smart_plug_ps5__sensor__voltage__value,0.0,1.0,False,,,243.24152777777778
balanced_observed,pair4,iot__twinguard_087__sensor__purity__value,1.0,1.0,True,0.14828703703703705,684.425925925926,633.4791666666666
balanced_observed,pair4,iot__smart_plug__sensor__signal_strength__value,0.0,1.0,False,,,-52.86893518518519
balanced_observed,pair4,iot__s5_max_side_brush_time_left__sensor__state__value,1.0,1.0,True,1.0,694792.0,693805.0
balanced_observed,pair4,ota24__bytes_total,0.9996296296296296,0.9996296296296296,True,0.05867914042237868,5996.51449610967,6193.288440163024
balanced_observed,pair4,ota5__mgmt,0.9996759259259259,0.9996296296296296,True,0.2381690874632828,30.485851896447922,27.34364579473879
balanced_observed,pair4,ota__data,1.0,1.0,True,0.0494444444444444,14.277222222222223,14.19375
balanced_observed,pair4,ota24__rssi_n,0.9996296296296296,0.9996296296296296,True,0.06534827713968133,21.190626157836235,22.10902185994813
balanced_observed,pair4,router__bytes_total__absdiff1,0.9992129629629629,0.9985648148148148,True,0.12635566478870364,72741.88384376593,31707.239000417267
balanced_observed,pair4,router__tcp_pkt,0.9992129629629629,0.9985648148148148,True,0.08071886527064165,11.071584117129222,32.220918911400624
balanced_observed,pair4,router__pkt_total__absdiff1,0.9992129629629629,0.9985648148148148,True,0.0845265530364685,69.80832136403652,33.45305762900459
balanced_observed,pair4,zigbee__beacon_rate,0.9027777777777778,0.9081481481481481,True,0.04484451206759532,0.07124197419933402,0.057059202571260875
balanced_observed,pair4,zigbee__ack_rate,0.9027777777777778,0.9081481481481481,True,0.04207253105784914,0.39299354830594396,0.4146590709614493
balanced_observed,pair4,zigbee__pps,0.9027777777777778,0.9081481481481481,True,0.0384316727318359,6.683948717948718,6.389325040783034
balanced_observed,pair5,iot__entity_stale__s5_max_total_cleaning_count,1.0,1.0,True,0.0,0.9721759259259259,0.9721759259259259
balanced_observed,pair5,iot__smart_plug__sensor__voltage__value,0.0,1.0,False,,,243.59097222222223
balanced_observed,pair5,iot__coffee_maker_hot__sensor__water__value,0.0,1.0,False,,,50500.0
balanced_observed,pair5,iot__smart_plug_ps5__sensor__signal_strength__value,0.0,1.0,False,,,-63.9137037037037
balanced_observed,pair5,iot__s5_max_main_brush_time_left__sensor__state__value,1.0,1.0,True,1.0,1054792.0,1053805.0
balanced_observed,pair5,ota__bytes_total,1.0,1.0,True,0.1429166666666667,18736.720046296297,21028.508564814816
balanced_observed,pair5,ota__mgmt,1.0,1.0,True,0.18865740740740738,31.585231481481483,33.985787037037035
balanced_observed,pair5,ota__pkt_total,1.0,1.0,True,0.0975462962962963,46.19013888888889,49.4149537037037
balanced_observed,pair5,ota5__rssi_n,0.9996759259259259,0.9996296296296296,True,0.18912077662221816,23.96647061547724,26.47999258984809
balanced_observed,pair5,router__bytes_total__diff1,0.9995833333333334,0.998287037037037,True,0.05618662405589017,0.2740956880181557,0.18364791541065714
balanced_observed,pair5,router__udp_pkt,0.9995833333333334,0.998287037037037,True,0.08868533138943158,4.081144921495067,73.24815656448546
balanced_observed,pair5,router__pkt_total__diff1,0.9995833333333334,0.998287037037037,True,0.04035841194864756,0.0025473576953360198,0.0021332838658813707
balanced_observed,pair5,zigbee__bytes_total,0.9098611111111111,0.9496296296296296,True,0.037685108572103554,202.3731236961278,198.0941887675507
balanced_observed,pair5,zigbee__beacon,0.9098611111111111,0.9496296296296296,True,0.01241857260918433,0.5128987940772401,0.5014138065522621
balanced_observed,pair5,zigbee__ack,0.9098611111111111,0.9496296296296296,True,0.0659594659622135,2.539714038569175,2.739274570982839
balanced_observed,pair5,zigbee__pkt_total,0.9098611111111111,0.9496296296296296,True,0.014929616799997936,6.338218083753117,6.446129095163807
balanced_observed,pair5,zb__app_event_intensity,1.0,1.0,True,4.6296296296266526e-05,0.0,0.0001409501168462965
balanced_observed,pair5,iot__entity_stale__withings_snoring_episode_count,1.0,1.0,True,0.0,1.0,1.0
balanced_observed,pair5,iot__smart_plug_ps5__sensor__voltage__value,0.0,1.0,False,,,243.62203703703705
balanced_observed,pair5,iot__twinguard_087__sensor__purity__value,1.0,1.0,True,0.601388888888889,535.0657407407407,610.263425925926
balanced_observed,pair5,iot__smart_plug__sensor__signal_strength__value,0.0,1.0,False,,,-55.03013888888889
balanced_observed,pair5,iot__s5_max_side_brush_time_left__sensor__state__value,1.0,1.0,True,1.0,694792.0,693805.0
balanced_observed,pair5,ota24__bytes_total,0.9996296296296296,0.9996296296296296,True,0.1525101889588737,6085.526398666173,6377.014773990367
balanced_observed,pair5,ota5__mgmt,0.9996759259259259,0.9996296296296296,True,0.1923637733414595,20.960218589357662,22.65352908484624
balanced_observed,pair5,ota__data,1.0,1.0,True,0.0975462962962963,14.604907407407408,15.429166666666667
balanced_observed,pair5,ota24__rssi_n,0.9996296296296296,0.9996296296296296,True,0.09508151167098933,22.23962578732864,22.953177102630605
balanced_observed,pair5,router__bytes_total__absdiff1,0.9995833333333334,0.998287037037037,True,0.1084025906979913,22498.13561206058,175639.6295506191
balanced_observed,pair5,router__tcp_pkt,0.9995833333333334,0.998287037037037,True,0.10174400283020224,19.3407901440415,42.05653202244586
balanced_observed,pair5,router__pkt_total__absdiff1,0.9995833333333334,0.998287037037037,True,0.0743985567370854,25.868695289704043,143.77220238371285
balanced_observed,pair5,zigbee__beacon_rate,0.9098611111111111,0.9496296296296296,True,0.01241857260918433,0.08549024139864143,0.0857820651796719
balanced_observed,pair5,zigbee__ack_rate,0.9098611111111111,0.9496296296296296,True,0.0836000811426138,0.3861352331325619,0.4430671691111407
balanced_observed,pair5,zigbee__pps,0.9098611111111111,0.9496296296296296,True,0.014929616799997936,6.338218083753117,6.446129095163807
balanced_observed,pair6,iot__entity_stale__s5_max_total_cleaning_count,1.0,1.0,True,0.027824074074074074,1.0,0.9721759259259259
balanced_observed,pair6,iot__smart_plug__sensor__voltage__value,0.0,1.0,False,,,242.9624074074074
balanced_observed,pair6,iot__coffee_maker_hot__sensor__water__value,1.0,1.0,True,0.0,50500.0,50500.0
balanced_observed,pair6,iot__smart_plug_ps5__sensor__signal_strength__value,0.0,1.0,False,,,-64.52324074074075
balanced_observed,pair6,iot__s5_max_main_brush_time_left__sensor__state__value,1.0,1.0,True,1.0,1054792.0,1053148.861111111
balanced_observed,pair6,ota__bytes_total,1.0,1.0,True,0.21819444444444447,29034.858703703703,25609.015092592592
balanced_observed,pair6,ota__mgmt,1.0,1.0,True,0.13254629629629622,39.57314814814815,38.557685185185186
balanced_observed,pair6,ota__pkt_total,1.0,1.0,True,0.056481481481481466,53.86453703703704,52.7812037037037
balanced_observed,pair6,ota5__rssi_n,0.9996296296296296,0.9996296296296296,True,0.17918673582808442,32.38505001852538,30.501528343831048
balanced_observed,pair6,router__bytes_total__diff1,0.9991666666666666,0.9992592592592593,True,0.027084965273548756,0.1629598739690483,0.5075518902891031
balanced_observed,pair6,router__udp_pkt,0.9991666666666666,0.9992592592592593,True,0.013984499719345789,5.38902789361505,7.44482023721275
balanced_observed,pair6,router__pkt_total__diff1,0.9991666666666666,0.9992592592592593,True,0.01102515367286755,0.0011120378092855157,0.003752779836916234
balanced_observed,pair6,zigbee__bytes_total,0.9571296296296297,0.9548611111111112,True,0.08557172147126674,207.22564573860888,170.7037090909091
balanced_observed,pair6,zigbee__beacon,0.9571296296296297,0.9548611111111112,True,0.05457654732484951,0.3516977846570572,0.4208
balanced_observed,pair6,zigbee__ack,0.9571296296296297,0.9548611111111112,True,0.08769120634613525,3.102592628422173,2.6145939393939392
balanced_observed,pair6,zigbee__pkt_total,0.9571296296296297,0.9548611111111112,True,0.07775992448427388,6.862097320305698,5.895709090909091
balanced_observed,pair6,zb__app_event_intensity,1.0,1.0,True,4.6296296296266526e-05,0.00012537269680588334,0.0
balanced_observed,pair6,iot__entity_stale__withings_snoring_episode_count,1.0,1.0,True,0.0,1.0,1.0
balanced_observed,pair6,iot__smart_plug_ps5__sensor__voltage__value,0.0,1.0,False,,,242.72833333333332
balanced_observed,pair6,iot__twinguard_087__sensor__purity__value,1.0,1.0,True,0.18013888888888896,547.8569444444445,558.7550925925926
balanced_observed,pair6,iot__smart_plug__sensor__signal_strength__value,0.0,1.0,False,,,-51.83
balanced_observed,pair6,iot__s5_max_side_brush_time_left__sensor__state__value,1.0,1.0,True,1.0,694792.0,693148.8611111111
balanced_observed,pair6,ota24__bytes_total,0.9996296296296296,0.9996296296296296,True,0.04274731381993335,6007.136948869952,6151.285337161912
balanced_observed,pair6,ota5__mgmt,0.9996296296296296,0.9996296296296296,True,0.2060485364949981,29.151259725824378,27.276167098925526
balanced_observed,pair6,ota__data,1.0,1.0,True,0.05171296296296293,14.29138888888889,14.22351851851852
balanced_observed,pair6,ota24__rssi_n,0.9996296296296296,0.9996296296296296,True,0.06150426083734717,21.49935161170804,22.298860689144128
balanced_observed,pair6,router__bytes_total__absdiff1,0.9991666666666666,0.9992592592592593,True,0.05009351476833335,33097.760124177556,34385.73225537435
balanced_observed,pair6,router__tcp_pkt,0.9991666666666666,0.9992592592592593,True,0.08664504708677762,28.129830414234085,32.814631208302444
balanced_observed,pair6,router__pkt_total__absdiff1,0.9991666666666666,0.9992592592592593,True,0.017743973044280437,34.836437772217586,35.551195329873984
balanced_observed,pair6,zigbee__beacon_rate,0.9571296296296297,0.9548611111111112,True,0.06455464893688745,0.046588608679473634,0.07209679769205325
balanced_observed,pair6,zigbee__ack_rate,0.9571296296296297,0.9548611111111112,True,0.027889329592725165,0.48983484221687396,0.48981951680364033
balanced_observed,pair6,zigbee__pps,0.9571296296296297,0.9548611111111112,True,0.07775992448427388,6.862097320305698,5.895709090909091
balanced_observed,pair7,iot__entity_stale__s5_max_total_cleaning_count,1.0,1.0,True,0.0,0.9721759259259259,0.9721759259259259
balanced_observed,pair7,iot__smart_plug__sensor__voltage__value,0.0,1.0,False,,,243.59777777777776
balanced_observed,pair7,iot__coffee_maker_hot__sensor__water__value,1.0,1.0,True,0.0,50500.0,50500.0
balanced_observed,pair7,iot__smart_plug_ps5__sensor__signal_strength__value,0.0,1.0,False,,,-67.18513888888889
balanced_observed,pair7,iot__s5_max_main_brush_time_left__sensor__state__value,1.0,1.0,True,1.0,1054792.0,1053805.0
balanced_observed,pair7,ota__bytes_total,1.0,1.0,True,0.3884259259259259,17215.648842592593,22969.645416666666
balanced_observed,pair7,ota__mgmt,1.0,1.0,True,0.41856481481481483,29.23759259259259,34.86875
balanced_observed,pair7,ota__pkt_total,1.0,1.0,True,0.18069444444444438,44.39782407407407,51.1637037037037
balanced_observed,pair7,ota5__rssi_n,0.9997222222222222,0.9996296296296296,True,0.3706333456218181,22.781281837547468,27.602352723230826
balanced_observed,pair7,router__bytes_total__diff1,0.9983796296296297,0.9981944444444445,True,0.03896947792390304,12.768467424066776,-6.239831176661565
balanced_observed,pair7,router__udp_pkt,0.9983796296296297,0.9981944444444445,True,0.05251326414782309,74.15668907952701,254.34961272668244
balanced_observed,pair7,router__pkt_total__diff1,0.9983796296296297,0.9981944444444445,True,0.038084730038660086,0.014514259216322746,-0.0030147024720560273
balanced_observed,pair7,zigbee__bytes_total,0.9837962962962963,0.9456481481481481,True,0.053555351023205716,193.45656470588236,224.01747772446882
balanced_observed,pair7,zigbee__beacon,0.9837962962962963,0.9456481481481481,True,0.021087886833966007,0.4345411764705882,0.34779202976598456
balanced_observed,pair7,zigbee__ack,0.9837962962962963,0.9456481481481481,True,0.06310257860512265,3.0824470588235293,3.2278468618427496
balanced_observed,pair7,zigbee__pkt_total,0.9837962962962963,0.9456481481481481,True,0.03868158344900674,6.596988235294118,7.212082639772839
balanced_observed,pair7,zb__app_event_intensity,1.0,1.0,True,4.629629629637755e-05,0.00022390194513179638,0.00011504197562182391
balanced_observed,pair7,iot__entity_stale__withings_snoring_episode_count,1.0,1.0,True,0.0,1.0,1.0
balanced_observed,pair7,iot__smart_plug_ps5__sensor__voltage__value,0.0,1.0,False,,,243.63421296296298
balanced_observed,pair7,iot__twinguard_087__sensor__purity__value,1.0,1.0,True,0.7225462962962963,1050.6319444444443,574.1425925925926
balanced_observed,pair7,iot__smart_plug__sensor__signal_strength__value,0.0,1.0,False,,,-51.37064814814815
balanced_observed,pair7,iot__s5_max_side_brush_time_left__sensor__state__value,1.0,1.0,True,1.0,694792.0,693805.0
balanced_observed,pair7,ota24__bytes_total,0.9996759259259259,0.9996759259259259,True,0.10767378317047194,5996.360070393183,6632.280276015375
balanced_observed,pair7,ota5__mgmt,0.9997222222222222,0.9996296296296296,True,0.45218714782347125,19.106372140409373,24.40913301222675
balanced_observed,pair7,ota__data,1.0,1.0,True,0.12680555555555556,15.160231481481482,16.294953703703705
balanced_observed,pair7,ota24__rssi_n,0.9996759259259259,0.9996759259259259,True,0.09405825962117353,21.629787431111936,23.579030241281895
balanced_observed,pair7,router__bytes_total__absdiff1,0.9983796296296297,0.9981944444444445,True,0.07715005645664708,166435.0061674009,546305.9965214971
balanced_observed,pair7,router__tcp_pkt,0.9983796296296297,0.9981944444444445,True,0.086403468714976,29.10178530025504,46.802235517833125
balanced_observed,pair7,router__pkt_total__absdiff1,0.9983796296296297,0.9981944444444445,True,0.0748697178494635,139.26997449571064,438.7884142664997
balanced_observed,pair7,zigbee__beacon_rate,0.9837962962962963,0.9456481481481481,True,0.028122349254986467,0.056453779032212846,0.046800817505038034
balanced_observed,pair7,zigbee__ack_rate,0.9837962962962963,0.9456481481481481,True,0.08870064796309202,0.5331301396452329,0.4785536449401841
balanced_observed,pair7,zigbee__pps,0.9837962962962963,0.9456481481481481,True,0.03868158344900674,6.596988235294118,7.212082639772839
balanced_observed,pair8,iot__entity_stale__s5_max_total_cleaning_count,1.0,1.0,True,0.0,1.0,1.0
balanced_observed,pair8,iot__smart_plug__sensor__voltage__value,0.0,0.0,False,,,
balanced_observed,pair8,iot__coffee_maker_hot__sensor__water__value,1.0,1.0,True,0.0,50500.0,50500.0
balanced_observed,pair8,iot__smart_plug_ps5__sensor__signal_strength__value,0.0,0.0,False,,,
balanced_observed,pair8,iot__s5_max_main_brush_time_left__sensor__state__value,1.0,1.0,True,0.0,1054792.0,1054792.0
balanced_observed,pair8,ota__bytes_total,1.0,1.0,True,0.12648148148148153,22815.466435185186,20130.665416666667
balanced_observed,pair8,ota__mgmt,1.0,1.0,True,0.11625000000000002,36.0725,33.71347222222222
balanced_observed,pair8,ota__pkt_total,1.0,1.0,True,0.08499999999999996,51.33953703703704,48.02652777777778
balanced_observed,pair8,ota5__rssi_n,0.9996296296296296,0.9996759259259259,True,0.18096171009133621,28.704983327158207,25.303848469411385
balanced_observed,pair8,router__bytes_total__diff1,0.9993518518518518,0.9993518518518518,True,0.04451959603446676,-0.37737422403409615,0.23237283424441768
balanced_observed,pair8,router__udp_pkt,0.9993518518518518,0.9993518518518518,True,0.03715371073844154,22.009867506717317,3.515704623366997
balanced_observed,pair8,router__pkt_total__diff1,0.9993518518518518,0.9993518518518518,True,0.04007226906328176,0.0005095895487816178,0.0030112109700731957
balanced_observed,pair8,zigbee__bytes_total,0.8772685185185185,0.8462962962962963,True,0.0951224858664158,258.5103699403663,203.68227571115975
balanced_observed,pair8,zigbee__beacon,0.8772685185185185,0.8462962962962963,True,0.024581668195396755,0.39521874505250937,0.42811816192560176
balanced_observed,pair8,zigbee__ack,0.8772685185185185,0.8462962962962963,True,0.10226226841990815,2.949179376220381,2.1532822757111596
balanced_observed,pair8,zigbee__pkt_total,0.8772685185185185,0.8462962962962963,True,0.10027677944241209,7.644097313842419,5.9692560175054705
balanced_observed,pair8,zb__app_event_intensity,1.0,1.0,True,0.0,0.0,0.0
balanced_observed,pair8,iot__entity_stale__withings_snoring_episode_count,1.0,1.0,True,0.0,1.0,1.0
balanced_observed,pair8,iot__smart_plug_ps5__sensor__voltage__value,0.0,0.0,False,,,
balanced_observed,pair8,iot__twinguard_087__sensor__purity__value,1.0,1.0,True,0.5796296296296296,599.6907407407407,733.7259259259259
balanced_observed,pair8,iot__smart_plug__sensor__signal_strength__value,0.0,0.0,False,,,
balanced_observed,pair8,iot__s5_max_side_brush_time_left__sensor__state__value,1.0,1.0,True,0.0,694792.0,694792.0
balanced_observed,pair8,ota24__bytes_total,0.9996296296296296,0.9996296296296296,True,0.058864394220081495,6175.623981104112,6238.197434234902
balanced_observed,pair8,ota5__mgmt,0.9996296296296296,0.9996759259259259,True,0.15017740927355475,24.894359021859948,22.36044088361969
balanced_observed,pair8,ota__data,1.0,1.0,True,0.049814814814814756,15.267037037037037,14.313055555555556
balanced_observed,pair8,ota24__rssi_n,0.9996296296296296,0.9996296296296296,True,0.06363467951092999,22.65264912930715,22.738931085587254
balanced_observed,pair8,router__bytes_total__absdiff1,0.9993518518518518,0.9993518518518518,True,0.0842212545168165,66520.96544056333,31985.377930139904
balanced_observed,pair8,router__tcp_pkt,0.9993518518518518,0.9993518518518518,True,0.05035671268414721,24.7275548966923,27.781432409895302
balanced_observed,pair8,router__pkt_total__absdiff1,0.9993518518518518,0.9993518518518518,True,0.052441397201890116,61.76470860743074,31.862271842861112
balanced_observed,pair8,zigbee__beacon_rate,0.8772685185185185,0.8462962962962963,True,0.03976329183956062,0.06061416782134622,0.08132956880603304
balanced_observed,pair8,zigbee__ack_rate,0.8772685185185185,0.8462962962962963,True,0.058514525283979435,0.31715297783432084,0.2960756870610252
balanced_observed,pair8,zigbee__pps,0.8772685185185185,0.8462962962962963,True,0.10027677944241209,7.644097313842419,5.9692560175054705
balanced_observed,pair9,iot__entity_stale__s5_max_total_cleaning_count,1.0,1.0,True,0.0,0.9721759259259259,0.9721759259259259
balanced_observed,pair9,iot__smart_plug__sensor__voltage__value,0.0,0.0,False,,,
balanced_observed,pair9,iot__coffee_maker_hot__sensor__water__value,1.0,1.0,True,0.0,50500.0,50500.0
balanced_observed,pair9,iot__smart_plug_ps5__sensor__signal_strength__value,0.0,0.0,False,,,
balanced_observed,pair9,iot__s5_max_main_brush_time_left__sensor__state__value,1.0,1.0,True,1.0,1054792.0,1053805.0
balanced_observed,pair9,ota__bytes_total,1.0,1.0,True,0.13504629629629628,22411.619583333333,22585.37958333333
balanced_observed,pair9,ota__mgmt,1.0,1.0,True,0.12254629629629632,33.56268518518519,32.52981481481481
balanced_observed,pair9,ota__pkt_total,1.0,1.0,True,0.04356481481481478,47.941805555555554,76.01574074074074
balanced_observed,pair9,ota5__rssi_n,0.9996759259259259,0.9995833333333334,True,0.12650191420595214,26.246329829111286,53.296234542170346
balanced_observed,pair9,router__bytes_total__diff1,0.9993981481481482,0.9976851851851852,True,0.08041518929982458,0.11808032612220318,2.69461716937355
balanced_observed,pair9,router__udp_pkt,0.9993981481481482,0.9976851851851852,True,0.07452008636718177,4.0953351554176125,125.04013921113689
balanced_observed,pair9,router__pkt_total__diff1,0.9993981481481482,0.9976851851851852,True,0.04474024443473057,0.0014360494742205957,0.021856148491879352
balanced_observed,pair9,zigbee__bytes_total,0.8961574074074075,0.7352314814814814,True,0.09647555405890074,243.0346128015705,187.87437818777155
balanced_observed,pair9,zigbee__beacon,0.8961574074074075,0.7352314814814814,True,0.024070803477445613,0.4361729606860567,0.48517095900761914
balanced_observed,pair9,zigbee__ack,0.8961574074074075,0.7352314814814814,True,0.06931951400682884,2.761533295448675,2.3122599332535736
balanced_observed,pair9,zigbee__pkt_total,0.8961574074074075,0.7352314814814814,True,0.08841283665540078,7.185772588727592,5.984887601536427
balanced_observed,pair9,zb__app_event_intensity,1.0,1.0,True,0.0,0.0,0.0
balanced_observed,pair9,iot__entity_stale__withings_snoring_episode_count,1.0,1.0,True,0.0,1.0,1.0
balanced_observed,pair9,iot__smart_plug_ps5__sensor__voltage__value,0.0,0.0,False,,,
balanced_observed,pair9,iot__twinguard_087__sensor__purity__value,1.0,1.0,True,0.5001388888888889,552.8962962962963,517.0944444444444
balanced_observed,pair9,iot__smart_plug__sensor__signal_strength__value,0.0,0.0,False,,,
balanced_observed,pair9,iot__s5_max_side_brush_time_left__sensor__state__value,1.0,1.0,True,1.0,694792.0,693805.0
balanced_observed,pair9,ota24__bytes_total,0.9996759259259259,0.9996759259259259,True,0.0495530959107118,6113.472838419858,6711.185662020099
balanced_observed,pair9,ota5__mgmt,0.9996759259259259,0.9995833333333334,True,0.17999576945771412,23.41513453433983,21.810800796628225
balanced_observed,pair9,ota__data,1.0,1.0,True,0.061018518518518555,14.379120370370371,43.485925925925926
balanced_observed,pair9,ota24__rssi_n,0.9996759259259259,0.9996759259259259,True,0.038716250636780414,21.710832214143473,22.621173528458296
balanced_observed,pair9,router__bytes_total__absdiff1,0.9993981481481482,0.9976851851851852,True,0.1590188044987546,26400.00328901654,271978.210812065
balanced_observed,pair9,router__tcp_pkt,0.9993981481481482,0.9976851851851852,True,0.06469716617492466,23.86445545930421,44.92830626450116
balanced_observed,pair9,router__pkt_total__absdiff1,0.9993981481481482,0.9976851851851852,True,0.08647516760807206,29.737202946217632,221.81962877030162
balanced_observed,pair9,zigbee__beacon_rate,0.8961574074074075,0.7352314814814814,True,0.04343566707359647,0.07210445467042222,0.09255479119917932
balanced_observed,pair9,zigbee__ack_rate,0.8961574074074075,0.7352314814814814,True,0.06041014471957529,0.32682764810603465,0.3493411555840761
balanced_observed,pair9,zigbee__pps,0.8961574074074075,0.7352314814814814,True,0.08841283665540078,7.185772588727592,5.984887601536427
prior_observed_pairs,pair0,iot__entity_stale__s5_max_total_cleaning_count,1.0,1.0,True,0.0,1.0,1.0
prior_observed_pairs,pair0,iot__smart_plug__sensor__voltage__value,0.0,0.0,False,,,
prior_observed_pairs,pair0,iot__coffee_maker_hot__sensor__water__value,0.0,1.0,False,,,50500.0
prior_observed_pairs,pair0,iot__smart_plug_ps5__sensor__signal_strength__value,0.0,0.0,False,,,
prior_observed_pairs,pair0,iot__s5_max_main_brush_time_left__sensor__state__value,0.0,1.0,False,,,1053805.0
prior_observed_pairs,pair0,ota__bytes_total,0.9997222222222222,1.0,True,0.047119531660029024,28606.196906548113,19993.59412037037
prior_observed_pairs,pair0,ota__mgmt,0.9997222222222222,1.0,True,0.08478108630998316,31.107159396128555,32.04435185185185
prior_observed_pairs,pair0,ota__pkt_total,0.9997222222222222,1.0,True,0.078907541189425,53.227655830323236,48.148842592592594
prior_observed_pairs,pair0,ota5__rssi_n,0.9996759259259259,0.9996296296296296,True,0.11903003915252752,24.112351224934006,26.07725083364209
prior_observed_pairs,pair0,router__bytes_total__diff1,0.9988425925925926,0.9990277777777777,True,0.04709425610507018,-0.12333719582850522,175.6423837990639
prior_observed_pairs,pair0,router__udp_pkt,0.9988425925925926,0.9990277777777777,True,0.07505712309782309,201.84041714947855,31.760322535798693
prior_observed_pairs,pair0,router__pkt_total__diff1,0.9988425925925926,0.9990277777777777,True,0.04653822004215613,-0.0011587485515643105,0.1437045275499328
prior_observed_pairs,pair0,zigbee__bytes_total,0.9449074074074074,0.9849074074074075,True,0.05459157589984431,225.17604115629592,209.8322835385917
prior_observed_pairs,pair0,zigbee__beacon,0.9449074074074074,0.9849074074074075,True,0.027945091221756257,0.4410583047525723,0.3912287299050484
prior_observed_pairs,pair0,zigbee__ack,0.9449074074074074,0.9849074074074075,True,0.07175001866641251,3.3532092111709946,3.2244053774560495
prior_observed_pairs,pair0,zigbee__pkt_total,0.9449074074074074,0.9849074074074075,True,0.0486633720122282,7.408525232729055,7.022515746921124
prior_observed_pairs,pair0,zb__app_event_intensity,1.0,1.0,True,0.0003240740740740877,0.0008522698724711383,0.0
prior_observed_pairs,pair0,iot__entity_stale__withings_snoring_episode_count,1.0,1.0,True,0.027824074074074074,1.0,0.9721759259259259
prior_observed_pairs,pair0,iot__smart_plug_ps5__sensor__voltage__value,0.0,0.0,False,,,
prior_observed_pairs,pair0,iot__twinguard_087__sensor__purity__value,1.0,1.0,True,0.8054629629629629,2061.465740740741,698.4212962962963
prior_observed_pairs,pair0,iot__smart_plug__sensor__signal_strength__value,0.0,0.0,False,,,
prior_observed_pairs,pair0,iot__s5_max_side_brush_time_left__sensor__state__value,0.0,1.0,False,,,693805.0
prior_observed_pairs,pair0,ota24__bytes_total,0.9996296296296296,0.9996759259259259,True,0.13214824595204622,15618.499768432754,6446.066178854258
prior_observed_pairs,pair0,ota5__mgmt,0.9996759259259259,0.9996296296296296,True,0.04837283755677618,21.041865419348863,21.48013153019637
prior_observed_pairs,pair0,ota__data,0.9997222222222222,1.0,True,0.14165741769833184,22.120496434194685,16.10449074074074
prior_observed_pairs,pair0,ota24__rssi_n,0.9996296296296296,0.9996759259259259,True,0.10454619365603074,22.333549462763987,21.975269763349235
prior_observed_pairs,pair0,router__bytes_total__absdiff1,0.9988425925925926,0.9990277777777777,True,0.09391042114944048,442618.3751100811,85511.38036980397
prior_observed_pairs,pair0,router__tcp_pkt,0.9988425925925926,0.9990277777777777,True,0.1448318456041524,31.95819235225956,27.58149126465545
prior_observed_pairs,pair0,router__pkt_total__absdiff1,0.9988425925925926,0.9990277777777777,True,0.09228849106924852,353.95582850521436,76.66967885444181
prior_observed_pairs,pair0,zigbee__beacon_rate,0.9449074074074074,0.9849074074074075,True,0.027401510549206143,0.06918992841911047,0.0530924439040442
prior_observed_pairs,pair0,zigbee__ack_rate,0.9449074074074074,0.9849074074074075,True,0.06882228225670087,0.4677648840931147,0.5064718702283918
prior_observed_pairs,pair0,zigbee__pps,0.9449074074074074,0.9849074074074075,True,0.0486633720122282,7.408525232729055,7.022515746921124
prior_observed_pairs,pair1,iot__entity_stale__s5_max_total_cleaning_count,1.0,1.0,True,0.0,1.0,1.0
prior_observed_pairs,pair1,iot__smart_plug__sensor__voltage__value,0.0,0.0,False,,,
prior_observed_pairs,pair1,iot__coffee_maker_hot__sensor__water__value,0.0,1.0,False,,,50500.0
prior_observed_pairs,pair1,iot__smart_plug_ps5__sensor__signal_strength__value,0.0,0.0,False,,,
prior_observed_pairs,pair1,iot__s5_max_main_brush_time_left__sensor__state__value,1.0,1.0,True,1.0,1055770.0,1054792.0
prior_observed_pairs,pair1,ota__bytes_total,1.0,1.0,True,0.12981481481481472,19105.30898148148,20130.665416666667
prior_observed_pairs,pair1,ota__mgmt,1.0,1.0,True,0.17120370370370375,31.641296296296296,33.71347222222222
prior_observed_pairs,pair1,ota__pkt_total,1.0,1.0,True,0.09249999999999992,46.04388888888889,48.02652777777778
prior_observed_pairs,pair1,ota5__rssi_n,0.9996296296296296,0.9996759259259259,True,0.2034794151570294,23.345452019266396,25.303848469411385
prior_observed_pairs,pair1,router__bytes_total__diff1,0.9986111111111111,0.9993518518518518,True,0.04437291104688856,1.1528511821974965,0.23237283424441768
prior_observed_pairs,pair1,router__udp_pkt,0.9986111111111111,0.9993518518518518,True,0.05719612735138302,93.91970329160871,3.515704623366997
prior_observed_pairs,pair1,router__pkt_total__diff1,0.9986111111111111,0.9993518518518518,True,0.0360779864660129,0.0041261010662957814,0.0030112109700731957
prior_observed_pairs,pair1,zigbee__bytes_total,0.9675925925925926,0.8462962962962963,True,0.13555924324437513,202.54717703349283,203.68227571115975
prior_observed_pairs,pair1,zigbee__beacon,0.9675925925925926,0.8462962962962963,True,0.04108158051783528,0.5183732057416268,0.42811816192560176
prior_observed_pairs,pair1,zigbee__ack,0.9675925925925926,0.8462962962962963,True,0.23651419178541144,3.1721052631578948,2.1532822757111596
prior_observed_pairs,pair1,zigbee__pkt_total,0.9675925925925926,0.8462962962962963,True,0.059087977552793824,6.9091387559808615,5.9692560175054705
prior_observed_pairs,pair1,zb__app_event_intensity,1.0,1.0,True,0.0003240740740740877,0.0006827656317640234,0.0
prior_observed_pairs,pair1,iot__entity_stale__withings_snoring_episode_count,1.0,1.0,True,0.027824074074074074,0.9721759259259259,1.0
prior_observed_pairs,pair1,iot__smart_plug_ps5__sensor__voltage__value,0.0,0.0,False,,,
prior_observed_pairs,pair1,iot__twinguard_087__sensor__purity__value,1.0,1.0,True,0.4806018518518518,662.5796296296296,733.7259259259259
prior_observed_pairs,pair1,iot__smart_plug__sensor__signal_strength__value,0.0,0.0,False,,,
prior_observed_pairs,pair1,iot__s5_max_side_brush_time_left__sensor__state__value,1.0,1.0,True,1.0,695770.0,694792.0
prior_observed_pairs,pair1,ota24__bytes_total,0.9996759259259259,0.9996296296296296,True,0.09621327098734717,6609.140276941602,6238.197434234902
prior_observed_pairs,pair1,ota5__mgmt,0.9996296296296296,0.9996759259259259,True,0.22432275379405664,20.51750648388292,22.36044088361969
prior_observed_pairs,pair1,ota__data,1.0,1.0,True,0.03874999999999995,14.402592592592592,14.313055555555556
prior_observed_pairs,pair1,ota24__rssi_n,0.9996759259259259,0.9996296296296296,True,0.04141355167949523,22.473764645950077,22.738931085587254
prior_observed_pairs,pair1,router__bytes_total__absdiff1,0.9986111111111111,0.9993518518518518,True,0.08369154512611221,216334.726147427,31985.377930139904
prior_observed_pairs,pair1,router__tcp_pkt,0.9986111111111111,0.9993518518518518,True,0.035432261530797815,14.990496059341679,27.781432409895302
prior_observed_pairs,pair1,router__pkt_total__absdiff1,0.9986111111111111,0.9993518518518518,True,0.06635621372581291,177.4162726008345,31.862271842861112
prior_observed_pairs,pair1,zigbee__beacon_rate,0.9675925925925926,0.8462962962962963,True,0.037775381361699445,0.07588320582472323,0.08132956880603304
prior_observed_pairs,pair1,zigbee__ack_rate,0.9675925925925926,0.8462962962962963,True,0.3099745060881765,0.5082967616416264,0.2960756870610252
prior_observed_pairs,pair1,zigbee__pps,0.9675925925925926,0.8462962962962963,True,0.059087977552793824,6.9091387559808615,5.9692560175054705
prior_observed_pairs,pair2,iot__entity_stale__s5_max_total_cleaning_count,1.0,1.0,True,0.027824074074074074,1.0,0.9721759259259259
prior_observed_pairs,pair2,iot__smart_plug__sensor__voltage__value,0.0,0.0,False,,,
prior_observed_pairs,pair2,iot__coffee_maker_hot__sensor__water__value,0.0,1.0,False,,,50500.0
prior_observed_pairs,pair2,iot__smart_plug_ps5__sensor__signal_strength__value,0.0,0.0,False,,,
prior_observed_pairs,pair2,iot__s5_max_main_brush_time_left__sensor__state__value,1.0,1.0,True,1.0,1055770.0,1053805.0
prior_observed_pairs,pair2,ota__bytes_total,1.0,1.0,True,0.15666666666666673,18517.296342592592,22585.37958333333
prior_observed_pairs,pair2,ota__mgmt,1.0,1.0,True,0.02615740740740735,31.688055555555554,32.52981481481481
prior_observed_pairs,pair2,ota__pkt_total,1.0,1.0,True,0.07810185185185192,45.64453703703704,76.01574074074074
prior_observed_pairs,pair2,ota5__rssi_n,0.9996296296296296,0.9995833333333334,True,0.08778198779495705,23.576417191552427,53.296234542170346
prior_observed_pairs,pair2,router__bytes_total__diff1,0.9971296296296296,0.9976851851851852,True,0.05675165395904158,0.5511653821153311,2.69461716937355
prior_observed_pairs,pair2,router__udp_pkt,0.9971296296296296,0.9976851851851852,True,0.05277039728411814,14.496378493824867,125.04013921113689
prior_observed_pairs,pair2,router__pkt_total__diff1,0.9971296296296296,0.9976851851851852,True,0.027841693061138983,0.0035286470424366234,0.021856148491879352
prior_observed_pairs,pair2,zigbee__bytes_total,0.9546296296296296,0.7352314814814814,True,0.09338252660075902,179.95140640155188,187.87437818777155
prior_observed_pairs,pair2,zigbee__beacon,0.9546296296296296,0.7352314814814814,True,0.03317403242386341,0.4204655674102813,0.48517095900761914
prior_observed_pairs,pair2,zigbee__ack,0.9546296296296296,0.7352314814814814,True,0.1574729417892325,2.8516003879728418,2.3122599332535736
prior_observed_pairs,pair2,zigbee__pkt_total,0.9546296296296296,0.7352314814814814,True,0.022628474472878413,6.209553831231814,5.984887601536427
prior_observed_pairs,pair2,zb__app_event_intensity,1.0,1.0,True,0.0,0.0,0.0
prior_observed_pairs,pair2,iot__entity_stale__withings_snoring_episode_count,1.0,1.0,True,0.0,1.0,1.0
prior_observed_pairs,pair2,iot__smart_plug_ps5__sensor__voltage__value,0.0,0.0,False,,,
prior_observed_pairs,pair2,iot__twinguard_087__sensor__purity__value,1.0,1.0,True,0.6061574074074074,566.9537037037037,517.0944444444444
prior_observed_pairs,pair2,iot__smart_plug__sensor__signal_strength__value,0.0,0.0,False,,,
prior_observed_pairs,pair2,iot__s5_max_side_brush_time_left__sensor__state__value,1.0,1.0,True,1.0,695770.0,693805.0
prior_observed_pairs,pair2,ota24__bytes_total,0.9996296296296296,0.9996759259259259,True,0.1339281640628841,6124.439838829196,6711.185662020099
prior_observed_pairs,pair2,ota5__mgmt,0.9996296296296296,0.9995833333333334,True,0.06730688709457566,20.637226750648388,21.810800796628225
prior_observed_pairs,pair2,ota__data,1.0,1.0,True,0.09106481481481477,13.95648148148148,43.485925925925926
prior_observed_pairs,pair2,ota24__rssi_n,0.9996296296296296,0.9996759259259259,True,0.08163652619779369,22.08382734346054,22.621173528458296
prior_observed_pairs,pair2,router__bytes_total__absdiff1,0.9971296296296296,0.9976851851851852,True,0.11085850314956203,262134.99633206427,271978.210812065
prior_observed_pairs,pair2,router__tcp_pkt,0.9971296296296296,0.9976851851851852,True,0.11006767082363894,123.9924319806853,44.92830626450116
prior_observed_pairs,pair2,router__pkt_total__absdiff1,0.9971296296296296,0.9976851851851852,True,0.0435285048451568,164.18571826539142,221.81962877030162
prior_observed_pairs,pair2,zigbee__beacon_rate,0.9546296296296296,0.7352314814814814,True,0.04626365736288773,0.06446467292053348,0.09255479119917932
prior_observed_pairs,pair2,zigbee__ack_rate,0.9546296296296296,0.7352314814814814,True,0.2270434733695585,0.4995719547827017,0.3493411555840761
prior_observed_pairs,pair2,zigbee__pps,0.9546296296296296,0.7352314814814814,True,0.022628474472878413,6.209553831231814,5.984887601536427
prior_observed_pairs,pair3,iot__entity_stale__s5_max_total_cleaning_count,1.0,1.0,True,0.0,1.0,1.0
prior_observed_pairs,pair3,iot__smart_plug__sensor__voltage__value,0.0,0.6391666666666667,False,,,245.11618137041867
prior_observed_pairs,pair3,iot__coffee_maker_hot__sensor__water__value,0.0,1.0,False,,,50500.0
prior_observed_pairs,pair3,iot__smart_plug_ps5__sensor__signal_strength__value,0.0,0.6368981481481482,False,,,-60.403358290324924
prior_observed_pairs,pair3,iot__s5_max_main_brush_time_left__sensor__state__value,1.0,1.0,True,1.0,1055770.0,1053805.0
prior_observed_pairs,pair3,ota__bytes_total,1.0,1.0,True,0.27745370370370376,17765.994166666667,21580.192175925928
prior_observed_pairs,pair3,ota__mgmt,1.0,1.0,True,0.24157407407407405,31.03587962962963,34.76486111111111
prior_observed_pairs,pair3,ota__pkt_total,1.0,1.0,True,0.12861111111111106,45.21652777777778,49.0675462962963
prior_observed_pairs,pair3,ota5__rssi_n,0.9996759259259259,0.9996759259259259,True,0.3331635252165054,22.42120131524105,26.752466076969387
prior_observed_pairs,pair3,router__bytes_total__diff1,0.9998148148148148,0.9992129629629629,True,0.08298484285354313,-0.4572142989442489,0.1162952323588009
prior_observed_pairs,pair3,router__udp_pkt,0.9998148148148148,0.9992129629629629,True,0.05503768079013227,3.4780051861455825,107.24505397766761
prior_observed_pairs,pair3,router__pkt_total__diff1,0.9998148148148148,0.9992129629629629,True,0.04221318379130495,-0.0006945730690868679,0.0012973173330862254
prior_observed_pairs,pair3,zigbee__bytes_total,0.9153703703703704,0.9669907407407408,True,0.053276783686590945,221.0637770584665,195.45377507540576
prior_observed_pairs,pair3,zigbee__beacon,0.9153703703703704,0.9669907407407408,True,0.11245391168324503,0.4773922718996561,0.3265188873461962
prior_observed_pairs,pair3,zigbee__ack,0.9153703703703704,0.9669907407407408,True,0.10035393334155394,2.945225571515274,2.994398429645234
prior_observed_pairs,pair3,zigbee__pkt_total,0.9153703703703704,0.9669907407407408,True,0.053761298877098906,6.993071009508395,6.574998803083258
prior_observed_pairs,pair3,zb__app_event_intensity,1.0,1.0,True,0.0,0.0,0.0
prior_observed_pairs,pair3,iot__entity_stale__withings_snoring_episode_count,1.0,1.0,True,0.0,1.0,1.0
prior_observed_pairs,pair3,iot__smart_plug_ps5__sensor__voltage__value,0.0,0.6392129629629629,False,,,245.08951980879263
prior_observed_pairs,pair3,iot__twinguard_087__sensor__purity__value,1.0,1.0,True,0.9444444444444445,577.0050925925926,838.3291666666667
prior_observed_pairs,pair3,iot__smart_plug__sensor__signal_strength__value,0.0,0.6382407407407408,False,,,-50.75888582620049
prior_observed_pairs,pair3,iot__s5_max_side_brush_time_left__sensor__state__value,1.0,1.0,True,1.0,695770.0,693805.0
prior_observed_pairs,pair3,ota24__bytes_total,0.9997222222222222,0.9996759259259259,True,0.0613407469681011,6246.090256552746,6372.555689343769
prior_observed_pairs,pair3,ota5__mgmt,0.9996759259259259,0.9996759259259259,True,0.3590515444820081,19.656555365164635,23.732830083823462
prior_observed_pairs,pair3,ota__data,1.0,1.0,True,0.048564814814814894,14.180648148148148,14.302685185185185
prior_observed_pairs,pair3,ota24__rssi_n,0.9997222222222222,0.9996759259259259,True,0.06619951784171424,22.80883578771881,22.297457509378038
prior_observed_pairs,pair3,router__bytes_total__absdiff1,0.9998148148148148,0.9992129629629629,True,0.16031449492779826,2049.7434710131506,240791.62127600427
prior_observed_pairs,pair3,router__tcp_pkt,0.9998148148148148,0.9992129629629629,True,0.0964116121212032,3.492591220596407,29.16068201825511
prior_observed_pairs,pair3,router__pkt_total__absdiff1,0.9998148148148148,0.9992129629629629,True,0.08220607657390411,10.805658455269494,200.08154566093685
prior_observed_pairs,pair3,zigbee__beacon_rate,0.9153703703703704,0.9669907407407408,True,0.11249368864324616,0.07913309545826144,0.04113842260297426
prior_observed_pairs,pair3,zigbee__ack_rate,0.9153703703703704,0.9669907407407408,True,0.14321794090589346,0.4142402594582365,0.5047095122960212
prior_observed_pairs,pair3,zigbee__pps,0.9153703703703704,0.9669907407407408,True,0.053761298877098906,6.993071009508395,6.574998803083258
prior_observed_pairs,pair4,iot__entity_stale__s5_max_total_cleaning_count,1.0,1.0,True,0.017777777777777778,0.9822222222222222,1.0
prior_observed_pairs,pair4,iot__smart_plug__sensor__voltage__value,0.0,1.0,False,,,243.55717592592592
prior_observed_pairs,pair4,iot__coffee_maker_hot__sensor__water__value,0.0,1.0,False,,,50500.0
prior_observed_pairs,pair4,iot__smart_plug_ps5__sensor__signal_strength__value,0.0,1.0,False,,,-62.18773148148148
prior_observed_pairs,pair4,iot__s5_max_main_brush_time_left__sensor__state__value,1.0,1.0,True,1.0,1054792.0,1053805.0
prior_observed_pairs,pair4,ota__bytes_total,1.0,1.0,True,0.2170833333333334,30125.04685185185,26675.359907407408
prior_observed_pairs,pair4,ota__mgmt,1.0,1.0,True,0.15875000000000006,40.66879629629629,38.40435185185185
prior_observed_pairs,pair4,ota__pkt_total,1.0,1.0,True,0.09273148148148147,54.94601851851852,52.59810185185185
prior_observed_pairs,pair4,ota5__rssi_n,0.9996759259259259,0.9996296296296296,True,0.22621798044722657,33.77367665447136,30.50833642089663
prior_observed_pairs,pair4,router__bytes_total__diff1,0.9992129629629629,0.9985648148148148,True,0.06530972587783909,0.5441782884677756,-0.23107237238629513
prior_observed_pairs,pair4,router__udp_pkt,0.9992129629629629,0.9985648148148148,True,0.08866874362345867,37.72890701014688,3.7974407714775835
prior_observed_pairs,pair4,router__pkt_total__diff1,0.9992129629629629,0.9985648148148148,True,0.043005081887050656,0.0011583190473984154,0.0004172655199592007
prior_observed_pairs,pair4,zigbee__bytes_total,0.9027777777777778,0.9081481481481481,True,0.05575265612582092,208.06261538461538,201.671441680261
prior_observed_pairs,pair4,zigbee__beacon,0.9027777777777778,0.9081481481481481,True,0.04428738444806957,0.43138461538461537,0.3591455954323002
prior_observed_pairs,pair4,zigbee__ack,0.9027777777777778,0.9081481481481481,True,0.03501421131886062,2.7794358974358975,2.670575040783034
prior_observed_pairs,pair4,zigbee__pkt_total,0.9027777777777778,0.9081481481481481,True,0.0384316727318359,6.683948717948718,6.389325040783034
prior_observed_pairs,pair4,zb__app_event_intensity,1.0,1.0,True,0.0,0.0,0.0
prior_observed_pairs,pair4,iot__entity_stale__withings_snoring_episode_count,1.0,1.0,True,0.0,1.0,1.0
prior_observed_pairs,pair4,iot__smart_plug_ps5__sensor__voltage__value,0.0,1.0,False,,,243.24152777777778
prior_observed_pairs,pair4,iot__twinguard_087__sensor__purity__value,1.0,1.0,True,0.14828703703703705,684.425925925926,633.4791666666666
prior_observed_pairs,pair4,iot__smart_plug__sensor__signal_strength__value,0.0,1.0,False,,,-52.86893518518519
prior_observed_pairs,pair4,iot__s5_max_side_brush_time_left__sensor__state__value,1.0,1.0,True,1.0,694792.0,693805.0
prior_observed_pairs,pair4,ota24__bytes_total,0.9996296296296296,0.9996296296296296,True,0.05867914042237868,5996.51449610967,6193.288440163024
prior_observed_pairs,pair4,ota5__mgmt,0.9996759259259259,0.9996296296296296,True,0.2381690874632828,30.485851896447922,27.34364579473879
prior_observed_pairs,pair4,ota__data,1.0,1.0,True,0.0494444444444444,14.277222222222223,14.19375
prior_observed_pairs,pair4,ota24__rssi_n,0.9996296296296296,0.9996296296296296,True,0.06534827713968133,21.190626157836235,22.10902185994813
prior_observed_pairs,pair4,router__bytes_total__absdiff1,0.9992129629629629,0.9985648148148148,True,0.12635566478870364,72741.88384376593,31707.239000417267
prior_observed_pairs,pair4,router__tcp_pkt,0.9992129629629629,0.9985648148148148,True,0.08071886527064165,11.071584117129222,32.220918911400624
prior_observed_pairs,pair4,router__pkt_total__absdiff1,0.9992129629629629,0.9985648148148148,True,0.0845265530364685,69.80832136403652,33.45305762900459
prior_observed_pairs,pair4,zigbee__beacon_rate,0.9027777777777778,0.9081481481481481,True,0.04484451206759532,0.07124197419933402,0.057059202571260875
prior_observed_pairs,pair4,zigbee__ack_rate,0.9027777777777778,0.9081481481481481,True,0.04207253105784914,0.39299354830594396,0.4146590709614493
prior_observed_pairs,pair4,zigbee__pps,0.9027777777777778,0.9081481481481481,True,0.0384316727318359,6.683948717948718,6.389325040783034
prior_observed_pairs,pair5,iot__entity_stale__s5_max_total_cleaning_count,1.0,1.0,True,0.027824074074074074,0.9721759259259259,1.0
prior_observed_pairs,pair5,iot__smart_plug__sensor__voltage__value,0.0,1.0,False,,,242.66685185185185
prior_observed_pairs,pair5,iot__coffee_maker_hot__sensor__water__value,0.0,1.0,False,,,50500.0
prior_observed_pairs,pair5,iot__smart_plug_ps5__sensor__signal_strength__value,0.0,1.0,False,,,-61.54787037037037
prior_observed_pairs,pair5,iot__s5_max_main_brush_time_left__sensor__state__value,1.0,1.0,True,1.0,1054792.0,1053805.0
prior_observed_pairs,pair5,ota__bytes_total,1.0,1.0,True,0.06888888888888889,18736.720046296297,19733.0775
prior_observed_pairs,pair5,ota__mgmt,1.0,1.0,True,0.06666666666666665,31.585231481481483,32.55689814814815
prior_observed_pairs,pair5,ota__pkt_total,1.0,1.0,True,0.02912037037037038,46.19013888888889,47.299675925925925
prior_observed_pairs,pair5,ota5__rssi_n,0.9996759259259259,0.9996759259259259,True,0.06414115685638865,23.96647061547724,24.65132218774603
prior_observed_pairs,pair5,router__bytes_total__diff1,0.9995833333333334,0.9989351851851852,True,0.05057201841289262,0.2740956880181557,66.31417713305835
prior_observed_pairs,pair5,router__udp_pkt,0.9995833333333334,0.9989351851851852,True,0.0574297122109263,4.081144921495067,119.54664689252445
prior_observed_pairs,pair5,router__pkt_total__diff1,0.9995833333333334,0.9989351851851852,True,0.026481033970134904,0.0025473576953360198,0.05584650322102239
prior_observed_pairs,pair5,zigbee__bytes_total,0.9098611111111111,0.8724537037037037,True,0.0511962922856425,202.3731236961278,207.2344919076678
prior_observed_pairs,pair5,zigbee__beacon,0.9098611111111111,0.8724537037037037,True,0.03784001321846209,0.5128987940772401,0.46086495091536217
prior_observed_pairs,pair5,zigbee__ack,0.9098611111111111,0.8724537037037037,True,0.07339385836975157,2.539714038569175,2.305863624303529
prior_observed_pairs,pair5,zigbee__pkt_total,0.9098611111111111,0.8724537037037037,True,0.027551202538897313,6.338218083753117,6.191775006633059
prior_observed_pairs,pair5,zb__app_event_intensity,1.0,1.0,True,0.0,0.0,0.0
prior_observed_pairs,pair5,iot__entity_stale__withings_snoring_episode_count,1.0,1.0,True,0.027824074074074074,1.0,0.9721759259259259
prior_observed_pairs,pair5,iot__smart_plug_ps5__sensor__voltage__value,0.0,1.0,False,,,242.68541666666667
prior_observed_pairs,pair5,iot__twinguard_087__sensor__purity__value,1.0,1.0,True,0.3234722222222222,535.0657407407407,575.8726851851852
prior_observed_pairs,pair5,iot__smart_plug__sensor__signal_strength__value,0.0,1.0,False,,,-51.39083333333333
prior_observed_pairs,pair5,iot__s5_max_side_brush_time_left__sensor__state__value,1.0,1.0,True,1.0,694792.0,693805.0
prior_observed_pairs,pair5,ota24__bytes_total,0.9996296296296296,0.9996296296296296,True,0.05113004816598743,6085.526398666173,6468.678353093738
prior_observed_pairs,pair5,ota5__mgmt,0.9996759259259259,0.9996759259259259,True,0.08266567869216876,20.960218589357662,21.604733015329042
prior_observed_pairs,pair5,ota__data,1.0,1.0,True,0.049814814814814756,14.604907407407408,14.742777777777778
prior_observed_pairs,pair5,ota24__rssi_n,0.9996296296296296,0.9996296296296296,True,0.025379770285290815,22.23962578732864,22.66464431270841
prior_observed_pairs,pair5,router__bytes_total__absdiff1,0.9995833333333334,0.9989351851851852,True,0.09887430223491978,22498.13561206058,263258.8343606618
prior_observed_pairs,pair5,router__tcp_pkt,0.9995833333333334,0.9989351851851852,True,0.06921718662430787,19.3407901440415,31.62506372526301
prior_observed_pairs,pair5,router__pkt_total__absdiff1,0.9995833333333334,0.9989351851851852,True,0.05087074401581726,25.868695289704043,217.30402743662233
prior_observed_pairs,pair5,zigbee__beacon_rate,0.9098611111111111,0.8724537037037037,True,0.038060997737651925,0.08549024139864143,0.07787971744552535
prior_observed_pairs,pair5,zigbee__ack_rate,0.9098611111111111,0.8724537037037037,True,0.10553415367666419,0.3861352331325619,0.31657911740731703
prior_observed_pairs,pair5,zigbee__pps,0.9098611111111111,0.8724537037037037,True,0.027551202538897313,6.338218083753117,6.191775006633059
prior_observed_pairs,pair6,iot__entity_stale__s5_max_total_cleaning_count,1.0,1.0,True,0.027824074074074074,1.0,0.9721759259259259
prior_observed_pairs,pair6,iot__smart_plug__sensor__voltage__value,0.0,1.0,False,,,242.9624074074074
prior_observed_pairs,pair6,iot__coffee_maker_hot__sensor__water__value,1.0,1.0,True,0.0,50500.0,50500.0
prior_observed_pairs,pair6,iot__smart_plug_ps5__sensor__signal_strength__value,0.0,1.0,False,,,-64.52324074074075
prior_observed_pairs,pair6,iot__s5_max_main_brush_time_left__sensor__state__value,1.0,1.0,True,1.0,1054792.0,1053148.861111111
prior_observed_pairs,pair6,ota__bytes_total,1.0,1.0,True,0.21819444444444447,29034.858703703703,25609.015092592592
prior_observed_pairs,pair6,ota__mgmt,1.0,1.0,True,0.13254629629629622,39.57314814814815,38.557685185185186
prior_observed_pairs,pair6,ota__pkt_total,1.0,1.0,True,0.056481481481481466,53.86453703703704,52.7812037037037
prior_observed_pairs,pair6,ota5__rssi_n,0.9996296296296296,0.9996296296296296,True,0.17918673582808442,32.38505001852538,30.501528343831048
prior_observed_pairs,pair6,router__bytes_total__diff1,0.9991666666666666,0.9992592592592593,True,0.027084965273548756,0.1629598739690483,0.5075518902891031
prior_observed_pairs,pair6,router__udp_pkt,0.9991666666666666,0.9992592592592593,True,0.013984499719345789,5.38902789361505,7.44482023721275
prior_observed_pairs,pair6,router__pkt_total__diff1,0.9991666666666666,0.9992592592592593,True,0.01102515367286755,0.0011120378092855157,0.003752779836916234
prior_observed_pairs,pair6,zigbee__bytes_total,0.9571296296296297,0.9548611111111112,True,0.08557172147126674,207.22564573860888,170.7037090909091
prior_observed_pairs,pair6,zigbee__beacon,0.9571296296296297,0.9548611111111112,True,0.05457654732484951,0.3516977846570572,0.4208
prior_observed_pairs,pair6,zigbee__ack,0.9571296296296297,0.9548611111111112,True,0.08769120634613525,3.102592628422173,2.6145939393939392
prior_observed_pairs,pair6,zigbee__pkt_total,0.9571296296296297,0.9548611111111112,True,0.07775992448427388,6.862097320305698,5.895709090909091
prior_observed_pairs,pair6,zb__app_event_intensity,1.0,1.0,True,4.6296296296266526e-05,0.00012537269680588334,0.0
prior_observed_pairs,pair6,iot__entity_stale__withings_snoring_episode_count,1.0,1.0,True,0.0,1.0,1.0
prior_observed_pairs,pair6,iot__smart_plug_ps5__sensor__voltage__value,0.0,1.0,False,,,242.72833333333332
prior_observed_pairs,pair6,iot__twinguard_087__sensor__purity__value,1.0,1.0,True,0.18013888888888896,547.8569444444445,558.7550925925926
prior_observed_pairs,pair6,iot__smart_plug__sensor__signal_strength__value,0.0,1.0,False,,,-51.83
prior_observed_pairs,pair6,iot__s5_max_side_brush_time_left__sensor__state__value,1.0,1.0,True,1.0,694792.0,693148.8611111111
prior_observed_pairs,pair6,ota24__bytes_total,0.9996296296296296,0.9996296296296296,True,0.04274731381993335,6007.136948869952,6151.285337161912
prior_observed_pairs,pair6,ota5__mgmt,0.9996296296296296,0.9996296296296296,True,0.2060485364949981,29.151259725824378,27.276167098925526
prior_observed_pairs,pair6,ota__data,1.0,1.0,True,0.05171296296296293,14.29138888888889,14.22351851851852
prior_observed_pairs,pair6,ota24__rssi_n,0.9996296296296296,0.9996296296296296,True,0.06150426083734717,21.49935161170804,22.298860689144128
prior_observed_pairs,pair6,router__bytes_total__absdiff1,0.9991666666666666,0.9992592592592593,True,0.05009351476833335,33097.760124177556,34385.73225537435
prior_observed_pairs,pair6,router__tcp_pkt,0.9991666666666666,0.9992592592592593,True,0.08664504708677762,28.129830414234085,32.814631208302444
prior_observed_pairs,pair6,router__pkt_total__absdiff1,0.9991666666666666,0.9992592592592593,True,0.017743973044280437,34.836437772217586,35.551195329873984
prior_observed_pairs,pair6,zigbee__beacon_rate,0.9571296296296297,0.9548611111111112,True,0.06455464893688745,0.046588608679473634,0.07209679769205325
prior_observed_pairs,pair6,zigbee__ack_rate,0.9571296296296297,0.9548611111111112,True,0.027889329592725165,0.48983484221687396,0.48981951680364033
prior_observed_pairs,pair6,zigbee__pps,0.9571296296296297,0.9548611111111112,True,0.07775992448427388,6.862097320305698,5.895709090909091
prior_observed_pairs,pair7,iot__entity_stale__s5_max_total_cleaning_count,1.0,1.0,True,0.0,0.9721759259259259,0.9721759259259259
prior_observed_pairs,pair7,iot__smart_plug__sensor__voltage__value,0.0,1.0,False,,,243.59097222222223
prior_observed_pairs,pair7,iot__coffee_maker_hot__sensor__water__value,1.0,1.0,True,0.0,50500.0,50500.0
prior_observed_pairs,pair7,iot__smart_plug_ps5__sensor__signal_strength__value,0.0,1.0,False,,,-63.9137037037037
prior_observed_pairs,pair7,iot__s5_max_main_brush_time_left__sensor__state__value,1.0,1.0,True,1.0,1054792.0,1053805.0
prior_observed_pairs,pair7,ota__bytes_total,1.0,1.0,True,0.2674074074074074,17215.648842592593,21028.508564814816
prior_observed_pairs,pair7,ota__mgmt,1.0,1.0,True,0.3511574074074074,29.23759259259259,33.985787037037035
prior_observed_pairs,pair7,ota__pkt_total,1.0,1.0,True,0.1599074074074074,44.39782407407407,49.4149537037037
prior_observed_pairs,pair7,ota5__rssi_n,0.9997222222222222,0.9996296296296296,True,0.2776997236515035,22.781281837547468,26.47999258984809
prior_observed_pairs,pair7,router__bytes_total__diff1,0.9983796296296297,0.998287037037037,True,0.0236263784886519,12.768467424066776,0.18364791541065714
prior_observed_pairs,pair7,router__udp_pkt,0.9983796296296297,0.998287037037037,True,0.025818306747140585,74.15668907952701,73.24815656448546
prior_observed_pairs,pair7,router__pkt_total__diff1,0.9983796296296297,0.998287037037037,True,0.009853395577535395,0.014514259216322746,0.0021332838658813707
prior_observed_pairs,pair7,zigbee__bytes_total,0.9837962962962963,0.9496296296296296,True,0.05154439295218867,193.45656470588236,198.0941887675507
prior_observed_pairs,pair7,zigbee__beacon,0.9837962962962963,0.9496296296296296,True,0.07252225383132971,0.4345411764705882,0.5014138065522621
prior_observed_pairs,pair7,zigbee__ack,0.9837962962962963,0.9496296296296296,True,0.09698376617417638,3.0824470588235293,2.739274570982839
prior_observed_pairs,pair7,zigbee__pkt_total,0.9837962962962963,0.9496296296296296,True,0.027541337065247307,6.596988235294118,6.446129095163807
prior_observed_pairs,pair7,zb__app_event_intensity,1.0,1.0,True,4.629629629637755e-05,0.00022390194513179638,0.0001409501168462965
prior_observed_pairs,pair7,iot__entity_stale__withings_snoring_episode_count,1.0,1.0,True,0.0,1.0,1.0
prior_observed_pairs,pair7,iot__smart_plug_ps5__sensor__voltage__value,0.0,1.0,False,,,243.62203703703705
prior_observed_pairs,pair7,iot__twinguard_087__sensor__purity__value,1.0,1.0,True,0.7503703703703704,1050.6319444444443,610.263425925926
prior_observed_pairs,pair7,iot__smart_plug__sensor__signal_strength__value,0.0,1.0,False,,,-55.03013888888889
prior_observed_pairs,pair7,iot__s5_max_side_brush_time_left__sensor__state__value,1.0,1.0,True,1.0,694792.0,693805.0
prior_observed_pairs,pair7,ota24__bytes_total,0.9996759259259259,0.9996296296296296,True,0.1474180602625894,5996.360070393183,6377.014773990367
prior_observed_pairs,pair7,ota5__mgmt,0.9997222222222222,0.9996296296296296,True,0.35396734982886546,19.106372140409373,22.65352908484624
prior_observed_pairs,pair7,ota__data,1.0,1.0,True,0.11509259259259258,15.160231481481482,15.429166666666667
prior_observed_pairs,pair7,ota24__rssi_n,0.9996759259259259,0.9996296296296296,True,0.12139227601908165,21.629787431111936,22.953177102630605
prior_observed_pairs,pair7,router__bytes_total__absdiff1,0.9983796296296297,0.998287037037037,True,0.04497351158375679,166435.0061674009,175639.6295506191
prior_observed_pairs,pair7,router__tcp_pkt,0.9983796296296297,0.998287037037037,True,0.04340641814598151,29.10178530025504,42.05653202244586
prior_observed_pairs,pair7,router__pkt_total__absdiff1,0.9983796296296297,0.998287037037037,True,0.016831594433186936,139.26997449571064,143.77220238371285
prior_observed_pairs,pair7,zigbee__beacon_rate,0.9837962962962963,0.9496296296296296,True,0.07298910709369544,0.056453779032212846,0.0857820651796719
prior_observed_pairs,pair7,zigbee__ack_rate,0.9837962962962963,0.9496296296296296,True,0.13701672019821964,0.5331301396452329,0.4430671691111407
prior_observed_pairs,pair7,zigbee__pps,0.9837962962962963,0.9496296296296296,True,0.027541337065247307,6.596988235294118,6.446129095163807
prior_observed_pairs,pair8,iot__entity_stale__s5_max_total_cleaning_count,1.0,1.0,True,0.0,1.0,1.0
prior_observed_pairs,pair8,iot__smart_plug__sensor__voltage__value,0.0,1.0,False,,,243.36388888888888
prior_observed_pairs,pair8,iot__coffee_maker_hot__sensor__water__value,1.0,1.0,True,0.0,50500.0,50500.0
prior_observed_pairs,pair8,iot__smart_plug_ps5__sensor__signal_strength__value,0.0,1.0,False,,,-60.63851851851852
prior_observed_pairs,pair8,iot__s5_max_main_brush_time_left__sensor__state__value,1.0,1.0,True,1.0,1054792.0,1053805.0
prior_observed_pairs,pair8,ota__bytes_total,1.0,1.0,True,0.15861111111111115,22815.466435185186,20278.950787037036
prior_observed_pairs,pair8,ota__mgmt,1.0,1.0,True,0.1676388888888889,36.0725,33.160046296296294
prior_observed_pairs,pair8,ota__pkt_total,1.0,1.0,True,0.10796296296296293,51.33953703703704,47.50662037037037
prior_observed_pairs,pair8,ota5__rssi_n,0.9996296296296296,0.9996759259259259,True,0.15970801709081034,28.704983327158207,26.259806418746816
prior_observed_pairs,pair8,router__bytes_total__diff1,0.9993518518518518,0.9978703703703704,True,0.06497698974091828,-0.37737422403409615,226.03980699638117
prior_observed_pairs,pair8,router__udp_pkt,0.9993518518518518,0.9978703703703704,True,0.09387887638416814,22.009867506717317,161.29321703628096
prior_observed_pairs,pair8,router__pkt_total__diff1,0.9993518518518518,0.9978703703703704,True,0.05622118580753366,0.0005095895487816178,0.18279669666883178
prior_observed_pairs,pair8,zigbee__bytes_total,0.8772685185185185,0.9501388888888889,True,0.09910964434967806,258.5103699403663,197.48886615017298
prior_observed_pairs,pair8,zigbee__beacon,0.8772685185185185,0.9501388888888889,True,0.05130891054536313,0.39521874505250937,0.4466208643960435
prior_observed_pairs,pair8,zigbee__ack,0.8772685185185185,0.9501388888888889,True,0.13408985613571203,2.949179376220381,2.7599766116064903
prior_observed_pairs,pair8,zigbee__pkt_total,0.8772685185185185,0.9501388888888889,True,0.08418385525953176,7.644097313842419,6.5548409101983145
prior_observed_pairs,pair8,zb__app_event_intensity,1.0,1.0,True,0.0,0.0,0.0
prior_observed_pairs,pair8,iot__entity_stale__withings_snoring_episode_count,1.0,1.0,True,0.0,1.0,1.0
prior_observed_pairs,pair8,iot__smart_plug_ps5__sensor__voltage__value,0.0,1.0,False,,,243.3187037037037
prior_observed_pairs,pair8,iot__twinguard_087__sensor__purity__value,1.0,1.0,True,0.6899074074074074,599.6907407407407,804.6828703703703
prior_observed_pairs,pair8,iot__smart_plug__sensor__signal_strength__value,0.0,1.0,False,,,-52.94324074074074
prior_observed_pairs,pair8,iot__s5_max_side_brush_time_left__sensor__state__value,1.0,1.0,True,1.0,694792.0,693805.0
prior_observed_pairs,pair8,ota24__bytes_total,0.9996296296296296,0.9996296296296296,True,0.05835494627639867,6175.623981104112,5929.206419044091
prior_observed_pairs,pair8,ota5__mgmt,0.9996296296296296,0.9996759259259259,True,0.15998140006572126,24.894359021859948,22.906775343861437
prior_observed_pairs,pair8,ota__data,1.0,1.0,True,0.043194444444444535,15.267037037037037,14.346574074074073
prior_observed_pairs,pair8,ota24__rssi_n,0.9996296296296296,0.9996296296296296,True,0.049601704334938865,22.65264912930715,21.26055946646906
prior_observed_pairs,pair8,router__bytes_total__absdiff1,0.9993518518518518,0.9978703703703704,True,0.12217085207961775,66520.96544056333,370109.2171290712
prior_observed_pairs,pair8,router__tcp_pkt,0.9993518518518518,0.9978703703703704,True,0.030037730526543016,24.7275548966923,35.907673749652034
prior_observed_pairs,pair8,router__pkt_total__absdiff1,0.9993518518518518,0.9978703703703704,True,0.11081785531075083,61.76470860743074,302.9707710865733
prior_observed_pairs,pair8,zigbee__beacon_rate,0.8772685185185185,0.9501388888888889,True,0.06342055661363877,0.06061416782134622,0.07189085203828428
prior_observed_pairs,pair8,zigbee__ack_rate,0.8772685185185185,0.9501388888888889,True,0.19190445176590876,0.31715297783432084,0.431391838089402
prior_observed_pairs,pair8,zigbee__pps,0.8772685185185185,0.9501388888888889,True,0.08418385525953176,7.644097313842419,6.5548409101983145
prior_observed_pairs,pair9,iot__entity_stale__s5_max_total_cleaning_count,1.0,1.0,True,0.0,0.9721759259259259,0.9721759259259259
prior_observed_pairs,pair9,iot__smart_plug__sensor__voltage__value,0.0,1.0,False,,,243.59777777777776
prior_observed_pairs,pair9,iot__coffee_maker_hot__sensor__water__value,1.0,1.0,True,0.0,50500.0,50500.0
prior_observed_pairs,pair9,iot__smart_plug_ps5__sensor__signal_strength__value,0.0,1.0,False,,,-67.18513888888889
prior_observed_pairs,pair9,iot__s5_max_main_brush_time_left__sensor__state__value,1.0,1.0,True,1.0,1054792.0,1053805.0
prior_observed_pairs,pair9,ota__bytes_total,1.0,1.0,True,0.15407407407407406,22411.619583333333,22969.645416666666
prior_observed_pairs,pair9,ota__mgmt,1.0,1.0,True,0.15263888888888885,33.56268518518519,34.86875
prior_observed_pairs,pair9,ota__pkt_total,1.0,1.0,True,0.09166666666666667,47.941805555555554,51.1637037037037
prior_observed_pairs,pair9,ota5__rssi_n,0.9996759259259259,0.9996296296296296,True,0.17764042684849754,26.246329829111286,27.602352723230826
prior_observed_pairs,pair9,router__bytes_total__diff1,0.9993981481481482,0.9981944444444445,True,0.08264940609928373,0.11808032612220318,-6.239831176661565
prior_observed_pairs,pair9,router__udp_pkt,0.9993981481481482,0.9981944444444445,True,0.11352279502596907,4.0953351554176125,254.34961272668244
prior_observed_pairs,pair9,router__pkt_total__diff1,0.9993981481481482,0.9981944444444445,True,0.06653712870506967,0.0014360494742205957,-0.0030147024720560273
prior_observed_pairs,pair9,zigbee__bytes_total,0.8961574074074075,0.9456481481481481,True,0.09410805461786592,243.0346128015705,224.01747772446882
prior_observed_pairs,pair9,zigbee__beacon,0.8961574074074075,0.9456481481481481,True,0.045946806999645484,0.4361729606860567,0.34779202976598456
prior_observed_pairs,pair9,zigbee__ack,0.8961574074074075,0.9456481481481481,True,0.15672900443673177,2.761533295448675,3.2278468618427496
prior_observed_pairs,pair9,zigbee__pkt_total,0.8961574074074075,0.9456481481481481,True,0.024927124268375234,7.185772588727592,7.212082639772839
prior_observed_pairs,pair9,zb__app_event_intensity,1.0,1.0,True,4.6296296296266526e-05,0.0,0.00011504197562182391
prior_observed_pairs,pair9,iot__entity_stale__withings_snoring_episode_count,1.0,1.0,True,0.0,1.0,1.0
prior_observed_pairs,pair9,iot__smart_plug_ps5__sensor__voltage__value,0.0,1.0,False,,,243.63421296296298
prior_observed_pairs,pair9,iot__twinguard_087__sensor__purity__value,1.0,1.0,True,0.25004629629629627,552.8962962962963,574.1425925925926
prior_observed_pairs,pair9,iot__smart_plug__sensor__signal_strength__value,0.0,1.0,False,,,-51.37064814814815
prior_observed_pairs,pair9,iot__s5_max_side_brush_time_left__sensor__state__value,1.0,1.0,True,1.0,694792.0,693805.0
prior_observed_pairs,pair9,ota24__bytes_total,0.9996759259259259,0.9996759259259259,True,0.055712499421108674,6113.472838419858,6632.280276015375
prior_observed_pairs,pair9,ota5__mgmt,0.9996759259259259,0.9996296296296296,True,0.19139372181030978,23.41513453433983,24.40913301222675
prior_observed_pairs,pair9,ota__data,1.0,1.0,True,0.05490740740740743,14.379120370370371,16.294953703703705
prior_observed_pairs,pair9,ota24__rssi_n,0.9996759259259259,0.9996759259259259,True,0.03755846802204421,21.710832214143473,23.579030241281895
prior_observed_pairs,pair9,router__bytes_total__absdiff1,0.9993981481481482,0.9981944444444445,True,0.16077637498018604,26400.00328901654,546305.9965214971
prior_observed_pairs,pair9,router__tcp_pkt,0.9993981481481482,0.9981944444444445,True,0.03894196861189736,23.86445545930421,46.802235517833125
prior_observed_pairs,pair9,router__pkt_total__absdiff1,0.9993981481481482,0.9981944444444445,True,0.13076873315614979,29.737202946217632,438.7884142664997
prior_observed_pairs,pair9,zigbee__beacon_rate,0.8961574074074075,0.9456481481481481,True,0.04732621569618123,0.07210445467042222,0.046800817505038034
prior_observed_pairs,pair9,zigbee__ack_rate,0.8961574074074075,0.9456481481481481,True,0.23823563167304407,0.32682764810603465,0.4785536449401841
prior_observed_pairs,pair9,zigbee__pps,0.8961574074074075,0.9456481481481481,True,0.024927124268375234,7.185772588727592,7.212082639772839
original_pairs,pair0,iot__entity_stale__s5_max_total_cleaning_count,1.0,1.0,True,0.0,1.0,1.0
original_pairs,pair0,iot__smart_plug__sensor__voltage__value,0.0,0.0,False,,,
original_pairs,pair0,iot__coffee_maker_hot__sensor__water__value,0.0,1.0,False,,,50500.0
original_pairs,pair0,iot__smart_plug_ps5__sensor__signal_strength__value,0.0,0.0,False,,,
original_pairs,pair0,iot__s5_max_main_brush_time_left__sensor__state__value,0.0,1.0,False,,,1054792.0
original_pairs,pair0,ota__bytes_total,0.9997222222222222,1.0,True,0.11661804204871729,28606.196906548113,20130.665416666667
original_pairs,pair0,ota__mgmt,0.9997222222222222,1.0,True,0.21136169512107272,31.107159396128555,33.71347222222222
original_pairs,pair0,ota__pkt_total,0.9997222222222222,1.0,True,0.11617605970794354,53.227655830323236,48.02652777777778
original_pairs,pair0,ota5__rssi_n,0.9996759259259259,0.9996759259259259,True,0.14425971379613767,24.112351224934006,25.303848469411385
original_pairs,pair0,router__bytes_total__diff1,0.9988425925925926,0.9993518518518518,True,0.0856898859062658,-0.12333719582850522,0.23237283424441768
original_pairs,pair0,router__udp_pkt,0.9988425925925926,0.9993518518518518,True,0.11686086181561173,201.84041714947855,3.515704623366997
original_pairs,pair0,router__pkt_total__diff1,0.9988425925925926,0.9993518518518518,True,0.06637765196724754,-0.0011587485515643105,0.0030112109700731957
original_pairs,pair0,zigbee__bytes_total,0.9449074074074074,0.8462962962962963,True,0.08935637805726586,225.17604115629592,203.68227571115975
original_pairs,pair0,zigbee__beacon,0.9449074074074074,0.8462962962962963,True,0.03464524297846017,0.4410583047525723,0.42811816192560176
original_pairs,pair0,zigbee__ack,0.9449074074074074,0.8462962962962963,True,0.19637100275854824,3.3532092111709946,2.1532822757111596
original_pairs,pair0,zigbee__pkt_total,0.9449074074074074,0.8462962962962963,True,0.08666845530948164,7.408525232729055,5.9692560175054705
original_pairs,pair0,zb__app_event_intensity,1.0,1.0,True,0.0003240740740740877,0.0008522698724711383,0.0
original_pairs,pair0,iot__entity_stale__withings_snoring_episode_count,1.0,1.0,True,0.0,1.0,1.0
original_pairs,pair0,iot__smart_plug_ps5__sensor__voltage__value,0.0,0.0,False,,,
original_pairs,pair0,iot__twinguard_087__sensor__purity__value,1.0,1.0,True,0.8683333333333333,2061.465740740741,733.7259259259259
original_pairs,pair0,iot__smart_plug__sensor__signal_strength__value,0.0,0.0,False,,,
original_pairs,pair0,iot__s5_max_side_brush_time_left__sensor__state__value,0.0,1.0,False,,,694792.0
original_pairs,pair0,ota24__bytes_total,0.9996296296296296,0.9996296296296296,True,0.04622082252686188,15618.499768432754,6238.197434234902
original_pairs,pair0,ota5__mgmt,0.9996759259259259,0.9996759259259259,True,0.1795489278932988,21.041865419348863,22.36044088361969
original_pairs,pair0,ota__data,0.9997222222222222,1.0,True,0.032939396746009764,22.120496434194685,14.313055555555556
original_pairs,pair0,ota24__rssi_n,0.9996296296296296,0.9996296296296296,True,0.07989070025935535,22.333549462763987,22.738931085587254
original_pairs,pair0,router__bytes_total__absdiff1,0.9988425925925926,0.9993518518518518,True,0.16994422267812526,442618.3751100811,31985.377930139904
original_pairs,pair0,router__tcp_pkt,0.9988425925925926,0.9993518518518518,True,0.054690071533639695,31.95819235225956,27.781432409895302
original_pairs,pair0,router__pkt_total__absdiff1,0.9988425925925926,0.9993518518518518,True,0.13224800547198157,353.95582850521436,31.862271842861112
original_pairs,pair0,zigbee__beacon_rate,0.9449074074074074,0.8462962962962963,True,0.03464524297846017,0.06918992841911047,0.08132956880603304
original_pairs,pair0,zigbee__ack_rate,0.9449074074074074,0.8462962962962963,True,0.25872242121841416,0.4677648840931147,0.2960756870610252
original_pairs,pair0,zigbee__pps,0.9449074074074074,0.8462962962962963,True,0.08666845530948164,7.408525232729055,5.9692560175054705
original_pairs,pair1,iot__entity_stale__s5_max_total_cleaning_count,1.0,1.0,True,0.0,1.0,1.0
original_pairs,pair1,iot__smart_plug__sensor__voltage__value,0.0,0.0,False,,,
original_pairs,pair1,iot__coffee_maker_hot__sensor__water__value,0.0,1.0,False,,,50500.0
original_pairs,pair1,iot__smart_plug_ps5__sensor__signal_strength__value,0.0,0.0,False,,,
original_pairs,pair1,iot__s5_max_main_brush_time_left__sensor__state__value,1.0,1.0,True,1.0,1055770.0,1053805.0
original_pairs,pair1,ota__bytes_total,1.0,1.0,True,0.08078703703703705,19105.30898148148,19993.59412037037
original_pairs,pair1,ota__mgmt,1.0,1.0,True,0.08000000000000002,31.641296296296296,32.04435185185185
original_pairs,pair1,ota__pkt_total,1.0,1.0,True,0.05166666666666664,46.04388888888889,48.148842592592594
original_pairs,pair1,ota5__rssi_n,0.9996296296296296,0.9996296296296296,True,0.14560948499444237,23.345452019266396,26.07725083364209
original_pairs,pair1,router__bytes_total__diff1,0.9986111111111111,0.9990277777777777,True,0.057155442875391205,1.1528511821974965,175.6423837990639
original_pairs,pair1,router__udp_pkt,0.9986111111111111,0.9990277777777777,True,0.024696233737263595,93.91970329160871,31.760322535798693
original_pairs,pair1,router__pkt_total__diff1,0.9986111111111111,0.9990277777777777,True,0.020512318774866256,0.0041261010662957814,0.1437045275499328
original_pairs,pair1,zigbee__bytes_total,0.9675925925925926,0.9849074074074075,True,0.1081848364447831,202.54717703349283,209.8322835385917
original_pairs,pair1,zigbee__beacon,0.9675925925925926,0.9849074074074075,True,0.054800769904454705,0.5183732057416268,0.3912287299050484
original_pairs,pair1,zigbee__ack,0.9675925925925926,0.9849074074074075,True,0.10777103754026413,3.1721052631578948,3.2244053774560495
original_pairs,pair1,zigbee__pkt_total,0.9675925925925926,0.9849074074074075,True,0.08689781942870711,6.9091387559808615,7.022515746921124
original_pairs,pair1,zb__app_event_intensity,1.0,1.0,True,0.0003240740740740877,0.0006827656317640234,0.0
original_pairs,pair1,iot__entity_stale__withings_snoring_episode_count,1.0,1.0,True,0.0,0.9721759259259259,0.9721759259259259
original_pairs,pair1,iot__smart_plug_ps5__sensor__voltage__value,0.0,0.0,False,,,
original_pairs,pair1,iot__twinguard_087__sensor__purity__value,1.0,1.0,True,0.1777314814814815,662.5796296296296,698.4212962962963
original_pairs,pair1,iot__smart_plug__sensor__signal_strength__value,0.0,0.0,False,,,
original_pairs,pair1,iot__s5_max_side_brush_time_left__sensor__state__value,1.0,1.0,True,1.0,695770.0,693805.0
original_pairs,pair1,ota24__bytes_total,0.9996759259259259,0.9996759259259259,True,0.06316861946001023,6609.140276941602,6446.066178854258
original_pairs,pair1,ota5__mgmt,0.9996296296296296,0.9996296296296296,True,0.07345313078918114,20.51750648388292,21.48013153019637
original_pairs,pair1,ota__data,1.0,1.0,True,0.12319444444444444,14.402592592592592,16.10449074074074
original_pairs,pair1,ota24__rssi_n,0.9996759259259259,0.9996759259259259,True,0.03686379845320242,22.473764645950077,21.975269763349235
original_pairs,pair1,router__bytes_total__absdiff1,0.9986111111111111,0.9990277777777777,True,0.10397419295958232,216334.726147427,85511.38036980397
original_pairs,pair1,router__tcp_pkt,0.9986111111111111,0.9990277777777777,True,0.15919939290897422,14.990496059341679,27.58149126465545
original_pairs,pair1,router__pkt_total__absdiff1,0.9986111111111111,0.9990277777777777,True,0.03320355177124834,177.4162726008345,76.66967885444181
original_pairs,pair1,zigbee__beacon_rate,0.9675925925925926,0.9849074074074075,True,0.0456048648461429,0.07588320582472323,0.0530924439040442
original_pairs,pair1,zigbee__ack_rate,0.9675925925925926,0.9849074074074075,True,0.03548096762541875,0.5082967616416264,0.5064718702283918
original_pairs,pair1,zigbee__pps,0.9675925925925926,0.9849074074074075,True,0.08689781942870711,6.9091387559808615,7.022515746921124
original_pairs,pair2,iot__entity_stale__s5_max_total_cleaning_count,1.0,1.0,True,0.0,1.0,1.0
original_pairs,pair2,iot__smart_plug__sensor__voltage__value,0.0,0.6391666666666667,False,,,245.11618137041867
original_pairs,pair2,iot__coffee_maker_hot__sensor__water__value,0.0,1.0,False,,,50500.0
original_pairs,pair2,iot__smart_plug_ps5__sensor__signal_strength__value,0.0,0.6368981481481482,False,,,-60.403358290324924
original_pairs,pair2,iot__s5_max_main_brush_time_left__sensor__state__value,1.0,1.0,True,1.0,1055770.0,1053805.0
original_pairs,pair2,ota__bytes_total,1.0,1.0,True,0.21347222222222229,18517.296342592592,21580.192175925928
original_pairs,pair2,ota__mgmt,1.0,1.0,True,0.188425925925926,31.688055555555554,34.76486111111111
original_pairs,pair2,ota__pkt_total,1.0,1.0,True,0.11958333333333332,45.64453703703704,49.0675462962963
original_pairs,pair2,ota5__rssi_n,0.9996296296296296,0.9996759259259259,True,0.2322761669895389,23.576417191552427,26.752466076969387
original_pairs,pair2,router__bytes_total__diff1,0.9971296296296296,0.9992129629629629,True,0.04123903640642046,0.5511653821153311,0.1162952323588009
original_pairs,pair2,router__udp_pkt,0.9971296296296296,0.9992129629629629,True,0.03441371805648308,14.496378493824867,107.24505397766761
original_pairs,pair2,router__pkt_total__diff1,0.9971296296296296,0.9992129629629629,True,0.02698493796299606,0.0035286470424366234,0.0012973173330862254
original_pairs,pair2,zigbee__bytes_total,0.9546296296296296,0.9669907407407408,True,0.07547856353459292,179.95140640155188,195.45377507540576
original_pairs,pair2,zigbee__beacon,0.9546296296296296,0.9669907407407408,True,0.06946402091490689,0.4204655674102813,0.3265188873461962
original_pairs,pair2,zigbee__ack,0.9546296296296296,0.9669907407407408,True,0.06351229842981704,2.8516003879728418,2.994398429645234
original_pairs,pair2,zigbee__pkt_total,0.9546296296296296,0.9669907407407408,True,0.06748671910005605,6.209553831231814,6.574998803083258
original_pairs,pair2,zb__app_event_intensity,1.0,1.0,True,0.0,0.0,0.0
original_pairs,pair2,iot__entity_stale__withings_snoring_episode_count,1.0,1.0,True,0.0,1.0,1.0
original_pairs,pair2,iot__smart_plug_ps5__sensor__voltage__value,0.0,0.6392129629629629,False,,,245.08951980879263
original_pairs,pair2,iot__twinguard_087__sensor__purity__value,1.0,1.0,True,0.9722222222222223,566.9537037037037,838.3291666666667
original_pairs,pair2,iot__smart_plug__sensor__signal_strength__value,0.0,0.6382407407407408,False,,,-50.75888582620049
original_pairs,pair2,iot__s5_max_side_brush_time_left__sensor__state__value,1.0,1.0,True,1.0,695770.0,693805.0
original_pairs,pair2,ota24__bytes_total,0.9996296296296296,0.9996759259259259,True,0.028865965698714635,6124.439838829196,6372.555689343769
original_pairs,pair2,ota5__mgmt,0.9996296296296296,0.9996759259259259,True,0.2666464989142753,20.637226750648388,23.732830083823462
original_pairs,pair2,ota__data,1.0,1.0,True,0.05782407407407408,13.95648148148148,14.302685185185185
original_pairs,pair2,ota24__rssi_n,0.9996296296296296,0.9996759259259259,True,0.026645333067076227,22.08382734346054,22.297457509378038
original_pairs,pair2,router__bytes_total__absdiff1,0.9971296296296296,0.9992129629629629,True,0.07750372011979467,262134.99633206427,240791.62127600427
original_pairs,pair2,router__tcp_pkt,0.9971296296296296,0.9992129629629629,True,0.0494877286955161,123.9924319806853,29.16068201825511
original_pairs,pair2,router__pkt_total__absdiff1,0.9971296296296296,0.9992129629629629,True,0.017082425510146715,164.18571826539142,200.08154566093685
original_pairs,pair2,zigbee__beacon_rate,0.9546296296296296,0.9669907407407408,True,0.06965242791600845,0.06446467292053348,0.04113842260297426
original_pairs,pair2,zigbee__ack_rate,0.9546296296296296,0.9669907407407408,True,0.021086796222823306,0.4995719547827017,0.5047095122960212
original_pairs,pair2,zigbee__pps,0.9546296296296296,0.9669907407407408,True,0.06748671910005605,6.209553831231814,6.574998803083258
original_pairs,pair3,iot__entity_stale__s5_max_total_cleaning_count,1.0,1.0,True,0.0,1.0,1.0
original_pairs,pair3,iot__smart_plug__sensor__voltage__value,0.0,1.0,False,,,243.36388888888888
original_pairs,pair3,iot__coffee_maker_hot__sensor__water__value,0.0,1.0,False,,,50500.0
original_pairs,pair3,iot__smart_plug_ps5__sensor__signal_strength__value,0.0,1.0,False,,,-60.63851851851852
original_pairs,pair3,iot__s5_max_main_brush_time_left__sensor__state__value,1.0,1.0,True,1.0,1055770.0,1053805.0
original_pairs,pair3,ota__bytes_total,1.0,1.0,True,0.16912037037037042,17765.994166666667,20278.950787037036
original_pairs,pair3,ota__mgmt,1.0,1.0,True,0.155787037037037,31.03587962962963,33.160046296296294
original_pairs,pair3,ota__pkt_total,1.0,1.0,True,0.09370370370370362,45.21652777777778,47.50662037037037
original_pairs,pair3,ota5__rssi_n,0.9996759259259259,0.9996759259259259,True,0.2877321354142546,22.42120131524105,26.259806418746816
original_pairs,pair3,router__bytes_total__diff1,0.9998148148148148,0.9978703703703704,True,0.11118002393846264,-0.4572142989442489,226.03980699638117
original_pairs,pair3,router__udp_pkt,0.9998148148148148,0.9978703703703704,True,0.12201460760787197,3.4780051861455825,161.29321703628096
original_pairs,pair3,router__pkt_total__diff1,0.9998148148148148,0.9978703703703704,True,0.08837548710773906,-0.0006945730690868679,0.18279669666883178
original_pairs,pair3,zigbee__bytes_total,0.9153703703703704,0.9501388888888889,True,0.06184184594500586,221.0637770584665,197.48886615017298
original_pairs,pair3,zigbee__beacon,0.9153703703703704,0.9501388888888889,True,0.023342834424607384,0.4773922718996561,0.4466208643960435
original_pairs,pair3,zigbee__ack,0.9153703703703704,0.9501388888888889,True,0.05767886883231099,2.945225571515274,2.7599766116064903
original_pairs,pair3,zigbee__pkt_total,0.9153703703703704,0.9501388888888889,True,0.05683610585022425,6.993071009508395,6.5548409101983145
original_pairs,pair3,zb__app_event_intensity,1.0,1.0,True,0.0,0.0,0.0
original_pairs,pair3,iot__entity_stale__withings_snoring_episode_count,1.0,1.0,True,0.0,1.0,1.0
original_pairs,pair3,iot__smart_plug_ps5__sensor__voltage__value,0.0,1.0,False,,,243.3187037037037
original_pairs,pair3,iot__twinguard_087__sensor__purity__value,1.0,1.0,True,0.773287037037037,577.0050925925926,804.6828703703703
original_pairs,pair3,iot__smart_plug__sensor__signal_strength__value,0.0,1.0,False,,,-52.94324074074074
original_pairs,pair3,iot__s5_max_side_brush_time_left__sensor__state__value,1.0,1.0,True,1.0,695770.0,693805.0
original_pairs,pair3,ota24__bytes_total,0.9997222222222222,0.9996296296296296,True,0.14513639463132194,6246.090256552746,5929.206419044091
original_pairs,pair3,ota5__mgmt,0.9996759259259259,0.9996759259259259,True,0.286018617144445,19.656555365164635,22.906775343861437
original_pairs,pair3,ota__data,1.0,1.0,True,0.09615740740740741,14.180648148148148,14.346574074074073
original_pairs,pair3,ota24__rssi_n,0.9997222222222222,0.9996296296296296,True,0.13975726570816482,22.80883578771881,21.26055946646906
original_pairs,pair3,router__bytes_total__absdiff1,0.9998148148148148,0.9978703703703704,True,0.21819260946240404,2049.7434710131506,370109.2171290712
original_pairs,pair3,router__tcp_pkt,0.9998148148148148,0.9978703703703704,True,0.07115114915396692,3.492591220596407,35.907673749652034
original_pairs,pair3,router__pkt_total__absdiff1,0.9998148148148148,0.9978703703703704,True,0.168779859380652,10.805658455269494,302.9707710865733
original_pairs,pair3,zigbee__beacon_rate,0.9153703703703704,0.9501388888888889,True,0.023342834424607384,0.07913309545826144,0.07189085203828428
original_pairs,pair3,zigbee__ack_rate,0.9153703703703704,0.9501388888888889,True,0.03711377579472985,0.4142402594582365,0.431391838089402
original_pairs,pair3,zigbee__pps,0.9153703703703704,0.9501388888888889,True,0.05683610585022425,6.993071009508395,6.5548409101983145
original_pairs,pair4,iot__entity_stale__s5_max_total_cleaning_count,1.0,1.0,True,0.010046296296296296,0.9822222222222222,0.9721759259259259
original_pairs,pair4,iot__smart_plug__sensor__voltage__value,0.0,0.0,False,,,
original_pairs,pair4,iot__coffee_maker_hot__sensor__water__value,0.0,1.0,False,,,50500.0
original_pairs,pair4,iot__smart_plug_ps5__sensor__signal_strength__value,0.0,0.0,False,,,
original_pairs,pair4,iot__s5_max_main_brush_time_left__sensor__state__value,1.0,1.0,True,1.0,1054792.0,1053805.0
original_pairs,pair4,ota__bytes_total,1.0,1.0,True,0.4538888888888889,30125.04685185185,22585.37958333333
original_pairs,pair4,ota__mgmt,1.0,1.0,True,0.48337962962962966,40.66879629629629,32.52981481481481
original_pairs,pair4,ota__pkt_total,1.0,1.0,True,0.25976851851851857,54.94601851851852,76.01574074074074
original_pairs,pair4,ota5__rssi_n,0.9996759259259259,0.9995833333333334,True,0.4993079161510269,33.77367665447136,53.296234542170346
original_pairs,pair4,router__bytes_total__diff1,0.9992129629629629,0.9976851851851852,True,0.020055911066037324,0.5441782884677756,2.69461716937355
original_pairs,pair4,router__udp_pkt,0.9992129629629629,0.9976851851851852,True,0.027323515446171065,37.72890701014688,125.04013921113689
original_pairs,pair4,router__pkt_total__diff1,0.9992129629629629,0.9976851851851852,True,0.02005647866924568,0.0011583190473984154,0.021856148491879352
original_pairs,pair4,zigbee__bytes_total,0.9027777777777778,0.7352314814814814,True,0.0511835494438605,208.06261538461538,187.87437818777155
original_pairs,pair4,zigbee__beacon,0.9027777777777778,0.7352314814814814,True,0.026615998152929032,0.43138461538461537,0.48517095900761914
original_pairs,pair4,zigbee__ack,0.9027777777777778,0.7352314814814814,True,0.08787165117484375,2.7794358974358975,2.3122599332535736
original_pairs,pair4,zigbee__pkt_total,0.9027777777777778,0.7352314814814814,True,0.06642996065286844,6.683948717948718,5.984887601536427
original_pairs,pair4,zb__app_event_intensity,1.0,1.0,True,0.0,0.0,0.0
original_pairs,pair4,iot__entity_stale__withings_snoring_episode_count,1.0,1.0,True,0.0,1.0,1.0
original_pairs,pair4,iot__smart_plug_ps5__sensor__voltage__value,0.0,0.0,False,,,
original_pairs,pair4,iot__twinguard_087__sensor__purity__value,1.0,1.0,True,0.5114814814814814,684.425925925926,517.0944444444444
original_pairs,pair4,iot__smart_plug__sensor__signal_strength__value,0.0,0.0,False,,,
original_pairs,pair4,iot__s5_max_side_brush_time_left__sensor__state__value,1.0,1.0,True,1.0,694792.0,693805.0
original_pairs,pair4,ota24__bytes_total,0.9996296296296296,0.9996759259259259,True,0.08288479516479097,5996.51449610967,6711.185662020099
original_pairs,pair4,ota5__mgmt,0.9996759259259259,0.9995833333333334,True,0.5492821122539907,30.485851896447922,21.810800796628225
original_pairs,pair4,ota__data,1.0,1.0,True,0.03328703703703706,14.277222222222223,43.485925925925926
original_pairs,pair4,ota24__rssi_n,0.9996296296296296,0.9996759259259259,True,0.042266044735073005,21.190626157836235,22.621173528458296
original_pairs,pair4,router__bytes_total__absdiff1,0.9992129629629629,0.9976851851851852,True,0.04001915660828281,72741.88384376593,271978.210812065
original_pairs,pair4,router__tcp_pkt,0.9992129629629629,0.9976851851851852,True,0.07614803822678606,11.071584117129222,44.92830626450116
original_pairs,pair4,router__pkt_total__absdiff1,0.9992129629629629,0.9976851851851852,True,0.03992741343970452,69.80832136403652,221.81962877030162
original_pairs,pair4,zigbee__beacon_rate,0.9027777777777778,0.7352314814814814,True,0.044644860250678486,0.07124197419933402,0.09255479119917932
original_pairs,pair4,zigbee__ack_rate,0.9027777777777778,0.7352314814814814,True,0.08230631346278972,0.39299354830594396,0.3493411555840761
original_pairs,pair4,zigbee__pps,0.9027777777777778,0.7352314814814814,True,0.06642996065286844,6.683948717948718,5.984887601536427
original_pairs,pair5,iot__entity_stale__s5_max_total_cleaning_count,1.0,1.0,True,0.0,0.9721759259259259,0.9721759259259259
original_pairs,pair5,iot__smart_plug__sensor__voltage__value,0.0,1.0,False,,,243.59777777777776
original_pairs,pair5,iot__coffee_maker_hot__sensor__water__value,0.0,1.0,False,,,50500.0
original_pairs,pair5,iot__smart_plug_ps5__sensor__signal_strength__value,0.0,1.0,False,,,-67.18513888888889
original_pairs,pair5,iot__s5_max_main_brush_time_left__sensor__state__value,1.0,1.0,True,1.0,1054792.0,1053805.0
original_pairs,pair5,ota__bytes_total,1.0,1.0,True,0.2755555555555556,18736.720046296297,22969.645416666666
original_pairs,pair5,ota__mgmt,1.0,1.0,True,0.2829166666666667,31.585231481481483,34.86875
original_pairs,pair5,ota__pkt_total,1.0,1.0,True,0.10578703703703707,46.19013888888889,51.1637037037037
original_pairs,pair5,ota5__rssi_n,0.9996759259259259,0.9996296296296296,True,0.3130055218209035,23.96647061547724,27.602352723230826
original_pairs,pair5,router__bytes_total__diff1,0.9995833333333334,0.9981944444444445,True,0.08475015907412176,0.2740956880181557,-6.239831176661565
original_pairs,pair5,router__udp_pkt,0.9995833333333334,0.9981944444444445,True,0.11112268517645851,4.081144921495067,254.34961272668244
original_pairs,pair5,router__pkt_total__diff1,0.9995833333333334,0.9981944444444445,True,0.07219205973104462,0.0025473576953360198,-0.0030147024720560273
original_pairs,pair5,zigbee__bytes_total,0.9098611111111111,0.9456481481481481,True,0.0471875226703925,202.3731236961278,224.01747772446882
original_pairs,pair5,zigbee__beacon,0.9098611111111111,0.9456481481481481,True,0.08119156805611139,0.5128987940772401,0.34779202976598456
original_pairs,pair5,zigbee__ack,0.9098611111111111,0.9456481481481481,True,0.09984065353126723,2.539714038569175,3.2278468618427496
original_pairs,pair5,zigbee__pkt_total,0.9098611111111111,0.9456481481481481,True,0.05071629808410627,6.338218083753117,7.212082639772839
original_pairs,pair5,zb__app_event_intensity,1.0,1.0,True,4.6296296296266526e-05,0.0,0.00011504197562182391
original_pairs,pair5,iot__entity_stale__withings_snoring_episode_count,1.0,1.0,True,0.0,1.0,1.0
original_pairs,pair5,iot__smart_plug_ps5__sensor__voltage__value,0.0,1.0,False,,,243.63421296296298
original_pairs,pair5,iot__twinguard_087__sensor__purity__value,1.0,1.0,True,0.23388888888888892,535.0657407407407,574.1425925925926
original_pairs,pair5,iot__smart_plug__sensor__signal_strength__value,0.0,1.0,False,,,-51.37064814814815
original_pairs,pair5,iot__s5_max_side_brush_time_left__sensor__state__value,1.0,1.0,True,1.0,694792.0,693805.0
original_pairs,pair5,ota24__bytes_total,0.9996296296296296,0.9996759259259259,True,0.1087361870614314,6085.526398666173,6632.280276015375
original_pairs,pair5,ota5__mgmt,0.9996759259259259,0.9996296296296296,True,0.3554716583309464,20.960218589357662,24.40913301222675
original_pairs,pair5,ota__data,1.0,1.0,True,0.0750925925925926,14.604907407407408,16.294953703703705
original_pairs,pair5,ota24__rssi_n,0.9996296296296296,0.9996759259259259,True,0.08626324901821836,22.23962578732864,23.579030241281895
original_pairs,pair5,router__bytes_total__absdiff1,0.9995833333333334,0.9981944444444445,True,0.16750449431075076,22498.13561206058,546305.9965214971
original_pairs,pair5,router__tcp_pkt,0.9995833333333334,0.9981944444444445,True,0.04820074935370988,19.3407901440415,46.802235517833125
original_pairs,pair5,router__pkt_total__absdiff1,0.9995833333333334,0.9981944444444445,True,0.14385378753909706,25.868695289704043,438.7884142664997
original_pairs,pair5,zigbee__beacon_rate,0.9098611111111111,0.9456481481481481,True,0.08887306737029932,0.08549024139864143,0.046800817505038034
original_pairs,pair5,zigbee__ack_rate,0.9098611111111111,0.9456481481481481,True,0.14137179605965722,0.3861352331325619,0.4785536449401841
original_pairs,pair5,zigbee__pps,0.9098611111111111,0.9456481481481481,True,0.05071629808410627,6.338218083753117,7.212082639772839
original_pairs,pair6,iot__entity_stale__s5_max_total_cleaning_count,1.0,1.0,True,0.0,1.0,1.0
original_pairs,pair6,iot__smart_plug__sensor__voltage__value,0.0,1.0,False,,,243.55717592592592
original_pairs,pair6,iot__coffee_maker_hot__sensor__water__value,1.0,1.0,True,0.0,50500.0,50500.0
original_pairs,pair6,iot__smart_plug_ps5__sensor__signal_strength__value,0.0,1.0,False,,,-62.18773148148148
original_pairs,pair6,iot__s5_max_main_brush_time_left__sensor__state__value,1.0,1.0,True,1.0,1054792.0,1053805.0
original_pairs,pair6,ota__bytes_total,1.0,1.0,True,0.20356481481481492,29034.858703703703,26675.359907407408
original_pairs,pair6,ota__mgmt,1.0,1.0,True,0.15134259259259264,39.57314814814815,38.40435185185185
original_pairs,pair6,ota__pkt_total,1.0,1.0,True,0.06828703703703703,53.86453703703704,52.59810185185185
original_pairs,pair6,ota5__rssi_n,0.9996296296296296,0.9996296296296296,True,0.1880789181178214,32.38505001852538,30.50833642089663
original_pairs,pair6,router__bytes_total__diff1,0.9991666666666666,0.9985648148148148,True,0.0243922542674872,0.1629598739690483,-0.23107237238629513
original_pairs,pair6,router__udp_pkt,0.9991666666666666,0.9985648148148148,True,0.03635194748119719,5.38902789361505,3.7974407714775835
original_pairs,pair6,router__pkt_total__diff1,0.9991666666666666,0.9985648148148148,True,0.014637444494940477,0.0011120378092855157,0.0004172655199592007
original_pairs,pair6,zigbee__bytes_total,0.9571296296296297,0.9081481481481481,True,0.033282809570334526,207.22564573860888,201.671441680261
original_pairs,pair6,zigbee__beacon,0.9571296296296297,0.9081481481481481,True,0.006897726076570354,0.3516977846570572,0.3591455954323002
original_pairs,pair6,zigbee__ack,0.9571296296296297,0.9081481481481481,True,0.10151236329181304,3.102592628422173,2.670575040783034
original_pairs,pair6,zigbee__pkt_total,0.9571296296296297,0.9081481481481481,True,0.062441480665993254,6.862097320305698,6.389325040783034
original_pairs,pair6,zb__app_event_intensity,1.0,1.0,True,4.6296296296266526e-05,0.00012537269680588334,0.0
original_pairs,pair6,iot__entity_stale__withings_snoring_episode_count,1.0,1.0,True,0.0,1.0,1.0
original_pairs,pair6,iot__smart_plug_ps5__sensor__voltage__value,0.0,1.0,False,,,243.24152777777778
original_pairs,pair6,iot__twinguard_087__sensor__purity__value,1.0,1.0,True,0.4185648148148148,547.8569444444445,633.4791666666666
original_pairs,pair6,iot__smart_plug__sensor__signal_strength__value,0.0,1.0,False,,,-52.86893518518519
original_pairs,pair6,iot__s5_max_side_brush_time_left__sensor__state__value,1.0,1.0,True,1.0,694792.0,693805.0
original_pairs,pair6,ota24__bytes_total,0.9996296296296296,0.9996296296296296,True,0.097860318636532,6007.136948869952,6193.288440163024
original_pairs,pair6,ota5__mgmt,0.9996296296296296,0.9996296296296296,True,0.21498703223416082,29.151259725824378,27.34364579473879
original_pairs,pair6,ota__data,1.0,1.0,True,0.08666666666666667,14.29138888888889,14.19375
original_pairs,pair6,ota24__rssi_n,0.9996296296296296,0.9996296296296296,True,0.0707206372730641,21.49935161170804,22.10902185994813
original_pairs,pair6,router__bytes_total__absdiff1,0.9991666666666666,0.9985648148148148,True,0.0477341890217402,33097.760124177556,31707.239000417267
original_pairs,pair6,router__tcp_pkt,0.9991666666666666,0.9985648148148148,True,0.04418039668894502,28.129830414234085,32.220918911400624
original_pairs,pair6,router__pkt_total__absdiff1,0.9991666666666666,0.9985648148148148,True,0.02007735053292714,34.836437772217586,33.45305762900459
original_pairs,pair6,zigbee__beacon_rate,0.9571296296296297,0.9081481481481481,True,0.01720507380083991,0.046588608679473634,0.057059202571260875
original_pairs,pair6,zigbee__ack_rate,0.9571296296296297,0.9081481481481481,True,0.10863868760613965,0.48983484221687396,0.4146590709614493
original_pairs,pair6,zigbee__pps,0.9571296296296297,0.9081481481481481,True,0.062441480665993254,6.862097320305698,6.389325040783034
original_pairs,pair7,iot__entity_stale__s5_max_total_cleaning_count,1.0,1.0,True,0.0,0.9721759259259259,0.9721759259259259
original_pairs,pair7,iot__smart_plug__sensor__voltage__value,0.0,1.0,False,,,242.9624074074074
original_pairs,pair7,iot__coffee_maker_hot__sensor__water__value,1.0,1.0,True,0.0,50500.0,50500.0
original_pairs,pair7,iot__smart_plug_ps5__sensor__signal_strength__value,0.0,1.0,False,,,-64.52324074074075
original_pairs,pair7,iot__s5_max_main_brush_time_left__sensor__state__value,1.0,1.0,True,1.0,1054792.0,1053148.861111111
original_pairs,pair7,ota__bytes_total,1.0,1.0,True,0.4883333333333334,17215.648842592593,25609.015092592592
original_pairs,pair7,ota__mgmt,1.0,1.0,True,0.5339351851851851,29.23759259259259,38.557685185185186
original_pairs,pair7,ota__pkt_total,1.0,1.0,True,0.2918518518518518,44.39782407407407,52.7812037037037
original_pairs,pair7,ota5__rssi_n,0.9997222222222222,0.9996296296296296,True,0.4717300379810606,22.781281837547468,30.501528343831048
original_pairs,pair7,router__bytes_total__diff1,0.9983796296296297,0.9992592592592593,True,0.05253581540250074,12.768467424066776,0.5075518902891031
original_pairs,pair7,router__udp_pkt,0.9983796296296297,0.9992592592592593,True,0.0559821600598257,74.15668907952701,7.44482023721275
original_pairs,pair7,router__pkt_total__diff1,0.9983796296296297,0.9992592592592593,True,0.03070568670544016,0.014514259216322746,0.003752779836916234
original_pairs,pair7,zigbee__bytes_total,0.9837962962962963,0.9548611111111112,True,0.055617825311942926,193.45656470588236,170.7037090909091
original_pairs,pair7,zigbee__beacon,0.9837962962962963,0.9548611111111112,True,0.028168270944741503,0.4345411764705882,0.4208
original_pairs,pair7,zigbee__ack,0.9837962962962963,0.9548611111111112,True,0.0733176470588236,3.0824470588235293,2.6145939393939392
original_pairs,pair7,zigbee__pkt_total,0.9837962962962963,0.9548611111111112,True,0.05768270944741527,6.596988235294118,5.895709090909091
original_pairs,pair7,zb__app_event_intensity,1.0,1.0,True,9.259259259264407e-05,0.00022390194513179638,0.0
original_pairs,pair7,iot__entity_stale__withings_snoring_episode_count,1.0,1.0,True,0.0,1.0,1.0
original_pairs,pair7,iot__smart_plug_ps5__sensor__voltage__value,0.0,1.0,False,,,242.72833333333332
original_pairs,pair7,iot__twinguard_087__sensor__purity__value,1.0,1.0,True,0.8830092592592592,1050.6319444444443,558.7550925925926
original_pairs,pair7,iot__smart_plug__sensor__signal_strength__value,0.0,1.0,False,,,-51.83
original_pairs,pair7,iot__s5_max_side_brush_time_left__sensor__state__value,1.0,1.0,True,1.0,694792.0,693148.8611111111
original_pairs,pair7,ota24__bytes_total,0.9996759259259259,0.9996296296296296,True,0.09466899102286508,5996.360070393183,6151.285337161912
original_pairs,pair7,ota5__mgmt,0.9997222222222222,0.9996296296296296,True,0.547865351047282,19.106372140409373,27.276167098925526
original_pairs,pair7,ota__data,1.0,1.0,True,0.1274537037037037,15.160231481481482,14.22351851851852
original_pairs,pair7,ota24__rssi_n,0.9996759259259259,0.9996296296296296,True,0.09281967030023086,21.629787431111936,22.298860689144128
original_pairs,pair7,router__bytes_total__absdiff1,0.9983796296296297,0.9992592592592593,True,0.10181975227203699,166435.0061674009,34385.73225537435
original_pairs,pair7,router__tcp_pkt,0.9983796296296297,0.9992592592592593,True,0.061661681193117435,29.10178530025504,32.814631208302444
original_pairs,pair7,router__pkt_total__absdiff1,0.9983796296296297,0.9992592592592593,True,0.05802531978329517,139.26997449571064,35.551195329873984
original_pairs,pair7,zigbee__beacon_rate,0.9837962962962963,0.9548611111111112,True,0.041222103386809206,0.056453779032212846,0.07209679769205325
original_pairs,pair7,zigbee__ack_rate,0.9837962962962963,0.9548611111111112,True,0.0808627450980392,0.5331301396452329,0.48981951680364033
original_pairs,pair7,zigbee__pps,0.9837962962962963,0.9548611111111112,True,0.05768270944741527,6.596988235294118,5.895709090909091
original_pairs,pair8,iot__entity_stale__s5_max_total_cleaning_count,1.0,1.0,True,0.0,1.0,1.0
original_pairs,pair8,iot__smart_plug__sensor__voltage__value,0.0,1.0,False,,,242.66685185185185
original_pairs,pair8,iot__coffee_maker_hot__sensor__water__value,1.0,1.0,True,0.0,50500.0,50500.0
original_pairs,pair8,iot__smart_plug_ps5__sensor__signal_strength__value,0.0,1.0,False,,,-61.54787037037037
original_pairs,pair8,iot__s5_max_main_brush_time_left__sensor__state__value,1.0,1.0,True,1.0,1054792.0,1053805.0
original_pairs,pair8,ota__bytes_total,1.0,1.0,True,0.21833333333333338,22815.466435185186,19733.0775
original_pairs,pair8,ota__mgmt,1.0,1.0,True,0.24333333333333335,36.0725,32.55689814814815
original_pairs,pair8,ota__pkt_total,1.0,1.0,True,0.1505092592592593,51.33953703703704,47.299675925925925
original_pairs,pair8,ota5__rssi_n,0.9996296296296296,0.9996759259259259,True,0.2973452143306566,28.704983327158207,24.65132218774603
original_pairs,pair8,router__bytes_total__diff1,0.9993518518518518,0.9989351851851852,True,0.032675771508468676,-0.37737422403409615,66.31417713305835
original_pairs,pair8,router__udp_pkt,0.9993518518518518,0.9989351851851852,True,0.03544851903719004,22.009867506717317,119.54664689252445
original_pairs,pair8,router__pkt_total__diff1,0.9993518518518518,0.9989351851851852,True,0.0327640184618071,0.0005095895487816178,0.05584650322102239
original_pairs,pair8,zigbee__bytes_total,0.8772685185185185,0.8724537037037037,True,0.081029176345085,258.5103699403663,207.2344919076678
original_pairs,pair8,zigbee__beacon,0.8772685185185185,0.8724537037037037,True,0.038169830986053976,0.39521874505250937,0.46086495091536217
original_pairs,pair8,zigbee__ack,0.8772685185185185,0.8724537037037037,True,0.0892418200193027,2.949179376220381,2.305863624303529
original_pairs,pair8,zigbee__pkt_total,0.8772685185185185,0.8724537037037037,True,0.08579495917187385,7.644097313842419,6.191775006633059
original_pairs,pair8,zb__app_event_intensity,1.0,1.0,True,0.0,0.0,0.0
original_pairs,pair8,iot__entity_stale__withings_snoring_episode_count,1.0,1.0,True,0.027824074074074074,1.0,0.9721759259259259
original_pairs,pair8,iot__smart_plug_ps5__sensor__voltage__value,0.0,1.0,False,,,242.68541666666667
original_pairs,pair8,iot__twinguard_087__sensor__purity__value,1.0,1.0,True,0.30222222222222217,599.6907407407407,575.8726851851852
original_pairs,pair8,iot__smart_plug__sensor__signal_strength__value,0.0,1.0,False,,,-51.39083333333333
original_pairs,pair8,iot__s5_max_side_brush_time_left__sensor__state__value,1.0,1.0,True,1.0,694792.0,693805.0
original_pairs,pair8,ota24__bytes_total,0.9996296296296296,0.9996296296296296,True,0.16103186365320488,6175.623981104112,6468.678353093738
original_pairs,pair8,ota5__mgmt,0.9996296296296296,0.9996759259259259,True,0.2899346398897986,24.894359021859948,21.604733015329042
original_pairs,pair8,ota__data,1.0,1.0,True,0.098287037037037,15.267037037037037,14.742777777777778
original_pairs,pair8,ota24__rssi_n,0.9996296296296296,0.9996296296296296,True,0.10175064838829195,22.65264912930715,22.66464431270841
original_pairs,pair8,router__bytes_total__absdiff1,0.9993518518518518,0.9989351851851852,True,0.05826641752207047,66520.96544056333,263258.8343606618
original_pairs,pair8,router__tcp_pkt,0.9993518518518518,0.9989351851851852,True,0.04707487156903567,24.7275548966923,31.62506372526301
original_pairs,pair8,router__pkt_total__absdiff1,0.9993518518518518,0.9989351851851852,True,0.0551988514833576,61.76470860743074,217.30402743662233
original_pairs,pair8,zigbee__beacon_rate,0.8772685185185185,0.8724537037037037,True,0.04797913030747469,0.06061416782134622,0.07787971744552535
original_pairs,pair8,zigbee__ack_rate,0.8772685185185185,0.8724537037037037,True,0.02378590303858591,0.31715297783432084,0.31657911740731703
original_pairs,pair8,zigbee__pps,0.8772685185185185,0.8724537037037037,True,0.08579495917187385,7.644097313842419,6.191775006633059
original_pairs,pair9,iot__entity_stale__s5_max_total_cleaning_count,1.0,1.0,True,0.0,0.9721759259259259,0.9721759259259259
original_pairs,pair9,iot__smart_plug__sensor__voltage__value,0.0,1.0,False,,,243.59097222222223
original_pairs,pair9,iot__coffee_maker_hot__sensor__water__value,1.0,1.0,True,0.0,50500.0,50500.0
original_pairs,pair9,iot__smart_plug_ps5__sensor__signal_strength__value,0.0,1.0,False,,,-63.9137037037037
original_pairs,pair9,iot__s5_max_main_brush_time_left__sensor__state__value,1.0,1.0,True,1.0,1054792.0,1053805.0
original_pairs,pair9,ota__bytes_total,1.0,1.0,True,0.15074074074074073,22411.619583333333,21028.508564814816
original_pairs,pair9,ota__mgmt,1.0,1.0,True,0.1086574074074074,33.56268518518519,33.985787037037035
original_pairs,pair9,ota__pkt_total,1.0,1.0,True,0.09962962962962962,47.941805555555554,49.4149537037037
original_pairs,pair9,ota5__rssi_n,0.9996759259259259,0.9996296296296296,True,0.1125305890113312,26.246329829111286,26.47999258984809
original_pairs,pair9,router__bytes_total__diff1,0.9993981481481482,0.998287037037037,True,0.05182897669129116,0.11808032612220318,0.18364791541065714
original_pairs,pair9,router__udp_pkt,0.9993981481481482,0.998287037037037,True,0.09108544123894213,4.0953351554176125,73.24815656448546
original_pairs,pair9,router__pkt_total__diff1,0.9993981481481482,0.998287037037037,True,0.0352809616521815,0.0014360494742205957,0.0021332838658813707
original_pairs,pair9,zigbee__bytes_total,0.8961574074074075,0.9496296296296296,True,0.10546808289390003,243.0346128015705,198.0941887675507
original_pairs,pair9,zigbee__beacon,0.8961574074074075,0.9496296296296296,True,0.04766333366565023,0.4361729606860567,0.5014138065522621
original_pairs,pair9,zigbee__ack,0.8961574074074075,0.9496296296296296,True,0.12284781686767804,2.761533295448675,2.739274570982839
original_pairs,pair9,zigbee__pkt_total,0.8961574074074075,0.9496296296296296,True,0.04898596296437485,7.185772588727592,6.446129095163807
original_pairs,pair9,zb__app_event_intensity,1.0,1.0,True,4.6296296296266526e-05,0.0,0.0001409501168462965
original_pairs,pair9,iot__entity_stale__withings_snoring_episode_count,1.0,1.0,True,0.0,1.0,1.0
original_pairs,pair9,iot__smart_plug_ps5__sensor__voltage__value,0.0,1.0,False,,,243.62203703703705
original_pairs,pair9,iot__twinguard_087__sensor__purity__value,1.0,1.0,True,0.45472222222222214,552.8962962962963,610.263425925926
original_pairs,pair9,iot__smart_plug__sensor__signal_strength__value,0.0,1.0,False,,,-55.03013888888889
original_pairs,pair9,iot__s5_max_side_brush_time_left__sensor__state__value,1.0,1.0,True,1.0,694792.0,693805.0
original_pairs,pair9,ota24__bytes_total,0.9996759259259259,0.9996296296296296,True,0.11660553339958762,6113.472838419858,6377.014773990367
original_pairs,pair9,ota5__mgmt,0.9996759259259259,0.9996296296296296,True,0.1754228999397679,23.41513453433983,22.65352908484624
original_pairs,pair9,ota__data,1.0,1.0,True,0.09342592592592594,14.379120370370371,15.429166666666667
original_pairs,pair9,ota24__rssi_n,0.9996759259259259,0.9996296296296296,True,0.10613916140368174,21.710832214143473,22.953177102630605
original_pairs,pair9,router__bytes_total__absdiff1,0.9993981481481482,0.998287037037037,True,0.10173615851359408,26400.00328901654,175639.6295506191
original_pairs,pair9,router__tcp_pkt,0.9993981481481482,0.998287037037037,True,0.05376601387502655,23.86445545930421,42.05653202244586
original_pairs,pair9,router__pkt_total__absdiff1,0.9993981481481482,0.998287037037037,True,0.06134642625326325,29.737202946217632,143.77220238371285
original_pairs,pair9,zigbee__beacon_rate,0.8961574074074075,0.9496296296296296,True,0.049803352107220644,0.07210445467042222,0.0857820651796719
original_pairs,pair9,zigbee__ack_rate,0.8961574074074075,0.9496296296296296,True,0.19040033176209514,0.32682764810603465,0.4430671691111407
original_pairs,pair9,zigbee__pps,0.8961574074074075,0.9496296296296296,True,0.04898596296437485,7.185772588727592,6.446129095163807
