arm,pair_id,descriptor,group,weight,squared_contribution,share
balanced_observed,pair0,missing__iot__coffee_maker_hot__sensor__water__value,iot|missing,0.007692307692307693,0.007692307692307693,0.13532835602680257
balanced_observed,pair0,missing__iot__entity_stale__s5_max_total_cleaning_count,iot|missing,0.007692307692307693,0.0,0.0
balanced_observed,pair0,missing__iot__entity_stale__withings_snoring_episode_count,iot|missing,0.007692307692307693,0.0,0.0
balanced_observed,pair0,missing__iot__s5_max_main_brush_time_left__sensor__state__value,iot|missing,0.007692307692307693,0.007692307692307693,0.13532835602680257
balanced_observed,pair0,missing__iot__s5_max_side_brush_time_left__sensor__state__value,iot|missing,0.007692307692307693,0.007692307692307693,0.13532835602680257
balanced_observed,pair0,missing__iot__smart_plug__sensor__signal_strength__value,iot|missing,0.007692307692307693,0.003133471101086842,0.05512617405978504
balanced_observed,pair0,missing__iot__smart_plug__sensor__voltage__value,iot|missing,0.007692307692307693,0.0031425694444444444,0.05528623836017476
balanced_observed,pair0,missing__iot__smart_plug_ps5__sensor__signal_strength__value,iot|missing,0.007692307692307693,0.0031203019316503114,0.054894492993274105
balanced_observed,pair0,missing__iot__smart_plug_ps5__sensor__voltage__value,iot|missing,0.007692307692307693,0.0031430247078453096,0.05529424766636253
balanced_observed,pair0,missing__iot__twinguard_087__sensor__purity__value,iot|missing,0.007692307692307693,0.0,0.0
balanced_observed,pair0,missing__ota24__bytes_total,ota|missing,0.009615384615384616,2.06091062572279e-11,3.6256954096640446e-10
balanced_observed,pair0,missing__ota24__rssi_n,ota|missing,0.009615384615384616,2.06091062572279e-11,3.6256954096640446e-10
balanced_observed,pair0,missing__ota5__mgmt,ota|missing,0.009615384615384616,0.0,0.0
balanced_observed,pair0,missing__ota5__rssi_n,ota|missing,0.009615384615384616,0.0,0.0
balanced_observed,pair0,missing__ota__bytes_total,ota|missing,0.009615384615384616,7.419278252613906e-10,1.3052503474811429e-08
balanced_observed,pair0,missing__ota__data,ota|missing,0.009615384615384616,7.419278252613906e-10,1.3052503474811429e-08
balanced_observed,pair0,missing__ota__mgmt,ota|missing,0.009615384615384616,7.419278252613906e-10,1.3052503474811429e-08
balanced_observed,pair0,missing__ota__pkt_total,ota|missing,0.009615384615384616,7.419278252613906e-10,1.3052503474811429e-08
balanced_observed,pair0,missing__router__bytes_total__absdiff1,router|missing,0.01282051282051282,1.7586437339522228e-09,3.093926749583694e-08
balanced_observed,pair0,missing__router__bytes_total__diff1,router|missing,0.01282051282051282,1.7586437339522228e-09,3.093926749583694e-08
balanced_observed,pair0,missing__router__pkt_total__absdiff1,router|missing,0.01282051282051282,1.7586437339522228e-09,3.093926749583694e-08
balanced_observed,pair0,missing__router__pkt_total__diff1,router|missing,0.01282051282051282,1.7586437339522228e-09,3.093926749583694e-08
balanced_observed,pair0,missing__router__tcp_pkt,router|missing,0.01282051282051282,1.7586437339522228e-09,3.093926749583694e-08
balanced_observed,pair0,missing__router__udp_pkt,router|missing,0.01282051282051282,1.7586437339522228e-09,3.093926749583694e-08
balanced_observed,pair0,missing__zb__app_event_intensity,zigbee|missing,0.009615384615384616,0.0,0.0
balanced_observed,pair0,missing__zigbee__ack,zigbee|missing,0.009615384615384616,4.689169337606842e-06,8.249508508665121e-05
balanced_observed,pair0,missing__zigbee__ack_rate,zigbee|missing,0.009615384615384616,4.689169337606842e-06,8.249508508665121e-05
balanced_observed,pair0,missing__zigbee__beacon,zigbee|missing,0.009615384615384616,4.689169337606842e-06,8.249508508665121e-05
balanced_observed,pair0,missing__zigbee__beacon_rate,zigbee|missing,0.009615384615384616,4.689169337606842e-06,8.249508508665121e-05
balanced_observed,pair0,missing__zigbee__bytes_total,zigbee|missing,0.009615384615384616,4.689169337606842e-06,8.249508508665121e-05
balanced_observed,pair0,missing__zigbee__pkt_total,zigbee|missing,0.009615384615384616,4.689169337606842e-06,8.249508508665121e-05
balanced_observed,pair0,missing__zigbee__pps,zigbee|missing,0.009615384615384616,4.689169337606842e-06,8.249508508665121e-05
balanced_observed,pair0,rank__iot__entity_stale__s5_max_total_cleaning_count,iot|values,0.008547008547008548,0.0,0.0
balanced_observed,pair0,rank__iot__entity_stale__withings_snoring_episode_count,iot|values,0.008547008547008548,0.0,0.0
balanced_observed,pair0,rank__iot__s5_max_main_brush_time_left__sensor__state__value,iot|values,0.008547008547008548,0.0005886280396359586,0.010355548438977801
balanced_observed,pair0,rank__iot__s5_max_side_brush_time_left__sensor__state__value,iot|values,0.008547008547008548,0.0005886280396359586,0.010355548438977801
balanced_observed,pair0,rank__iot__smart_plug__sensor__signal_strength__value,iot|values,0.008547008547008548,0.001041372886055921,0.018320546488508494
balanced_observed,pair0,rank__iot__smart_plug__sensor__voltage__value,iot|values,0.008547008547008548,0.0007191958565446578,0.012652587080571969
balanced_observed,pair0,rank__iot__smart_plug_ps5__sensor__signal_strength__value,iot|values,0.008547008547008548,0.00038344140788114584,0.006745764396950556
balanced_observed,pair0,rank__iot__smart_plug_ps5__sensor__voltage__value,iot|values,0.008547008547008548,0.0007499656691707521,0.013193910741104441
balanced_observed,pair0,rank__iot__twinguard_087__sensor__purity__value,iot|values,0.008547008547008548,0.00018335252642496272,0.0032256634766786407
balanced_observed,pair0,rank__ota24__bytes_total,ota|values,0.009615384615384616,7.174481850912404e-06,0.00012621840844965394
balanced_observed,pair0,rank__ota24__rssi_n,ota|values,0.009615384615384616,9.46929250399461e-06,0.000166590292349327
balanced_observed,pair0,rank__ota5__mgmt,ota|values,0.009615384615384616,0.00019079111241456358,0.0033565281863864103
balanced_observed,pair0,rank__ota5__rssi_n,ota|values,0.009615384615384616,0.00013753277574148843,0.0024195709773168106
balanced_observed,pair0,rank__ota__bytes_total,ota|values,0.009615384615384616,0.0001164463760156044,0.0020486045620911825
balanced_observed,pair0,rank__ota__data,ota|values,0.009615384615384616,1.9493662811936504e-07,3.42945894366424e-06
balanced_observed,pair0,rank__ota__mgmt,ota|values,0.009615384615384616,0.00021139327153577803,0.0037189755085683617
balanced_observed,pair0,rank__ota__pkt_total,ota|values,0.009615384615384616,6.7249883478147e-05,0.0011831061026319164
balanced_observed,pair0,rank__router__bytes_total__absdiff1,router|values,0.01282051282051282,8.72349530597045e-06,0.00015346971621338633
balanced_observed,pair0,rank__router__bytes_total__diff1,router|values,0.01282051282051282,3.1361212724912396e-08,5.517279769390007e-07
balanced_observed,pair0,rank__router__pkt_total__absdiff1,router|values,0.01282051282051282,1.4850621319094203e-05,0.0002612623219816486
balanced_observed,pair0,rank__router__pkt_total__diff1,router|values,0.01282051282051282,6.238581458612863e-08,1.097534064553382e-06
balanced_observed,pair0,rank__router__tcp_pkt,router|values,0.01282051282051282,3.0024823065231953e-06,5.2821729290375026e-05
balanced_observed,pair0,rank__router__udp_pkt,router|values,0.01282051282051282,2.127579621424406e-05,0.0003742984082285394
balanced_observed,pair0,rank__zb__app_event_intensity,zigbee|values,0.009615384615384616,2.5246540940851384e-10,4.441544745155418e-09
balanced_observed,pair0,rank__zigbee__ack,zigbee|values,0.009615384615384616,1.1707211669731688e-07,2.059613021599364e-06
balanced_observed,pair0,rank__zigbee__ack_rate,zigbee|values,0.009615384615384616,1.2918700578388685e-05,0.00022727464646585976
balanced_observed,pair0,rank__zigbee__beacon,zigbee|values,0.009615384615384616,2.140304998761762e-05,0.00037653714394189007
balanced_observed,pair0,rank__zigbee__beacon_rate,zigbee|values,0.009615384615384616,2.1135250867341342e-05,0.0003718258380318764
balanced_observed,pair0,rank__zigbee__bytes_total,zigbee|values,0.009615384615384616,2.842354993408938e-06,5.000465970533863e-05
balanced_observed,pair0,rank__zigbee__pkt_total,zigbee|values,0.009615384615384616,3.1338678566267557e-06,5.513315405552997e-05
balanced_observed,pair0,rank__zigbee__pps,zigbee|values,0.009615384615384616,3.1338678566267557e-06,5.513315405552997e-05
balanced_observed,pair0,time_cos,time,0.038461538461538464,0.0015854962394966662,0.027893137945108993
balanced_observed,pair0,time_sin,time,0.038461538461538464,0.001400190439316708,0.02463311113603295
balanced_observed,pair0,zero__iot__entity_stale__s5_max_total_cleaning_count,iot|zeros,0.008547008547008548,0.0,0.0
balanced_observed,pair0,zero__iot__entity_stale__withings_snoring_episode_count,iot|zeros,0.008547008547008548,0.0,0.0
balanced_observed,pair0,zero__iot__s5_max_main_brush_time_left__sensor__state__value,iot|zeros,0.008547008547008548,0.002136752136752137,0.03759121000744516
balanced_observed,pair0,zero__iot__s5_max_side_brush_time_left__sensor__state__value,iot|zeros,0.008547008547008548,0.002136752136752137,0.03759121000744516
balanced_observed,pair0,zero__iot__smart_plug__sensor__signal_strength__value,iot|zeros,0.008547008547008548,0.002136752136752137,0.03759121000744516
balanced_observed,pair0,zero__iot__smart_plug__sensor__voltage__value,iot|zeros,0.008547008547008548,0.002136752136752137,0.03759121000744516
balanced_observed,pair0,zero__iot__smart_plug_ps5__sensor__signal_strength__value,iot|zeros,0.008547008547008548,0.002136752136752137,0.03759121000744516
balanced_observed,pair0,zero__iot__smart_plug_ps5__sensor__voltage__value,iot|zeros,0.008547008547008548,0.002136752136752137,0.03759121000744516
balanced_observed,pair0,zero__iot__twinguard_087__sensor__purity__value,iot|zeros,0.008547008547008548,0.0,0.0
balanced_observed,pair0,zero__ota24__bytes_total,ota|zeros,0.009615384615384616,2.062247050746961e-11,3.628046540283208e-10
balanced_observed,pair0,zero__ota24__rssi_n,ota|zeros,0.009615384615384616,2.062247050746961e-11,3.628046540283208e-10
balanced_observed,pair0,zero__ota5__mgmt,ota|zeros,0.009615384615384616,0.0,0.0
balanced_observed,pair0,zero__ota5__rssi_n,ota|zeros,0.009615384615384616,0.0,0.0
balanced_observed,pair0,zero__ota__bytes_total,ota|zeros,0.009615384615384616,0.0,0.0
balanced_observed,pair0,zero__ota__data,ota|zeros,0.009615384615384616,1.1307422643198868e-07,1.989279392365649e-06
balanced_observed,pair0,zero__ota__mgmt,ota|zeros,0.009615384615384616,0.0,0.0
balanced_observed,pair0,zero__ota__pkt_total,ota|zeros,0.009615384615384616,0.0,0.0
balanced_observed,pair0,zero__router__bytes_total__absdiff1,router|zeros,0.01282051282051282,3.159814036257904e-07,5.55896170540357e-06
balanced_observed,pair0,zero__router__bytes_total__diff1,router|zeros,0.01282051282051282,3.159814036257904e-07,5.55896170540357e-06
balanced_observed,pair0,zero__router__pkt_total__absdiff1,router|zeros,0.01282051282051282,5.048278033066031e-07,8.881277170753605e-06
balanced_observed,pair0,zero__router__pkt_total__diff1,router|zeros,0.01282051282051282,5.048278033066031e-07,8.881277170753605e-06
balanced_observed,pair0,zero__router__tcp_pkt,router|zeros,0.01282051282051282,3.364490529605724e-05,0.0005919042639110757
balanced_observed,pair0,zero__router__udp_pkt,router|zeros,0.01282051282051282,3.0057728395090836e-05,0.0005287961860490121
balanced_observed,pair0,zero__zb__app_event_intensity,zigbee|zeros,0.009615384615384616,1.009846206605551e-09,1.7765907507378167e-08
balanced_observed,pair0,zero__zigbee__ack,zigbee|zeros,0.009615384615384616,1.6249370528445684e-05,0.00028587007801104096
balanced_observed,pair0,zero__zigbee__ack_rate,zigbee|zeros,0.009615384615384616,1.6249370528445684e-05,0.00028587007801104096
balanced_observed,pair0,zero__zigbee__beacon,zigbee|zeros,0.009615384615384616,9.052540341949058e-05,0.0015925850230449577
balanced_observed,pair0,zero__zigbee__beacon_rate,zigbee|zeros,0.009615384615384616,9.052540341949058e-05,0.0015925850230449577
balanced_observed,pair0,zero__zigbee__bytes_total,zigbee|zeros,0.009615384615384616,0.0,0.0
balanced_observed,pair0,zero__zigbee__pkt_total,zigbee|zeros,0.009615384615384616,0.0,0.0
balanced_observed,pair0,zero__zigbee__pps,zigbee|zeros,0.009615384615384616,0.0,0.0
balanced_observed,pair1,missing__iot__coffee_maker_hot__sensor__water__value,iot|missing,0.007692307692307693,0.007692307692307693,0.47356718014692395
balanced_observed,pair1,missing__iot__entity_stale__s5_max_total_cleaning_count,iot|missing,0.007692307692307693,0.0,0.0
balanced_observed,pair1,missing__iot__entity_stale__withings_snoring_episode_count,iot|missing,0.007692307692307693,0.0,0.0
balanced_observed,pair1,missing__iot__s5_max_main_brush_time_left__sensor__state__value,iot|missing,0.007692307692307693,0.0,0.0
balanced_observed,pair1,missing__iot__s5_max_side_brush_time_left__sensor__state__value,iot|missing,0.007692307692307693,0.0,0.0
balanced_observed,pair1,missing__iot__smart_plug__sensor__signal_strength__value,iot|missing,0.007692307692307693,0.0,0.0
balanced_observed,pair1,missing__iot__smart_plug__sensor__voltage__value,iot|missing,0.007692307692307693,0.0,0.0
balanced_observed,pair1,missing__iot__smart_plug_ps5__sensor__signal_strength__value,iot|missing,0.007692307692307693,0.0,0.0
balanced_observed,pair1,missing__iot__smart_plug_ps5__sensor__voltage__value,iot|missing,0.007692307692307693,0.0,0.0
balanced_observed,pair1,missing__iot__twinguard_087__sensor__purity__value,iot|missing,0.007692307692307693,0.0,0.0
balanced_observed,pair1,missing__ota24__bytes_total,ota|missing,0.009615384615384616,0.0,0.0
balanced_observed,pair1,missing__ota24__rssi_n,ota|missing,0.009615384615384616,0.0,0.0
balanced_observed,pair1,missing__ota5__mgmt,ota|missing,0.009615384615384616,0.0,0.0
balanced_observed,pair1,missing__ota5__rssi_n,ota|missing,0.009615384615384616,0.0,0.0
balanced_observed,pair1,missing__ota__bytes_total,ota|missing,0.009615384615384616,0.0,0.0
balanced_observed,pair1,missing__ota__data,ota|missing,0.009615384615384616,0.0,0.0
balanced_observed,pair1,missing__ota__mgmt,ota|missing,0.009615384615384616,0.0,0.0
balanced_observed,pair1,missing__ota__pkt_total,ota|missing,0.009615384615384616,0.0,0.0
balanced_observed,pair1,missing__router__bytes_total__absdiff1,router|missing,0.01282051282051282,2.2257834757829856e-09,1.3702754055174178e-07
balanced_observed,pair1,missing__router__bytes_total__diff1,router|missing,0.01282051282051282,2.2257834757829856e-09,1.3702754055174178e-07
balanced_observed,pair1,missing__router__pkt_total__absdiff1,router|missing,0.01282051282051282,2.2257834757829856e-09,1.3702754055174178e-07
balanced_observed,pair1,missing__router__pkt_total__diff1,router|missing,0.01282051282051282,2.2257834757829856e-09,1.3702754055174178e-07
balanced_observed,pair1,missing__router__tcp_pkt,router|missing,0.01282051282051282,2.2257834757829856e-09,1.3702754055174178e-07
balanced_observed,pair1,missing__router__udp_pkt,router|missing,0.01282051282051282,2.2257834757829856e-09,1.3702754055174178e-07
balanced_observed,pair1,missing__zb__app_event_intensity,zigbee|missing,0.009615384615384616,0.0,0.0
balanced_observed,pair1,missing__zigbee__ack,zigbee|missing,0.009615384615384616,2.882719346839744e-06,0.00017747096539092437
balanced_observed,pair1,missing__zigbee__ack_rate,zigbee|missing,0.009615384615384616,2.882719346839744e-06,0.00017747096539092437
balanced_observed,pair1,missing__zigbee__beacon,zigbee|missing,0.009615384615384616,2.882719346839744e-06,0.00017747096539092437
balanced_observed,pair1,missing__zigbee__beacon_rate,zigbee|missing,0.009615384615384616,2.882719346839744e-06,0.00017747096539092437
balanced_observed,pair1,missing__zigbee__bytes_total,zigbee|missing,0.009615384615384616,2.882719346839744e-06,0.00017747096539092437
balanced_observed,pair1,missing__zigbee__pkt_total,zigbee|missing,0.009615384615384616,2.882719346839744e-06,0.00017747096539092437
balanced_observed,pair1,missing__zigbee__pps,zigbee|missing,0.009615384615384616,2.882719346839744e-06,0.00017747096539092437
balanced_observed,pair1,rank__iot__entity_stale__s5_max_total_cleaning_count,iot|values,0.008547008547008548,0.0,0.0
balanced_observed,pair1,rank__iot__entity_stale__withings_snoring_episode_count,iot|values,0.008547008547008548,0.0,0.0
balanced_observed,pair1,rank__iot__s5_max_main_brush_time_left__sensor__state__value,iot|values,0.008547008547008548,0.0038888967872374243,0.23941500510387967
balanced_observed,pair1,rank__iot__s5_max_side_brush_time_left__sensor__state__value,iot|values,0.008547008547008548,0.0038888967872374243,0.23941500510387967
balanced_observed,pair1,rank__iot__smart_plug__sensor__signal_strength__value,iot|values,0.008547008547008548,0.0,0.0
balanced_observed,pair1,rank__iot__smart_plug__sensor__voltage__value,iot|values,0.008547008547008548,0.0,0.0
balanced_observed,pair1,rank__iot__smart_plug_ps5__sensor__signal_strength__value,iot|values,0.008547008547008548,0.0,0.0
balanced_observed,pair1,rank__iot__smart_plug_ps5__sensor__voltage__value,iot|values,0.008547008547008548,0.0,0.0
balanced_observed,pair1,rank__iot__twinguard_087__sensor__purity__value,iot|values,0.008547008547008548,2.4450952265474822e-05,0.0015052919071148337
balanced_observed,pair1,rank__ota24__bytes_total,ota|values,0.009615384615384616,2.8499383953445033e-07,1.7545284763184694e-05
balanced_observed,pair1,rank__ota24__rssi_n,ota|values,0.009615384615384616,2.882288536594724e-07,1.7744444310384574e-05
balanced_observed,pair1,rank__ota5__mgmt,ota|values,0.009615384615384616,8.741257202056235e-06,0.000538144428135179
balanced_observed,pair1,rank__ota5__rssi_n,ota|values,0.009615384615384616,5.860603901575851e-05,0.003608006562715537
balanced_observed,pair1,rank__ota__bytes_total,ota|values,0.009615384615384616,1.4053857820959664e-05,0.0008652079563994958
balanced_observed,pair1,rank__ota__data,ota|values,0.009615384615384616,4.3404616030956335e-05,0.002672150210488195
balanced_observed,pair1,rank__ota__mgmt,ota|values,0.009615384615384616,2.8811505953311543e-07,1.7737438719124875e-05
balanced_observed,pair1,rank__ota__pkt_total,ota|values,0.009615384615384616,1.5589276111625055e-05,0.0009597340387328304
balanced_observed,pair1,rank__router__bytes_total__absdiff1,router|values,0.01282051282051282,4.3269642401372984e-05,0.002663840729937917
balanced_observed,pair1,rank__router__bytes_total__diff1,router|values,0.01282051282051282,4.366182735770979e-12,2.6879851000408175e-10
balanced_observed,pair1,rank__router__pkt_total__absdiff1,router|values,0.01282051282051282,2.459546816350965e-06,0.00015141888453362718
balanced_observed,pair1,rank__router__pkt_total__diff1,router|values,0.01282051282051282,4.712371145878507e-08,2.901111609967237e-06
balanced_observed,pair1,rank__router__tcp_pkt,router|values,0.01282051282051282,8.57097335687594e-05,0.005276611188849199
balanced_observed,pair1,rank__router__udp_pkt,router|values,0.01282051282051282,2.265179341990751e-07,1.394528971567712e-05
balanced_observed,pair1,rank__zb__app_event_intensity,zigbee|values,0.009615384615384616,2.524543066760151e-10,1.554202963670594e-08
balanced_observed,pair1,rank__zigbee__ack,zigbee|values,0.009615384615384616,1.5546084853182423e-05,0.0009570750236120327
balanced_observed,pair1,rank__zigbee__ack_rate,zigbee|values,0.009615384615384616,1.7417942096931362e-07,1.0723135439648038e-05
balanced_observed,pair1,rank__zigbee__beacon,zigbee|values,0.009615384615384616,3.427348670415869e-06,0.00021100037987978974
balanced_observed,pair1,rank__zigbee__beacon_rate,zigbee|values,0.009615384615384616,3.1195115936486976e-06,0.00019204878014918056
balanced_observed,pair1,rank__zigbee__bytes_total,zigbee|values,0.009615384615384616,2.3420537945731945e-05,0.00144185575462296
balanced_observed,pair1,rank__zigbee__pkt_total,zigbee|values,0.009615384615384616,1.3884835494811324e-05,0.0008548023109706233
balanced_observed,pair1,rank__zigbee__pps,zigbee|values,0.009615384615384616,1.3884835494811324e-05,0.0008548023109706233
balanced_observed,pair1,time_cos,time,0.038461538461538464,9.970810875573174e-06,0.000613840342716051
balanced_observed,pair1,time_sin,time,0.038461538461538464,8.805466523619618e-06,0.0005420973936909283
balanced_observed,pair1,zero__iot__entity_stale__s5_max_total_cleaning_count,iot|zeros,0.008547008547008548,0.0,0.0
balanced_observed,pair1,zero__iot__entity_stale__withings_snoring_episode_count,iot|zeros,0.008547008547008548,0.0,0.0
balanced_observed,pair1,zero__iot__s5_max_main_brush_time_left__sensor__state__value,iot|zeros,0.008547008547008548,0.0,0.0
balanced_observed,pair1,zero__iot__s5_max_side_brush_time_left__sensor__state__value,iot|zeros,0.008547008547008548,0.0,0.0
balanced_observed,pair1,zero__iot__smart_plug__sensor__signal_strength__value,iot|zeros,0.008547008547008548,0.0,0.0
balanced_observed,pair1,zero__iot__smart_plug__sensor__voltage__value,iot|zeros,0.008547008547008548,0.0,0.0
balanced_observed,pair1,zero__iot__smart_plug_ps5__sensor__signal_strength__value,iot|zeros,0.008547008547008548,0.0,0.0
balanced_observed,pair1,zero__iot__smart_plug_ps5__sensor__voltage__value,iot|zeros,0.008547008547008548,0.0,0.0
balanced_observed,pair1,zero__iot__twinguard_087__sensor__purity__value,iot|zeros,0.008547008547008548,0.0,0.0
balanced_observed,pair1,zero__ota24__bytes_total,ota|zeros,0.009615384615384616,0.0,0.0
balanced_observed,pair1,zero__ota24__rssi_n,ota|zeros,0.009615384615384616,0.0,0.0
balanced_observed,pair1,zero__ota5__mgmt,ota|zeros,0.009615384615384616,0.0,0.0
balanced_observed,pair1,zero__ota5__rssi_n,ota|zeros,0.009615384615384616,0.0,0.0
balanced_observed,pair1,zero__ota__bytes_total,ota|zeros,0.009615384615384616,0.0,0.0
balanced_observed,pair1,zero__ota__data,ota|zeros,0.009615384615384616,9.97480742851113e-07,6.140863854357188e-05
balanced_observed,pair1,zero__ota__mgmt,ota|zeros,0.009615384615384616,0.0,0.0
balanced_observed,pair1,zero__ota__pkt_total,ota|zeros,0.009615384615384616,0.0,0.0
balanced_observed,pair1,zero__router__bytes_total__absdiff1,router|zeros,0.01282051282051282,1.0271837517244706e-06,6.323726666359641e-05
balanced_observed,pair1,zero__router__bytes_total__diff1,router|zeros,0.01282051282051282,1.0271837517244706e-06,6.323726666359641e-05
balanced_observed,pair1,zero__router__pkt_total__absdiff1,router|zeros,0.01282051282051282,7.538838574390705e-07,4.641190482834181e-05
balanced_observed,pair1,zero__router__pkt_total__diff1,router|zeros,0.01282051282051282,7.538838574390705e-07,4.641190482834181e-05
balanced_observed,pair1,zero__router__tcp_pkt,router|zeros,0.01282051282051282,0.0003249288038793071,0.02000383026221272
balanced_observed,pair1,zero__router__udp_pkt,router|zeros,0.01282051282051282,3.6774368507973223e-07,2.2639674194806138e-05
balanced_observed,pair1,zero__zb__app_event_intensity,zigbee|zeros,0.009615384615384616,1.009846206605551e-09,6.216990265775364e-08
balanced_observed,pair1,zero__zigbee__ack,zigbee|zeros,0.009615384615384616,7.82551938180107e-06,0.00048176818908720215
balanced_observed,pair1,zero__zigbee__ack_rate,zigbee|zeros,0.009615384615384616,7.82551938180107e-06,0.00048176818908720215
balanced_observed,pair1,zero__zigbee__beacon,zigbee|zeros,0.009615384615384616,8.936873028223885e-06,0.0005501872687099212
balanced_observed,pair1,zero__zigbee__beacon_rate,zigbee|zeros,0.009615384615384616,8.936873028223885e-06,0.0005501872687099212
balanced_observed,pair1,zero__zigbee__bytes_total,zigbee|zeros,0.009615384615384616,0.0,0.0
balanced_observed,pair1,zero__zigbee__pkt_total,zigbee|zeros,0.009615384615384616,0.0,0.0
balanced_observed,pair1,zero__zigbee__pps,zigbee|zeros,0.009615384615384616,0.0,0.0
balanced_observed,pair2,missing__iot__coffee_maker_hot__sensor__water__value,iot|missing,0.007692307692307693,0.007692307692307693,0.1278111456513315
balanced_observed,pair2,missing__iot__entity_stale__s5_max_total_cleaning_count,iot|missing,0.007692307692307693,0.0,0.0
balanced_observed,pair2,missing__iot__entity_stale__withings_snoring_episode_count,iot|missing,0.007692307692307693,0.0,0.0
balanced_observed,pair2,missing__iot__s5_max_main_brush_time_left__sensor__state__value,iot|missing,0.007692307692307693,0.0,0.0
balanced_observed,pair2,missing__iot__s5_max_side_brush_time_left__sensor__state__value,iot|missing,0.007692307692307693,0.0,0.0
balanced_observed,pair2,missing__iot__smart_plug__sensor__signal_strength__value,iot|missing,0.007692307692307693,0.007692307692307693,0.1278111456513315
balanced_observed,pair2,missing__iot__smart_plug__sensor__voltage__value,iot|missing,0.007692307692307693,0.007692307692307693,0.1278111456513315
balanced_observed,pair2,missing__iot__smart_plug_ps5__sensor__signal_strength__value,iot|missing,0.007692307692307693,0.007692307692307693,0.1278111456513315
balanced_observed,pair2,missing__iot__smart_plug_ps5__sensor__voltage__value,iot|missing,0.007692307692307693,0.007692307692307693,0.1278111456513315
balanced_observed,pair2,missing__iot__twinguard_087__sensor__purity__value,iot|missing,0.007692307692307693,0.0,0.0
balanced_observed,pair2,missing__ota24__bytes_total,ota|missing,0.009615384615384616,0.0,0.0
balanced_observed,pair2,missing__ota24__rssi_n,ota|missing,0.009615384615384616,0.0,0.0
balanced_observed,pair2,missing__ota5__mgmt,ota|missing,0.009615384615384616,2.06091062572279e-11,3.42429552606222e-10
balanced_observed,pair2,missing__ota5__rssi_n,ota|missing,0.009615384615384616,2.06091062572279e-11,3.42429552606222e-10
balanced_observed,pair2,missing__ota__bytes_total,ota|missing,0.009615384615384616,0.0,0.0
balanced_observed,pair2,missing__ota__data,ota|missing,0.009615384615384616,0.0,0.0
balanced_observed,pair2,missing__ota__mgmt,ota|missing,0.009615384615384616,0.0,0.0
balanced_observed,pair2,missing__ota__pkt_total,ota|missing,0.009615384615384616,0.0,0.0
balanced_observed,pair2,missing__router__bytes_total__absdiff1,router|missing,0.01282051282051282,7.0345749358109995e-09,1.1688262062309893e-07
balanced_observed,pair2,missing__router__bytes_total__diff1,router|missing,0.01282051282051282,7.0345749358109995e-09,1.1688262062309893e-07
balanced_observed,pair2,missing__router__pkt_total__absdiff1,router|missing,0.01282051282051282,7.0345749358109995e-09,1.1688262062309893e-07
balanced_observed,pair2,missing__router__pkt_total__diff1,router|missing,0.01282051282051282,7.0345749358109995e-09,1.1688262062309893e-07
balanced_observed,pair2,missing__router__tcp_pkt,router|missing,0.01282051282051282,7.0345749358109995e-09,1.1688262062309893e-07
balanced_observed,pair2,missing__router__udp_pkt,router|missing,0.01282051282051282,7.0345749358109995e-09,1.1688262062309893e-07
balanced_observed,pair2,missing__zb__app_event_intensity,zigbee|missing,0.009615384615384616,0.0,0.0
balanced_observed,pair2,missing__zigbee__ack,zigbee|missing,0.009615384615384616,1.9391108077450662e-07,3.221919660476085e-06
balanced_observed,pair2,missing__zigbee__ack_rate,zigbee|missing,0.009615384615384616,1.9391108077450662e-07,3.221919660476085e-06
balanced_observed,pair2,missing__zigbee__beacon,zigbee|missing,0.009615384615384616,1.9391108077450662e-07,3.221919660476085e-06
balanced_observed,pair2,missing__zigbee__beacon_rate,zigbee|missing,0.009615384615384616,1.9391108077450662e-07,3.221919660476085e-06
balanced_observed,pair2,missing__zigbee__bytes_total,zigbee|missing,0.009615384615384616,1.9391108077450662e-07,3.221919660476085e-06
balanced_observed,pair2,missing__zigbee__pkt_total,zigbee|missing,0.009615384615384616,1.9391108077450662e-07,3.221919660476085e-06
balanced_observed,pair2,missing__zigbee__pps,zigbee|missing,0.009615384615384616,1.9391108077450662e-07,3.221919660476085e-06
balanced_observed,pair2,rank__iot__entity_stale__s5_max_total_cleaning_count,iot|values,0.008547008547008548,0.0,0.0
balanced_observed,pair2,rank__iot__entity_stale__withings_snoring_episode_count,iot|values,0.008547008547008548,0.0,0.0
balanced_observed,pair2,rank__iot__s5_max_main_brush_time_left__sensor__state__value,iot|values,0.008547008547008548,0.0038888967872374243,0.06461576598055768
balanced_observed,pair2,rank__iot__s5_max_side_brush_time_left__sensor__state__value,iot|values,0.008547008547008548,0.0038888967872374243,0.06461576598055768
balanced_observed,pair2,rank__iot__smart_plug__sensor__signal_strength__value,iot|values,0.008547008547008548,4.821601103283259e-05,0.0008011306691496644
balanced_observed,pair2,rank__iot__smart_plug__sensor__voltage__value,iot|values,0.008547008547008548,4.009250975627188e-06,6.661550485182183e-05
balanced_observed,pair2,rank__iot__smart_plug_ps5__sensor__signal_strength__value,iot|values,0.008547008547008548,0.0006747541036782155,0.011211342353126505
balanced_observed,pair2,rank__iot__smart_plug_ps5__sensor__voltage__value,iot|values,0.008547008547008548,5.587441124361616e-06,9.283784267732285e-05
balanced_observed,pair2,rank__iot__twinguard_087__sensor__purity__value,iot|values,0.008547008547008548,0.0008745275674273549,0.0145306681385531
balanced_observed,pair2,rank__ota24__bytes_total,ota|values,0.009615384615384616,2.0777401355314155e-05,0.0003452258512144299
balanced_observed,pair2,rank__ota24__rssi_n,ota|values,0.009615384615384616,1.3836392983606588e-05,0.0002298978810591844
balanced_observed,pair2,rank__ota5__mgmt,ota|values,0.009615384615384616,0.00013295625339282066,0.002209127838793868
balanced_observed,pair2,rank__ota5__rssi_n,ota|values,0.009615384615384616,0.00013854549650710752,0.002301995622342775
balanced_observed,pair2,rank__ota__bytes_total,ota|values,0.009615384615384616,5.700144558920531e-05,0.0009471046083899878
balanced_observed,pair2,rank__ota__data,ota|values,0.009615384615384616,3.930730010133826e-08,6.531084375936564e-07
balanced_observed,pair2,rank__ota__mgmt,ota|values,0.009615384615384616,3.579519862880616e-05,0.0005947532949234091
balanced_observed,pair2,rank__ota__pkt_total,ota|values,0.009615384615384616,1.4105017608217469e-05,0.0002343611997920022
balanced_observed,pair2,rank__router__bytes_total__absdiff1,router|values,0.01282051282051282,8.558210036414421e-05,0.0014219850183225058
balanced_observed,pair2,rank__router__bytes_total__diff1,router|values,0.01282051282051282,5.074786684523985e-07,8.431985901106726e-06
balanced_observed,pair2,rank__router__pkt_total__absdiff1,router|values,0.01282051282051282,4.387216734247634e-05,0.0007289557561323482
balanced_observed,pair2,rank__router__pkt_total__diff1,router|values,0.01282051282051282,4.7197113810800375e-07,7.84201234387308e-06
balanced_observed,pair2,rank__router__tcp_pkt,router|values,0.01282051282051282,1.0129630062979287e-06,1.6830835103856177e-05
balanced_observed,pair2,rank__router__udp_pkt,router|values,0.01282051282051282,4.824826857422119e-05,0.0008016666426813649
balanced_observed,pair2,rank__zb__app_event_intensity,zigbee|values,0.009615384615384616,0.0,0.0
balanced_observed,pair2,rank__zigbee__ack,zigbee|values,0.009615384615384616,3.8926214382735825e-07,6.4677652729648454e-06
balanced_observed,pair2,rank__zigbee__ack_rate,zigbee|values,0.009615384615384616,4.825208621629318e-05,0.0008017300745182628
balanced_observed,pair2,rank__zigbee__beacon,zigbee|values,0.009615384615384616,7.110467407581005e-07,1.1814360811231958e-05
balanced_observed,pair2,rank__zigbee__beacon_rate,zigbee|values,0.009615384615384616,9.978044115807027e-07,1.65789682474107e-05
balanced_observed,pair2,rank__zigbee__bytes_total,zigbee|values,0.009615384615384616,2.823076150540315e-05,0.00046906677617996104
balanced_observed,pair2,rank__zigbee__pkt_total,zigbee|values,0.009615384615384616,9.830660457667073e-06,0.0001633408368284773
balanced_observed,pair2,rank__zigbee__pps,zigbee|values,0.009615384615384616,9.830660457667073e-06,0.0001633408368284773
balanced_observed,pair2,time_cos,time,0.038461538461538464,0.002895343990141066,0.048107440216501526
balanced_observed,pair2,time_sin,time,0.038461538461538464,8.967555238302544e-05,0.0014899995613087615
balanced_observed,pair2,zero__iot__entity_stale__s5_max_total_cleaning_count,iot|zeros,0.008547008547008548,0.0,0.0
balanced_observed,pair2,zero__iot__entity_stale__withings_snoring_episode_count,iot|zeros,0.008547008547008548,0.0,0.0
balanced_observed,pair2,zero__iot__s5_max_main_brush_time_left__sensor__state__value,iot|zeros,0.008547008547008548,0.0,0.0
balanced_observed,pair2,zero__iot__s5_max_side_brush_time_left__sensor__state__value,iot|zeros,0.008547008547008548,0.0,0.0
balanced_observed,pair2,zero__iot__smart_plug__sensor__signal_strength__value,iot|zeros,0.008547008547008548,0.002136752136752137,0.03550309601425876
balanced_observed,pair2,zero__iot__smart_plug__sensor__voltage__value,iot|zeros,0.008547008547008548,0.002136752136752137,0.03550309601425876
balanced_observed,pair2,zero__iot__smart_plug_ps5__sensor__signal_strength__value,iot|zeros,0.008547008547008548,0.002136752136752137,0.03550309601425876
balanced_observed,pair2,zero__iot__smart_plug_ps5__sensor__voltage__value,iot|zeros,0.008547008547008548,0.002136752136752137,0.03550309601425876
balanced_observed,pair2,zero__iot__twinguard_087__sensor__purity__value,iot|zeros,0.008547008547008548,0.0,0.0
balanced_observed,pair2,zero__ota24__bytes_total,ota|zeros,0.009615384615384616,7.445401449736759e-09,1.2370868758624216e-07
balanced_observed,pair2,zero__ota24__rssi_n,ota|zeros,0.009615384615384616,7.445401449736759e-09,1.2370868758624216e-07
balanced_observed,pair2,zero__ota5__mgmt,ota|zeros,0.009615384615384616,0.0,0.0
balanced_observed,pair2,zero__ota5__rssi_n,ota|zeros,0.009615384615384616,0.0,0.0
balanced_observed,pair2,zero__ota__bytes_total,ota|zeros,0.009615384615384616,0.0,0.0
balanced_observed,pair2,zero__ota__data,ota|zeros,0.009615384615384616,1.6693376068376007e-09,2.7736793761139547e-08
balanced_observed,pair2,zero__ota__mgmt,ota|zeros,0.009615384615384616,0.0,0.0
balanced_observed,pair2,zero__ota__pkt_total,ota|zeros,0.009615384615384616,0.0,0.0
balanced_observed,pair2,zero__router__bytes_total__absdiff1,router|zeros,0.01282051282051282,1.732368516588892e-07,2.8784080623418117e-06
balanced_observed,pair2,zero__router__bytes_total__diff1,router|zeros,0.01282051282051282,1.732368516588892e-07,2.8784080623418117e-06
balanced_observed,pair2,zero__router__pkt_total__absdiff1,router|zeros,0.01282051282051282,1.1130851668558507e-06,1.849440974983547e-05
balanced_observed,pair2,zero__router__pkt_total__diff1,router|zeros,0.01282051282051282,1.1130851668558507e-06,1.849440974983547e-05
balanced_observed,pair2,zero__router__tcp_pkt,router|zeros,0.01282051282051282,6.233681254471902e-06,0.00010357541255870681
balanced_observed,pair2,zero__router__udp_pkt,router|zeros,0.01282051282051282,6.328849843680479e-05,0.001051566813928868
balanced_observed,pair2,zero__zb__app_event_intensity,zigbee|zeros,0.009615384615384616,0.0,0.0
balanced_observed,pair2,zero__zigbee__ack,zigbee|zeros,0.009615384615384616,1.728487135634114e-05,0.00028719589736367985
balanced_observed,pair2,zero__zigbee__ack_rate,zigbee|zeros,0.009615384615384616,1.728487135634114e-05,0.00028719589736367985
balanced_observed,pair2,zero__zigbee__beacon,zigbee|zeros,0.009615384615384616,3.7116040670551078e-06,6.166996784187912e-05
balanced_observed,pair2,zero__zigbee__beacon_rate,zigbee|zeros,0.009615384615384616,3.7116040670551078e-06,6.166996784187912e-05
balanced_observed,pair2,zero__zigbee__bytes_total,zigbee|zeros,0.009615384615384616,0.0,0.0
balanced_observed,pair2,zero__zigbee__pkt_total,zigbee|zeros,0.009615384615384616,0.0,0.0
balanced_observed,pair2,zero__zigbee__pps,zigbee|zeros,0.009615384615384616,0.0,0.0
balanced_observed,pair3,missing__iot__coffee_maker_hot__sensor__water__value,iot|missing,0.007692307692307693,0.007692307692307693,0.13561736837620902
balanced_observed,pair3,missing__iot__entity_stale__s5_max_total_cleaning_count,iot|missing,0.007692307692307693,0.0,0.0
balanced_observed,pair3,missing__iot__entity_stale__withings_snoring_episode_count,iot|missing,0.007692307692307693,0.0,0.0
balanced_observed,pair3,missing__iot__s5_max_main_brush_time_left__sensor__state__value,iot|missing,0.007692307692307693,0.0,0.0
balanced_observed,pair3,missing__iot__s5_max_side_brush_time_left__sensor__state__value,iot|missing,0.007692307692307693,0.0,0.0
balanced_observed,pair3,missing__iot__smart_plug__sensor__signal_strength__value,iot|missing,0.007692307692307693,0.007692307692307693,0.13561736837620902
balanced_observed,pair3,missing__iot__smart_plug__sensor__voltage__value,iot|missing,0.007692307692307693,0.007692307692307693,0.13561736837620902
balanced_observed,pair3,missing__iot__smart_plug_ps5__sensor__signal_strength__value,iot|missing,0.007692307692307693,0.007692307692307693,0.13561736837620902
balanced_observed,pair3,missing__iot__smart_plug_ps5__sensor__voltage__value,iot|missing,0.007692307692307693,0.007692307692307693,0.13561736837620902
balanced_observed,pair3,missing__iot__twinguard_087__sensor__purity__value,iot|missing,0.007692307692307693,0.0,0.0
balanced_observed,pair3,missing__ota24__bytes_total,ota|missing,0.009615384615384616,8.24364250289116e-11,1.4533754326992735e-09
balanced_observed,pair3,missing__ota24__rssi_n,ota|missing,0.009615384615384616,8.24364250289116e-11,1.4533754326992735e-09
balanced_observed,pair3,missing__ota5__mgmt,ota|missing,0.009615384615384616,0.0,0.0
balanced_observed,pair3,missing__ota5__rssi_n,ota|missing,0.009615384615384616,0.0,0.0
balanced_observed,pair3,missing__ota__bytes_total,ota|missing,0.009615384615384616,0.0,0.0
balanced_observed,pair3,missing__ota__data,ota|missing,0.009615384615384616,0.0,0.0
balanced_observed,pair3,missing__ota__mgmt,ota|missing,0.009615384615384616,0.0,0.0
balanced_observed,pair3,missing__ota__pkt_total,ota|missing,0.009615384615384616,0.0,0.0
balanced_observed,pair3,missing__router__bytes_total__absdiff1,router|missing,0.01282051282051282,9.919849811824882e-09,1.7488951040169994e-07
balanced_observed,pair3,missing__router__bytes_total__diff1,router|missing,0.01282051282051282,9.919849811824882e-09,1.7488951040169994e-07
balanced_observed,pair3,missing__router__pkt_total__absdiff1,router|missing,0.01282051282051282,9.919849811824882e-09,1.7488951040169994e-07
balanced_observed,pair3,missing__router__pkt_total__diff1,router|missing,0.01282051282051282,9.919849811824882e-09,1.7488951040169994e-07
balanced_observed,pair3,missing__router__tcp_pkt,router|missing,0.01282051282051282,9.919849811824882e-09,1.7488951040169994e-07
balanced_observed,pair3,missing__router__udp_pkt,router|missing,0.01282051282051282,9.919849811824882e-09,1.7488951040169994e-07
balanced_observed,pair3,missing__zb__app_event_intensity,zigbee|missing,0.009615384615384616,0.0,0.0
balanced_observed,pair3,missing__zigbee__ack,zigbee|missing,0.009615384615384616,1.7710002670940212e-05,0.00031223191430191077
balanced_observed,pair3,missing__zigbee__ack_rate,zigbee|missing,0.009615384615384616,1.7710002670940212e-05,0.00031223191430191077
balanced_observed,pair3,missing__zigbee__beacon,zigbee|missing,0.009615384615384616,1.7710002670940212e-05,0.00031223191430191077
balanced_observed,pair3,missing__zigbee__beacon_rate,zigbee|missing,0.009615384615384616,1.7710002670940212e-05,0.00031223191430191077
balanced_observed,pair3,missing__zigbee__bytes_total,zigbee|missing,0.009615384615384616,1.7710002670940212e-05,0.00031223191430191077
balanced_observed,pair3,missing__zigbee__pkt_total,zigbee|missing,0.009615384615384616,1.7710002670940212e-05,0.00031223191430191077
balanced_observed,pair3,missing__zigbee__pps,zigbee|missing,0.009615384615384616,1.7710002670940212e-05,0.00031223191430191077
balanced_observed,pair3,rank__iot__entity_stale__s5_max_total_cleaning_count,iot|values,0.008547008547008548,0.0,0.0
balanced_observed,pair3,rank__iot__entity_stale__withings_snoring_episode_count,iot|values,0.008547008547008548,1.6542288420503421e-06,2.916448109261582e-05
balanced_observed,pair3,rank__iot__s5_max_main_brush_time_left__sensor__state__value,iot|values,0.008547008547008548,0.0038888967872374243,0.06856225326233835
balanced_observed,pair3,rank__iot__s5_max_side_brush_time_left__sensor__state__value,iot|values,0.008547008547008548,0.0038888967872374243,0.06856225326233835
balanced_observed,pair3,rank__iot__smart_plug__sensor__signal_strength__value,iot|values,0.008547008547008548,0.00039706348517103856,0.0070003316418336785
balanced_observed,pair3,rank__iot__smart_plug__sensor__voltage__value,iot|values,0.008547008547008548,0.0001421678763663406,0.0025064563238568556
balanced_observed,pair3,rank__iot__smart_plug_ps5__sensor__signal_strength__value,iot|values,0.008547008547008548,0.00022591920375006341,0.003983013824170182
balanced_observed,pair3,rank__iot__smart_plug_ps5__sensor__voltage__value,iot|values,0.008547008547008548,9.849408829932155e-05,0.0017364761772498331
balanced_observed,pair3,rank__iot__twinguard_087__sensor__purity__value,iot|values,0.008547008547008548,3.63011513448674e-06,6.399986598742617e-05
balanced_observed,pair3,rank__ota24__bytes_total,ota|values,0.009615384615384616,1.0765627271162648e-08,1.8980078512644945e-07
balanced_observed,pair3,rank__ota24__rssi_n,ota|values,0.009615384615384616,2.5397052391068173e-06,4.4775658327261836e-05
balanced_observed,pair3,rank__ota5__mgmt,ota|values,0.009615384615384616,9.142184978547905e-05,0.0016117907883989285
balanced_observed,pair3,rank__ota5__rssi_n,ota|values,0.009615384615384616,8.530004783440671e-05,0.001503861841256708
balanced_observed,pair3,rank__ota__bytes_total,ota|values,0.009615384615384616,8.050669125871287e-05,0.0014193537286737367
balanced_observed,pair3,rank__ota__data,ota|values,0.009615384615384616,2.681448836756747e-07,4.727463450793159e-06
balanced_observed,pair3,rank__ota__mgmt,ota|values,0.009615384615384616,3.636628203091233e-05,0.0006411469306657152
balanced_observed,pair3,rank__ota__pkt_total,ota|values,0.009615384615384616,1.6666318268794755e-05,0.00029383148913745644
balanced_observed,pair3,rank__router__bytes_total__absdiff1,router|values,0.01282051282051282,5.610608489549259e-05,0.0009891647458444537
balanced_observed,pair3,rank__router__bytes_total__diff1,router|values,0.01282051282051282,1.9848558241220317e-07,3.4993520051570795e-06
balanced_observed,pair3,rank__router__pkt_total__absdiff1,router|values,0.01282051282051282,1.9819338301681503e-05,0.00034942004544614037
balanced_observed,pair3,rank__router__pkt_total__diff1,router|values,0.01282051282051282,4.2460055294735666e-07,7.485817248234482e-06
balanced_observed,pair3,rank__router__tcp_pkt,router|values,0.01282051282051282,2.40974679431895e-05,0.00042484457430810434
balanced_observed,pair3,rank__router__udp_pkt,router|values,0.01282051282051282,9.482444638632572e-06,0.00016717794439637741
balanced_observed,pair3,rank__zb__app_event_intensity,zigbee|values,0.009615384615384616,0.0,0.0
balanced_observed,pair3,rank__zigbee__ack,zigbee|values,0.009615384615384616,3.725358587334155e-05,0.0006567903262335607
balanced_observed,pair3,rank__zigbee__ack_rate,zigbee|values,0.009615384615384616,0.00010215644363452167,0.0018010444462902265
balanced_observed,pair3,rank__zigbee__beacon,zigbee|values,0.009615384615384616,3.210171289455079e-06,5.6596147700658715e-05
balanced_observed,pair3,rank__zigbee__beacon_rate,zigbee|values,0.009615384615384616,2.3649943623466185e-06,4.169546051398246e-05
balanced_observed,pair3,rank__zigbee__bytes_total,zigbee|values,0.009615384615384616,5.57837909237837e-06,9.83482620007186e-05
balanced_observed,pair3,rank__zigbee__pkt_total,zigbee|values,0.009615384615384616,3.108901638901625e-06,5.481073764508181e-05
balanced_observed,pair3,rank__zigbee__pps,zigbee|values,0.009615384615384616,3.108901638901625e-06,5.481073764508181e-05
balanced_observed,pair3,time_cos,time,0.038461538461538464,1.821196991028998e-05,0.00032108172618343
balanced_observed,pair3,time_sin,time,0.038461538461538464,5.643074889027085e-07,9.948886557996373e-06
balanced_observed,pair3,zero__iot__entity_stale__s5_max_total_cleaning_count,iot|zeros,0.008547008547008548,0.0,0.0
balanced_observed,pair3,zero__iot__entity_stale__withings_snoring_episode_count,iot|zeros,0.008547008547008548,6.616915368201377e-06,0.00011665792437046342
balanced_observed,pair3,zero__iot__s5_max_main_brush_time_left__sensor__state__value,iot|zeros,0.008547008547008548,0.0,0.0
balanced_observed,pair3,zero__iot__s5_max_side_brush_time_left__sensor__state__value,iot|zeros,0.008547008547008548,0.0,0.0
balanced_observed,pair3,zero__iot__smart_plug__sensor__signal_strength__value,iot|zeros,0.008547008547008548,0.002136752136752137,0.03767149121561362
balanced_observed,pair3,zero__iot__smart_plug__sensor__voltage__value,iot|zeros,0.008547008547008548,0.002136752136752137,0.03767149121561362
balanced_observed,pair3,zero__iot__smart_plug_ps5__sensor__signal_strength__value,iot|zeros,0.008547008547008548,0.002136752136752137,0.03767149121561362
balanced_observed,pair3,zero__iot__smart_plug_ps5__sensor__voltage__value,iot|zeros,0.008547008547008548,0.002136752136752137,0.03767149121561362
balanced_observed,pair3,zero__iot__twinguard_087__sensor__purity__value,iot|zeros,0.008547008547008548,0.0,0.0
balanced_observed,pair3,zero__ota24__bytes_total,ota|zeros,0.009615384615384616,0.0,0.0
balanced_observed,pair3,zero__ota24__rssi_n,ota|zeros,0.009615384615384616,0.0,0.0
balanced_observed,pair3,zero__ota5__mgmt,ota|zeros,0.009615384615384616,0.0,0.0
balanced_observed,pair3,zero__ota5__rssi_n,ota|zeros,0.009615384615384616,0.0,0.0
balanced_observed,pair3,zero__ota__bytes_total,ota|zeros,0.009615384615384616,0.0,0.0
balanced_observed,pair3,zero__ota__data,ota|zeros,0.009615384615384616,1.4541785375118715e-07,2.5637542632848167e-06
balanced_observed,pair3,zero__ota__mgmt,ota|zeros,0.009615384615384616,0.0,0.0
balanced_observed,pair3,zero__ota__pkt_total,ota|zeros,0.009615384615384616,0.0,0.0
balanced_observed,pair3,zero__router__bytes_total__absdiff1,router|zeros,0.01282051282051282,7.3124773604540595e-09,1.2892086167160027e-07
balanced_observed,pair3,zero__router__bytes_total__diff1,router|zeros,0.01282051282051282,7.3124773604540595e-09,1.2892086167160027e-07
balanced_observed,pair3,zero__router__pkt_total__absdiff1,router|zeros,0.01282051282051282,7.029926253492497e-09,1.2393941278907172e-07
balanced_observed,pair3,zero__router__pkt_total__diff1,router|zeros,0.01282051282051282,7.029926253492497e-09,1.2393941278907172e-07
balanced_observed,pair3,zero__router__tcp_pkt,router|zeros,0.01282051282051282,0.00010110103326026345,0.001782437289213426
balanced_observed,pair3,zero__router__udp_pkt,router|zeros,0.01282051282051282,3.969226945912684e-06,6.997849467604001e-05
balanced_observed,pair3,zero__zb__app_event_intensity,zigbee|zeros,0.009615384615384616,0.0,0.0
balanced_observed,pair3,zero__zigbee__ack,zigbee|zeros,0.009615384615384616,0.00010257324726124183,0.0018083928017183348
balanced_observed,pair3,zero__zigbee__ack_rate,zigbee|zeros,0.009615384615384616,0.00010257324726124183,0.0018083928017183348
balanced_observed,pair3,zero__zigbee__beacon,zigbee|zeros,0.009615384615384616,1.2797404307018127e-05,0.00022562153824134094
balanced_observed,pair3,zero__zigbee__beacon_rate,zigbee|zeros,0.009615384615384616,1.2797404307018127e-05,0.00022562153824134094
balanced_observed,pair3,zero__zigbee__bytes_total,zigbee|zeros,0.009615384615384616,0.0,0.0
balanced_observed,pair3,zero__zigbee__pkt_total,zigbee|zeros,0.009615384615384616,0.0,0.0
balanced_observed,pair3,zero__zigbee__pps,zigbee|zeros,0.009615384615384616,0.0,0.0
balanced_observed,pair4,missing__iot__coffee_maker_hot__sensor__water__value,iot|missing,0.007692307692307693,0.007692307692307693,0.14383336490669862
balanced_observed,pair4,missing__iot__entity_stale__s5_max_total_cleaning_count,iot|missing,0.007692307692307693,0.0,0.0
balanced_observed,pair4,missing__iot__entity_stale__withings_snoring_episode_count,iot|missing,0.007692307692307693,0.0,0.0
balanced_observed,pair4,missing__iot__s5_max_main_brush_time_left__sensor__state__value,iot|missing,0.007692307692307693,0.0,0.0
balanced_observed,pair4,missing__iot__s5_max_side_brush_time_left__sensor__state__value,iot|missing,0.007692307692307693,0.0,0.0
balanced_observed,pair4,missing__iot__smart_plug__sensor__signal_strength__value,iot|missing,0.007692307692307693,0.007692307692307693,0.14383336490669862
balanced_observed,pair4,missing__iot__smart_plug__sensor__voltage__value,iot|missing,0.007692307692307693,0.007692307692307693,0.14383336490669862
balanced_observed,pair4,missing__iot__smart_plug_ps5__sensor__signal_strength__value,iot|missing,0.007692307692307693,0.007692307692307693,0.14383336490669862
balanced_observed,pair4,missing__iot__smart_plug_ps5__sensor__voltage__value,iot|missing,0.007692307692307693,0.007692307692307693,0.14383336490669862
balanced_observed,pair4,missing__iot__twinguard_087__sensor__purity__value,iot|missing,0.007692307692307693,0.0,0.0
balanced_observed,pair4,missing__ota24__bytes_total,ota|missing,0.009615384615384616,0.0,0.0
balanced_observed,pair4,missing__ota24__rssi_n,ota|missing,0.009615384615384616,0.0,0.0
balanced_observed,pair4,missing__ota5__mgmt,ota|missing,0.009615384615384616,2.06091062572279e-11,3.853560230905822e-10
balanced_observed,pair4,missing__ota5__rssi_n,ota|missing,0.009615384615384616,2.06091062572279e-11,3.853560230905822e-10
balanced_observed,pair4,missing__ota__bytes_total,ota|missing,0.009615384615384616,0.0,0.0
balanced_observed,pair4,missing__ota__data,ota|missing,0.009615384615384616,0.0,0.0
balanced_observed,pair4,missing__ota__mgmt,ota|missing,0.009615384615384616,0.0,0.0
balanced_observed,pair4,missing__ota__pkt_total,ota|missing,0.009615384615384616,0.0,0.0
balanced_observed,pair4,missing__router__bytes_total__absdiff1,router|missing,0.01282051282051282,5.3858464352277595e-09,1.0070637403444231e-07
balanced_observed,pair4,missing__router__bytes_total__diff1,router|missing,0.01282051282051282,5.3858464352277595e-09,1.0070637403444231e-07
balanced_observed,pair4,missing__router__pkt_total__absdiff1,router|missing,0.01282051282051282,5.3858464352277595e-09,1.0070637403444231e-07
balanced_observed,pair4,missing__router__pkt_total__diff1,router|missing,0.01282051282051282,5.3858464352277595e-09,1.0070637403444231e-07
balanced_observed,pair4,missing__router__tcp_pkt,router|missing,0.01282051282051282,5.3858464352277595e-09,1.0070637403444231e-07
balanced_observed,pair4,missing__router__udp_pkt,router|missing,0.01282051282051282,5.3858464352277595e-09,1.0070637403444231e-07
balanced_observed,pair4,missing__zb__app_event_intensity,zigbee|missing,0.009615384615384616,0.0,0.0
balanced_observed,pair4,missing__zigbee__ack,zigbee|missing,0.009615384615384616,2.773161337976141e-07,5.1853506467135205e-06
balanced_observed,pair4,missing__zigbee__ack_rate,zigbee|missing,0.009615384615384616,2.773161337976141e-07,5.1853506467135205e-06
balanced_observed,pair4,missing__zigbee__beacon,zigbee|missing,0.009615384615384616,2.773161337976141e-07,5.1853506467135205e-06
balanced_observed,pair4,missing__zigbee__beacon_rate,zigbee|missing,0.009615384615384616,2.773161337976141e-07,5.1853506467135205e-06
balanced_observed,pair4,missing__zigbee__bytes_total,zigbee|missing,0.009615384615384616,2.773161337976141e-07,5.1853506467135205e-06
balanced_observed,pair4,missing__zigbee__pkt_total,zigbee|missing,0.009615384615384616,2.773161337976141e-07,5.1853506467135205e-06
balanced_observed,pair4,missing__zigbee__pps,zigbee|missing,0.009615384615384616,2.773161337976141e-07,5.1853506467135205e-06
balanced_observed,pair4,rank__iot__entity_stale__s5_max_total_cleaning_count,iot|values,0.008547008547008548,6.753191938377212e-07,1.2627346164648603e-05
balanced_observed,pair4,rank__iot__entity_stale__withings_snoring_episode_count,iot|values,0.008547008547008548,0.0,0.0
balanced_observed,pair4,rank__iot__s5_max_main_brush_time_left__sensor__state__value,iot|values,0.008547008547008548,0.0013832010069494936,0.02586355917234433
balanced_observed,pair4,rank__iot__s5_max_side_brush_time_left__sensor__state__value,iot|values,0.008547008547008548,0.0013832010069494936,0.02586355917234433
balanced_observed,pair4,rank__iot__smart_plug__sensor__signal_strength__value,iot|values,0.008547008547008548,8.41597545341155e-05,0.0015736474889672704
balanced_observed,pair4,rank__iot__smart_plug__sensor__voltage__value,iot|values,0.008547008547008548,3.8662691392246625e-06,7.229280499084909e-05
balanced_observed,pair4,rank__iot__smart_plug_ps5__sensor__signal_strength__value,iot|values,0.008547008547008548,4.564773751015771e-05,0.000853536799240282
balanced_observed,pair4,rank__iot__smart_plug_ps5__sensor__voltage__value,iot|values,0.008547008547008548,4.398361609955825e-06,8.224204955673078e-05
balanced_observed,pair4,rank__iot__twinguard_087__sensor__purity__value,iot|values,0.008547008547008548,1.5441944149079092e-05,0.00028873868239623584
balanced_observed,pair4,rank__ota24__bytes_total,ota|values,0.009615384615384616,5.460549730983231e-06,0.00010210320146619917
balanced_observed,pair4,rank__ota24__rssi_n,ota|values,0.009615384615384616,5.648014090547773e-06,0.00010560847331891132
balanced_observed,pair4,rank__ota5__mgmt,ota|values,0.009615384615384616,4.5151894818785754e-05,0.0008442653652809072
balanced_observed,pair4,rank__ota5__rssi_n,ota|values,0.009615384615384616,6.08000854029513e-05,0.0011368605131157473
balanced_observed,pair4,rank__ota__bytes_total,ota|values,0.009615384615384616,3.84821465725809e-05,0.0007195521619477217
balanced_observed,pair4,rank__ota__data,ota|values,0.009615384615384616,5.052321089887905e-07,9.447000458319532e-06
balanced_observed,pair4,rank__ota__mgmt,ota|values,0.009615384615384616,2.8646519671870226e-05,0.0005356422912452339
balanced_observed,pair4,rank__ota__pkt_total,ota|values,0.009615384615384616,2.589846117171184e-05,0.00048425816611026324
balanced_observed,pair4,rank__router__bytes_total__absdiff1,router|values,0.01282051282051282,7.176738480339922e-05,0.001341930778087481
balanced_observed,pair4,rank__router__bytes_total__diff1,router|values,0.01282051282051282,9.95274738076649e-09,1.860998289594568e-07
balanced_observed,pair4,rank__router__pkt_total__absdiff1,router|values,0.01282051282051282,3.881075869427841e-05,0.0007256966622853964
balanced_observed,pair4,rank__router__pkt_total__diff1,router|values,0.01282051282051282,3.1832650656920385e-08,5.952176435249575e-07
balanced_observed,pair4,rank__router__tcp_pkt,router|values,0.01282051282051282,2.870084862740325e-05,0.0005366581523884375
balanced_observed,pair4,rank__router__udp_pkt,router|values,0.01282051282051282,3.222550654107496e-05,0.0006025633954113329
balanced_observed,pair4,rank__zb__app_event_intensity,zigbee|values,0.009615384615384616,0.0,0.0
balanced_observed,pair4,rank__zigbee__ack,zigbee|values,0.009615384615384616,2.1546002447809255e-06,4.028744242063281e-05
balanced_observed,pair4,rank__zigbee__ack_rate,zigbee|values,0.009615384615384616,3.832804461769096e-06,7.16670711595354e-05
balanced_observed,pair4,rank__zigbee__beacon,zigbee|values,0.009615384615384616,4.42058557650938e-06,8.26576007825571e-05
balanced_observed,pair4,rank__zigbee__beacon_rate,zigbee|values,0.009615384615384616,4.49082799868536e-06,8.397101729485695e-05
balanced_observed,pair4,rank__zigbee__bytes_total,zigbee|values,0.009615384615384616,7.370061927471457e-06,0.00013780790485786593
balanced_observed,pair4,rank__zigbee__pkt_total,zigbee|values,0.009615384615384616,4.960735580313444e-06,9.27575078207527e-05
balanced_observed,pair4,rank__zigbee__pps,zigbee|values,0.009615384615384616,4.960735580313444e-06,9.27575078207527e-05
balanced_observed,pair4,time_cos,time,0.038461538461538464,0.0025196494842669474,0.04711325628198056
balanced_observed,pair4,time_sin,time,0.038461538461538464,0.0004653700582571438,0.008701646382773676
balanced_observed,pair4,zero__iot__entity_stale__s5_max_total_cleaning_count,iot|zeros,0.008547008547008548,2.7012767753508495e-06,5.0509384658593755e-05
balanced_observed,pair4,zero__iot__entity_stale__withings_snoring_episode_count,iot|zeros,0.008547008547008548,0.0,0.0
balanced_observed,pair4,zero__iot__s5_max_main_brush_time_left__sensor__state__value,iot|zeros,0.008547008547008548,0.0,0.0
balanced_observed,pair4,zero__iot__s5_max_side_brush_time_left__sensor__state__value,iot|zeros,0.008547008547008548,0.0,0.0
balanced_observed,pair4,zero__iot__smart_plug__sensor__signal_strength__value,iot|zeros,0.008547008547008548,0.002136752136752137,0.03995371247408295
balanced_observed,pair4,zero__iot__smart_plug__sensor__voltage__value,iot|zeros,0.008547008547008548,0.002136752136752137,0.03995371247408295
balanced_observed,pair4,zero__iot__smart_plug_ps5__sensor__signal_strength__value,iot|zeros,0.008547008547008548,0.002136752136752137,0.03995371247408295
balanced_observed,pair4,zero__iot__smart_plug_ps5__sensor__voltage__value,iot|zeros,0.008547008547008548,0.002136752136752137,0.03995371247408295
balanced_observed,pair4,zero__iot__twinguard_087__sensor__purity__value,iot|zeros,0.008547008547008548,0.0,0.0
balanced_observed,pair4,zero__ota24__bytes_total,ota|zeros,0.009615384615384616,0.0,0.0
balanced_observed,pair4,zero__ota24__rssi_n,ota|zeros,0.009615384615384616,0.0,0.0
balanced_observed,pair4,zero__ota5__mgmt,ota|zeros,0.009615384615384616,0.0,0.0
balanced_observed,pair4,zero__ota5__rssi_n,ota|zeros,0.009615384615384616,0.0,0.0
balanced_observed,pair4,zero__ota__bytes_total,ota|zeros,0.009615384615384616,0.0,0.0
balanced_observed,pair4,zero__ota__data,ota|zeros,0.009615384615384616,1.0982592724490865e-07,2.0535622470523522e-06
balanced_observed,pair4,zero__ota__mgmt,ota|zeros,0.009615384615384616,0.0,0.0
balanced_observed,pair4,zero__ota__pkt_total,ota|zeros,0.009615384615384616,0.0,0.0
balanced_observed,pair4,zero__router__bytes_total__absdiff1,router|zeros,0.01282051282051282,5.177673512965389e-07,9.681388648855285e-06
balanced_observed,pair4,zero__router__bytes_total__diff1,router|zeros,0.01282051282051282,5.177673512965389e-07,9.681388648855285e-06
balanced_observed,pair4,zero__router__pkt_total__absdiff1,router|zeros,0.01282051282051282,1.6347957752190525e-06,3.0567963047051455e-05
balanced_observed,pair4,zero__router__pkt_total__diff1,router|zeros,0.01282051282051282,1.6347957752190525e-06,3.0567963047051455e-05
balanced_observed,pair4,zero__router__tcp_pkt,router|zeros,0.01282051282051282,6.883993065722768e-05,0.0012871922526284715
balanced_observed,pair4,zero__router__udp_pkt,router|zeros,0.01282051282051282,3.420200435962209e-05,0.0006395206185677427
balanced_observed,pair4,zero__zb__app_event_intensity,zigbee|zeros,0.009615384615384616,0.0,0.0
balanced_observed,pair4,zero__zigbee__ack,zigbee|zeros,0.009615384615384616,1.1763582158217264e-06,2.1995942867246307e-05
balanced_observed,pair4,zero__zigbee__ack_rate,zigbee|zeros,0.009615384615384616,1.1763582158217264e-06,2.1995942867246307e-05
balanced_observed,pair4,zero__zigbee__beacon,zigbee|zeros,0.009615384615384616,1.8859350204337636e-05,0.0003526384939796831
balanced_observed,pair4,zero__zigbee__beacon_rate,zigbee|zeros,0.009615384615384616,1.8859350204337636e-05,0.0003526384939796831
balanced_observed,pair4,zero__zigbee__bytes_total,zigbee|zeros,0.009615384615384616,0.0,0.0
balanced_observed,pair4,zero__zigbee__pkt_total,zigbee|zeros,0.009615384615384616,0.0,0.0
balanced_observed,pair4,zero__zigbee__pps,zigbee|zeros,0.009615384615384616,0.0,0.0
balanced_observed,pair5,missing__iot__coffee_maker_hot__sensor__water__value,iot|missing,0.007692307692307693,0.007692307692307693,0.14636020682477036
balanced_observed,pair5,missing__iot__entity_stale__s5_max_total_cleaning_count,iot|missing,0.007692307692307693,0.0,0.0
balanced_observed,pair5,missing__iot__entity_stale__withings_snoring_episode_count,iot|missing,0.007692307692307693,0.0,0.0
balanced_observed,pair5,missing__iot__s5_max_main_brush_time_left__sensor__state__value,iot|missing,0.007692307692307693,0.0,0.0
balanced_observed,pair5,missing__iot__s5_max_side_brush_time_left__sensor__state__value,iot|missing,0.007692307692307693,0.0,0.0
balanced_observed,pair5,missing__iot__smart_plug__sensor__signal_strength__value,iot|missing,0.007692307692307693,0.007692307692307693,0.14636020682477036
balanced_observed,pair5,missing__iot__smart_plug__sensor__voltage__value,iot|missing,0.007692307692307693,0.007692307692307693,0.14636020682477036
balanced_observed,pair5,missing__iot__smart_plug_ps5__sensor__signal_strength__value,iot|missing,0.007692307692307693,0.007692307692307693,0.14636020682477036
balanced_observed,pair5,missing__iot__smart_plug_ps5__sensor__voltage__value,iot|missing,0.007692307692307693,0.007692307692307693,0.14636020682477036
balanced_observed,pair5,missing__iot__twinguard_087__sensor__purity__value,iot|missing,0.007692307692307693,0.0,0.0
balanced_observed,pair5,missing__ota24__bytes_total,ota|missing,0.009615384615384616,0.0,0.0
balanced_observed,pair5,missing__ota24__rssi_n,ota|missing,0.009615384615384616,0.0,0.0
balanced_observed,pair5,missing__ota5__mgmt,ota|missing,0.009615384615384616,2.06091062572279e-11,3.921258970566008e-10
balanced_observed,pair5,missing__ota5__rssi_n,ota|missing,0.009615384615384616,2.06091062572279e-11,3.921258970566008e-10
balanced_observed,pair5,missing__ota__bytes_total,ota|missing,0.009615384615384616,0.0,0.0
balanced_observed,pair5,missing__ota__data,ota|missing,0.009615384615384616,0.0,0.0
balanced_observed,pair5,missing__ota__mgmt,ota|missing,0.009615384615384616,0.0,0.0
balanced_observed,pair5,missing__ota__pkt_total,ota|missing,0.009615384615384616,0.0,0.0
balanced_observed,pair5,missing__router__bytes_total__absdiff1,router|missing,0.01282051282051282,2.154338574091842e-08,4.099022710570617e-07
balanced_observed,pair5,missing__router__bytes_total__diff1,router|missing,0.01282051282051282,2.154338574091842e-08,4.099022710570617e-07
balanced_observed,pair5,missing__router__pkt_total__absdiff1,router|missing,0.01282051282051282,2.154338574091842e-08,4.099022710570617e-07
balanced_observed,pair5,missing__router__pkt_total__diff1,router|missing,0.01282051282051282,2.154338574091842e-08,4.099022710570617e-07
balanced_observed,pair5,missing__router__tcp_pkt,router|missing,0.01282051282051282,2.154338574091842e-08,4.099022710570617e-07
balanced_observed,pair5,missing__router__udp_pkt,router|missing,0.01282051282051282,2.154338574091842e-08,4.099022710570617e-07
balanced_observed,pair5,missing__zb__app_event_intensity,zigbee|missing,0.009615384615384616,0.0,0.0
balanced_observed,pair5,missing__zigbee__ack,zigbee|missing,0.009615384615384616,1.5207067934209109e-05,0.0002893422490463932
balanced_observed,pair5,missing__zigbee__ack_rate,zigbee|missing,0.009615384615384616,1.5207067934209109e-05,0.0002893422490463932
balanced_observed,pair5,missing__zigbee__beacon,zigbee|missing,0.009615384615384616,1.5207067934209109e-05,0.0002893422490463932
balanced_observed,pair5,missing__zigbee__beacon_rate,zigbee|missing,0.009615384615384616,1.5207067934209109e-05,0.0002893422490463932
balanced_observed,pair5,missing__zigbee__bytes_total,zigbee|missing,0.009615384615384616,1.5207067934209109e-05,0.0002893422490463932
balanced_observed,pair5,missing__zigbee__pkt_total,zigbee|missing,0.009615384615384616,1.5207067934209109e-05,0.0002893422490463932
balanced_observed,pair5,missing__zigbee__pps,zigbee|missing,0.009615384615384616,1.5207067934209109e-05,0.0002893422490463932
balanced_observed,pair5,rank__iot__entity_stale__s5_max_total_cleaning_count,iot|values,0.008547008547008548,0.0,0.0
balanced_observed,pair5,rank__iot__entity_stale__withings_snoring_episode_count,iot|values,0.008547008547008548,0.0,0.0
balanced_observed,pair5,rank__iot__s5_max_main_brush_time_left__sensor__state__value,iot|values,0.008547008547008548,0.0013832010069494936,0.026317926109456605
balanced_observed,pair5,rank__iot__s5_max_side_brush_time_left__sensor__state__value,iot|values,0.008547008547008548,0.0013832010069494936,0.026317926109456605
balanced_observed,pair5,rank__iot__smart_plug__sensor__signal_strength__value,iot|values,0.008547008547008548,0.001195800471473479,0.02275228856238212
balanced_observed,pair5,rank__iot__smart_plug__sensor__voltage__value,iot|values,0.008547008547008548,3.0258783605372038e-05,0.0005757286374772688
balanced_observed,pair5,rank__iot__smart_plug_ps5__sensor__signal_strength__value,iot|values,0.008547008547008548,3.0564352068600888e-06,5.815426357293181e-05
balanced_observed,pair5,rank__iot__smart_plug_ps5__sensor__voltage__value,iot|values,0.008547008547008548,5.1848718349313975e-05,0.0009865165883566316
balanced_observed,pair5,rank__iot__twinguard_087__sensor__purity__value,iot|values,0.008547008547008548,0.0005061538785821967,0.0096305022260785
balanced_observed,pair5,rank__ota24__bytes_total,ota|values,0.009615384615384616,2.4817114162216387e-06,4.7219093500487066e-05
balanced_observed,pair5,rank__ota24__rssi_n,ota|values,0.009615384615384616,2.6200922038946806e-07,4.98520407920592e-06
balanced_observed,pair5,rank__ota5__mgmt,ota|values,0.009615384615384616,9.563598749202145e-05,0.0018196493781990435
balanced_observed,pair5,rank__ota5__rssi_n,ota|values,0.009615384615384616,0.00012818334459122993,0.0024389223073622186
balanced_observed,pair5,rank__ota__bytes_total,ota|values,0.009615384615384616,9.320830112361895e-05,0.0017734582099309848
balanced_observed,pair5,rank__ota__data,ota|values,0.009615384615384616,1.922665263759236e-07,3.6582219135618447e-06
balanced_observed,pair5,rank__ota__mgmt,ota|values,0.009615384615384616,0.00011744810671270229,0.002234664794654345
balanced_observed,pair5,rank__ota__pkt_total,ota|values,0.009615384615384616,4.065831039472052e-05,0.0007735986334072108
balanced_observed,pair5,rank__router__bytes_total__absdiff1,router|values,0.01282051282051282,6.051986597174335e-05,0.001151501013082126
balanced_observed,pair5,rank__router__bytes_total__diff1,router|values,0.01282051282051282,1.1625069959223412e-09,2.2118819366596723e-08
balanced_observed,pair5,rank__router__pkt_total__absdiff1,router|values,0.01282051282051282,3.035094086592003e-05,0.000577482097720116
balanced_observed,pair5,rank__router__pkt_total__diff1,router|values,0.01282051282051282,6.3105734167624775e-09,1.2007018795983302e-07
balanced_observed,pair5,rank__router__tcp_pkt,router|values,0.01282051282051282,3.8189879084755554e-05,0.0007266322181895133
balanced_observed,pair5,rank__router__udp_pkt,router|values,0.01282051282051282,2.555423165472916e-05,0.000486215941930453
balanced_observed,pair5,rank__zb__app_event_intensity,zigbee|values,0.009615384615384616,5.152531958082928e-12,9.803633359731333e-11
balanced_observed,pair5,rank__zigbee__ack,zigbee|values,0.009615384615384616,6.28264239045691e-06,0.0001195387491575346
balanced_observed,pair5,rank__zigbee__ack_rate,zigbee|values,0.009615384615384616,3.3272040400477894e-05,0.0006330613528844878
balanced_observed,pair5,rank__zigbee__beacon,zigbee|values,0.009615384615384616,3.3498064673226174e-07,6.3736187759437915e-06
balanced_observed,pair5,rank__zigbee__beacon_rate,zigbee|values,0.009615384615384616,3.269995941876503e-07,6.221764670799662e-06
balanced_observed,pair5,rank__zigbee__bytes_total,zigbee|values,0.009615384615384616,4.286831299569703e-06,8.156479703162971e-05
balanced_observed,pair5,rank__zigbee__pkt_total,zigbee|values,0.009615384615384616,4.053098321474277e-09,7.711760011957362e-08
balanced_observed,pair5,rank__zigbee__pps,zigbee|values,0.009615384615384616,4.053098321474277e-09,7.711760011957362e-08
balanced_observed,pair5,time_cos,time,0.038461538461538464,1.5848525733294394e-05,0.0003015471555450462
balanced_observed,pair5,time_sin,time,0.038461538461538464,2.9277516658982624e-06,5.5705824115816634e-05
balanced_observed,pair5,zero__iot__entity_stale__s5_max_total_cleaning_count,iot|zeros,0.008547008547008548,0.0,0.0
balanced_observed,pair5,zero__iot__entity_stale__withings_snoring_episode_count,iot|zeros,0.008547008547008548,0.0,0.0
balanced_observed,pair5,zero__iot__s5_max_main_brush_time_left__sensor__state__value,iot|zeros,0.008547008547008548,0.0,0.0
balanced_observed,pair5,zero__iot__s5_max_side_brush_time_left__sensor__state__value,iot|zeros,0.008547008547008548,0.0,0.0
balanced_observed,pair5,zero__iot__smart_plug__sensor__signal_strength__value,iot|zeros,0.008547008547008548,0.002136752136752137,0.04065561300688066
balanced_observed,pair5,zero__iot__smart_plug__sensor__voltage__value,iot|zeros,0.008547008547008548,0.002136752136752137,0.04065561300688066
balanced_observed,pair5,zero__iot__smart_plug_ps5__sensor__signal_strength__value,iot|zeros,0.008547008547008548,0.002136752136752137,0.04065561300688066
balanced_observed,pair5,zero__iot__smart_plug_ps5__sensor__voltage__value,iot|zeros,0.008547008547008548,0.002136752136752137,0.04065561300688066
balanced_observed,pair5,zero__iot__twinguard_087__sensor__purity__value,iot|zeros,0.008547008547008548,0.0,0.0
balanced_observed,pair5,zero__ota24__bytes_total,ota|zeros,0.009615384615384616,0.0,0.0
balanced_observed,pair5,zero__ota24__rssi_n,ota|zeros,0.009615384615384616,0.0,0.0
balanced_observed,pair5,zero__ota5__mgmt,ota|zeros,0.009615384615384616,0.0,0.0
balanced_observed,pair5,zero__ota5__rssi_n,ota|zeros,0.009615384615384616,0.0,0.0
balanced_observed,pair5,zero__ota__bytes_total,ota|zeros,0.009615384615384616,0.0,0.0
balanced_observed,pair5,zero__ota__data,ota|zeros,0.009615384615384616,1.0098462066054668e-07,1.921416895579817e-06
balanced_observed,pair5,zero__ota__mgmt,ota|zeros,0.009615384615384616,0.0,0.0
balanced_observed,pair5,zero__ota__pkt_total,ota|zeros,0.009615384615384616,0.0,0.0
balanced_observed,pair5,zero__router__bytes_total__absdiff1,router|zeros,0.01282051282051282,2.8412800105341257e-07,5.406054289855184e-06
balanced_observed,pair5,zero__router__bytes_total__diff1,router|zeros,0.01282051282051282,2.8412800105341257e-07,5.406054289855184e-06
balanced_observed,pair5,zero__router__pkt_total__absdiff1,router|zeros,0.01282051282051282,9.27135084136895e-07,1.7640438746940987e-05
balanced_observed,pair5,zero__router__pkt_total__diff1,router|zeros,0.01282051282051282,9.27135084136895e-07,1.7640438746940987e-05
balanced_observed,pair5,zero__router__tcp_pkt,router|zeros,0.01282051282051282,7.6990853978747e-05,0.0014648916505528638
balanced_observed,pair5,zero__router__udp_pkt,router|zeros,0.01282051282051282,2.6598078623202745e-05,0.0005060770374963494
balanced_observed,pair5,zero__zb__app_event_intensity,zigbee|zeros,0.009615384615384616,2.06091062572279e-11,3.921258970566008e-10
balanced_observed,pair5,zero__zigbee__ack,zigbee|zeros,0.009615384615384616,4.183318413481155e-05,0.0007959527526742637
balanced_observed,pair5,zero__zigbee__ack_rate,zigbee|zeros,0.009615384615384616,4.183318413481155e-05,0.0007959527526742637
balanced_observed,pair5,zero__zigbee__beacon,zigbee|zeros,0.009615384615384616,1.4828937081690704e-06,2.8214761877480854e-05
balanced_observed,pair5,zero__zigbee__beacon_rate,zigbee|zeros,0.009615384615384616,1.4828937081690704e-06,2.8214761877480854e-05
balanced_observed,pair5,zero__zigbee__bytes_total,zigbee|zeros,0.009615384615384616,0.0,0.0
balanced_observed,pair5,zero__zigbee__pkt_total,zigbee|zeros,0.009615384615384616,0.0,0.0
balanced_observed,pair5,zero__zigbee__pps,zigbee|zeros,0.009615384615384616,0.0,0.0
balanced_observed,pair6,missing__iot__coffee_maker_hot__sensor__water__value,iot|missing,0.007692307692307693,0.0,0.0
balanced_observed,pair6,missing__iot__entity_stale__s5_max_total_cleaning_count,iot|missing,0.007692307692307693,0.0,0.0
balanced_observed,pair6,missing__iot__entity_stale__withings_snoring_episode_count,iot|missing,0.007692307692307693,0.0,0.0
balanced_observed,pair6,missing__iot__s5_max_main_brush_time_left__sensor__state__value,iot|missing,0.007692307692307693,0.0,0.0
balanced_observed,pair6,missing__iot__s5_max_side_brush_time_left__sensor__state__value,iot|missing,0.007692307692307693,0.0,0.0
balanced_observed,pair6,missing__iot__smart_plug__sensor__signal_strength__value,iot|missing,0.007692307692307693,0.007692307692307693,0.1591364586196955
balanced_observed,pair6,missing__iot__smart_plug__sensor__voltage__value,iot|missing,0.007692307692307693,0.007692307692307693,0.1591364586196955
balanced_observed,pair6,missing__iot__smart_plug_ps5__sensor__signal_strength__value,iot|missing,0.007692307692307693,0.007692307692307693,0.1591364586196955
balanced_observed,pair6,missing__iot__smart_plug_ps5__sensor__voltage__value,iot|missing,0.007692307692307693,0.007692307692307693,0.1591364586196955
balanced_observed,pair6,missing__iot__twinguard_087__sensor__purity__value,iot|missing,0.007692307692307693,0.0,0.0
balanced_observed,pair6,missing__ota24__bytes_total,ota|missing,0.009615384615384616,0.0,0.0
balanced_observed,pair6,missing__ota24__rssi_n,ota|missing,0.009615384615384616,0.0,0.0
balanced_observed,pair6,missing__ota5__mgmt,ota|missing,0.009615384615384616,0.0,0.0
balanced_observed,pair6,missing__ota5__rssi_n,ota|missing,0.009615384615384616,0.0,0.0
balanced_observed,pair6,missing__ota__bytes_total,ota|missing,0.009615384615384616,0.0,0.0
balanced_observed,pair6,missing__ota__data,ota|missing,0.009615384615384616,0.0,0.0
balanced_observed,pair6,missing__ota__mgmt,ota|missing,0.009615384615384616,0.0,0.0
balanced_observed,pair6,missing__ota__pkt_total,ota|missing,0.009615384615384616,0.0,0.0
balanced_observed,pair6,missing__router__bytes_total__absdiff1,router|missing,0.01282051282051282,1.0991523337214573e-10,2.2738977283360834e-09
balanced_observed,pair6,missing__router__bytes_total__diff1,router|missing,0.01282051282051282,1.0991523337214573e-10,2.2738977283360834e-09
balanced_observed,pair6,missing__router__pkt_total__absdiff1,router|missing,0.01282051282051282,1.0991523337214573e-10,2.2738977283360834e-09
balanced_observed,pair6,missing__router__pkt_total__diff1,router|missing,0.01282051282051282,1.0991523337214573e-10,2.2738977283360834e-09
balanced_observed,pair6,missing__router__tcp_pkt,router|missing,0.01282051282051282,1.0991523337214573e-10,2.2738977283360834e-09
balanced_observed,pair6,missing__router__udp_pkt,router|missing,0.01282051282051282,1.0991523337214573e-10,2.2738977283360834e-09
balanced_observed,pair6,missing__zb__app_event_intensity,zigbee|missing,0.009615384615384616,0.0,0.0
balanced_observed,pair6,missing__zigbee__ack,zigbee|missing,0.009615384615384616,4.9482464123667156e-08,1.0236803335741483e-06
balanced_observed,pair6,missing__zigbee__ack_rate,zigbee|missing,0.009615384615384616,4.9482464123667156e-08,1.0236803335741483e-06
balanced_observed,pair6,missing__zigbee__beacon,zigbee|missing,0.009615384615384616,4.9482464123667156e-08,1.0236803335741483e-06
balanced_observed,pair6,missing__zigbee__beacon_rate,zigbee|missing,0.009615384615384616,4.9482464123667156e-08,1.0236803335741483e-06
balanced_observed,pair6,missing__zigbee__bytes_total,zigbee|missing,0.009615384615384616,4.9482464123667156e-08,1.0236803335741483e-06
balanced_observed,pair6,missing__zigbee__pkt_total,zigbee|missing,0.009615384615384616,4.9482464123667156e-08,1.0236803335741483e-06
balanced_observed,pair6,missing__zigbee__pps,zigbee|missing,0.009615384615384616,4.9482464123667156e-08,1.0236803335741483e-06
balanced_observed,pair6,rank__iot__entity_stale__s5_max_total_cleaning_count,iot|values,0.008547008547008548,1.6542288420503553e-06,3.422225555715891e-05
balanced_observed,pair6,rank__iot__entity_stale__withings_snoring_episode_count,iot|values,0.008547008547008548,0.0,0.0
balanced_observed,pair6,rank__iot__s5_max_main_brush_time_left__sensor__state__value,iot|values,0.008547008547008548,0.0026379440470730878,0.0545730995794554
balanced_observed,pair6,rank__iot__s5_max_side_brush_time_left__sensor__state__value,iot|values,0.008547008547008548,0.0026379440470730878,0.0545730995794554
balanced_observed,pair6,rank__iot__smart_plug__sensor__signal_strength__value,iot|values,0.008547008547008548,0.00012080476407466308,0.002499177504099861
balanced_observed,pair6,rank__iot__smart_plug__sensor__voltage__value,iot|values,0.008547008547008548,2.643668385249182e-05,0.0005469152319714247
balanced_observed,pair6,rank__iot__smart_plug_ps5__sensor__signal_strength__value,iot|values,0.008547008547008548,0.00020029758807245358,0.004143704348669187
balanced_observed,pair6,rank__iot__smart_plug_ps5__sensor__voltage__value,iot|values,0.008547008547008548,5.127421353651569e-05,0.0010607475788924506
balanced_observed,pair6,rank__iot__twinguard_087__sensor__purity__value,iot|values,0.008547008547008548,9.494726683714324e-06,0.000196424433401069
balanced_observed,pair6,rank__ota24__bytes_total,ota|values,0.009615384615384616,7.32992316030593e-08,1.5163954177912438e-06
balanced_observed,pair6,rank__ota24__rssi_n,ota|values,0.009615384615384616,2.6542516998351596e-06,5.4910468053619653e-05
balanced_observed,pair6,rank__ota5__mgmt,ota|values,0.009615384615384616,5.123667688299827e-07,1.0599710303782551e-05
balanced_observed,pair6,rank__ota5__rssi_n,ota|values,0.009615384615384616,4.618240210288385e-06,9.554095097564828e-05
balanced_observed,pair6,rank__ota__bytes_total,ota|values,0.009615384615384616,1.4575578292619864e-05,0.0003015357685368123
balanced_observed,pair6,rank__ota__data,ota|values,0.009615384615384616,1.039922818573373e-06,2.1513652496125228e-05
balanced_observed,pair6,rank__ota__mgmt,ota|values,0.009615384615384616,8.494952392068231e-08,1.7574136317616439e-06
balanced_observed,pair6,rank__ota__pkt_total,ota|values,0.009615384615384616,7.574145911875205e-06,0.00015669195847300635
balanced_observed,pair6,rank__router__bytes_total__absdiff1,router|values,0.01282051282051282,6.554814319804805e-06,0.00013560429190924263
balanced_observed,pair6,rank__router__bytes_total__diff1,router|values,0.01282051282051282,4.970071029875144e-09,1.0281953536174752e-07
balanced_observed,pair6,rank__router__pkt_total__absdiff1,router|values,0.01282051282051282,1.1122915045881433e-06,2.3010797029080886e-05
balanced_observed,pair6,rank__router__pkt_total__diff1,router|values,0.01282051282051282,5.315225009272891e-08,1.0995999101652838e-06
balanced_observed,pair6,rank__router__tcp_pkt,router|values,0.01282051282051282,2.116603155851309e-05,0.0004378773496830833
balanced_observed,pair6,rank__router__udp_pkt,router|values,0.01282051282051282,2.0707124303883963e-08,4.2838359588932974e-07
balanced_observed,pair6,rank__zb__app_event_intensity,zigbee|values,0.009615384615384616,5.152410981270064e-12,1.0659173679863126e-10
balanced_observed,pair6,rank__zigbee__ack,zigbee|values,0.009615384615384616,2.462319526375102e-05,0.0005093982522426975
balanced_observed,pair6,rank__zigbee__ack_rate,zigbee|values,0.009615384615384616,2.2879289644842496e-07,4.733207868758857e-06
balanced_observed,pair6,rank__zigbee__beacon,zigbee|values,0.009615384615384616,6.719093611636676e-06,0.00013900285912371043
balanced_observed,pair6,rank__zigbee__beacon_rate,zigbee|values,0.009615384615384616,8.441669076212714e-06,0.0001746390518116254
balanced_observed,pair6,rank__zigbee__bytes_total,zigbee|values,0.009615384615384616,3.1629041894645405e-05,0.0006543333831642209
balanced_observed,pair6,rank__zigbee__pkt_total,zigbee|values,0.009615384615384616,2.500218067469169e-05,0.0005172386037442291
balanced_observed,pair6,rank__zigbee__pps,zigbee|values,0.009615384615384616,2.500218067469169e-05,0.0005172386037442291
balanced_observed,pair6,time_cos,time,0.038461538461538464,0.0009096394882302235,0.01881838488108669
balanced_observed,pair6,time_sin,time,0.038461538461538464,0.002075380054293869,0.04293492217693609
balanced_observed,pair6,zero__iot__entity_stale__s5_max_total_cleaning_count,iot|zeros,0.008547008547008548,6.616915368201377e-06,0.00013688902222863471
balanced_observed,pair6,zero__iot__entity_stale__withings_snoring_episode_count,iot|zeros,0.008547008547008548,0.0,0.0
balanced_observed,pair6,zero__iot__s5_max_main_brush_time_left__sensor__state__value,iot|zeros,0.008547008547008548,0.0,0.0
balanced_observed,pair6,zero__iot__s5_max_side_brush_time_left__sensor__state__value,iot|zeros,0.008547008547008548,0.0,0.0
balanced_observed,pair6,zero__iot__smart_plug__sensor__signal_strength__value,iot|zeros,0.008547008547008548,0.002136752136752137,0.04420457183880431
balanced_observed,pair6,zero__iot__smart_plug__sensor__voltage__value,iot|zeros,0.008547008547008548,0.002136752136752137,0.04420457183880431
balanced_observed,pair6,zero__iot__smart_plug_ps5__sensor__signal_strength__value,iot|zeros,0.008547008547008548,0.002136752136752137,0.04420457183880431
balanced_observed,pair6,zero__iot__smart_plug_ps5__sensor__voltage__value,iot|zeros,0.008547008547008548,0.002136752136752137,0.04420457183880431
balanced_observed,pair6,zero__iot__twinguard_087__sensor__purity__value,iot|zeros,0.008547008547008548,0.0,0.0
balanced_observed,pair6,zero__ota24__bytes_total,ota|zeros,0.009615384615384616,2.062438074719324e-11,4.2667181873323294e-10
balanced_observed,pair6,zero__ota24__rssi_n,ota|zeros,0.009615384615384616,2.062438074719324e-11,4.2667181873323294e-10
balanced_observed,pair6,zero__ota5__mgmt,ota|zeros,0.009615384615384616,0.0,0.0
balanced_observed,pair6,zero__ota5__rssi_n,ota|zeros,0.009615384615384616,0.0,0.0
balanced_observed,pair6,zero__ota__bytes_total,ota|zeros,0.009615384615384616,0.0,0.0
balanced_observed,pair6,zero__ota__data,ota|zeros,0.009615384615384616,1.8599718397172098e-07,3.8478613121644365e-06
balanced_observed,pair6,zero__ota__mgmt,ota|zeros,0.009615384615384616,0.0,0.0
balanced_observed,pair6,zero__ota__pkt_total,ota|zeros,0.009615384615384616,0.0,0.0
balanced_observed,pair6,zero__router__bytes_total__absdiff1,router|zeros,0.01282051282051282,1.6733792895936798e-07,3.4618435029552406e-06
balanced_observed,pair6,zero__router__bytes_total__diff1,router|zeros,0.01282051282051282,1.6733792895936798e-07,3.4618435029552406e-06
balanced_observed,pair6,zero__router__pkt_total__absdiff1,router|zeros,0.01282051282051282,3.8907415959853913e-07,8.049064906862944e-06
balanced_observed,pair6,zero__router__pkt_total__diff1,router|zeros,0.01282051282051282,3.8907415959853913e-07,8.049064906862944e-06
balanced_observed,pair6,zero__router__tcp_pkt,router|zeros,0.01282051282051282,9.624825877781935e-05,0.001991158916527845
balanced_observed,pair6,zero__router__udp_pkt,router|zeros,0.01282051282051282,2.5072593897484926e-06,5.1869529416322014e-05
balanced_observed,pair6,zero__zb__app_event_intensity,zigbee|zeros,0.009615384615384616,2.06091062572279e-11,4.263558240619932e-10
balanced_observed,pair6,zero__zigbee__ack,zigbee|zeros,0.009615384615384616,2.354768848172262e-06,4.871484479759471e-05
balanced_observed,pair6,zero__zigbee__ack_rate,zigbee|zeros,0.009615384615384616,2.354768848172262e-06,4.871484479759471e-05
balanced_observed,pair6,zero__zigbee__beacon,zigbee|zeros,0.009615384615384616,2.8640379979822486e-05,0.0005925047236564789
balanced_observed,pair6,zero__zigbee__beacon_rate,zigbee|zeros,0.009615384615384616,2.8640379979822486e-05,0.0005925047236564789
balanced_observed,pair6,zero__zigbee__bytes_total,zigbee|zeros,0.009615384615384616,0.0,0.0
balanced_observed,pair6,zero__zigbee__pkt_total,zigbee|zeros,0.009615384615384616,0.0,0.0
balanced_observed,pair6,zero__zigbee__pps,zigbee|zeros,0.009615384615384616,0.0,0.0
balanced_observed,pair7,missing__iot__coffee_maker_hot__sensor__water__value,iot|missing,0.007692307692307693,0.0,0.0
balanced_observed,pair7,missing__iot__entity_stale__s5_max_total_cleaning_count,iot|missing,0.007692307692307693,0.0,0.0
balanced_observed,pair7,missing__iot__entity_stale__withings_snoring_episode_count,iot|missing,0.007692307692307693,0.0,0.0
balanced_observed,pair7,missing__iot__s5_max_main_brush_time_left__sensor__state__value,iot|missing,0.007692307692307693,0.0,0.0
balanced_observed,pair7,missing__iot__s5_max_side_brush_time_left__sensor__state__value,iot|missing,0.007692307692307693,0.0,0.0
balanced_observed,pair7,missing__iot__smart_plug__sensor__signal_strength__value,iot|missing,0.007692307692307693,0.007692307692307693,0.1579877575143817
balanced_observed,pair7,missing__iot__smart_plug__sensor__voltage__value,iot|missing,0.007692307692307693,0.007692307692307693,0.1579877575143817
balanced_observed,pair7,missing__iot__smart_plug_ps5__sensor__signal_strength__value,iot|missing,0.007692307692307693,0.007692307692307693,0.1579877575143817
balanced_observed,pair7,missing__iot__smart_plug_ps5__sensor__voltage__value,iot|missing,0.007692307692307693,0.007692307692307693,0.1579877575143817
balanced_observed,pair7,missing__iot__twinguard_087__sensor__purity__value,iot|missing,0.007692307692307693,0.0,0.0
balanced_observed,pair7,missing__ota24__bytes_total,ota|missing,0.009615384615384616,0.0,0.0
balanced_observed,pair7,missing__ota24__rssi_n,ota|missing,0.009615384615384616,0.0,0.0
balanced_observed,pair7,missing__ota5__mgmt,ota|missing,0.009615384615384616,8.24364250289116e-11,1.693112970616625e-09
balanced_observed,pair7,missing__ota5__rssi_n,ota|missing,0.009615384615384616,8.24364250289116e-11,1.693112970616625e-09
balanced_observed,pair7,missing__ota__bytes_total,ota|missing,0.009615384615384616,0.0,0.0
balanced_observed,pair7,missing__ota__data,ota|missing,0.009615384615384616,0.0,0.0
balanced_observed,pair7,missing__ota__mgmt,ota|missing,0.009615384615384616,0.0,0.0
balanced_observed,pair7,missing__ota__pkt_total,ota|missing,0.009615384615384616,0.0,0.0
balanced_observed,pair7,missing__router__bytes_total__absdiff1,router|missing,0.01282051282051282,4.396609334880557e-10,9.029935843299494e-09
balanced_observed,pair7,missing__router__bytes_total__diff1,router|missing,0.01282051282051282,4.396609334880557e-10,9.029935843299494e-09
balanced_observed,pair7,missing__router__pkt_total__absdiff1,router|missing,0.01282051282051282,4.396609334880557e-10,9.029935843299494e-09
balanced_observed,pair7,missing__router__pkt_total__diff1,router|missing,0.01282051282051282,4.396609334880557e-10,9.029935843299494e-09
balanced_observed,pair7,missing__router__tcp_pkt,router|missing,0.01282051282051282,4.396609334880557e-10,9.029935843299494e-09
balanced_observed,pair7,missing__router__udp_pkt,router|missing,0.01282051282051282,4.396609334880557e-10,9.029935843299494e-09
balanced_observed,pair7,missing__zb__app_event_intensity,zigbee|missing,0.009615384615384616,0.0,0.0
balanced_observed,pair7,missing__zigbee__ack,zigbee|missing,0.009615384615384616,1.399308853012557e-05,0.0002873957680847181
balanced_observed,pair7,missing__zigbee__ack_rate,zigbee|missing,0.009615384615384616,1.399308853012557e-05,0.0002873957680847181
balanced_observed,pair7,missing__zigbee__beacon,zigbee|missing,0.009615384615384616,1.399308853012557e-05,0.0002873957680847181
balanced_observed,pair7,missing__zigbee__beacon_rate,zigbee|missing,0.009615384615384616,1.399308853012557e-05,0.0002873957680847181
balanced_observed,pair7,missing__zigbee__bytes_total,zigbee|missing,0.009615384615384616,1.399308853012557e-05,0.0002873957680847181
balanced_observed,pair7,missing__zigbee__pkt_total,zigbee|missing,0.009615384615384616,1.399308853012557e-05,0.0002873957680847181
balanced_observed,pair7,missing__zigbee__pps,zigbee|missing,0.009615384615384616,1.399308853012557e-05,0.0002873957680847181
balanced_observed,pair7,rank__iot__entity_stale__s5_max_total_cleaning_count,iot|values,0.008547008547008548,0.0,0.0
balanced_observed,pair7,rank__iot__entity_stale__withings_snoring_episode_count,iot|values,0.008547008547008548,0.0,0.0
balanced_observed,pair7,rank__iot__s5_max_main_brush_time_left__sensor__state__value,iot|values,0.008547008547008548,0.0013832010069494936,0.028408747286346073
balanced_observed,pair7,rank__iot__s5_max_side_brush_time_left__sensor__state__value,iot|values,0.008547008547008548,0.0013832010069494936,0.028408747286346073
balanced_observed,pair7,rank__iot__smart_plug__sensor__signal_strength__value,iot|values,0.008547008547008548,0.0004148937277719545,0.008521256855471547
balanced_observed,pair7,rank__iot__smart_plug__sensor__voltage__value,iot|values,0.008547008547008548,3.202410236922262e-05,0.0006577240955641824
balanced_observed,pair7,rank__iot__smart_plug_ps5__sensor__signal_strength__value,iot|values,0.008547008547008548,0.0010074248469758695,0.020690903016938277
balanced_observed,pair7,rank__iot__smart_plug_ps5__sensor__voltage__value,iot|values,0.008547008547008548,5.423757319195346e-05,0.0011139534330104534
balanced_observed,pair7,rank__iot__twinguard_087__sensor__purity__value,iot|values,0.008547008547008548,0.002020206994246944,0.04149183645567273
balanced_observed,pair7,rank__ota24__bytes_total,ota|values,0.009615384615384616,2.872785339179176e-06,5.900243876242435e-05
balanced_observed,pair7,rank__ota24__rssi_n,ota|values,0.009615384615384616,8.641613769272021e-07,1.774849934926497e-05
balanced_observed,pair7,rank__ota5__mgmt,ota|values,0.009615384615384616,0.0007845978172252664,0.01611439046023281
balanced_observed,pair7,rank__ota5__rssi_n,ota|values,0.009615384615384616,0.0004932034071307094,0.010129613037834339
balanced_observed,pair7,rank__ota__bytes_total,ota|values,0.009615384615384616,0.0005980403072036232,0.012282796114980607
balanced_observed,pair7,rank__ota__data,ota|values,0.009615384615384616,1.2154156462404443e-05,0.00024962703011664706
balanced_observed,pair7,rank__ota__mgmt,ota|values,0.009615384615384616,0.0006221229590508343,0.012777415455824868
balanced_observed,pair7,rank__ota__pkt_total,ota|values,0.009615384615384616,0.0001514060962647725,0.003109640250974141
balanced_observed,pair7,rank__router__bytes_total__absdiff1,router|values,0.01282051282051282,4.510850944735137e-06,9.264569928124347e-05
balanced_observed,pair7,rank__router__bytes_total__diff1,router|values,0.01282051282051282,1.0787763418158818e-09,2.2156349163397707e-08
balanced_observed,pair7,rank__router__pkt_total__absdiff1,router|values,0.01282051282051282,1.9186157885065155e-05,0.0003940531477451811
balanced_observed,pair7,rank__router__pkt_total__diff1,router|values,0.01282051282051282,1.2885535417743591e-08,2.646483898527887e-07
balanced_observed,pair7,rank__router__tcp_pkt,router|values,0.01282051282051282,3.201709307450602e-05,0.0006575801358061579
balanced_observed,pair7,rank__router__udp_pkt,router|values,0.01282051282051282,9.886722998799733e-06,0.00020305755544701028
balanced_observed,pair7,rank__zb__app_event_intensity,zigbee|values,0.009615384615384616,5.152155590566508e-12,1.0581707605544238e-10
balanced_observed,pair7,rank__zigbee__ack,zigbee|values,0.009615384615384616,1.2986183255880752e-07,2.6671553626476356e-06
balanced_observed,pair7,rank__zigbee__ack_rate,zigbee|values,0.009615384615384616,2.9571806748747096e-05,0.0006073578464048176
balanced_observed,pair7,rank__zigbee__beacon,zigbee|values,0.009615384615384616,1.2914326551375031e-06,2.6523971391582335e-05
balanced_observed,pair7,rank__zigbee__beacon_rate,zigbee|values,0.009615384615384616,1.2574321973488448e-06,2.5825656101118307e-05
balanced_observed,pair7,rank__zigbee__bytes_total,zigbee|values,0.009615384615384616,9.270482235853781e-06,0.00019040095093752853
balanced_observed,pair7,rank__zigbee__pkt_total,zigbee|values,0.009615384615384616,1.701109209030911e-06,3.4938075798841436e-05
balanced_observed,pair7,rank__zigbee__pps,zigbee|values,0.009615384615384616,1.701109209030911e-06,3.4938075798841436e-05
balanced_observed,pair7,time_cos,time,0.038461538461538464,5.721157612706251e-06,0.00011750347201031323
balanced_observed,pair7,time_sin,time,0.038461538461538464,1.3055119786486578e-05,0.00026813138288932426
balanced_observed,pair7,zero__iot__entity_stale__s5_max_total_cleaning_count,iot|zeros,0.008547008547008548,0.0,0.0
balanced_observed,pair7,zero__iot__entity_stale__withings_snoring_episode_count,iot|zeros,0.008547008547008548,0.0,0.0
balanced_observed,pair7,zero__iot__s5_max_main_brush_time_left__sensor__state__value,iot|zeros,0.008547008547008548,0.0,0.0
balanced_observed,pair7,zero__iot__s5_max_side_brush_time_left__sensor__state__value,iot|zeros,0.008547008547008548,0.0,0.0
balanced_observed,pair7,zero__iot__smart_plug__sensor__signal_strength__value,iot|zeros,0.008547008547008548,0.002136752136752137,0.04388548819843936
balanced_observed,pair7,zero__iot__smart_plug__sensor__voltage__value,iot|zeros,0.008547008547008548,0.002136752136752137,0.04388548819843936
balanced_observed,pair7,zero__iot__smart_plug_ps5__sensor__signal_strength__value,iot|zeros,0.008547008547008548,0.002136752136752137,0.04388548819843936
balanced_observed,pair7,zero__iot__smart_plug_ps5__sensor__voltage__value,iot|zeros,0.008547008547008548,0.002136752136752137,0.04388548819843936
balanced_observed,pair7,zero__iot__twinguard_087__sensor__purity__value,iot|zeros,0.008547008547008548,0.0,0.0
balanced_observed,pair7,zero__ota24__bytes_total,ota|zeros,0.009615384615384616,0.0,0.0
balanced_observed,pair7,zero__ota24__rssi_n,ota|zeros,0.009615384615384616,0.0,0.0
balanced_observed,pair7,zero__ota5__mgmt,ota|zeros,0.009615384615384616,0.0,0.0
balanced_observed,pair7,zero__ota5__rssi_n,ota|zeros,0.009615384615384616,0.0,0.0
balanced_observed,pair7,zero__ota__bytes_total,ota|zeros,0.009615384615384616,0.0,0.0
balanced_observed,pair7,zero__ota__data,ota|zeros,0.009615384615384616,9.088615859449193e-07,1.8666570501072297e-05
balanced_observed,pair7,zero__ota__mgmt,ota|zeros,0.009615384615384616,0.0,0.0
balanced_observed,pair7,zero__ota__pkt_total,ota|zeros,0.009615384615384616,0.0,0.0
balanced_observed,pair7,zero__router__bytes_total__absdiff1,router|zeros,0.01282051282051282,4.521835220791424e-07,9.28712988297102e-06
balanced_observed,pair7,zero__router__bytes_total__diff1,router|zeros,0.01282051282051282,4.521835220791424e-07,9.28712988297102e-06
balanced_observed,pair7,zero__router__pkt_total__absdiff1,router|zeros,0.01282051282051282,2.191226321044928e-08,4.500430124688898e-07
balanced_observed,pair7,zero__router__pkt_total__diff1,router|zeros,0.01282051282051282,2.191226321044928e-08,4.500430124688898e-07
balanced_observed,pair7,zero__router__tcp_pkt,router|zeros,0.01282051282051282,9.571230007666457e-05,0.0019657783152352564
balanced_observed,pair7,zero__router__udp_pkt,router|zeros,0.01282051282051282,2.608415057814169e-06,5.357269393460489e-05
balanced_observed,pair7,zero__zb__app_event_intensity,zigbee|zeros,0.009615384615384616,2.0609106257326746e-11,4.2327824265618637e-10
balanced_observed,pair7,zero__zigbee__ack,zigbee|zeros,0.009615384615384616,3.828784064053542e-05,0.0007863713107726058
balanced_observed,pair7,zero__zigbee__ack_rate,zigbee|zeros,0.009615384615384616,3.828784064053542e-05,0.0007863713107726058
balanced_observed,pair7,zero__zigbee__beacon,zigbee|zeros,0.009615384615384616,4.275951645405355e-06,8.782124152067795e-05
balanced_observed,pair7,zero__zigbee__beacon_rate,zigbee|zeros,0.009615384615384616,4.275951645405355e-06,8.782124152067795e-05
balanced_observed,pair7,zero__zigbee__bytes_total,zigbee|zeros,0.009615384615384616,0.0,0.0
balanced_observed,pair7,zero__zigbee__pkt_total,zigbee|zeros,0.009615384615384616,0.0,0.0
balanced_observed,pair7,zero__zigbee__pps,zigbee|zeros,0.009615384615384616,0.0,0.0
balanced_observed,pair8,missing__iot__coffee_maker_hot__sensor__water__value,iot|missing,0.007692307692307693,0.0,0.0
balanced_observed,pair8,missing__iot__entity_stale__s5_max_total_cleaning_count,iot|missing,0.007692307692307693,0.0,0.0
balanced_observed,pair8,missing__iot__entity_stale__withings_snoring_episode_count,iot|missing,0.007692307692307693,0.0,0.0
balanced_observed,pair8,missing__iot__s5_max_main_brush_time_left__sensor__state__value,iot|missing,0.007692307692307693,0.0,0.0
balanced_observed,pair8,missing__iot__s5_max_side_brush_time_left__sensor__state__value,iot|missing,0.007692307692307693,0.0,0.0
balanced_observed,pair8,missing__iot__smart_plug__sensor__signal_strength__value,iot|missing,0.007692307692307693,0.0,0.0
balanced_observed,pair8,missing__iot__smart_plug__sensor__voltage__value,iot|missing,0.007692307692307693,0.0,0.0
balanced_observed,pair8,missing__iot__smart_plug_ps5__sensor__signal_strength__value,iot|missing,0.007692307692307693,0.0,0.0
balanced_observed,pair8,missing__iot__smart_plug_ps5__sensor__voltage__value,iot|missing,0.007692307692307693,0.0,0.0
balanced_observed,pair8,missing__iot__twinguard_087__sensor__purity__value,iot|missing,0.007692307692307693,0.0,0.0
balanced_observed,pair8,missing__ota24__bytes_total,ota|missing,0.009615384615384616,0.0,0.0
balanced_observed,pair8,missing__ota24__rssi_n,ota|missing,0.009615384615384616,0.0,0.0
balanced_observed,pair8,missing__ota5__mgmt,ota|missing,0.009615384615384616,2.06091062572279e-11,5.075752827414962e-09
balanced_observed,pair8,missing__ota5__rssi_n,ota|missing,0.009615384615384616,2.06091062572279e-11,5.075752827414962e-09
balanced_observed,pair8,missing__ota__bytes_total,ota|missing,0.009615384615384616,0.0,0.0
balanced_observed,pair8,missing__ota__data,ota|missing,0.009615384615384616,0.0,0.0
balanced_observed,pair8,missing__ota__mgmt,ota|missing,0.009615384615384616,0.0,0.0
balanced_observed,pair8,missing__ota__pkt_total,ota|missing,0.009615384615384616,0.0,0.0
balanced_observed,pair8,missing__router__bytes_total__absdiff1,router|missing,0.01282051282051282,0.0,0.0
balanced_observed,pair8,missing__router__bytes_total__diff1,router|missing,0.01282051282051282,0.0,0.0
balanced_observed,pair8,missing__router__pkt_total__absdiff1,router|missing,0.01282051282051282,0.0,0.0
balanced_observed,pair8,missing__router__pkt_total__diff1,router|missing,0.01282051282051282,0.0,0.0
balanced_observed,pair8,missing__router__tcp_pkt,router|missing,0.01282051282051282,0.0,0.0
balanced_observed,pair8,missing__router__udp_pkt,router|missing,0.01282051282051282,0.0,0.0
balanced_observed,pair8,missing__zb__app_event_intensity,zigbee|missing,0.009615384615384616,0.0,0.0
balanced_observed,pair8,missing__zigbee__ack,zigbee|missing,0.009615384615384616,9.223832205603013e-06,0.002271709011193583
balanced_observed,pair8,missing__zigbee__ack_rate,zigbee|missing,0.009615384615384616,9.223832205603013e-06,0.002271709011193583
balanced_observed,pair8,missing__zigbee__beacon,zigbee|missing,0.009615384615384616,9.223832205603013e-06,0.002271709011193583
balanced_observed,pair8,missing__zigbee__beacon_rate,zigbee|missing,0.009615384615384616,9.223832205603013e-06,0.002271709011193583
balanced_observed,pair8,missing__zigbee__bytes_total,zigbee|missing,0.009615384615384616,9.223832205603013e-06,0.002271709011193583
balanced_observed,pair8,missing__zigbee__pkt_total,zigbee|missing,0.009615384615384616,9.223832205603013e-06,0.002271709011193583
balanced_observed,pair8,missing__zigbee__pps,zigbee|missing,0.009615384615384616,9.223832205603013e-06,0.002271709011193583
balanced_observed,pair8,rank__iot__entity_stale__s5_max_total_cleaning_count,iot|values,0.008547008547008548,0.0,0.0
balanced_observed,pair8,rank__iot__entity_stale__withings_snoring_episode_count,iot|values,0.008547008547008548,0.0,0.0
balanced_observed,pair8,rank__iot__s5_max_main_brush_time_left__sensor__state__value,iot|values,0.008547008547008548,0.0,0.0
balanced_observed,pair8,rank__iot__s5_max_side_brush_time_left__sensor__state__value,iot|values,0.008547008547008548,0.0,0.0
balanced_observed,pair8,rank__iot__smart_plug__sensor__signal_strength__value,iot|values,0.008547008547008548,0.0,0.0
balanced_observed,pair8,rank__iot__smart_plug__sensor__voltage__value,iot|values,0.008547008547008548,0.0,0.0
balanced_observed,pair8,rank__iot__smart_plug_ps5__sensor__signal_strength__value,iot|values,0.008547008547008548,0.0,0.0
balanced_observed,pair8,rank__iot__smart_plug_ps5__sensor__voltage__value,iot|values,0.008547008547008548,0.0,0.0
balanced_observed,pair8,rank__iot__twinguard_087__sensor__purity__value,iot|values,0.008547008547008548,0.0005836309473570386,0.1437406549435116
balanced_observed,pair8,rank__ota24__bytes_total,ota|values,0.009615384615384616,3.484948566729373e-06,0.0008582971682611733
balanced_observed,pair8,rank__ota24__rssi_n,ota|values,0.009615384615384616,4.493252758634596e-06,0.0011066292787893712
balanced_observed,pair8,rank__ota5__mgmt,ota|values,0.009615384615384616,0.00011604988606377549,0.028581566321092062
balanced_observed,pair8,rank__ota5__rssi_n,ota|values,0.009615384615384616,0.00015107803685767744,0.03720854088331552
balanced_observed,pair8,rank__ota__bytes_total,ota|values,0.009615384615384616,9.670139295697995e-05,0.02381628599465416
balanced_observed,pair8,rank__ota__data,ota|values,0.009615384615384616,1.1146888140178974e-06,0.0002745332489833165
balanced_observed,pair8,rank__ota__mgmt,ota|values,0.009615384615384616,7.08798084850828e-05,0.01745676808273111
balanced_observed,pair8,rank__ota__pkt_total,ota|values,0.009615384615384616,3.3946728900929364e-05,0.008360634519992907
balanced_observed,pair8,rank__router__bytes_total__absdiff1,router|values,0.01282051282051282,2.1051639515610307e-05,0.005184742970384984
balanced_observed,pair8,rank__router__bytes_total__diff1,router|values,0.01282051282051282,5.643999970805759e-08,1.3900432387600602e-05
balanced_observed,pair8,rank__router__pkt_total__absdiff1,router|values,0.01282051282051282,4.142973896662345e-06,0.0010203601848340813
balanced_observed,pair8,rank__router__pkt_total__diff1,router|values,0.01282051282051282,1.8934226179245345e-07,4.6632518103745246e-05
balanced_observed,pair8,rank__router__tcp_pkt,router|values,0.01282051282051282,7.287959151505075e-06,0.001794928843960085
balanced_observed,pair8,rank__router__udp_pkt,router|values,0.01282051282051282,5.0605605485766955e-06,0.0012463497539459908
balanced_observed,pair8,rank__zb__app_event_intensity,zigbee|values,0.009615384615384616,0.0,0.0
balanced_observed,pair8,rank__zigbee__ack,zigbee|values,0.009615384615384616,3.882305563547488e-05,0.009561609899582114
balanced_observed,pair8,rank__zigbee__ack_rate,zigbee|values,0.009615384615384616,4.912220170174878e-06,0.0012098154624684667
balanced_observed,pair8,rank__zigbee__beacon,zigbee|values,0.009615384615384616,1.327803416036444e-06,0.0003270205829927512
balanced_observed,pair8,rank__zigbee__beacon_rate,zigbee|values,0.009615384615384616,2.1890519988766487e-06,0.0005391348238965826
balanced_observed,pair8,rank__zigbee__bytes_total,zigbee|values,0.009615384615384616,1.931217447089514e-05,0.004756335522303337
balanced_observed,pair8,rank__zigbee__pkt_total,zigbee|values,0.009615384615384616,3.6724846833561034e-05,0.009044848564767506
balanced_observed,pair8,rank__zigbee__pps,zigbee|values,0.009615384615384616,3.6724846833561034e-05,0.009044848564767506
balanced_observed,pair8,time_cos,time,0.038461538461538464,2.1679676934117315e-06,0.0005339420357309095
balanced_observed,pair8,time_sin,time,0.038461538461538464,0.0025479185785678513,0.627518960200093
balanced_observed,pair8,zero__iot__entity_stale__s5_max_total_cleaning_count,iot|zeros,0.008547008547008548,0.0,0.0
balanced_observed,pair8,zero__iot__entity_stale__withings_snoring_episode_count,iot|zeros,0.008547008547008548,0.0,0.0
balanced_observed,pair8,zero__iot__s5_max_main_brush_time_left__sensor__state__value,iot|zeros,0.008547008547008548,0.0,0.0
balanced_observed,pair8,zero__iot__s5_max_side_brush_time_left__sensor__state__value,iot|zeros,0.008547008547008548,0.0,0.0
balanced_observed,pair8,zero__iot__smart_plug__sensor__signal_strength__value,iot|zeros,0.008547008547008548,0.0,0.0
balanced_observed,pair8,zero__iot__smart_plug__sensor__voltage__value,iot|zeros,0.008547008547008548,0.0,0.0
balanced_observed,pair8,zero__iot__smart_plug_ps5__sensor__signal_strength__value,iot|zeros,0.008547008547008548,0.0,0.0
balanced_observed,pair8,zero__iot__smart_plug_ps5__sensor__voltage__value,iot|zeros,0.008547008547008548,0.0,0.0
balanced_observed,pair8,zero__iot__twinguard_087__sensor__purity__value,iot|zeros,0.008547008547008548,0.0,0.0
balanced_observed,pair8,zero__ota24__bytes_total,ota|zeros,0.009615384615384616,8.249752298877296e-11,2.031805893659936e-08
balanced_observed,pair8,zero__ota24__rssi_n,ota|zeros,0.009615384615384616,8.249752298877296e-11,2.031805893659936e-08
balanced_observed,pair8,zero__ota5__mgmt,ota|zeros,0.009615384615384616,0.0,0.0
balanced_observed,pair8,zero__ota5__rssi_n,ota|zeros,0.009615384615384616,0.0,0.0
balanced_observed,pair8,zero__ota__bytes_total,ota|zeros,0.009615384615384616,0.0,0.0
balanced_observed,pair8,zero__ota__data,ota|zeros,0.009615384615384616,9.08861585944918e-09,2.238406996892874e-06
balanced_observed,pair8,zero__ota__mgmt,ota|zeros,0.009615384615384616,0.0,0.0
balanced_observed,pair8,zero__ota__pkt_total,ota|zeros,0.009615384615384616,0.0,0.0
balanced_observed,pair8,zero__router__bytes_total__absdiff1,router|zeros,0.01282051282051282,3.9422971193247334e-05,0.00970936124069162
balanced_observed,pair8,zero__router__bytes_total__diff1,router|zeros,0.01282051282051282,3.9422971193247334e-05,0.00970936124069162
balanced_observed,pair8,zero__router__pkt_total__absdiff1,router|zeros,0.01282051282051282,3.525769410880011e-05,0.00868350807294763
balanced_observed,pair8,zero__router__pkt_total__diff1,router|zeros,0.01282051282051282,3.525769410880011e-05,0.00868350807294763
balanced_observed,pair8,zero__router__tcp_pkt,router|zeros,0.01282051282051282,1.0171106702415099e-05,0.0025050103075001974
balanced_observed,pair8,zero__router__udp_pkt,router|zeros,0.01282051282051282,4.5353741354291676e-06,0.0011170032219721172
balanced_observed,pair8,zero__zb__app_event_intensity,zigbee|zeros,0.009615384615384616,0.0,0.0
balanced_observed,pair8,zero__zigbee__ack,zigbee|zeros,0.009615384615384616,1.5385946069905108e-05,0.0037893569130095527
balanced_observed,pair8,zero__zigbee__ack_rate,zigbee|zeros,0.009615384615384616,1.5385946069905108e-05,0.0037893569130095527
balanced_observed,pair8,zero__zigbee__beacon,zigbee|zeros,0.009615384615384616,5.810177031428658e-06,0.0014309704713523213
balanced_observed,pair8,zero__zigbee__beacon_rate,zigbee|zeros,0.009615384615384616,5.810177031428658e-06,0.0014309704713523213
balanced_observed,pair8,zero__zigbee__bytes_total,zigbee|zeros,0.009615384615384616,0.0,0.0
balanced_observed,pair8,zero__zigbee__pkt_total,zigbee|zeros,0.009615384615384616,0.0,0.0
balanced_observed,pair8,zero__zigbee__pps,zigbee|zeros,0.009615384615384616,0.0,0.0
balanced_observed,pair9,missing__iot__coffee_maker_hot__sensor__water__value,iot|missing,0.007692307692307693,0.0,0.0
balanced_observed,pair9,missing__iot__entity_stale__s5_max_total_cleaning_count,iot|missing,0.007692307692307693,0.0,0.0
balanced_observed,pair9,missing__iot__entity_stale__withings_snoring_episode_count,iot|missing,0.007692307692307693,0.0,0.0
balanced_observed,pair9,missing__iot__s5_max_main_brush_time_left__sensor__state__value,iot|missing,0.007692307692307693,0.0,0.0
balanced_observed,pair9,missing__iot__s5_max_side_brush_time_left__sensor__state__value,iot|missing,0.007692307692307693,0.0,0.0
balanced_observed,pair9,missing__iot__smart_plug__sensor__signal_strength__value,iot|missing,0.007692307692307693,0.0,0.0
balanced_observed,pair9,missing__iot__smart_plug__sensor__voltage__value,iot|missing,0.007692307692307693,0.0,0.0
balanced_observed,pair9,missing__iot__smart_plug_ps5__sensor__signal_strength__value,iot|missing,0.007692307692307693,0.0,0.0
balanced_observed,pair9,missing__iot__smart_plug_ps5__sensor__voltage__value,iot|missing,0.007692307692307693,0.0,0.0
balanced_observed,pair9,missing__iot__twinguard_087__sensor__purity__value,iot|missing,0.007692307692307693,0.0,0.0
balanced_observed,pair9,missing__ota24__bytes_total,ota|missing,0.009615384615384616,0.0,0.0
balanced_observed,pair9,missing__ota24__rssi_n,ota|missing,0.009615384615384616,0.0,0.0
balanced_observed,pair9,missing__ota5__mgmt,ota|missing,0.009615384615384616,8.24364250289116e-11,1.038160885152081e-08
balanced_observed,pair9,missing__ota5__rssi_n,ota|missing,0.009615384615384616,8.24364250289116e-11,1.038160885152081e-08
balanced_observed,pair9,missing__ota__bytes_total,ota|missing,0.009615384615384616,0.0,0.0
balanced_observed,pair9,missing__ota__data,ota|missing,0.009615384615384616,0.0,0.0
balanced_observed,pair9,missing__ota__mgmt,ota|missing,0.009615384615384616,0.0,0.0
balanced_observed,pair9,missing__ota__pkt_total,ota|missing,0.009615384615384616,0.0,0.0
balanced_observed,pair9,missing__router__bytes_total__absdiff1,router|missing,0.01282051282051282,3.7618488621575425e-08,4.73747417258347e-06
balanced_observed,pair9,missing__router__bytes_total__diff1,router|missing,0.01282051282051282,3.7618488621575425e-08,4.73747417258347e-06
balanced_observed,pair9,missing__router__pkt_total__absdiff1,router|missing,0.01282051282051282,3.7618488621575425e-08,4.73747417258347e-06
balanced_observed,pair9,missing__router__pkt_total__diff1,router|missing,0.01282051282051282,3.7618488621575425e-08,4.73747417258347e-06
balanced_observed,pair9,missing__router__tcp_pkt,router|missing,0.01282051282051282,3.7618488621575425e-08,4.73747417258347e-06
balanced_observed,pair9,missing__router__udp_pkt,router|missing,0.01282051282051282,3.7618488621575425e-08,4.73747417258347e-06
balanced_observed,pair9,missing__zb__app_event_intensity,zigbee|missing,0.009615384615384616,0.0,0.0
balanced_observed,pair9,missing__zigbee__ack,zigbee|missing,0.009615384615384616,0.00024901109264535226,0.031359144487733595
balanced_observed,pair9,missing__zigbee__ack_rate,zigbee|missing,0.009615384615384616,0.00024901109264535226,0.031359144487733595
balanced_observed,pair9,missing__zigbee__beacon,zigbee|missing,0.009615384615384616,0.00024901109264535226,0.031359144487733595
balanced_observed,pair9,missing__zigbee__beacon_rate,zigbee|missing,0.009615384615384616,0.00024901109264535226,0.031359144487733595
balanced_observed,pair9,missing__zigbee__bytes_total,zigbee|missing,0.009615384615384616,0.00024901109264535226,0.031359144487733595
balanced_observed,pair9,missing__zigbee__pkt_total,zigbee|missing,0.009615384615384616,0.00024901109264535226,0.031359144487733595
balanced_observed,pair9,missing__zigbee__pps,zigbee|missing,0.009615384615384616,0.00024901109264535226,0.031359144487733595
balanced_observed,pair9,rank__iot__entity_stale__s5_max_total_cleaning_count,iot|values,0.008547008547008548,0.0,0.0
balanced_observed,pair9,rank__iot__entity_stale__withings_snoring_episode_count,iot|values,0.008547008547008548,0.0,0.0
balanced_observed,pair9,rank__iot__s5_max_main_brush_time_left__sensor__state__value,iot|values,0.008547008547008548,0.0013832010069494936,0.17419304405962727
balanced_observed,pair9,rank__iot__s5_max_side_brush_time_left__sensor__state__value,iot|values,0.008547008547008548,0.0013832010069494936,0.17419304405962727
balanced_observed,pair9,rank__iot__smart_plug__sensor__signal_strength__value,iot|values,0.008547008547008548,0.0,0.0
balanced_observed,pair9,rank__iot__smart_plug__sensor__voltage__value,iot|values,0.008547008547008548,0.0,0.0
balanced_observed,pair9,rank__iot__smart_plug_ps5__sensor__signal_strength__value,iot|values,0.008547008547008548,0.0,0.0
balanced_observed,pair9,rank__iot__smart_plug_ps5__sensor__voltage__value,iot|values,0.008547008547008548,0.0,0.0
balanced_observed,pair9,rank__iot__twinguard_087__sensor__purity__value,iot|values,0.008547008547008548,0.0002552926367912577,0.03215020904788986
balanced_observed,pair9,rank__ota24__bytes_total,ota|values,0.009615384615384616,6.5862080807010225e-06,0.0008294323302421642
balanced_observed,pair9,rank__ota24__rssi_n,ota|values,0.009615384615384616,3.035381772526475e-06,0.000382259981147339
balanced_observed,pair9,rank__ota5__mgmt,ota|values,0.009615384615384616,7.688064884111693e-05,0.009681943682536961
balanced_observed,pair9,rank__ota5__rssi_n,ota|values,0.009615384615384616,3.34924477455407e-05,0.004217862332728019
balanced_observed,pair9,rank__ota__bytes_total,ota|values,0.009615384615384616,3.664195206060964e-05,0.00461449430535123
balanced_observed,pair9,rank__ota__data,ota|values,0.009615384615384616,4.052883114948843e-06,0.0005103987370337287
balanced_observed,pair9,rank__ota__mgmt,ota|values,0.009615384615384616,3.8695362860978184e-05,0.004873090038165191
balanced_observed,pair9,rank__ota__pkt_total,ota|values,0.009615384615384616,3.845343093041296e-06,0.0004842622406036061
balanced_observed,pair9,rank__router__bytes_total__absdiff1,router|values,0.01282051282051282,9.863731291036907e-05,0.012421863277566675
balanced_observed,pair9,rank__router__bytes_total__diff1,router|values,0.01282051282051282,4.284139895508167e-08,5.3952199703908285e-06
balanced_observed,pair9,rank__router__pkt_total__absdiff1,router|values,0.01282051282051282,4.471403424881921e-05,0.005631049788754709
balanced_observed,pair9,rank__router__pkt_total__diff1,router|values,0.01282051282051282,8.202861392108414e-08,1.0330251270144795e-05
balanced_observed,pair9,rank__router__tcp_pkt,router|values,0.01282051282051282,1.9233235166610788e-05,0.0024221322598479995
balanced_observed,pair9,rank__router__udp_pkt,router|values,0.01282051282051282,2.8867652190813457e-05,0.0036354399575389963
balanced_observed,pair9,rank__zb__app_event_intensity,zigbee|values,0.009615384615384616,0.0,0.0
balanced_observed,pair9,rank__zigbee__ack,zigbee|values,0.009615384615384616,1.4272816135344686e-05,0.0017974432330715028
balanced_observed,pair9,rank__zigbee__ack_rate,zigbee|values,0.009615384615384616,5.7328703373104215e-06,0.0007219674727230071
balanced_observed,pair9,rank__zigbee__beacon,zigbee|values,0.009615384615384616,1.353458186152978e-06,0.00017044738998083853
balanced_observed,pair9,rank__zigbee__beacon_rate,zigbee|values,0.009615384615384616,2.234757825622081e-06,0.00028143362130692706
balanced_observed,pair9,rank__zigbee__bytes_total,zigbee|values,0.009615384615384616,4.075747585870651e-05,0.005132781679845969
balanced_observed,pair9,rank__zigbee__pkt_total,zigbee|values,0.009615384615384616,3.0487364644500238e-05,0.0038394180065654533
balanced_observed,pair9,rank__zigbee__pps,zigbee|values,0.009615384615384616,3.0487364644500238e-05,0.0038394180065654533
balanced_observed,pair9,time_cos,time,0.038461538461538464,0.00016961997327438047,0.02136104537918098
balanced_observed,pair9,time_sin,time,0.038461538461538464,0.00238046657298688,0.29978341292945176
balanced_observed,pair9,zero__iot__entity_stale__s5_max_total_cleaning_count,iot|zeros,0.008547008547008548,0.0,0.0
balanced_observed,pair9,zero__iot__entity_stale__withings_snoring_episode_count,iot|zeros,0.008547008547008548,0.0,0.0
balanced_observed,pair9,zero__iot__s5_max_main_brush_time_left__sensor__state__value,iot|zeros,0.008547008547008548,0.0,0.0
balanced_observed,pair9,zero__iot__s5_max_side_brush_time_left__sensor__state__value,iot|zeros,0.008547008547008548,0.0,0.0
balanced_observed,pair9,zero__iot__smart_plug__sensor__signal_strength__value,iot|zeros,0.008547008547008548,0.0,0.0
balanced_observed,pair9,zero__iot__smart_plug__sensor__voltage__value,iot|zeros,0.008547008547008548,0.0,0.0
balanced_observed,pair9,zero__iot__smart_plug_ps5__sensor__signal_strength__value,iot|zeros,0.008547008547008548,0.0,0.0
balanced_observed,pair9,zero__iot__smart_plug_ps5__sensor__voltage__value,iot|zeros,0.008547008547008548,0.0,0.0
balanced_observed,pair9,zero__iot__twinguard_087__sensor__purity__value,iot|zeros,0.008547008547008548,0.0,0.0
balanced_observed,pair9,zero__ota24__bytes_total,ota|zeros,0.009615384615384616,1.8560223456722646e-10,2.3373767125022546e-08
balanced_observed,pair9,zero__ota24__rssi_n,ota|zeros,0.009615384615384616,1.8560223456722646e-10,2.3373767125022546e-08
balanced_observed,pair9,zero__ota5__mgmt,ota|zeros,0.009615384615384616,4.640915531777554e-09,5.844524401314685e-07
balanced_observed,pair9,zero__ota5__rssi_n,ota|zeros,0.009615384615384616,2.9701859403376354e-09,3.7404956168414003e-07
balanced_observed,pair9,zero__ota__bytes_total,ota|zeros,0.009615384615384616,0.0,0.0
balanced_observed,pair9,zero__ota__data,ota|zeros,0.009615384615384616,9.88433345204179e-07,0.00012447808553210754
balanced_observed,pair9,zero__ota__mgmt,ota|zeros,0.009615384615384616,2.0609106257254406e-11,2.59540221288354e-09
balanced_observed,pair9,zero__ota__pkt_total,ota|zeros,0.009615384615384616,0.0,0.0
balanced_observed,pair9,zero__router__bytes_total__absdiff1,router|zeros,0.01282051282051282,1.6453440515635968e-06,0.00020720595736070665
balanced_observed,pair9,zero__router__bytes_total__diff1,router|zeros,0.01282051282051282,1.6453440515635968e-06,0.00020720595736070665
balanced_observed,pair9,zero__router__pkt_total__absdiff1,router|zeros,0.01282051282051282,1.964624467053519e-06,0.0002474144499828082
balanced_observed,pair9,zero__router__pkt_total__diff1,router|zeros,0.01282051282051282,1.964624467053519e-06,0.0002474144499828082
balanced_observed,pair9,zero__router__tcp_pkt,router|zeros,0.01282051282051282,5.366311937263866e-05,0.0067580503992478716
balanced_observed,pair9,zero__router__udp_pkt,router|zeros,0.01282051282051282,3.0935830018670664e-05,0.003895895371958912
balanced_observed,pair9,zero__zb__app_event_intensity,zigbee|zeros,0.009615384615384616,0.0,0.0
balanced_observed,pair9,zero__zigbee__ack,zigbee|zeros,0.009615384615384616,7.227513939549475e-07,9.101950098272902e-05
balanced_observed,pair9,zero__zigbee__ack_rate,zigbee|zeros,0.009615384615384616,7.227513939549475e-07,9.101950098272902e-05
balanced_observed,pair9,zero__zigbee__beacon,zigbee|zeros,0.009615384615384616,5.571188269709691e-06,0.000701606085344221
balanced_observed,pair9,zero__zigbee__beacon_rate,zigbee|zeros,0.009615384615384616,5.571188269709691e-06,0.000701606085344221
balanced_observed,pair9,zero__zigbee__bytes_total,zigbee|zeros,0.009615384615384616,0.0,0.0
balanced_observed,pair9,zero__zigbee__pkt_total,zigbee|zeros,0.009615384615384616,0.0,0.0
balanced_observed,pair9,zero__zigbee__pps,zigbee|zeros,0.009615384615384616,0.0,0.0
prior_observed_pairs,pair0,missing__iot__coffee_maker_hot__sensor__water__value,iot|missing,0.007692307692307693,0.007692307692307693,0.1265617348729296
prior_observed_pairs,pair0,missing__iot__entity_stale__s5_max_total_cleaning_count,iot|missing,0.007692307692307693,0.0,0.0
prior_observed_pairs,pair0,missing__iot__entity_stale__withings_snoring_episode_count,iot|missing,0.007692307692307693,0.0,0.0
prior_observed_pairs,pair0,missing__iot__s5_max_main_brush_time_left__sensor__state__value,iot|missing,0.007692307692307693,0.007692307692307693,0.1265617348729296
prior_observed_pairs,pair0,missing__iot__s5_max_side_brush_time_left__sensor__state__value,iot|missing,0.007692307692307693,0.007692307692307693,0.1265617348729296
prior_observed_pairs,pair0,missing__iot__smart_plug__sensor__signal_strength__value,iot|missing,0.007692307692307693,0.0,0.0
prior_observed_pairs,pair0,missing__iot__smart_plug__sensor__voltage__value,iot|missing,0.007692307692307693,0.0,0.0
prior_observed_pairs,pair0,missing__iot__smart_plug_ps5__sensor__signal_strength__value,iot|missing,0.007692307692307693,0.0,0.0
prior_observed_pairs,pair0,missing__iot__smart_plug_ps5__sensor__voltage__value,iot|missing,0.007692307692307693,0.0,0.0
prior_observed_pairs,pair0,missing__iot__twinguard_087__sensor__purity__value,iot|missing,0.007692307692307693,0.0,0.0
prior_observed_pairs,pair0,missing__ota24__bytes_total,ota|missing,0.009615384615384616,2.06091062572279e-11,3.3908215147239053e-10
prior_observed_pairs,pair0,missing__ota24__rssi_n,ota|missing,0.009615384615384616,2.06091062572279e-11,3.3908215147239053e-10
prior_observed_pairs,pair0,missing__ota5__mgmt,ota|missing,0.009615384615384616,2.06091062572279e-11,3.3908215147239053e-10
prior_observed_pairs,pair0,missing__ota5__rssi_n,ota|missing,0.009615384615384616,2.06091062572279e-11,3.3908215147239053e-10
prior_observed_pairs,pair0,missing__ota__bytes_total,ota|missing,0.009615384615384616,7.419278252613906e-10,1.2206957453025575e-08
prior_observed_pairs,pair0,missing__ota__data,ota|missing,0.009615384615384616,7.419278252613906e-10,1.2206957453025575e-08
prior_observed_pairs,pair0,missing__ota__mgmt,ota|missing,0.009615384615384616,7.419278252613906e-10,1.2206957453025575e-08
prior_observed_pairs,pair0,missing__ota__pkt_total,ota|missing,0.009615384615384616,7.419278252613906e-10,1.2206957453025575e-08
prior_observed_pairs,pair0,missing__router__bytes_total__absdiff1,router|missing,0.01282051282051282,4.396609334880557e-10,7.233752564753005e-09
prior_observed_pairs,pair0,missing__router__bytes_total__diff1,router|missing,0.01282051282051282,4.396609334880557e-10,7.233752564753005e-09
prior_observed_pairs,pair0,missing__router__pkt_total__absdiff1,router|missing,0.01282051282051282,4.396609334880557e-10,7.233752564753005e-09
prior_observed_pairs,pair0,missing__router__pkt_total__diff1,router|missing,0.01282051282051282,4.396609334880557e-10,7.233752564753005e-09
prior_observed_pairs,pair0,missing__router__tcp_pkt,router|missing,0.01282051282051282,4.396609334880557e-10,7.233752564753005e-09
prior_observed_pairs,pair0,missing__router__udp_pkt,router|missing,0.01282051282051282,4.396609334880557e-10,7.233752564753005e-09
prior_observed_pairs,pair0,missing__zb__app_event_intensity,zigbee|missing,0.009615384615384616,0.0,0.0
prior_observed_pairs,pair0,missing__zigbee__ack,zigbee|missing,0.009615384615384616,1.5384615384615414e-05,0.0002531234697458597
prior_observed_pairs,pair0,missing__zigbee__ack_rate,zigbee|missing,0.009615384615384616,1.5384615384615414e-05,0.0002531234697458597
prior_observed_pairs,pair0,missing__zigbee__beacon,zigbee|missing,0.009615384615384616,1.5384615384615414e-05,0.0002531234697458597
prior_observed_pairs,pair0,missing__zigbee__beacon_rate,zigbee|missing,0.009615384615384616,1.5384615384615414e-05,0.0002531234697458597
prior_observed_pairs,pair0,missing__zigbee__bytes_total,zigbee|missing,0.009615384615384616,1.5384615384615414e-05,0.0002531234697458597
prior_observed_pairs,pair0,missing__zigbee__pkt_total,zigbee|missing,0.009615384615384616,1.5384615384615414e-05,0.0002531234697458597
prior_observed_pairs,pair0,missing__zigbee__pps,zigbee|missing,0.009615384615384616,1.5384615384615414e-05,0.0002531234697458597
prior_observed_pairs,pair0,rank__iot__entity_stale__s5_max_total_cleaning_count,iot|values,0.008547008547008548,0.0,0.0
prior_observed_pairs,pair0,rank__iot__entity_stale__withings_snoring_episode_count,iot|values,0.008547008547008548,1.6542288420503421e-06,2.7217069376474733e-05
prior_observed_pairs,pair0,rank__iot__s5_max_main_brush_time_left__sensor__state__value,iot|values,0.008547008547008548,0.0005886280396359586,0.009684712165853203
prior_observed_pairs,pair0,rank__iot__s5_max_side_brush_time_left__sensor__state__value,iot|values,0.008547008547008548,0.0005886280396359586,0.009684712165853203
prior_observed_pairs,pair0,rank__iot__smart_plug__sensor__signal_strength__value,iot|values,0.008547008547008548,0.0,0.0
prior_observed_pairs,pair0,rank__iot__smart_plug__sensor__voltage__value,iot|values,0.008547008547008548,0.0,0.0
prior_observed_pairs,pair0,rank__iot__smart_plug_ps5__sensor__signal_strength__value,iot|values,0.008547008547008548,0.0,0.0
prior_observed_pairs,pair0,rank__iot__smart_plug_ps5__sensor__voltage__value,iot|values,0.008547008547008548,0.0,0.0
prior_observed_pairs,pair0,rank__iot__twinguard_087__sensor__purity__value,iot|values,0.008547008547008548,0.0012461875459734214,0.02050355551340654
prior_observed_pairs,pair0,rank__ota24__bytes_total,ota|values,0.009615384615384616,9.69113071921698e-06,0.00015944842117157756
prior_observed_pairs,pair0,rank__ota24__rssi_n,ota|values,0.009615384615384616,6.504405951976384e-06,0.00010701715720799225
prior_observed_pairs,pair0,rank__ota5__mgmt,ota|values,0.009615384615384616,5.166846595601816e-08,8.501025896501526e-07
prior_observed_pairs,pair0,rank__ota5__rssi_n,ota|values,0.009615384615384616,1.667591182927222e-05,0.00027436920312109113
prior_observed_pairs,pair0,rank__ota__bytes_total,ota|values,0.009615384615384616,5.543527642561407e-06,9.120780184861971e-05
prior_observed_pairs,pair0,rank__ota__data,ota|values,0.009615384615384616,2.7147191206367762e-05,0.0004466534300806555
prior_observed_pairs,pair0,rank__ota__mgmt,ota|values,0.009615384615384616,3.2996680010451827e-06,5.4289521873206096e-05
prior_observed_pairs,pair0,rank__ota__pkt_total,ota|values,0.009615384615384616,1.801666742456156e-05,0.00029642868916454396
prior_observed_pairs,pair0,rank__router__bytes_total__absdiff1,router|values,0.01282051282051282,1.1994956163517674e-08,1.9735332003133975e-07
prior_observed_pairs,pair0,rank__router__bytes_total__diff1,router|values,0.01282051282051282,1.0746297307540714e-08,1.7680910399134384e-07
prior_observed_pairs,pair0,rank__router__pkt_total__absdiff1,router|values,0.01282051282051282,7.710911199886771e-06,0.0001268678188581405
prior_observed_pairs,pair0,rank__router__pkt_total__diff1,router|values,0.01282051282051282,7.664824493702205e-10,1.261095531045318e-08
prior_observed_pairs,pair0,rank__router__tcp_pkt,router|values,0.01282051282051282,6.475380694775441e-05,0.0010653960391014928
prior_observed_pairs,pair0,rank__router__udp_pkt,router|values,0.01282051282051282,1.8287997060342973e-05,0.0003008928825900456
prior_observed_pairs,pair0,rank__zb__app_event_intensity,zigbee|values,0.009615384615384616,2.5246540940851384e-10,4.153819827318974e-09
prior_observed_pairs,pair0,rank__zigbee__ack,zigbee|values,0.009615384615384616,9.796690551979306e-06,0.0001611851997953261
prior_observed_pairs,pair0,rank__zigbee__ack_rate,zigbee|values,0.009615384615384616,1.7938140288280406e-05,0.000295136680186239
prior_observed_pairs,pair0,rank__zigbee__beacon,zigbee|values,0.009615384615384616,2.126077338492279e-06,3.498040473636847e-05
prior_observed_pairs,pair0,rank__zigbee__beacon_rate,zigbee|values,0.009615384615384616,2.02943414344085e-06,3.339033178055014e-05
prior_observed_pairs,pair0,rank__zigbee__bytes_total,zigbee|values,0.009615384615384616,1.9025490213053194e-06,3.130268762623542e-05
prior_observed_pairs,pair0,rank__zigbee__pkt_total,zigbee|values,0.009615384615384616,2.1525624589445844e-06,3.5416165099427566e-05
prior_observed_pairs,pair0,rank__zigbee__pps,zigbee|values,0.009615384615384616,2.1525624589445844e-06,3.5416165099427566e-05
prior_observed_pairs,pair0,time_cos,time,0.038461538461538464,0.018566566532967944,0.30547619323599257
prior_observed_pairs,pair0,time_sin,time,0.038461538461538464,0.01172112947272477,0.19284804249597554
prior_observed_pairs,pair0,zero__iot__entity_stale__s5_max_total_cleaning_count,iot|zeros,0.008547008547008548,0.0,0.0
prior_observed_pairs,pair0,zero__iot__entity_stale__withings_snoring_episode_count,iot|zeros,0.008547008547008548,6.616915368201377e-06,0.00010886827750589908
prior_observed_pairs,pair0,zero__iot__s5_max_main_brush_time_left__sensor__state__value,iot|zeros,0.008547008547008548,0.002136752136752137,0.035156037464702666
prior_observed_pairs,pair0,zero__iot__s5_max_side_brush_time_left__sensor__state__value,iot|zeros,0.008547008547008548,0.002136752136752137,0.035156037464702666
prior_observed_pairs,pair0,zero__iot__smart_plug__sensor__signal_strength__value,iot|zeros,0.008547008547008548,0.0,0.0
prior_observed_pairs,pair0,zero__iot__smart_plug__sensor__voltage__value,iot|zeros,0.008547008547008548,0.0,0.0
prior_observed_pairs,pair0,zero__iot__smart_plug_ps5__sensor__signal_strength__value,iot|zeros,0.008547008547008548,0.0,0.0
prior_observed_pairs,pair0,zero__iot__smart_plug_ps5__sensor__voltage__value,iot|zeros,0.008547008547008548,0.0,0.0
prior_observed_pairs,pair0,zero__iot__twinguard_087__sensor__purity__value,iot|zeros,0.008547008547008548,0.0,0.0
prior_observed_pairs,pair0,zero__ota24__bytes_total,ota|zeros,0.009615384615384616,0.0,0.0
prior_observed_pairs,pair0,zero__ota24__rssi_n,ota|zeros,0.009615384615384616,0.0,0.0
prior_observed_pairs,pair0,zero__ota5__mgmt,ota|zeros,0.009615384615384616,0.0,0.0
prior_observed_pairs,pair0,zero__ota5__rssi_n,ota|zeros,0.009615384615384616,0.0,0.0
prior_observed_pairs,pair0,zero__ota__bytes_total,ota|zeros,0.009615384615384616,0.0,0.0
prior_observed_pairs,pair0,zero__ota__data,ota|zeros,0.009615384615384616,1.696036650381217e-09,2.790493431444149e-08
prior_observed_pairs,pair0,zero__ota__mgmt,ota|zeros,0.009615384615384616,0.0,0.0
prior_observed_pairs,pair0,zero__ota__pkt_total,ota|zeros,0.009615384615384616,0.0,0.0
prior_observed_pairs,pair0,zero__router__bytes_total__absdiff1,router|zeros,0.01282051282051282,1.4321781814592915e-06,2.356366418804389e-05
prior_observed_pairs,pair0,zero__router__bytes_total__diff1,router|zeros,0.01282051282051282,1.4321781814592915e-06,2.356366418804389e-05
prior_observed_pairs,pair0,zero__router__pkt_total__absdiff1,router|zeros,0.01282051282051282,1.114741456238953e-06,1.8340869642729116e-05
prior_observed_pairs,pair0,zero__router__pkt_total__diff1,router|zeros,0.01282051282051282,1.114741456238953e-06,1.8340869642729116e-05
prior_observed_pairs,pair0,zero__router__tcp_pkt,router|zeros,0.01282051282051282,0.0002689264551423723,0.004424653833085943
prior_observed_pairs,pair0,zero__router__udp_pkt,router|zeros,0.01282051282051282,6.651724401535952e-06,0.00010944099142014862
prior_observed_pairs,pair0,zero__zb__app_event_intensity,zigbee|zeros,0.009615384615384616,1.009846206605551e-09,1.6615025422169908e-08
prior_observed_pairs,pair0,zero__zigbee__ack,zigbee|zeros,0.009615384615384616,4.5343746251426237e-05,0.0007460418148583923
prior_observed_pairs,pair0,zero__zigbee__ack_rate,zigbee|zeros,0.009615384615384616,4.5343746251426237e-05,0.0007460418148583923
prior_observed_pairs,pair0,zero__zigbee__beacon,zigbee|zeros,0.009615384615384616,7.195940390777744e-06,0.00011839499098687237
prior_observed_pairs,pair0,zero__zigbee__beacon_rate,zigbee|zeros,0.009615384615384616,7.195940390777744e-06,0.00011839499098687237
prior_observed_pairs,pair0,zero__zigbee__bytes_total,zigbee|zeros,0.009615384615384616,0.0,0.0
prior_observed_pairs,pair0,zero__zigbee__pkt_total,zigbee|zeros,0.009615384615384616,0.0,0.0
prior_observed_pairs,pair0,zero__zigbee__pps,zigbee|zeros,0.009615384615384616,0.0,0.0
prior_observed_pairs,pair1,missing__iot__coffee_maker_hot__sensor__water__value,iot|missing,0.007692307692307693,0.007692307692307693,0.5222304122605583
prior_observed_pairs,pair1,missing__iot__entity_stale__s5_max_total_cleaning_count,iot|missing,0.007692307692307693,0.0,0.0
prior_observed_pairs,pair1,missing__iot__entity_stale__withings_snoring_episode_count,iot|missing,0.007692307692307693,0.0,0.0
prior_observed_pairs,pair1,missing__iot__s5_max_main_brush_time_left__sensor__state__value,iot|missing,0.007692307692307693,0.0,0.0
prior_observed_pairs,pair1,missing__iot__s5_max_side_brush_time_left__sensor__state__value,iot|missing,0.007692307692307693,0.0,0.0
prior_observed_pairs,pair1,missing__iot__smart_plug__sensor__signal_strength__value,iot|missing,0.007692307692307693,0.0,0.0
prior_observed_pairs,pair1,missing__iot__smart_plug__sensor__voltage__value,iot|missing,0.007692307692307693,0.0,0.0
prior_observed_pairs,pair1,missing__iot__smart_plug_ps5__sensor__signal_strength__value,iot|missing,0.007692307692307693,0.0,0.0
prior_observed_pairs,pair1,missing__iot__smart_plug_ps5__sensor__voltage__value,iot|missing,0.007692307692307693,0.0,0.0
prior_observed_pairs,pair1,missing__iot__twinguard_087__sensor__purity__value,iot|missing,0.007692307692307693,0.0,0.0
prior_observed_pairs,pair1,missing__ota24__bytes_total,ota|missing,0.009615384615384616,2.06091062572279e-11,1.3991512674143911e-09
prior_observed_pairs,pair1,missing__ota24__rssi_n,ota|missing,0.009615384615384616,2.06091062572279e-11,1.3991512674143911e-09
prior_observed_pairs,pair1,missing__ota5__mgmt,ota|missing,0.009615384615384616,2.06091062572279e-11,1.3991512674143911e-09
prior_observed_pairs,pair1,missing__ota5__rssi_n,ota|missing,0.009615384615384616,2.06091062572279e-11,1.3991512674143911e-09
prior_observed_pairs,pair1,missing__ota__bytes_total,ota|missing,0.009615384615384616,0.0,0.0
prior_observed_pairs,pair1,missing__ota__data,ota|missing,0.009615384615384616,0.0,0.0
prior_observed_pairs,pair1,missing__ota__mgmt,ota|missing,0.009615384615384616,0.0,0.0
prior_observed_pairs,pair1,missing__ota__pkt_total,ota|missing,0.009615384615384616,0.0,0.0
prior_observed_pairs,pair1,missing__router__bytes_total__absdiff1,router|missing,0.01282051282051282,7.034574935808891e-09,4.775769659446848e-07
prior_observed_pairs,pair1,missing__router__bytes_total__diff1,router|missing,0.01282051282051282,7.034574935808891e-09,4.775769659446848e-07
prior_observed_pairs,pair1,missing__router__pkt_total__absdiff1,router|missing,0.01282051282051282,7.034574935808891e-09,4.775769659446848e-07
prior_observed_pairs,pair1,missing__router__pkt_total__diff1,router|missing,0.01282051282051282,7.034574935808891e-09,4.775769659446848e-07
prior_observed_pairs,pair1,missing__router__tcp_pkt,router|missing,0.01282051282051282,7.034574935808891e-09,4.775769659446848e-07
prior_observed_pairs,pair1,missing__router__udp_pkt,router|missing,0.01282051282051282,7.034574935808891e-09,4.775769659446848e-07
prior_observed_pairs,pair1,missing__zb__app_event_intensity,zigbee|missing,0.009615384615384616,0.0,0.0
prior_observed_pairs,pair1,missing__zigbee__ack,zigbee|missing,0.009615384615384616,0.000141469148992297,0.009604333960051689
prior_observed_pairs,pair1,missing__zigbee__ack_rate,zigbee|missing,0.009615384615384616,0.000141469148992297,0.009604333960051689
prior_observed_pairs,pair1,missing__zigbee__beacon,zigbee|missing,0.009615384615384616,0.000141469148992297,0.009604333960051689
prior_observed_pairs,pair1,missing__zigbee__beacon_rate,zigbee|missing,0.009615384615384616,0.000141469148992297,0.009604333960051689
prior_observed_pairs,pair1,missing__zigbee__bytes_total,zigbee|missing,0.009615384615384616,0.000141469148992297,0.009604333960051689
prior_observed_pairs,pair1,missing__zigbee__pkt_total,zigbee|missing,0.009615384615384616,0.000141469148992297,0.009604333960051689
prior_observed_pairs,pair1,missing__zigbee__pps,zigbee|missing,0.009615384615384616,0.000141469148992297,0.009604333960051689
prior_observed_pairs,pair1,rank__iot__entity_stale__s5_max_total_cleaning_count,iot|values,0.008547008547008548,0.0,0.0
prior_observed_pairs,pair1,rank__iot__entity_stale__withings_snoring_episode_count,iot|values,0.008547008547008548,1.6542288420503421e-06,0.00011230551932044329
prior_observed_pairs,pair1,rank__iot__s5_max_main_brush_time_left__sensor__state__value,iot|values,0.008547008547008548,0.0006335092364338353,0.04300891266278273
prior_observed_pairs,pair1,rank__iot__s5_max_side_brush_time_left__sensor__state__value,iot|values,0.008547008547008548,0.0006335092364338353,0.04300891266278273
prior_observed_pairs,pair1,rank__iot__smart_plug__sensor__signal_strength__value,iot|values,0.008547008547008548,0.0,0.0
prior_observed_pairs,pair1,rank__iot__smart_plug__sensor__voltage__value,iot|values,0.008547008547008548,0.0,0.0
prior_observed_pairs,pair1,rank__iot__smart_plug_ps5__sensor__signal_strength__value,iot|values,0.008547008547008548,0.0,0.0
prior_observed_pairs,pair1,rank__iot__smart_plug_ps5__sensor__voltage__value,iot|values,0.008547008547008548,0.0,0.0
prior_observed_pairs,pair1,rank__iot__twinguard_087__sensor__purity__value,iot|values,0.008547008547008548,0.00034181460109091344,0.023205777405770178
prior_observed_pairs,pair1,rank__ota24__bytes_total,ota|values,0.009615384615384616,3.0092972223746376e-06,0.00020430104877718378
prior_observed_pairs,pair1,rank__ota24__rssi_n,ota|values,0.009615384615384616,7.204955592731671e-07,4.891441008364658e-05
prior_observed_pairs,pair1,rank__ota5__mgmt,ota|values,0.009615384615384616,0.00011148159317095411,0.007568480186947057
prior_observed_pairs,pair1,rank__ota5__rssi_n,ota|values,0.009615384615384616,0.00010258975184966505,0.0069648134922806635
prior_observed_pairs,pair1,rank__ota__bytes_total,ota|values,0.009615384615384616,4.488898360329029e-05,0.0030475110137034847
prior_observed_pairs,pair1,rank__ota__data,ota|values,0.009615384615384616,1.936071250555504e-06,0.00013143978735464403
prior_observed_pairs,pair1,rank__ota__mgmt,ota|values,0.009615384615384616,7.930095303856358e-05,0.00538373802173795
prior_observed_pairs,pair1,rank__ota__pkt_total,ota|values,0.009615384615384616,3.4217473036840893e-05,0.002323022656570714
prior_observed_pairs,pair1,rank__router__bytes_total__absdiff1,router|values,0.01282051282051282,3.510163936679339e-05,0.002383048667680454
prior_observed_pairs,pair1,rank__router__bytes_total__diff1,router|values,0.01282051282051282,1.4759074470875165e-08,1.0019928809162244e-06
prior_observed_pairs,pair1,rank__router__pkt_total__absdiff1,router|values,0.01282051282051282,2.4319936015678142e-05,0.0016510793275103393
prior_observed_pairs,pair1,rank__router__pkt_total__diff1,router|values,0.01282051282051282,4.649665156251528e-11,3.1566555168496248e-09
prior_observed_pairs,pair1,rank__router__tcp_pkt,router|values,0.01282051282051282,2.8713130744041695e-06,0.00019493331137477866
prior_observed_pairs,pair1,rank__router__udp_pkt,router|values,0.01282051282051282,1.9522926451127007e-05,0.0013254105707835998
prior_observed_pairs,pair1,rank__zb__app_event_intensity,zigbee|values,0.009615384615384616,2.524543066760151e-10,1.713911116480794e-08
prior_observed_pairs,pair1,rank__zigbee__ack,zigbee|values,0.009615384615384616,0.00015152995733535082,0.01028736177157846
prior_observed_pairs,pair1,rank__zigbee__ack_rate,zigbee|values,0.009615384615384616,0.00048161113797966194,0.03269655780773141
prior_observed_pairs,pair1,rank__zigbee__beacon,zigbee|values,0.009615384615384616,4.214320029518777e-06,0.0002861099912337575
prior_observed_pairs,pair1,rank__zigbee__beacon_rate,zigbee|values,0.009615384615384616,2.4359676172273134e-06,0.00016537772848973867
prior_observed_pairs,pair1,rank__zigbee__bytes_total,zigbee|values,0.009615384615384616,1.9193991035235383e-05,0.0013030791606633363
prior_observed_pairs,pair1,rank__zigbee__pkt_total,zigbee|values,0.009615384615384616,1.5106853189977929e-05,0.0010256035620170474
prior_observed_pairs,pair1,rank__zigbee__pps,zigbee|values,0.009615384615384616,1.5106853189977929e-05,0.0010256035620170474
prior_observed_pairs,pair1,time_cos,time,0.038461538461538464,0.0005418538311706636,0.036786431452838414
prior_observed_pairs,pair1,time_sin,time,0.038461538461538464,0.0016047088917750072,0.10894361219427992
prior_observed_pairs,pair1,zero__iot__entity_stale__s5_max_total_cleaning_count,iot|zeros,0.008547008547008548,0.0,0.0
prior_observed_pairs,pair1,zero__iot__entity_stale__withings_snoring_episode_count,iot|zeros,0.008547008547008548,6.616915368201377e-06,0.00044922207728177374
prior_observed_pairs,pair1,zero__iot__s5_max_main_brush_time_left__sensor__state__value,iot|zeros,0.008547008547008548,0.0,0.0
prior_observed_pairs,pair1,zero__iot__s5_max_side_brush_time_left__sensor__state__value,iot|zeros,0.008547008547008548,0.0,0.0
prior_observed_pairs,pair1,zero__iot__smart_plug__sensor__signal_strength__value,iot|zeros,0.008547008547008548,0.0,0.0
prior_observed_pairs,pair1,zero__iot__smart_plug__sensor__voltage__value,iot|zeros,0.008547008547008548,0.0,0.0
prior_observed_pairs,pair1,zero__iot__smart_plug_ps5__sensor__signal_strength__value,iot|zeros,0.008547008547008548,0.0,0.0
prior_observed_pairs,pair1,zero__iot__smart_plug_ps5__sensor__voltage__value,iot|zeros,0.008547008547008548,0.0,0.0
prior_observed_pairs,pair1,zero__iot__twinguard_087__sensor__purity__value,iot|zeros,0.008547008547008548,0.0,0.0
prior_observed_pairs,pair1,zero__ota24__bytes_total,ota|zeros,0.009615384615384616,0.0,0.0
prior_observed_pairs,pair1,zero__ota24__rssi_n,ota|zeros,0.009615384615384616,0.0,0.0
prior_observed_pairs,pair1,zero__ota5__mgmt,ota|zeros,0.009615384615384616,0.0,0.0
prior_observed_pairs,pair1,zero__ota5__rssi_n,ota|zeros,0.009615384615384616,0.0,0.0
prior_observed_pairs,pair1,zero__ota__bytes_total,ota|zeros,0.009615384615384616,0.0,0.0
prior_observed_pairs,pair1,zero__ota__data,ota|zeros,0.009615384615384616,1.080762141236678e-06,7.337289161457243e-05
prior_observed_pairs,pair1,zero__ota__mgmt,ota|zeros,0.009615384615384616,0.0,0.0
prior_observed_pairs,pair1,zero__ota__pkt_total,ota|zeros,0.009615384615384616,0.0,0.0
prior_observed_pairs,pair1,zero__router__bytes_total__absdiff1,router|zeros,0.01282051282051282,1.8211272784707665e-08,1.236362464239158e-06
prior_observed_pairs,pair1,zero__router__bytes_total__diff1,router|zeros,0.01282051282051282,1.8211272784707665e-08,1.236362464239158e-06
prior_observed_pairs,pair1,zero__router__pkt_total__absdiff1,router|zeros,0.01282051282051282,1.2409050037456174e-07,8.424498311869423e-06
prior_observed_pairs,pair1,zero__router__pkt_total__diff1,router|zeros,0.01282051282051282,1.2409050037456174e-07,8.424498311869423e-06
prior_observed_pairs,pair1,zero__router__tcp_pkt,router|zeros,0.01282051282051282,3.8170768455387545e-06,0.0002591411699078716
prior_observed_pairs,pair1,zero__router__udp_pkt,router|zeros,0.01282051282051282,2.5869703428386068e-05,0.0017562929652403764
prior_observed_pairs,pair1,zero__zb__app_event_intensity,zigbee|zeros,0.009615384615384616,1.009846206605551e-09,6.855841210339912e-08
prior_observed_pairs,pair1,zero__zigbee__ack,zigbee|zeros,0.009615384615384616,0.0005378746434221768,0.03651628458125234
prior_observed_pairs,pair1,zero__zigbee__ack_rate,zigbee|zeros,0.009615384615384616,0.0005378746434221768,0.03651628458125234
prior_observed_pairs,pair1,zero__zigbee__beacon,zigbee|zeros,0.009615384615384616,1.3720956125209904e-05,0.000931515074604062
prior_observed_pairs,pair1,zero__zigbee__beacon_rate,zigbee|zeros,0.009615384615384616,1.3720956125209904e-05,0.000931515074604062
prior_observed_pairs,pair1,zero__zigbee__bytes_total,zigbee|zeros,0.009615384615384616,0.0,0.0
prior_observed_pairs,pair1,zero__zigbee__pkt_total,zigbee|zeros,0.009615384615384616,0.0,0.0
prior_observed_pairs,pair1,zero__zigbee__pps,zigbee|zeros,0.009615384615384616,0.0,0.0
prior_observed_pairs,pair2,missing__iot__coffee_maker_hot__sensor__water__value,iot|missing,0.007692307692307693,0.007692307692307693,0.3417086368120489
prior_observed_pairs,pair2,missing__iot__entity_stale__s5_max_total_cleaning_count,iot|missing,0.007692307692307693,0.0,0.0
prior_observed_pairs,pair2,missing__iot__entity_stale__withings_snoring_episode_count,iot|missing,0.007692307692307693,0.0,0.0
prior_observed_pairs,pair2,missing__iot__s5_max_main_brush_time_left__sensor__state__value,iot|missing,0.007692307692307693,0.0,0.0
prior_observed_pairs,pair2,missing__iot__s5_max_side_brush_time_left__sensor__state__value,iot|missing,0.007692307692307693,0.0,0.0
prior_observed_pairs,pair2,missing__iot__smart_plug__sensor__signal_strength__value,iot|missing,0.007692307692307693,0.0,0.0
prior_observed_pairs,pair2,missing__iot__smart_plug__sensor__voltage__value,iot|missing,0.007692307692307693,0.0,0.0
prior_observed_pairs,pair2,missing__iot__smart_plug_ps5__sensor__signal_strength__value,iot|missing,0.007692307692307693,0.0,0.0
prior_observed_pairs,pair2,missing__iot__smart_plug_ps5__sensor__voltage__value,iot|missing,0.007692307692307693,0.0,0.0
prior_observed_pairs,pair2,missing__iot__twinguard_087__sensor__purity__value,iot|missing,0.007692307692307693,0.0,0.0
prior_observed_pairs,pair2,missing__ota24__bytes_total,ota|missing,0.009615384615384616,2.06091062572279e-11,9.155002486593617e-10
prior_observed_pairs,pair2,missing__ota24__rssi_n,ota|missing,0.009615384615384616,2.06091062572279e-11,9.155002486593617e-10
prior_observed_pairs,pair2,missing__ota5__mgmt,ota|missing,0.009615384615384616,2.06091062572279e-11,9.155002486593617e-10
prior_observed_pairs,pair2,missing__ota5__rssi_n,ota|missing,0.009615384615384616,2.06091062572279e-11,9.155002486593617e-10
prior_observed_pairs,pair2,missing__ota__bytes_total,ota|missing,0.009615384615384616,0.0,0.0
prior_observed_pairs,pair2,missing__ota__data,ota|missing,0.009615384615384616,0.0,0.0
prior_observed_pairs,pair2,missing__ota__mgmt,ota|missing,0.009615384615384616,0.0,0.0
prior_observed_pairs,pair2,missing__ota__pkt_total,ota|missing,0.009615384615384616,0.0,0.0
prior_observed_pairs,pair2,missing__router__bytes_total__absdiff1,router|missing,0.01282051282051282,3.9569484013940834e-09,1.7577604774287848e-07
prior_observed_pairs,pair2,missing__router__bytes_total__diff1,router|missing,0.01282051282051282,3.9569484013940834e-09,1.7577604774287848e-07
prior_observed_pairs,pair2,missing__router__pkt_total__absdiff1,router|missing,0.01282051282051282,3.9569484013940834e-09,1.7577604774287848e-07
prior_observed_pairs,pair2,missing__router__pkt_total__diff1,router|missing,0.01282051282051282,3.9569484013940834e-09,1.7577604774287848e-07
prior_observed_pairs,pair2,missing__router__tcp_pkt,router|missing,0.01282051282051282,3.9569484013940834e-09,1.7577604774287848e-07
prior_observed_pairs,pair2,missing__router__udp_pkt,router|missing,0.01282051282051282,3.9569484013940834e-09,1.7577604774287848e-07
prior_observed_pairs,pair2,missing__zb__app_event_intensity,zigbee|missing,0.009615384615384616,0.0,0.0
prior_observed_pairs,pair2,missing__zigbee__ack,zigbee|missing,0.009615384615384616,0.0004628418020272767,0.02056041535994848
prior_observed_pairs,pair2,missing__zigbee__ack_rate,zigbee|missing,0.009615384615384616,0.0004628418020272767,0.02056041535994848
prior_observed_pairs,pair2,missing__zigbee__beacon,zigbee|missing,0.009615384615384616,0.0004628418020272767,0.02056041535994848
prior_observed_pairs,pair2,missing__zigbee__beacon_rate,zigbee|missing,0.009615384615384616,0.0004628418020272767,0.02056041535994848
prior_observed_pairs,pair2,missing__zigbee__bytes_total,zigbee|missing,0.009615384615384616,0.0004628418020272767,0.02056041535994848
prior_observed_pairs,pair2,missing__zigbee__pkt_total,zigbee|missing,0.009615384615384616,0.0004628418020272767,0.02056041535994848
prior_observed_pairs,pair2,missing__zigbee__pps,zigbee|missing,0.009615384615384616,0.0004628418020272767,0.02056041535994848
prior_observed_pairs,pair2,rank__iot__entity_stale__s5_max_total_cleaning_count,iot|values,0.008547008547008548,1.6542288420503553e-06,7.348435673698613e-05
prior_observed_pairs,pair2,rank__iot__entity_stale__withings_snoring_episode_count,iot|values,0.008547008547008548,0.0,0.0
prior_observed_pairs,pair2,rank__iot__s5_max_main_brush_time_left__sensor__state__value,iot|values,0.008547008547008548,0.0038888967872374243,0.17275305058305537
prior_observed_pairs,pair2,rank__iot__s5_max_side_brush_time_left__sensor__state__value,iot|values,0.008547008547008548,0.0038888967872374243,0.17275305058305537
prior_observed_pairs,pair2,rank__iot__smart_plug__sensor__signal_strength__value,iot|values,0.008547008547008548,0.0,0.0
prior_observed_pairs,pair2,rank__iot__smart_plug__sensor__voltage__value,iot|values,0.008547008547008548,0.0,0.0
prior_observed_pairs,pair2,rank__iot__smart_plug_ps5__sensor__signal_strength__value,iot|values,0.008547008547008548,0.0,0.0
prior_observed_pairs,pair2,rank__iot__smart_plug_ps5__sensor__voltage__value,iot|values,0.008547008547008548,0.0,0.0
prior_observed_pairs,pair2,rank__iot__twinguard_087__sensor__purity__value,iot|values,0.008547008547008548,0.0004172935181121955,0.018537063899200908
prior_observed_pairs,pair2,rank__ota24__bytes_total,ota|values,0.009615384615384616,2.4049758513774917e-06,0.00010683413256621292
prior_observed_pairs,pair2,rank__ota24__rssi_n,ota|values,0.009615384615384616,1.5123381246599243e-06,6.718126986693631e-05
prior_observed_pairs,pair2,rank__ota5__mgmt,ota|values,0.009615384615384616,1.4783590053847881e-05,0.000656718452583508
prior_observed_pairs,pair2,rank__ota5__rssi_n,ota|values,0.009615384615384616,2.8825442351611974e-05,0.0012804873394915716
prior_observed_pairs,pair2,rank__ota__bytes_total,ota|values,0.009615384615384616,6.40274173056195e-05,0.0028442337931929257
prior_observed_pairs,pair2,rank__ota__data,ota|values,0.009615384615384616,2.931773492000642e-06,0.00013023560204112117
prior_observed_pairs,pair2,rank__ota__mgmt,ota|values,0.009615384615384616,2.1259870083684826e-06,9.444085592626362e-05
prior_observed_pairs,pair2,rank__ota__pkt_total,ota|values,0.009615384615384616,8.317749145622024e-06,0.0003694920738463612
prior_observed_pairs,pair2,rank__router__bytes_total__absdiff1,router|values,0.01282051282051282,5.123391066884662e-05,0.0022759190705162425
prior_observed_pairs,pair2,rank__router__bytes_total__diff1,router|values,0.01282051282051282,4.69745060262806e-07,2.0867072744907634e-05
prior_observed_pairs,pair2,rank__router__pkt_total__absdiff1,router|values,0.01282051282051282,1.0738061079505797e-05,0.0004770074677527177
prior_observed_pairs,pair2,rank__router__pkt_total__diff1,router|values,0.01282051282051282,5.352309400392825e-07,2.377609453705911e-05
prior_observed_pairs,pair2,rank__router__tcp_pkt,router|values,0.01282051282051282,3.422459987247378e-05,0.001520329377821909
prior_observed_pairs,pair2,rank__router__udp_pkt,router|values,0.01282051282051282,1.2323445210904756e-05,0.0005474335963000107
prior_observed_pairs,pair2,rank__zb__app_event_intensity,zigbee|values,0.009615384615384616,0.0,0.0
prior_observed_pairs,pair2,rank__zigbee__ack,zigbee|values,0.009615384615384616,5.9350734031826674e-05,0.002636485594575296
prior_observed_pairs,pair2,rank__zigbee__ack_rate,zigbee|values,0.009615384615384616,0.0002427182219745505,0.010782058658847833
prior_observed_pairs,pair2,rank__zigbee__beacon,zigbee|values,0.009615384615384616,2.291505823101144e-06,0.0001017935530376393
prior_observed_pairs,pair2,rank__zigbee__beacon_rate,zigbee|values,0.009615384615384616,3.781187286891738e-06,0.0001679683659335273
prior_observed_pairs,pair2,rank__zigbee__bytes_total,zigbee|values,0.009615384615384616,1.6750618824720678e-05,0.0007440980461659611
prior_observed_pairs,pair2,rank__zigbee__pkt_total,zigbee|values,0.009615384615384616,1.1448547082407334e-06,5.08568764211036e-05
prior_observed_pairs,pair2,rank__zigbee__pps,zigbee|values,0.009615384615384616,1.1448547082407334e-06,5.08568764211036e-05
prior_observed_pairs,pair2,time_cos,time,0.038461538461538464,0.0011401991278887423,0.05065006565906938
prior_observed_pairs,pair2,time_sin,time,0.038461538461538464,0.0010069376880350658,0.044730309615308
prior_observed_pairs,pair2,zero__iot__entity_stale__s5_max_total_cleaning_count,iot|zeros,0.008547008547008548,6.616915368201377e-06,0.0002939374269479426
prior_observed_pairs,pair2,zero__iot__entity_stale__withings_snoring_episode_count,iot|zeros,0.008547008547008548,0.0,0.0
prior_observed_pairs,pair2,zero__iot__s5_max_main_brush_time_left__sensor__state__value,iot|zeros,0.008547008547008548,0.0,0.0
prior_observed_pairs,pair2,zero__iot__s5_max_side_brush_time_left__sensor__state__value,iot|zeros,0.008547008547008548,0.0,0.0
prior_observed_pairs,pair2,zero__iot__smart_plug__sensor__signal_strength__value,iot|zeros,0.008547008547008548,0.0,0.0
prior_observed_pairs,pair2,zero__iot__smart_plug__sensor__voltage__value,iot|zeros,0.008547008547008548,0.0,0.0
prior_observed_pairs,pair2,zero__iot__smart_plug_ps5__sensor__signal_strength__value,iot|zeros,0.008547008547008548,0.0,0.0
prior_observed_pairs,pair2,zero__iot__smart_plug_ps5__sensor__voltage__value,iot|zeros,0.008547008547008548,0.0,0.0
prior_observed_pairs,pair2,zero__iot__twinguard_087__sensor__purity__value,iot|zeros,0.008547008547008548,0.0,0.0
prior_observed_pairs,pair2,zero__ota24__bytes_total,ota|zeros,0.009615384615384616,3.981048399372445e-19,1.7684662081220514e-17
prior_observed_pairs,pair2,zero__ota24__rssi_n,ota|zeros,0.009615384615384616,3.981048399372445e-19,1.7684662081220514e-17
prior_observed_pairs,pair2,zero__ota5__mgmt,ota|zeros,0.009615384615384616,4.640915531777554e-09,2.0615931959006446e-07
prior_observed_pairs,pair2,zero__ota5__rssi_n,ota|zeros,0.009615384615384616,2.9701859403376354e-09,1.319419645376413e-07
prior_observed_pairs,pair2,zero__ota__bytes_total,ota|zeros,0.009615384615384616,0.0,0.0
prior_observed_pairs,pair2,zero__ota__data,ota|zeros,0.009615384615384616,2.0609106257255702e-11,9.155002486605967e-10
prior_observed_pairs,pair2,zero__ota__mgmt,ota|zeros,0.009615384615384616,2.0609106257254406e-11,9.155002486605391e-10
prior_observed_pairs,pair2,zero__ota__pkt_total,ota|zeros,0.009615384615384616,0.0,0.0
prior_observed_pairs,pair2,zero__router__bytes_total__absdiff1,router|zeros,0.01282051282051282,6.675274330726031e-08,2.96529855946851e-06
prior_observed_pairs,pair2,zero__router__bytes_total__diff1,router|zeros,0.01282051282051282,6.675274330726031e-08,2.96529855946851e-06
prior_observed_pairs,pair2,zero__router__pkt_total__absdiff1,router|zeros,0.01282051282051282,2.3176646532924192e-07,1.0295558380432292e-05
prior_observed_pairs,pair2,zero__router__pkt_total__diff1,router|zeros,0.01282051282051282,2.3176646532924192e-07,1.0295558380432292e-05
prior_observed_pairs,pair2,zero__router__tcp_pkt,router|zeros,0.01282051282051282,0.00015531913026334537,0.006899605475505703
prior_observed_pairs,pair2,zero__router__udp_pkt,router|zeros,0.01282051282051282,1.298361979915556e-05,0.0005767599529191987
prior_observed_pairs,pair2,zero__zb__app_event_intensity,zigbee|zeros,0.009615384615384616,0.0,0.0
prior_observed_pairs,pair2,zero__zigbee__ack,zigbee|zeros,0.009615384615384616,0.00023843968649764428,0.010591997030550302
prior_observed_pairs,pair2,zero__zigbee__ack_rate,zigbee|zeros,0.009615384615384616,0.00023843968649764428,0.010591997030550302
prior_observed_pairs,pair2,zero__zigbee__beacon,zigbee|zeros,0.009615384615384616,1.0581888723649432e-05,0.0004700699601851551
prior_observed_pairs,pair2,zero__zigbee__beacon_rate,zigbee|zeros,0.009615384615384616,1.0581888723649432e-05,0.0004700699601851551
prior_observed_pairs,pair2,zero__zigbee__bytes_total,zigbee|zeros,0.009615384615384616,0.0,0.0
prior_observed_pairs,pair2,zero__zigbee__pkt_total,zigbee|zeros,0.009615384615384616,0.0,0.0
prior_observed_pairs,pair2,zero__zigbee__pps,zigbee|zeros,0.009615384615384616,0.0,0.0
prior_observed_pairs,pair3,missing__iot__coffee_maker_hot__sensor__water__value,iot|missing,0.007692307692307693,0.007692307692307693,0.10365300237140405
prior_observed_pairs,pair3,missing__iot__entity_stale__s5_max_total_cleaning_count,iot|missing,0.007692307692307693,0.0,0.0
prior_observed_pairs,pair3,missing__iot__entity_stale__withings_snoring_episode_count,iot|missing,0.007692307692307693,0.0,0.0
prior_observed_pairs,pair3,missing__iot__s5_max_main_brush_time_left__sensor__state__value,iot|missing,0.007692307692307693,0.0,0.0
prior_observed_pairs,pair3,missing__iot__s5_max_side_brush_time_left__sensor__state__value,iot|missing,0.007692307692307693,0.0,0.0
prior_observed_pairs,pair3,missing__iot__smart_plug__sensor__signal_strength__value,iot|missing,0.007692307692307693,0.003133471101086842,0.04222317937131846
prior_observed_pairs,pair3,missing__iot__smart_plug__sensor__voltage__value,iot|missing,0.007692307692307693,0.0031425694444444444,0.04234577855004924
prior_observed_pairs,pair3,missing__iot__smart_plug_ps5__sensor__signal_strength__value,iot|missing,0.007692307692307693,0.0031203019316503114,0.042045726257710025
prior_observed_pairs,pair3,missing__iot__smart_plug_ps5__sensor__voltage__value,iot|missing,0.007692307692307693,0.0031430247078453096,0.04235191317443728
prior_observed_pairs,pair3,missing__iot__twinguard_087__sensor__purity__value,iot|missing,0.007692307692307693,0.0,0.0
prior_observed_pairs,pair3,missing__ota24__bytes_total,ota|missing,0.009615384615384616,2.06091062572279e-11,2.77705446167885e-10
prior_observed_pairs,pair3,missing__ota24__rssi_n,ota|missing,0.009615384615384616,2.06091062572279e-11,2.77705446167885e-10
prior_observed_pairs,pair3,missing__ota5__mgmt,ota|missing,0.009615384615384616,0.0,0.0
prior_observed_pairs,pair3,missing__ota5__rssi_n,ota|missing,0.009615384615384616,0.0,0.0
prior_observed_pairs,pair3,missing__ota__bytes_total,ota|missing,0.009615384615384616,0.0,0.0
prior_observed_pairs,pair3,missing__ota__data,ota|missing,0.009615384615384616,0.0,0.0
prior_observed_pairs,pair3,missing__ota__mgmt,ota|missing,0.009615384615384616,0.0,0.0
prior_observed_pairs,pair3,missing__ota__pkt_total,ota|missing,0.009615384615384616,0.0,0.0
prior_observed_pairs,pair3,missing__router__bytes_total__absdiff1,router|missing,0.01282051282051282,4.643918609968873e-09,6.257629386992242e-08
prior_observed_pairs,pair3,missing__router__bytes_total__diff1,router|missing,0.01282051282051282,4.643918609968873e-09,6.257629386992242e-08
prior_observed_pairs,pair3,missing__router__pkt_total__absdiff1,router|missing,0.01282051282051282,4.643918609968873e-09,6.257629386992242e-08
prior_observed_pairs,pair3,missing__router__pkt_total__diff1,router|missing,0.01282051282051282,4.643918609968873e-09,6.257629386992242e-08
prior_observed_pairs,pair3,missing__router__tcp_pkt,router|missing,0.01282051282051282,4.643918609968873e-09,6.257629386992242e-08
prior_observed_pairs,pair3,missing__router__udp_pkt,router|missing,0.01282051282051282,4.643918609968873e-09,6.257629386992242e-08
prior_observed_pairs,pair3,missing__zb__app_event_intensity,zigbee|missing,0.009615384615384616,0.0,0.0
prior_observed_pairs,pair3,missing__zigbee__ack,zigbee|missing,0.009615384615384616,2.562175612667511e-05,0.0003452503533125129
prior_observed_pairs,pair3,missing__zigbee__ack_rate,zigbee|missing,0.009615384615384616,2.562175612667511e-05,0.0003452503533125129
prior_observed_pairs,pair3,missing__zigbee__beacon,zigbee|missing,0.009615384615384616,2.562175612667511e-05,0.0003452503533125129
prior_observed_pairs,pair3,missing__zigbee__beacon_rate,zigbee|missing,0.009615384615384616,2.562175612667511e-05,0.0003452503533125129
prior_observed_pairs,pair3,missing__zigbee__bytes_total,zigbee|missing,0.009615384615384616,2.562175612667511e-05,0.0003452503533125129
prior_observed_pairs,pair3,missing__zigbee__pkt_total,zigbee|missing,0.009615384615384616,2.562175612667511e-05,0.0003452503533125129
prior_observed_pairs,pair3,missing__zigbee__pps,zigbee|missing,0.009615384615384616,2.562175612667511e-05,0.0003452503533125129
prior_observed_pairs,pair3,rank__iot__entity_stale__s5_max_total_cleaning_count,iot|values,0.008547008547008548,0.0,0.0
prior_observed_pairs,pair3,rank__iot__entity_stale__withings_snoring_episode_count,iot|values,0.008547008547008548,0.0,0.0
prior_observed_pairs,pair3,rank__iot__s5_max_main_brush_time_left__sensor__state__value,iot|values,0.008547008547008548,0.0038888967872374243,0.05240245762825662
prior_observed_pairs,pair3,rank__iot__s5_max_side_brush_time_left__sensor__state__value,iot|values,0.008547008547008548,0.0038888967872374243,0.05240245762825662
prior_observed_pairs,pair3,rank__iot__smart_plug__sensor__signal_strength__value,iot|values,0.008547008547008548,0.001041372886055921,0.014032385409623132
prior_observed_pairs,pair3,rank__iot__smart_plug__sensor__voltage__value,iot|values,0.008547008547008548,0.0007191958565446578,0.00969108527711056
prior_observed_pairs,pair3,rank__iot__smart_plug_ps5__sensor__signal_strength__value,iot|values,0.008547008547008548,0.00038344140788114584,0.005166830910851859
prior_observed_pairs,pair3,rank__iot__smart_plug_ps5__sensor__voltage__value,iot|values,0.008547008547008548,0.0007499656691707521,0.010105705127053588
prior_observed_pairs,pair3,rank__iot__twinguard_087__sensor__purity__value,iot|values,0.008547008547008548,0.001527991177538868,0.020589513509359697
prior_observed_pairs,pair3,rank__ota24__bytes_total,ota|values,0.009615384615384616,1.2111676819349343e-06,1.632035165901006e-05
prior_observed_pairs,pair3,rank__ota24__rssi_n,ota|values,0.009615384615384616,6.3779313952578834e-06,8.59419259448513e-05
prior_observed_pairs,pair3,rank__ota5__mgmt,ota|values,0.009615384615384616,0.00044646451852064405,0.006016060413605851
prior_observed_pairs,pair3,rank__ota5__rssi_n,ota|values,0.009615384615384616,0.0003770499147198892,0.005080706241597788
prior_observed_pairs,pair3,rank__ota__bytes_total,ota|values,0.009615384615384616,0.00028886682837130415,0.003892448826004798
prior_observed_pairs,pair3,rank__ota__data,ota|values,0.009615384615384616,1.577102395245246e-07,2.125128178085932e-06
prior_observed_pairs,pair3,rank__ota__mgmt,ota|values,0.009615384615384616,0.00022709045850471848,0.0030600190184086663
prior_observed_pairs,pair3,rank__ota__pkt_total,ota|values,0.009615384615384616,7.598626415561856e-05,0.0010239065744331404
prior_observed_pairs,pair3,rank__router__bytes_total__absdiff1,router|values,0.01282051282051282,9.983828084055002e-05,0.0013453098828939164
prior_observed_pairs,pair3,rank__router__bytes_total__diff1,router|values,0.01282051282051282,5.429285634542567e-08,7.315902837779518e-07
prior_observed_pairs,pair3,rank__router__pkt_total__absdiff1,router|values,0.01282051282051282,3.437747569749089e-05,0.0004632327140993381
prior_observed_pairs,pair3,rank__router__pkt_total__diff1,router|values,0.01282051282051282,1.2584082394995848e-07,1.695691299029583e-06
prior_observed_pairs,pair3,rank__router__tcp_pkt,router|values,0.01282051282051282,2.8242791273751693e-05,0.000380568514413523
prior_observed_pairs,pair3,rank__router__udp_pkt,router|values,0.01282051282051282,1.2429832617986436e-05,0.00016749063107767944
prior_observed_pairs,pair3,rank__zb__app_event_intensity,zigbee|values,0.009615384615384616,0.0,0.0
prior_observed_pairs,pair3,rank__zigbee__ack,zigbee|values,0.009615384615384616,1.7812491085207748e-05,0.00024002136349043478
prior_observed_pairs,pair3,rank__zigbee__ack_rate,zigbee|values,0.009615384615384616,8.822180532282193e-05,0.001188779149523681
prior_observed_pairs,pair3,rank__zigbee__beacon,zigbee|values,0.009615384615384616,2.9019934625173425e-05,0.0003910404358277419
prior_observed_pairs,pair3,rank__zigbee__beacon_rate,zigbee|values,0.009615384615384616,2.9480990988144334e-05,0.00039725311974471054
prior_observed_pairs,pair3,rank__zigbee__bytes_total,zigbee|values,0.009615384615384616,1.7308747876793453e-06,2.3323347901350984e-05
prior_observed_pairs,pair3,rank__zigbee__pkt_total,zigbee|values,0.009615384615384616,4.711788349910227e-07,6.349083117088383e-06
prior_observed_pairs,pair3,rank__zigbee__pps,zigbee|values,0.009615384615384616,4.711788349910227e-07,6.349083117088383e-06
prior_observed_pairs,pair3,time_cos,time,0.038461538461538464,0.0030266042019280195,0.04078315962756704
prior_observed_pairs,pair3,time_sin,time,0.038461538461538464,0.027698918967904263,0.37323989475051617
prior_observed_pairs,pair3,zero__iot__entity_stale__s5_max_total_cleaning_count,iot|zeros,0.008547008547008548,0.0,0.0
prior_observed_pairs,pair3,zero__iot__entity_stale__withings_snoring_episode_count,iot|zeros,0.008547008547008548,0.0,0.0
prior_observed_pairs,pair3,zero__iot__s5_max_main_brush_time_left__sensor__state__value,iot|zeros,0.008547008547008548,0.0,0.0
prior_observed_pairs,pair3,zero__iot__s5_max_side_brush_time_left__sensor__state__value,iot|zeros,0.008547008547008548,0.0,0.0
prior_observed_pairs,pair3,zero__iot__smart_plug__sensor__signal_strength__value,iot|zeros,0.008547008547008548,0.002136752136752137,0.02879250065872335
prior_observed_pairs,pair3,zero__iot__smart_plug__sensor__voltage__value,iot|zeros,0.008547008547008548,0.002136752136752137,0.02879250065872335
prior_observed_pairs,pair3,zero__iot__smart_plug_ps5__sensor__signal_strength__value,iot|zeros,0.008547008547008548,0.002136752136752137,0.02879250065872335
prior_observed_pairs,pair3,zero__iot__smart_plug_ps5__sensor__voltage__value,iot|zeros,0.008547008547008548,0.002136752136752137,0.02879250065872335
prior_observed_pairs,pair3,zero__iot__twinguard_087__sensor__purity__value,iot|zeros,0.008547008547008548,0.0,0.0
prior_observed_pairs,pair3,zero__ota24__bytes_total,ota|zeros,0.009615384615384616,2.062247050746961e-11,2.7788552797394444e-10
prior_observed_pairs,pair3,zero__ota24__rssi_n,ota|zeros,0.009615384615384616,2.062247050746961e-11,2.7788552797394444e-10
prior_observed_pairs,pair3,zero__ota5__mgmt,ota|zeros,0.009615384615384616,0.0,0.0
prior_observed_pairs,pair3,zero__ota5__rssi_n,ota|zeros,0.009615384615384616,0.0,0.0
prior_observed_pairs,pair3,zero__ota__bytes_total,ota|zeros,0.009615384615384616,0.0,0.0
prior_observed_pairs,pair3,zero__ota__data,ota|zeros,0.009615384615384616,1.3189828004642822e-07,1.77731485547675e-06
prior_observed_pairs,pair3,zero__ota__mgmt,ota|zeros,0.009615384615384616,0.0,0.0
prior_observed_pairs,pair3,zero__ota__pkt_total,ota|zeros,0.009615384615384616,0.0,0.0
prior_observed_pairs,pair3,zero__router__bytes_total__absdiff1,router|zeros,0.01282051282051282,4.359117782650105e-08,5.873863396209392e-07
prior_observed_pairs,pair3,zero__router__bytes_total__diff1,router|zeros,0.01282051282051282,4.359117782650105e-08,5.873863396209392e-07
prior_observed_pairs,pair3,zero__router__pkt_total__absdiff1,router|zeros,0.01282051282051282,4.1841917845224507e-07,5.638152532525694e-06
prior_observed_pairs,pair3,zero__router__pkt_total__diff1,router|zeros,0.01282051282051282,4.1841917845224507e-07,5.638152532525694e-06
prior_observed_pairs,pair3,zero__router__tcp_pkt,router|zeros,0.01282051282051282,0.00011916921733088889,0.0016057921316576086
prior_observed_pairs,pair3,zero__router__udp_pkt,router|zeros,0.01282051282051282,6.1911682810914225e-06,8.342531346782499e-05
prior_observed_pairs,pair3,zero__zb__app_event_intensity,zigbee|zeros,0.009615384615384616,0.0,0.0
prior_observed_pairs,pair3,zero__zigbee__ack,zigbee|zeros,0.009615384615384616,9.683569170308705e-05,0.0013048503236257622
prior_observed_pairs,pair3,zero__zigbee__ack_rate,zigbee|zeros,0.009615384615384616,9.683569170308705e-05,0.0013048503236257622
prior_observed_pairs,pair3,zero__zigbee__beacon,zigbee|zeros,0.009615384615384616,0.00012159502166214494,0.0016384795789306406
prior_observed_pairs,pair3,zero__zigbee__beacon_rate,zigbee|zeros,0.009615384615384616,0.00012159502166214494,0.0016384795789306406
prior_observed_pairs,pair3,zero__zigbee__bytes_total,zigbee|zeros,0.009615384615384616,0.0,0.0
prior_observed_pairs,pair3,zero__zigbee__pkt_total,zigbee|zeros,0.009615384615384616,0.0,0.0
prior_observed_pairs,pair3,zero__zigbee__pps,zigbee|zeros,0.009615384615384616,0.0,0.0
prior_observed_pairs,pair4,missing__iot__coffee_maker_hot__sensor__water__value,iot|missing,0.007692307692307693,0.007692307692307693,0.14383336490669862
prior_observed_pairs,pair4,missing__iot__entity_stale__s5_max_total_cleaning_count,iot|missing,0.007692307692307693,0.0,0.0
prior_observed_pairs,pair4,missing__iot__entity_stale__withings_snoring_episode_count,iot|missing,0.007692307692307693,0.0,0.0
prior_observed_pairs,pair4,missing__iot__s5_max_main_brush_time_left__sensor__state__value,iot|missing,0.007692307692307693,0.0,0.0
prior_observed_pairs,pair4,missing__iot__s5_max_side_brush_time_left__sensor__state__value,iot|missing,0.007692307692307693,0.0,0.0
prior_observed_pairs,pair4,missing__iot__smart_plug__sensor__signal_strength__value,iot|missing,0.007692307692307693,0.007692307692307693,0.14383336490669862
prior_observed_pairs,pair4,missing__iot__smart_plug__sensor__voltage__value,iot|missing,0.007692307692307693,0.007692307692307693,0.14383336490669862
prior_observed_pairs,pair4,missing__iot__smart_plug_ps5__sensor__signal_strength__value,iot|missing,0.007692307692307693,0.007692307692307693,0.14383336490669862
prior_observed_pairs,pair4,missing__iot__smart_plug_ps5__sensor__voltage__value,iot|missing,0.007692307692307693,0.007692307692307693,0.14383336490669862
prior_observed_pairs,pair4,missing__iot__twinguard_087__sensor__purity__value,iot|missing,0.007692307692307693,0.0,0.0
prior_observed_pairs,pair4,missing__ota24__bytes_total,ota|missing,0.009615384615384616,0.0,0.0
prior_observed_pairs,pair4,missing__ota24__rssi_n,ota|missing,0.009615384615384616,0.0,0.0
prior_observed_pairs,pair4,missing__ota5__mgmt,ota|missing,0.009615384615384616,2.06091062572279e-11,3.853560230905822e-10
prior_observed_pairs,pair4,missing__ota5__rssi_n,ota|missing,0.009615384615384616,2.06091062572279e-11,3.853560230905822e-10
prior_observed_pairs,pair4,missing__ota__bytes_total,ota|missing,0.009615384615384616,0.0,0.0
prior_observed_pairs,pair4,missing__ota__data,ota|missing,0.009615384615384616,0.0,0.0
prior_observed_pairs,pair4,missing__ota__mgmt,ota|missing,0.009615384615384616,0.0,0.0
prior_observed_pairs,pair4,missing__ota__pkt_total,ota|missing,0.009615384615384616,0.0,0.0
prior_observed_pairs,pair4,missing__router__bytes_total__absdiff1,router|missing,0.01282051282051282,5.3858464352277595e-09,1.0070637403444231e-07
prior_observed_pairs,pair4,missing__router__bytes_total__diff1,router|missing,0.01282051282051282,5.3858464352277595e-09,1.0070637403444231e-07
prior_observed_pairs,pair4,missing__router__pkt_total__absdiff1,router|missing,0.01282051282051282,5.3858464352277595e-09,1.0070637403444231e-07
prior_observed_pairs,pair4,missing__router__pkt_total__diff1,router|missing,0.01282051282051282,5.3858464352277595e-09,1.0070637403444231e-07
prior_observed_pairs,pair4,missing__router__tcp_pkt,router|missing,0.01282051282051282,5.3858464352277595e-09,1.0070637403444231e-07
prior_observed_pairs,pair4,missing__router__udp_pkt,router|missing,0.01282051282051282,5.3858464352277595e-09,1.0070637403444231e-07
prior_observed_pairs,pair4,missing__zb__app_event_intensity,zigbee|missing,0.009615384615384616,0.0,0.0
prior_observed_pairs,pair4,missing__zigbee__ack,zigbee|missing,0.009615384615384616,2.773161337976141e-07,5.1853506467135205e-06
prior_observed_pairs,pair4,missing__zigbee__ack_rate,zigbee|missing,0.009615384615384616,2.773161337976141e-07,5.1853506467135205e-06
prior_observed_pairs,pair4,missing__zigbee__beacon,zigbee|missing,0.009615384615384616,2.773161337976141e-07,5.1853506467135205e-06
prior_observed_pairs,pair4,missing__zigbee__beacon_rate,zigbee|missing,0.009615384615384616,2.773161337976141e-07,5.1853506467135205e-06
prior_observed_pairs,pair4,missing__zigbee__bytes_total,zigbee|missing,0.009615384615384616,2.773161337976141e-07,5.1853506467135205e-06
prior_observed_pairs,pair4,missing__zigbee__pkt_total,zigbee|missing,0.009615384615384616,2.773161337976141e-07,5.1853506467135205e-06
prior_observed_pairs,pair4,missing__zigbee__pps,zigbee|missing,0.009615384615384616,2.773161337976141e-07,5.1853506467135205e-06
prior_observed_pairs,pair4,rank__iot__entity_stale__s5_max_total_cleaning_count,iot|values,0.008547008547008548,6.753191938377212e-07,1.2627346164648603e-05
prior_observed_pairs,pair4,rank__iot__entity_stale__withings_snoring_episode_count,iot|values,0.008547008547008548,0.0,0.0
prior_observed_pairs,pair4,rank__iot__s5_max_main_brush_time_left__sensor__state__value,iot|values,0.008547008547008548,0.0013832010069494936,0.02586355917234433
prior_observed_pairs,pair4,rank__iot__s5_max_side_brush_time_left__sensor__state__value,iot|values,0.008547008547008548,0.0013832010069494936,0.02586355917234433
prior_observed_pairs,pair4,rank__iot__smart_plug__sensor__signal_strength__value,iot|values,0.008547008547008548,8.41597545341155e-05,0.0015736474889672704
prior_observed_pairs,pair4,rank__iot__smart_plug__sensor__voltage__value,iot|values,0.008547008547008548,3.8662691392246625e-06,7.229280499084909e-05
prior_observed_pairs,pair4,rank__iot__smart_plug_ps5__sensor__signal_strength__value,iot|values,0.008547008547008548,4.564773751015771e-05,0.000853536799240282
prior_observed_pairs,pair4,rank__iot__smart_plug_ps5__sensor__voltage__value,iot|values,0.008547008547008548,4.398361609955825e-06,8.224204955673078e-05
prior_observed_pairs,pair4,rank__iot__twinguard_087__sensor__purity__value,iot|values,0.008547008547008548,1.5441944149079092e-05,0.00028873868239623584
prior_observed_pairs,pair4,rank__ota24__bytes_total,ota|values,0.009615384615384616,5.460549730983231e-06,0.00010210320146619917
prior_observed_pairs,pair4,rank__ota24__rssi_n,ota|values,0.009615384615384616,5.648014090547773e-06,0.00010560847331891132
prior_observed_pairs,pair4,rank__ota5__mgmt,ota|values,0.009615384615384616,4.5151894818785754e-05,0.0008442653652809072
prior_observed_pairs,pair4,rank__ota5__rssi_n,ota|values,0.009615384615384616,6.08000854029513e-05,0.0011368605131157473
prior_observed_pairs,pair4,rank__ota__bytes_total,ota|values,0.009615384615384616,3.84821465725809e-05,0.0007195521619477217
prior_observed_pairs,pair4,rank__ota__data,ota|values,0.009615384615384616,5.052321089887905e-07,9.447000458319532e-06
prior_observed_pairs,pair4,rank__ota__mgmt,ota|values,0.009615384615384616,2.8646519671870226e-05,0.0005356422912452339
prior_observed_pairs,pair4,rank__ota__pkt_total,ota|values,0.009615384615384616,2.589846117171184e-05,0.00048425816611026324
prior_observed_pairs,pair4,rank__router__bytes_total__absdiff1,router|values,0.01282051282051282,7.176738480339922e-05,0.001341930778087481
prior_observed_pairs,pair4,rank__router__bytes_total__diff1,router|values,0.01282051282051282,9.95274738076649e-09,1.860998289594568e-07
prior_observed_pairs,pair4,rank__router__pkt_total__absdiff1,router|values,0.01282051282051282,3.881075869427841e-05,0.0007256966622853964
prior_observed_pairs,pair4,rank__router__pkt_total__diff1,router|values,0.01282051282051282,3.1832650656920385e-08,5.952176435249575e-07
prior_observed_pairs,pair4,rank__router__tcp_pkt,router|values,0.01282051282051282,2.870084862740325e-05,0.0005366581523884375
prior_observed_pairs,pair4,rank__router__udp_pkt,router|values,0.01282051282051282,3.222550654107496e-05,0.0006025633954113329
prior_observed_pairs,pair4,rank__zb__app_event_intensity,zigbee|values,0.009615384615384616,0.0,0.0
prior_observed_pairs,pair4,rank__zigbee__ack,zigbee|values,0.009615384615384616,2.1546002447809255e-06,4.028744242063281e-05
prior_observed_pairs,pair4,rank__zigbee__ack_rate,zigbee|values,0.009615384615384616,3.832804461769096e-06,7.16670711595354e-05
prior_observed_pairs,pair4,rank__zigbee__beacon,zigbee|values,0.009615384615384616,4.42058557650938e-06,8.26576007825571e-05
prior_observed_pairs,pair4,rank__zigbee__beacon_rate,zigbee|values,0.009615384615384616,4.49082799868536e-06,8.397101729485695e-05
prior_observed_pairs,pair4,rank__zigbee__bytes_total,zigbee|values,0.009615384615384616,7.370061927471457e-06,0.00013780790485786593
prior_observed_pairs,pair4,rank__zigbee__pkt_total,zigbee|values,0.009615384615384616,4.960735580313444e-06,9.27575078207527e-05
prior_observed_pairs,pair4,rank__zigbee__pps,zigbee|values,0.009615384615384616,4.960735580313444e-06,9.27575078207527e-05
prior_observed_pairs,pair4,time_cos,time,0.038461538461538464,0.0025196494842669474,0.04711325628198056
prior_observed_pairs,pair4,time_sin,time,0.038461538461538464,0.0004653700582571438,0.008701646382773676
prior_observed_pairs,pair4,zero__iot__entity_stale__s5_max_total_cleaning_count,iot|zeros,0.008547008547008548,2.7012767753508495e-06,5.0509384658593755e-05
prior_observed_pairs,pair4,zero__iot__entity_stale__withings_snoring_episode_count,iot|zeros,0.008547008547008548,0.0,0.0
prior_observed_pairs,pair4,zero__iot__s5_max_main_brush_time_left__sensor__state__value,iot|zeros,0.008547008547008548,0.0,0.0
prior_observed_pairs,pair4,zero__iot__s5_max_side_brush_time_left__sensor__state__value,iot|zeros,0.008547008547008548,0.0,0.0
prior_observed_pairs,pair4,zero__iot__smart_plug__sensor__signal_strength__value,iot|zeros,0.008547008547008548,0.002136752136752137,0.03995371247408295
prior_observed_pairs,pair4,zero__iot__smart_plug__sensor__voltage__value,iot|zeros,0.008547008547008548,0.002136752136752137,0.03995371247408295
prior_observed_pairs,pair4,zero__iot__smart_plug_ps5__sensor__signal_strength__value,iot|zeros,0.008547008547008548,0.002136752136752137,0.03995371247408295
prior_observed_pairs,pair4,zero__iot__smart_plug_ps5__sensor__voltage__value,iot|zeros,0.008547008547008548,0.002136752136752137,0.03995371247408295
prior_observed_pairs,pair4,zero__iot__twinguard_087__sensor__purity__value,iot|zeros,0.008547008547008548,0.0,0.0
prior_observed_pairs,pair4,zero__ota24__bytes_total,ota|zeros,0.009615384615384616,0.0,0.0
prior_observed_pairs,pair4,zero__ota24__rssi_n,ota|zeros,0.009615384615384616,0.0,0.0
prior_observed_pairs,pair4,zero__ota5__mgmt,ota|zeros,0.009615384615384616,0.0,0.0
prior_observed_pairs,pair4,zero__ota5__rssi_n,ota|zeros,0.009615384615384616,0.0,0.0
prior_observed_pairs,pair4,zero__ota__bytes_total,ota|zeros,0.009615384615384616,0.0,0.0
prior_observed_pairs,pair4,zero__ota__data,ota|zeros,0.009615384615384616,1.0982592724490865e-07,2.0535622470523522e-06
prior_observed_pairs,pair4,zero__ota__mgmt,ota|zeros,0.009615384615384616,0.0,0.0
prior_observed_pairs,pair4,zero__ota__pkt_total,ota|zeros,0.009615384615384616,0.0,0.0
prior_observed_pairs,pair4,zero__router__bytes_total__absdiff1,router|zeros,0.01282051282051282,5.177673512965389e-07,9.681388648855285e-06
prior_observed_pairs,pair4,zero__router__bytes_total__diff1,router|zeros,0.01282051282051282,5.177673512965389e-07,9.681388648855285e-06
prior_observed_pairs,pair4,zero__router__pkt_total__absdiff1,router|zeros,0.01282051282051282,1.6347957752190525e-06,3.0567963047051455e-05
prior_observed_pairs,pair4,zero__router__pkt_total__diff1,router|zeros,0.01282051282051282,1.6347957752190525e-06,3.0567963047051455e-05
prior_observed_pairs,pair4,zero__router__tcp_pkt,router|zeros,0.01282051282051282,6.883993065722768e-05,0.0012871922526284715
prior_observed_pairs,pair4,zero__router__udp_pkt,router|zeros,0.01282051282051282,3.420200435962209e-05,0.0006395206185677427
prior_observed_pairs,pair4,zero__zb__app_event_intensity,zigbee|zeros,0.009615384615384616,0.0,0.0
prior_observed_pairs,pair4,zero__zigbee__ack,zigbee|zeros,0.009615384615384616,1.1763582158217264e-06,2.1995942867246307e-05
prior_observed_pairs,pair4,zero__zigbee__ack_rate,zigbee|zeros,0.009615384615384616,1.1763582158217264e-06,2.1995942867246307e-05
prior_observed_pairs,pair4,zero__zigbee__beacon,zigbee|zeros,0.009615384615384616,1.8859350204337636e-05,0.0003526384939796831
prior_observed_pairs,pair4,zero__zigbee__beacon_rate,zigbee|zeros,0.009615384615384616,1.8859350204337636e-05,0.0003526384939796831
prior_observed_pairs,pair4,zero__zigbee__bytes_total,zigbee|zeros,0.009615384615384616,0.0,0.0
prior_observed_pairs,pair4,zero__zigbee__pkt_total,zigbee|zeros,0.009615384615384616,0.0,0.0
prior_observed_pairs,pair4,zero__zigbee__pps,zigbee|zeros,0.009615384615384616,0.0,0.0
prior_observed_pairs,pair5,missing__iot__coffee_maker_hot__sensor__water__value,iot|missing,0.007692307692307693,0.007692307692307693,0.14399600695757078
prior_observed_pairs,pair5,missing__iot__entity_stale__s5_max_total_cleaning_count,iot|missing,0.007692307692307693,0.0,0.0
prior_observed_pairs,pair5,missing__iot__entity_stale__withings_snoring_episode_count,iot|missing,0.007692307692307693,0.0,0.0
prior_observed_pairs,pair5,missing__iot__s5_max_main_brush_time_left__sensor__state__value,iot|missing,0.007692307692307693,0.0,0.0
prior_observed_pairs,pair5,missing__iot__s5_max_side_brush_time_left__sensor__state__value,iot|missing,0.007692307692307693,0.0,0.0
prior_observed_pairs,pair5,missing__iot__smart_plug__sensor__signal_strength__value,iot|missing,0.007692307692307693,0.007692307692307693,0.14399600695757078
prior_observed_pairs,pair5,missing__iot__smart_plug__sensor__voltage__value,iot|missing,0.007692307692307693,0.007692307692307693,0.14399600695757078
prior_observed_pairs,pair5,missing__iot__smart_plug_ps5__sensor__signal_strength__value,iot|missing,0.007692307692307693,0.007692307692307693,0.14399600695757078
prior_observed_pairs,pair5,missing__iot__smart_plug_ps5__sensor__voltage__value,iot|missing,0.007692307692307693,0.007692307692307693,0.14399600695757078
prior_observed_pairs,pair5,missing__iot__twinguard_087__sensor__purity__value,iot|missing,0.007692307692307693,0.0,0.0
prior_observed_pairs,pair5,missing__ota24__bytes_total,ota|missing,0.009615384615384616,0.0,0.0
prior_observed_pairs,pair5,missing__ota24__rssi_n,ota|missing,0.009615384615384616,0.0,0.0
prior_observed_pairs,pair5,missing__ota5__mgmt,ota|missing,0.009615384615384616,0.0,0.0
prior_observed_pairs,pair5,missing__ota5__rssi_n,ota|missing,0.009615384615384616,0.0,0.0
prior_observed_pairs,pair5,missing__ota__bytes_total,ota|missing,0.009615384615384616,0.0,0.0
prior_observed_pairs,pair5,missing__ota__data,ota|missing,0.009615384615384616,0.0,0.0
prior_observed_pairs,pair5,missing__ota__mgmt,ota|missing,0.009615384615384616,0.0,0.0
prior_observed_pairs,pair5,missing__ota__pkt_total,ota|missing,0.009615384615384616,0.0,0.0
prior_observed_pairs,pair5,missing__router__bytes_total__absdiff1,router|missing,0.01282051282051282,5.385846435229605e-09,1.008202494987649e-07
prior_observed_pairs,pair5,missing__router__bytes_total__diff1,router|missing,0.01282051282051282,5.385846435229605e-09,1.008202494987649e-07
prior_observed_pairs,pair5,missing__router__pkt_total__absdiff1,router|missing,0.01282051282051282,5.385846435229605e-09,1.008202494987649e-07
prior_observed_pairs,pair5,missing__router__pkt_total__diff1,router|missing,0.01282051282051282,5.385846435229605e-09,1.008202494987649e-07
prior_observed_pairs,pair5,missing__router__tcp_pkt,router|missing,0.01282051282051282,5.385846435229605e-09,1.008202494987649e-07
prior_observed_pairs,pair5,missing__router__udp_pkt,router|missing,0.01282051282051282,5.385846435229605e-09,1.008202494987649e-07
prior_observed_pairs,pair5,missing__zb__app_event_intensity,zigbee|missing,0.009615384615384616,0.0,0.0
prior_observed_pairs,pair5,missing__zigbee__ack,zigbee|missing,0.009615384615384616,1.3454943547536168e-05,0.0002518695588090162
prior_observed_pairs,pair5,missing__zigbee__ack_rate,zigbee|missing,0.009615384615384616,1.3454943547536168e-05,0.0002518695588090162
prior_observed_pairs,pair5,missing__zigbee__beacon,zigbee|missing,0.009615384615384616,1.3454943547536168e-05,0.0002518695588090162
prior_observed_pairs,pair5,missing__zigbee__beacon_rate,zigbee|missing,0.009615384615384616,1.3454943547536168e-05,0.0002518695588090162
prior_observed_pairs,pair5,missing__zigbee__bytes_total,zigbee|missing,0.009615384615384616,1.3454943547536168e-05,0.0002518695588090162
prior_observed_pairs,pair5,missing__zigbee__pkt_total,zigbee|missing,0.009615384615384616,1.3454943547536168e-05,0.0002518695588090162
prior_observed_pairs,pair5,missing__zigbee__pps,zigbee|missing,0.009615384615384616,1.3454943547536168e-05,0.0002518695588090162
prior_observed_pairs,pair5,rank__iot__entity_stale__s5_max_total_cleaning_count,iot|values,0.008547008547008548,1.6542288420503553e-06,3.0966305220408634e-05
prior_observed_pairs,pair5,rank__iot__entity_stale__withings_snoring_episode_count,iot|values,0.008547008547008548,1.6542288420503421e-06,3.096630522040839e-05
prior_observed_pairs,pair5,rank__iot__s5_max_main_brush_time_left__sensor__state__value,iot|values,0.008547008547008548,0.0013832010069494936,0.025892804836654366
prior_observed_pairs,pair5,rank__iot__s5_max_side_brush_time_left__sensor__state__value,iot|values,0.008547008547008548,0.0013832010069494936,0.025892804836654366
prior_observed_pairs,pair5,rank__iot__smart_plug__sensor__signal_strength__value,iot|values,0.008547008547008548,0.00039706348517103856,0.007432822328527202
prior_observed_pairs,pair5,rank__iot__smart_plug__sensor__voltage__value,iot|values,0.008547008547008548,0.0001421678763663406,0.0026613088468707834
prior_observed_pairs,pair5,rank__iot__smart_plug_ps5__sensor__signal_strength__value,iot|values,0.008547008547008548,0.00022591920375006341,0.004229090220555587
prior_observed_pairs,pair5,rank__iot__smart_plug_ps5__sensor__voltage__value,iot|values,0.008547008547008548,9.849408829932155e-05,0.0018437582051237303
prior_observed_pairs,pair5,rank__iot__twinguard_087__sensor__purity__value,iot|values,0.008547008547008548,0.00014068231968069356,0.002633499996861285
prior_observed_pairs,pair5,rank__ota24__bytes_total,ota|values,0.009615384615384616,3.4232479441120654e-06,6.408142452112061e-05
prior_observed_pairs,pair5,rank__ota24__rssi_n,ota|values,0.009615384615384616,8.522651795507148e-08,1.5953961754156403e-06
prior_observed_pairs,pair5,rank__ota5__mgmt,ota|values,0.009615384615384616,7.028236666289377e-06,0.00013156494206679968
prior_observed_pairs,pair5,rank__ota5__rssi_n,ota|values,0.009615384615384616,3.760580850447145e-06,7.039612141971428e-05
prior_observed_pairs,pair5,rank__ota__bytes_total,ota|values,0.009615384615384616,1.5911723045003113e-05,0.000297859195698377
prior_observed_pairs,pair5,rank__ota__data,ota|values,0.009615384615384616,2.617227630863897e-07,4.899314265864514e-06
prior_observed_pairs,pair5,rank__ota__mgmt,ota|values,0.009615384615384616,1.235710166741644e-05,0.00023131852869797193
prior_observed_pairs,pair5,rank__ota__pkt_total,ota|values,0.009615384615384616,2.0630739747578497e-06,3.861967387501789e-05
prior_observed_pairs,pair5,rank__router__bytes_total__absdiff1,router|values,0.01282051282051282,3.3060195716776185e-05,0.0006188697024187022
prior_observed_pairs,pair5,rank__router__bytes_total__diff1,router|values,0.01282051282051282,1.8731903920825903e-08,3.506515177505332e-07
prior_observed_pairs,pair5,rank__router__pkt_total__absdiff1,router|values,0.01282051282051282,1.3829332585996759e-05,0.0002588779272653274
prior_observed_pairs,pair5,rank__router__pkt_total__diff1,router|values,0.01282051282051282,1.1299080183828597e-08,2.1151291573941527e-07
prior_observed_pairs,pair5,rank__router__tcp_pkt,router|values,0.01282051282051282,1.4429568166370589e-05,0.00027011402575032734
prior_observed_pairs,pair5,rank__router__udp_pkt,router|values,0.01282051282051282,5.5157099824831285e-06,0.00010325122769176581
prior_observed_pairs,pair5,rank__zb__app_event_intensity,zigbee|values,0.009615384615384616,0.0,0.0
prior_observed_pairs,pair5,rank__zigbee__ack,zigbee|values,0.009615384615384616,1.3836771136128788e-05,0.000259017173062481
prior_observed_pairs,pair5,rank__zigbee__ack_rate,zigbee|values,0.009615384615384616,5.2106858277047414e-05,0.0009754133385098536
prior_observed_pairs,pair5,rank__zigbee__beacon,zigbee|values,0.009615384615384616,3.414597953281871e-06,6.391950118295082e-05
prior_observed_pairs,pair5,rank__zigbee__beacon_rate,zigbee|values,0.009615384615384616,3.1495397895707133e-06,5.895774994878216e-05
prior_observed_pairs,pair5,rank__zigbee__bytes_total,zigbee|values,0.009615384615384616,3.1624975181739415e-06,5.920031190193577e-05
prior_observed_pairs,pair5,rank__zigbee__pkt_total,zigbee|values,0.009615384615384616,1.0141668644108703e-06,1.8984677252299905e-05
prior_observed_pairs,pair5,rank__zigbee__pps,zigbee|values,0.009615384615384616,1.0141668644108703e-06,1.8984677252299905e-05
prior_observed_pairs,pair5,time_cos,time,0.038461538461538464,0.0021184501644062625,0.03965628739970445
prior_observed_pairs,pair5,time_sin,time,0.038461538461538464,2.8686651517544704e-05,0.0005369992252962708
prior_observed_pairs,pair5,zero__iot__entity_stale__s5_max_total_cleaning_count,iot|zeros,0.008547008547008548,6.616915368201377e-06,0.00012386522088163372
prior_observed_pairs,pair5,zero__iot__entity_stale__withings_snoring_episode_count,iot|zeros,0.008547008547008548,6.616915368201377e-06,0.00012386522088163372
prior_observed_pairs,pair5,zero__iot__s5_max_main_brush_time_left__sensor__state__value,iot|zeros,0.008547008547008548,0.0,0.0
prior_observed_pairs,pair5,zero__iot__s5_max_side_brush_time_left__sensor__state__value,iot|zeros,0.008547008547008548,0.0,0.0
prior_observed_pairs,pair5,zero__iot__smart_plug__sensor__signal_strength__value,iot|zeros,0.008547008547008548,0.002136752136752137,0.03999889082154744
prior_observed_pairs,pair5,zero__iot__smart_plug__sensor__voltage__value,iot|zeros,0.008547008547008548,0.002136752136752137,0.03999889082154744
prior_observed_pairs,pair5,zero__iot__smart_plug_ps5__sensor__signal_strength__value,iot|zeros,0.008547008547008548,0.002136752136752137,0.03999889082154744
prior_observed_pairs,pair5,zero__iot__smart_plug_ps5__sensor__voltage__value,iot|zeros,0.008547008547008548,0.002136752136752137,0.03999889082154744
prior_observed_pairs,pair5,zero__iot__twinguard_087__sensor__purity__value,iot|zeros,0.008547008547008548,0.0,0.0
prior_observed_pairs,pair5,zero__ota24__bytes_total,ota|zeros,0.009615384615384616,0.0,0.0
prior_observed_pairs,pair5,zero__ota24__rssi_n,ota|zeros,0.009615384615384616,0.0,0.0
prior_observed_pairs,pair5,zero__ota5__mgmt,ota|zeros,0.009615384615384616,0.0,0.0
prior_observed_pairs,pair5,zero__ota5__rssi_n,ota|zeros,0.009615384615384616,0.0,0.0
prior_observed_pairs,pair5,zero__ota__bytes_total,ota|zeros,0.009615384615384616,0.0,0.0
prior_observed_pairs,pair5,zero__ota__data,ota|zeros,0.009615384615384616,3.700571119552602e-07,6.927277040815065e-06
prior_observed_pairs,pair5,zero__ota__mgmt,ota|zeros,0.009615384615384616,0.0,0.0
prior_observed_pairs,pair5,zero__ota__pkt_total,ota|zeros,0.009615384615384616,0.0,0.0
prior_observed_pairs,pair5,zero__router__bytes_total__absdiff1,router|zeros,0.01282051282051282,1.687595284823094e-08,3.1590907708743483e-07
prior_observed_pairs,pair5,zero__router__bytes_total__diff1,router|zeros,0.01282051282051282,1.687595284823094e-08,3.1590907708743483e-07
prior_observed_pairs,pair5,zero__router__pkt_total__absdiff1,router|zeros,0.01282051282051282,3.4042009764492867e-07,6.37248751736689e-06
prior_observed_pairs,pair5,zero__router__pkt_total__diff1,router|zeros,0.01282051282051282,3.4042009764492867e-07,6.37248751736689e-06
prior_observed_pairs,pair5,zero__router__tcp_pkt,router|zeros,0.01282051282051282,6.14233195408239e-05,0.0011498126572344841
prior_observed_pairs,pair5,zero__router__udp_pkt,router|zeros,0.01282051282051282,2.4914862927546864e-08,4.6639330081005487e-07
prior_observed_pairs,pair5,zero__zb__app_event_intensity,zigbee|zeros,0.009615384615384616,0.0,0.0
prior_observed_pairs,pair5,zero__zigbee__ack,zigbee|zeros,0.009615384615384616,5.179479275383801e-05,0.0009695716339071873
prior_observed_pairs,pair5,zero__zigbee__ack_rate,zigbee|zeros,0.009615384615384616,5.179479275383801e-05,0.0009695716339071873
prior_observed_pairs,pair5,zero__zigbee__beacon,zigbee|zeros,0.009615384615384616,1.3767948080513323e-05,0.00025772884118709907
prior_observed_pairs,pair5,zero__zigbee__beacon_rate,zigbee|zeros,0.009615384615384616,1.3767948080513323e-05,0.00025772884118709907
prior_observed_pairs,pair5,zero__zigbee__bytes_total,zigbee|zeros,0.009615384615384616,0.0,0.0
prior_observed_pairs,pair5,zero__zigbee__pkt_total,zigbee|zeros,0.009615384615384616,0.0,0.0
prior_observed_pairs,pair5,zero__zigbee__pps,zigbee|zeros,0.009615384615384616,0.0,0.0
prior_observed_pairs,pair6,missing__iot__coffee_maker_hot__sensor__water__value,iot|missing,0.007692307692307693,0.0,0.0
prior_observed_pairs,pair6,missing__iot__entity_stale__s5_max_total_cleaning_count,iot|missing,0.007692307692307693,0.0,0.0
prior_observed_pairs,pair6,missing__iot__entity_stale__withings_snoring_episode_count,iot|missing,0.007692307692307693,0.0,0.0
prior_observed_pairs,pair6,missing__iot__s5_max_main_brush_time_left__sensor__state__value,iot|missing,0.007692307692307693,0.0,0.0
prior_observed_pairs,pair6,missing__iot__s5_max_side_brush_time_left__sensor__state__value,iot|missing,0.007692307692307693,0.0,0.0
prior_observed_pairs,pair6,missing__iot__smart_plug__sensor__signal_strength__value,iot|missing,0.007692307692307693,0.007692307692307693,0.1591364586196955
prior_observed_pairs,pair6,missing__iot__smart_plug__sensor__voltage__value,iot|missing,0.007692307692307693,0.007692307692307693,0.1591364586196955
prior_observed_pairs,pair6,missing__iot__smart_plug_ps5__sensor__signal_strength__value,iot|missing,0.007692307692307693,0.007692307692307693,0.1591364586196955
prior_observed_pairs,pair6,missing__iot__smart_plug_ps5__sensor__voltage__value,iot|missing,0.007692307692307693,0.007692307692307693,0.1591364586196955
prior_observed_pairs,pair6,missing__iot__twinguard_087__sensor__purity__value,iot|missing,0.007692307692307693,0.0,0.0
prior_observed_pairs,pair6,missing__ota24__bytes_total,ota|missing,0.009615384615384616,0.0,0.0
prior_observed_pairs,pair6,missing__ota24__rssi_n,ota|missing,0.009615384615384616,0.0,0.0
prior_observed_pairs,pair6,missing__ota5__mgmt,ota|missing,0.009615384615384616,0.0,0.0
prior_observed_pairs,pair6,missing__ota5__rssi_n,ota|missing,0.009615384615384616,0.0,0.0
prior_observed_pairs,pair6,missing__ota__bytes_total,ota|missing,0.009615384615384616,0.0,0.0
prior_observed_pairs,pair6,missing__ota__data,ota|missing,0.009615384615384616,0.0,0.0
prior_observed_pairs,pair6,missing__ota__mgmt,ota|missing,0.009615384615384616,0.0,0.0
prior_observed_pairs,pair6,missing__ota__pkt_total,ota|missing,0.009615384615384616,0.0,0.0
prior_observed_pairs,pair6,missing__router__bytes_total__absdiff1,router|missing,0.01282051282051282,1.0991523337214573e-10,2.2738977283360834e-09
prior_observed_pairs,pair6,missing__router__bytes_total__diff1,router|missing,0.01282051282051282,1.0991523337214573e-10,2.2738977283360834e-09
prior_observed_pairs,pair6,missing__router__pkt_total__absdiff1,router|missing,0.01282051282051282,1.0991523337214573e-10,2.2738977283360834e-09
prior_observed_pairs,pair6,missing__router__pkt_total__diff1,router|missing,0.01282051282051282,1.0991523337214573e-10,2.2738977283360834e-09
prior_observed_pairs,pair6,missing__router__tcp_pkt,router|missing,0.01282051282051282,1.0991523337214573e-10,2.2738977283360834e-09
prior_observed_pairs,pair6,missing__router__udp_pkt,router|missing,0.01282051282051282,1.0991523337214573e-10,2.2738977283360834e-09
prior_observed_pairs,pair6,missing__zb__app_event_intensity,zigbee|missing,0.009615384615384616,0.0,0.0
prior_observed_pairs,pair6,missing__zigbee__ack,zigbee|missing,0.009615384615384616,4.9482464123667156e-08,1.0236803335741483e-06
prior_observed_pairs,pair6,missing__zigbee__ack_rate,zigbee|missing,0.009615384615384616,4.9482464123667156e-08,1.0236803335741483e-06
prior_observed_pairs,pair6,missing__zigbee__beacon,zigbee|missing,0.009615384615384616,4.9482464123667156e-08,1.0236803335741483e-06
prior_observed_pairs,pair6,missing__zigbee__beacon_rate,zigbee|missing,0.009615384615384616,4.9482464123667156e-08,1.0236803335741483e-06
prior_observed_pairs,pair6,missing__zigbee__bytes_total,zigbee|missing,0.009615384615384616,4.9482464123667156e-08,1.0236803335741483e-06
prior_observed_pairs,pair6,missing__zigbee__pkt_total,zigbee|missing,0.009615384615384616,4.9482464123667156e-08,1.0236803335741483e-06
prior_observed_pairs,pair6,missing__zigbee__pps,zigbee|missing,0.009615384615384616,4.9482464123667156e-08,1.0236803335741483e-06
prior_observed_pairs,pair6,rank__iot__entity_stale__s5_max_total_cleaning_count,iot|values,0.008547008547008548,1.6542288420503553e-06,3.422225555715891e-05
prior_observed_pairs,pair6,rank__iot__entity_stale__withings_snoring_episode_count,iot|values,0.008547008547008548,0.0,0.0
prior_observed_pairs,pair6,rank__iot__s5_max_main_brush_time_left__sensor__state__value,iot|values,0.008547008547008548,0.0026379440470730878,0.0545730995794554
prior_observed_pairs,pair6,rank__iot__s5_max_side_brush_time_left__sensor__state__value,iot|values,0.008547008547008548,0.0026379440470730878,0.0545730995794554
prior_observed_pairs,pair6,rank__iot__smart_plug__sensor__signal_strength__value,iot|values,0.008547008547008548,0.00012080476407466308,0.002499177504099861
prior_observed_pairs,pair6,rank__iot__smart_plug__sensor__voltage__value,iot|values,0.008547008547008548,2.643668385249182e-05,0.0005469152319714247
prior_observed_pairs,pair6,rank__iot__smart_plug_ps5__sensor__signal_strength__value,iot|values,0.008547008547008548,0.00020029758807245358,0.004143704348669187
prior_observed_pairs,pair6,rank__iot__smart_plug_ps5__sensor__voltage__value,iot|values,0.008547008547008548,5.127421353651569e-05,0.0010607475788924506
prior_observed_pairs,pair6,rank__iot__twinguard_087__sensor__purity__value,iot|values,0.008547008547008548,9.494726683714324e-06,0.000196424433401069
prior_observed_pairs,pair6,rank__ota24__bytes_total,ota|values,0.009615384615384616,7.32992316030593e-08,1.5163954177912438e-06
prior_observed_pairs,pair6,rank__ota24__rssi_n,ota|values,0.009615384615384616,2.6542516998351596e-06,5.4910468053619653e-05
prior_observed_pairs,pair6,rank__ota5__mgmt,ota|values,0.009615384615384616,5.123667688299827e-07,1.0599710303782551e-05
prior_observed_pairs,pair6,rank__ota5__rssi_n,ota|values,0.009615384615384616,4.618240210288385e-06,9.554095097564828e-05
prior_observed_pairs,pair6,rank__ota__bytes_total,ota|values,0.009615384615384616,1.4575578292619864e-05,0.0003015357685368123
prior_observed_pairs,pair6,rank__ota__data,ota|values,0.009615384615384616,1.039922818573373e-06,2.1513652496125228e-05
prior_observed_pairs,pair6,rank__ota__mgmt,ota|values,0.009615384615384616,8.494952392068231e-08,1.7574136317616439e-06
prior_observed_pairs,pair6,rank__ota__pkt_total,ota|values,0.009615384615384616,7.574145911875205e-06,0.00015669195847300635
prior_observed_pairs,pair6,rank__router__bytes_total__absdiff1,router|values,0.01282051282051282,6.554814319804805e-06,0.00013560429190924263
prior_observed_pairs,pair6,rank__router__bytes_total__diff1,router|values,0.01282051282051282,4.970071029875144e-09,1.0281953536174752e-07
prior_observed_pairs,pair6,rank__router__pkt_total__absdiff1,router|values,0.01282051282051282,1.1122915045881433e-06,2.3010797029080886e-05
prior_observed_pairs,pair6,rank__router__pkt_total__diff1,router|values,0.01282051282051282,5.315225009272891e-08,1.0995999101652838e-06
prior_observed_pairs,pair6,rank__router__tcp_pkt,router|values,0.01282051282051282,2.116603155851309e-05,0.0004378773496830833
prior_observed_pairs,pair6,rank__router__udp_pkt,router|values,0.01282051282051282,2.0707124303883963e-08,4.2838359588932974e-07
prior_observed_pairs,pair6,rank__zb__app_event_intensity,zigbee|values,0.009615384615384616,5.152410981270064e-12,1.0659173679863126e-10
prior_observed_pairs,pair6,rank__zigbee__ack,zigbee|values,0.009615384615384616,2.462319526375102e-05,0.0005093982522426975
prior_observed_pairs,pair6,rank__zigbee__ack_rate,zigbee|values,0.009615384615384616,2.2879289644842496e-07,4.733207868758857e-06
prior_observed_pairs,pair6,rank__zigbee__beacon,zigbee|values,0.009615384615384616,6.719093611636676e-06,0.00013900285912371043
prior_observed_pairs,pair6,rank__zigbee__beacon_rate,zigbee|values,0.009615384615384616,8.441669076212714e-06,0.0001746390518116254
prior_observed_pairs,pair6,rank__zigbee__bytes_total,zigbee|values,0.009615384615384616,3.1629041894645405e-05,0.0006543333831642209
prior_observed_pairs,pair6,rank__zigbee__pkt_total,zigbee|values,0.009615384615384616,2.500218067469169e-05,0.0005172386037442291
prior_observed_pairs,pair6,rank__zigbee__pps,zigbee|values,0.009615384615384616,2.500218067469169e-05,0.0005172386037442291
prior_observed_pairs,pair6,time_cos,time,0.038461538461538464,0.0009096394882302235,0.01881838488108669
prior_observed_pairs,pair6,time_sin,time,0.038461538461538464,0.002075380054293869,0.04293492217693609
prior_observed_pairs,pair6,zero__iot__entity_stale__s5_max_total_cleaning_count,iot|zeros,0.008547008547008548,6.616915368201377e-06,0.00013688902222863471
prior_observed_pairs,pair6,zero__iot__entity_stale__withings_snoring_episode_count,iot|zeros,0.008547008547008548,0.0,0.0
prior_observed_pairs,pair6,zero__iot__s5_max_main_brush_time_left__sensor__state__value,iot|zeros,0.008547008547008548,0.0,0.0
prior_observed_pairs,pair6,zero__iot__s5_max_side_brush_time_left__sensor__state__value,iot|zeros,0.008547008547008548,0.0,0.0
prior_observed_pairs,pair6,zero__iot__smart_plug__sensor__signal_strength__value,iot|zeros,0.008547008547008548,0.002136752136752137,0.04420457183880431
prior_observed_pairs,pair6,zero__iot__smart_plug__sensor__voltage__value,iot|zeros,0.008547008547008548,0.002136752136752137,0.04420457183880431
prior_observed_pairs,pair6,zero__iot__smart_plug_ps5__sensor__signal_strength__value,iot|zeros,0.008547008547008548,0.002136752136752137,0.04420457183880431
prior_observed_pairs,pair6,zero__iot__smart_plug_ps5__sensor__voltage__value,iot|zeros,0.008547008547008548,0.002136752136752137,0.04420457183880431
prior_observed_pairs,pair6,zero__iot__twinguard_087__sensor__purity__value,iot|zeros,0.008547008547008548,0.0,0.0
prior_observed_pairs,pair6,zero__ota24__bytes_total,ota|zeros,0.009615384615384616,2.062438074719324e-11,4.2667181873323294e-10
prior_observed_pairs,pair6,zero__ota24__rssi_n,ota|zeros,0.009615384615384616,2.062438074719324e-11,4.2667181873323294e-10
prior_observed_pairs,pair6,zero__ota5__mgmt,ota|zeros,0.009615384615384616,0.0,0.0
prior_observed_pairs,pair6,zero__ota5__rssi_n,ota|zeros,0.009615384615384616,0.0,0.0
prior_observed_pairs,pair6,zero__ota__bytes_total,ota|zeros,0.009615384615384616,0.0,0.0
prior_observed_pairs,pair6,zero__ota__data,ota|zeros,0.009615384615384616,1.8599718397172098e-07,3.8478613121644365e-06
prior_observed_pairs,pair6,zero__ota__mgmt,ota|zeros,0.009615384615384616,0.0,0.0
prior_observed_pairs,pair6,zero__ota__pkt_total,ota|zeros,0.009615384615384616,0.0,0.0
prior_observed_pairs,pair6,zero__router__bytes_total__absdiff1,router|zeros,0.01282051282051282,1.6733792895936798e-07,3.4618435029552406e-06
prior_observed_pairs,pair6,zero__router__bytes_total__diff1,router|zeros,0.01282051282051282,1.6733792895936798e-07,3.4618435029552406e-06
prior_observed_pairs,pair6,zero__router__pkt_total__absdiff1,router|zeros,0.01282051282051282,3.8907415959853913e-07,8.049064906862944e-06
prior_observed_pairs,pair6,zero__router__pkt_total__diff1,router|zeros,0.01282051282051282,3.8907415959853913e-07,8.049064906862944e-06
prior_observed_pairs,pair6,zero__router__tcp_pkt,router|zeros,0.01282051282051282,9.624825877781935e-05,0.001991158916527845
prior_observed_pairs,pair6,zero__router__udp_pkt,router|zeros,0.01282051282051282,2.5072593897484926e-06,5.1869529416322014e-05
prior_observed_pairs,pair6,zero__zb__app_event_intensity,zigbee|zeros,0.009615384615384616,2.06091062572279e-11,4.263558240619932e-10
prior_observed_pairs,pair6,zero__zigbee__ack,zigbee|zeros,0.009615384615384616,2.354768848172262e-06,4.871484479759471e-05
prior_observed_pairs,pair6,zero__zigbee__ack_rate,zigbee|zeros,0.009615384615384616,2.354768848172262e-06,4.871484479759471e-05
prior_observed_pairs,pair6,zero__zigbee__beacon,zigbee|zeros,0.009615384615384616,2.8640379979822486e-05,0.0005925047236564789
prior_observed_pairs,pair6,zero__zigbee__beacon_rate,zigbee|zeros,0.009615384615384616,2.8640379979822486e-05,0.0005925047236564789
prior_observed_pairs,pair6,zero__zigbee__bytes_total,zigbee|zeros,0.009615384615384616,0.0,0.0
prior_observed_pairs,pair6,zero__zigbee__pkt_total,zigbee|zeros,0.009615384615384616,0.0,0.0
prior_observed_pairs,pair6,zero__zigbee__pps,zigbee|zeros,0.009615384615384616,0.0,0.0
prior_observed_pairs,pair7,missing__iot__coffee_maker_hot__sensor__water__value,iot|missing,0.007692307692307693,0.0,0.0
prior_observed_pairs,pair7,missing__iot__entity_stale__s5_max_total_cleaning_count,iot|missing,0.007692307692307693,0.0,0.0
prior_observed_pairs,pair7,missing__iot__entity_stale__withings_snoring_episode_count,iot|missing,0.007692307692307693,0.0,0.0
prior_observed_pairs,pair7,missing__iot__s5_max_main_brush_time_left__sensor__state__value,iot|missing,0.007692307692307693,0.0,0.0
prior_observed_pairs,pair7,missing__iot__s5_max_side_brush_time_left__sensor__state__value,iot|missing,0.007692307692307693,0.0,0.0
prior_observed_pairs,pair7,missing__iot__smart_plug__sensor__signal_strength__value,iot|missing,0.007692307692307693,0.007692307692307693,0.15917102505342193
prior_observed_pairs,pair7,missing__iot__smart_plug__sensor__voltage__value,iot|missing,0.007692307692307693,0.007692307692307693,0.15917102505342193
prior_observed_pairs,pair7,missing__iot__smart_plug_ps5__sensor__signal_strength__value,iot|missing,0.007692307692307693,0.007692307692307693,0.15917102505342193
prior_observed_pairs,pair7,missing__iot__smart_plug_ps5__sensor__voltage__value,iot|missing,0.007692307692307693,0.007692307692307693,0.15917102505342193
prior_observed_pairs,pair7,missing__iot__twinguard_087__sensor__purity__value,iot|missing,0.007692307692307693,0.0,0.0
prior_observed_pairs,pair7,missing__ota24__bytes_total,ota|missing,0.009615384615384616,2.06091062572279e-11,4.2644843389172136e-10
prior_observed_pairs,pair7,missing__ota24__rssi_n,ota|missing,0.009615384615384616,2.06091062572279e-11,4.2644843389172136e-10
prior_observed_pairs,pair7,missing__ota5__mgmt,ota|missing,0.009615384615384616,8.24364250289116e-11,1.7057937355668854e-09
prior_observed_pairs,pair7,missing__ota5__rssi_n,ota|missing,0.009615384615384616,8.24364250289116e-11,1.7057937355668854e-09
prior_observed_pairs,pair7,missing__ota__bytes_total,ota|missing,0.009615384615384616,0.0,0.0
prior_observed_pairs,pair7,missing__ota__data,ota|missing,0.009615384615384616,0.0,0.0
prior_observed_pairs,pair7,missing__ota__mgmt,ota|missing,0.009615384615384616,0.0,0.0
prior_observed_pairs,pair7,missing__ota__pkt_total,ota|missing,0.009615384615384616,0.0,0.0
prior_observed_pairs,pair7,missing__router__bytes_total__absdiff1,router|missing,0.01282051282051282,1.0991523337214573e-10,2.2743916474279685e-09
prior_observed_pairs,pair7,missing__router__bytes_total__diff1,router|missing,0.01282051282051282,1.0991523337214573e-10,2.2743916474279685e-09
prior_observed_pairs,pair7,missing__router__pkt_total__absdiff1,router|missing,0.01282051282051282,1.0991523337214573e-10,2.2743916474279685e-09
prior_observed_pairs,pair7,missing__router__pkt_total__diff1,router|missing,0.01282051282051282,1.0991523337214573e-10,2.2743916474279685e-09
prior_observed_pairs,pair7,missing__router__tcp_pkt,router|missing,0.01282051282051282,1.0991523337214573e-10,2.2743916474279685e-09
prior_observed_pairs,pair7,missing__router__udp_pkt,router|missing,0.01282051282051282,1.0991523337214573e-10,2.2743916474279685e-09
prior_observed_pairs,pair7,missing__zb__app_event_intensity,zigbee|missing,0.009615384615384616,0.0,0.0
prior_observed_pairs,pair7,missing__zigbee__ack,zigbee|missing,0.009615384615384616,1.1224626068376076e-05,0.00023226258082882157
prior_observed_pairs,pair7,missing__zigbee__ack_rate,zigbee|missing,0.009615384615384616,1.1224626068376076e-05,0.00023226258082882157
prior_observed_pairs,pair7,missing__zigbee__beacon,zigbee|missing,0.009615384615384616,1.1224626068376076e-05,0.00023226258082882157
prior_observed_pairs,pair7,missing__zigbee__beacon_rate,zigbee|missing,0.009615384615384616,1.1224626068376076e-05,0.00023226258082882157
prior_observed_pairs,pair7,missing__zigbee__bytes_total,zigbee|missing,0.009615384615384616,1.1224626068376076e-05,0.00023226258082882157
prior_observed_pairs,pair7,missing__zigbee__pkt_total,zigbee|missing,0.009615384615384616,1.1224626068376076e-05,0.00023226258082882157
prior_observed_pairs,pair7,missing__zigbee__pps,zigbee|missing,0.009615384615384616,1.1224626068376076e-05,0.00023226258082882157
prior_observed_pairs,pair7,rank__iot__entity_stale__s5_max_total_cleaning_count,iot|values,0.008547008547008548,0.0,0.0
prior_observed_pairs,pair7,rank__iot__entity_stale__withings_snoring_episode_count,iot|values,0.008547008547008548,0.0,0.0
prior_observed_pairs,pair7,rank__iot__s5_max_main_brush_time_left__sensor__state__value,iot|values,0.008547008547008548,0.0013832010069494936,0.028621517877039915
prior_observed_pairs,pair7,rank__iot__s5_max_side_brush_time_left__sensor__state__value,iot|values,0.008547008547008548,0.0013832010069494936,0.028621517877039915
prior_observed_pairs,pair7,rank__iot__smart_plug__sensor__signal_strength__value,iot|values,0.008547008547008548,0.001195800471473479,0.024743782284493854
prior_observed_pairs,pair7,rank__iot__smart_plug__sensor__voltage__value,iot|values,0.008547008547008548,3.0258783605372038e-05,0.0006261218084337768
prior_observed_pairs,pair7,rank__iot__smart_plug_ps5__sensor__signal_strength__value,iot|values,0.008547008547008548,3.0564352068600888e-06,6.324447023508745e-05
prior_observed_pairs,pair7,rank__iot__smart_plug_ps5__sensor__voltage__value,iot|values,0.008547008547008548,5.1848718349313975e-05,0.0010728657741576413
prior_observed_pairs,pair7,rank__iot__twinguard_087__sensor__purity__value,iot|values,0.008547008547008548,0.0008716336629377945,0.01803604706811409
prior_observed_pairs,pair7,rank__ota24__bytes_total,ota|values,0.009615384615384616,6.500363526767298e-07,1.3450703835080562e-05
prior_observed_pairs,pair7,rank__ota24__rssi_n,ota|values,0.009615384615384616,1.9074127855188613e-06,3.9468630275235196e-05
prior_observed_pairs,pair7,rank__ota5__mgmt,ota|values,0.009615384615384616,0.00032499893809821045,0.006724953835387551
prior_observed_pairs,pair7,rank__ota5__rssi_n,ota|values,0.009615384615384616,0.00025922444671327445,0.005363932717293546
prior_observed_pairs,pair7,rank__ota__bytes_total,ota|values,0.009615384615384616,0.00028162266647608535,0.005827401905165941
prior_observed_pairs,pair7,rank__ota__data,ota|values,0.009615384615384616,4.510033242966021e-06,9.332265986002832e-05
prior_observed_pairs,pair7,rank__ota__mgmt,ota|values,0.009615384615384616,0.0004087418857661723,0.008457782442157143
prior_observed_pairs,pair7,rank__ota__pkt_total,ota|values,0.009615384615384616,0.00012691670401793935,0.002626190043741831
prior_observed_pairs,pair7,rank__router__bytes_total__absdiff1,router|values,0.01282051282051282,6.834297594724569e-06,0.00014141687997741792
prior_observed_pairs,pair7,rank__router__bytes_total__diff1,router|values,0.01282051282051282,1.2097377499910559e-08,2.503217570254656e-07
prior_observed_pairs,pair7,rank__router__pkt_total__absdiff1,router|values,0.01282051282051282,1.0353214325319116e-06,2.1423112577864604e-05
prior_observed_pairs,pair7,rank__router__pkt_total__diff1,router|values,0.01282051282051282,6.877988780762443e-11,1.423209481901862e-09
prior_observed_pairs,pair7,rank__router__tcp_pkt,router|values,0.01282051282051282,5.6329133173122695e-06,0.00011655755627797648
prior_observed_pairs,pair7,rank__router__udp_pkt,router|values,0.01282051282051282,4.295580629050937e-10,8.888515635033588e-09
prior_observed_pairs,pair7,rank__zb__app_event_intensity,zigbee|values,0.009615384615384616,5.151967411938492e-12,1.0660571142000975e-10
prior_observed_pairs,pair7,rank__zigbee__ack,zigbee|values,0.009615384615384616,2.0650514458617936e-05,0.00042730526205363455
prior_observed_pairs,pair7,rank__zigbee__ack_rate,zigbee|values,0.009615384615384616,8.755880809122477e-05,0.001811787280723693
prior_observed_pairs,pair7,rank__zigbee__beacon,zigbee|values,0.009615384615384616,1.1418529773264726e-05,0.0002362748815197633
prior_observed_pairs,pair7,rank__zigbee__beacon_rate,zigbee|values,0.009615384615384616,1.3417518827566837e-05,0.0002776384293094622
prior_observed_pairs,pair7,rank__zigbee__bytes_total,zigbee|values,0.009615384615384616,1.786119009979162e-06,3.695879117915223e-05
prior_observed_pairs,pair7,rank__zigbee__pkt_total,zigbee|values,0.009615384615384616,6.72763369879147e-07,1.3920976576267575e-05
prior_observed_pairs,pair7,rank__zigbee__pps,zigbee|values,0.009615384615384616,6.72763369879147e-07,1.3920976576267575e-05
prior_observed_pairs,pair7,time_cos,time,0.038461538461538464,0.0012641880461392754,0.026158873931355246
prior_observed_pairs,pair7,time_sin,time,0.038461538461538464,0.0008823746768063981,0.018258302632499314
prior_observed_pairs,pair7,zero__iot__entity_stale__s5_max_total_cleaning_count,iot|zeros,0.008547008547008548,0.0,0.0
prior_observed_pairs,pair7,zero__iot__entity_stale__withings_snoring_episode_count,iot|zeros,0.008547008547008548,0.0,0.0
prior_observed_pairs,pair7,zero__iot__s5_max_main_brush_time_left__sensor__state__value,iot|zeros,0.008547008547008548,0.0,0.0
prior_observed_pairs,pair7,zero__iot__s5_max_side_brush_time_left__sensor__state__value,iot|zeros,0.008547008547008548,0.0,0.0
prior_observed_pairs,pair7,zero__iot__smart_plug__sensor__signal_strength__value,iot|zeros,0.008547008547008548,0.002136752136752137,0.04421417362595054
prior_observed_pairs,pair7,zero__iot__smart_plug__sensor__voltage__value,iot|zeros,0.008547008547008548,0.002136752136752137,0.04421417362595054
prior_observed_pairs,pair7,zero__iot__smart_plug_ps5__sensor__signal_strength__value,iot|zeros,0.008547008547008548,0.002136752136752137,0.04421417362595054
prior_observed_pairs,pair7,zero__iot__smart_plug_ps5__sensor__voltage__value,iot|zeros,0.008547008547008548,0.002136752136752137,0.04421417362595054
prior_observed_pairs,pair7,zero__iot__twinguard_087__sensor__purity__value,iot|zeros,0.008547008547008548,0.0,0.0
prior_observed_pairs,pair7,zero__ota24__bytes_total,ota|zeros,0.009615384615384616,0.0,0.0
prior_observed_pairs,pair7,zero__ota24__rssi_n,ota|zeros,0.009615384615384616,0.0,0.0
prior_observed_pairs,pair7,zero__ota5__mgmt,ota|zeros,0.009615384615384616,0.0,0.0
prior_observed_pairs,pair7,zero__ota5__rssi_n,ota|zeros,0.009615384615384616,0.0,0.0
prior_observed_pairs,pair7,zero__ota__bytes_total,ota|zeros,0.009615384615384616,0.0,0.0
prior_observed_pairs,pair7,zero__ota__data,ota|zeros,0.009615384615384616,1.5242494987865355e-07,3.154012617067227e-06
prior_observed_pairs,pair7,zero__ota__mgmt,ota|zeros,0.009615384615384616,0.0,0.0
prior_observed_pairs,pair7,zero__ota__pkt_total,ota|zeros,0.009615384615384616,0.0,0.0
prior_observed_pairs,pair7,zero__router__bytes_total__absdiff1,router|zeros,0.01282051282051282,6.2239303321004536e-09,1.287870182067968e-07
prior_observed_pairs,pair7,zero__router__bytes_total__diff1,router|zeros,0.01282051282051282,6.2239303321004536e-09,1.287870182067968e-07
prior_observed_pairs,pair7,zero__router__pkt_total__absdiff1,router|zeros,0.01282051282051282,9.957427943837328e-08,2.0604142165310275e-06
prior_observed_pairs,pair7,zero__router__pkt_total__diff1,router|zeros,0.01282051282051282,9.957427943837328e-08,2.0604142165310275e-06
prior_observed_pairs,pair7,zero__router__tcp_pkt,router|zeros,0.01282051282051282,2.4155347900817853e-05,0.0004998280931663761
prior_observed_pairs,pair7,zero__router__udp_pkt,router|zeros,0.01282051282051282,2.1268132829193728e-06,4.4008516544136304e-05
prior_observed_pairs,pair7,zero__zb__app_event_intensity,zigbee|zeros,0.009615384615384616,2.0609106257326746e-11,4.264484338937667e-10
prior_observed_pairs,pair7,zero__zigbee__ack,zigbee|zeros,0.009615384615384616,9.044087405122423e-05,0.0018714236618299024
prior_observed_pairs,pair7,zero__zigbee__ack_rate,zigbee|zeros,0.009615384615384616,9.044087405122423e-05,0.0018714236618299024
prior_observed_pairs,pair7,zero__zigbee__beacon,zigbee|zeros,0.009615384615384616,5.05718971228444e-05,0.0010464454915121144
prior_observed_pairs,pair7,zero__zigbee__beacon_rate,zigbee|zeros,0.009615384615384616,5.05718971228444e-05,0.0010464454915121144
prior_observed_pairs,pair7,zero__zigbee__bytes_total,zigbee|zeros,0.009615384615384616,0.0,0.0
prior_observed_pairs,pair7,zero__zigbee__pkt_total,zigbee|zeros,0.009615384615384616,0.0,0.0
prior_observed_pairs,pair7,zero__zigbee__pps,zigbee|zeros,0.009615384615384616,0.0,0.0
prior_observed_pairs,pair8,missing__iot__coffee_maker_hot__sensor__water__value,iot|missing,0.007692307692307693,0.0,0.0
prior_observed_pairs,pair8,missing__iot__entity_stale__s5_max_total_cleaning_count,iot|missing,0.007692307692307693,0.0,0.0
prior_observed_pairs,pair8,missing__iot__entity_stale__withings_snoring_episode_count,iot|missing,0.007692307692307693,0.0,0.0
prior_observed_pairs,pair8,missing__iot__s5_max_main_brush_time_left__sensor__state__value,iot|missing,0.007692307692307693,0.0,0.0
prior_observed_pairs,pair8,missing__iot__s5_max_side_brush_time_left__sensor__state__value,iot|missing,0.007692307692307693,0.0,0.0
prior_observed_pairs,pair8,missing__iot__smart_plug__sensor__signal_strength__value,iot|missing,0.007692307692307693,0.007692307692307693,0.14209234399970777
prior_observed_pairs,pair8,missing__iot__smart_plug__sensor__voltage__value,iot|missing,0.007692307692307693,0.007692307692307693,0.14209234399970777
prior_observed_pairs,pair8,missing__iot__smart_plug_ps5__sensor__signal_strength__value,iot|missing,0.007692307692307693,0.007692307692307693,0.14209234399970777
prior_observed_pairs,pair8,missing__iot__smart_plug_ps5__sensor__voltage__value,iot|missing,0.007692307692307693,0.007692307692307693,0.14209234399970777
prior_observed_pairs,pair8,missing__iot__twinguard_087__sensor__purity__value,iot|missing,0.007692307692307693,0.0,0.0
prior_observed_pairs,pair8,missing__ota24__bytes_total,ota|missing,0.009615384615384616,0.0,0.0
prior_observed_pairs,pair8,missing__ota24__rssi_n,ota|missing,0.009615384615384616,0.0,0.0
prior_observed_pairs,pair8,missing__ota5__mgmt,ota|missing,0.009615384615384616,2.06091062572279e-11,3.8069150805771236e-10
prior_observed_pairs,pair8,missing__ota5__rssi_n,ota|missing,0.009615384615384616,2.06091062572279e-11,3.8069150805771236e-10
prior_observed_pairs,pair8,missing__ota__bytes_total,ota|missing,0.009615384615384616,0.0,0.0
prior_observed_pairs,pair8,missing__ota__data,ota|missing,0.009615384615384616,0.0,0.0
prior_observed_pairs,pair8,missing__ota__mgmt,ota|missing,0.009615384615384616,0.0,0.0
prior_observed_pairs,pair8,missing__ota__pkt_total,ota|missing,0.009615384615384616,0.0,0.0
prior_observed_pairs,pair8,missing__router__bytes_total__absdiff1,router|missing,0.01282051282051282,2.8138299743235564e-08,5.197708056687531e-07
prior_observed_pairs,pair8,missing__router__bytes_total__diff1,router|missing,0.01282051282051282,2.8138299743235564e-08,5.197708056687531e-07
prior_observed_pairs,pair8,missing__router__pkt_total__absdiff1,router|missing,0.01282051282051282,2.8138299743235564e-08,5.197708056687531e-07
prior_observed_pairs,pair8,missing__router__pkt_total__diff1,router|missing,0.01282051282051282,2.8138299743235564e-08,5.197708056687531e-07
prior_observed_pairs,pair8,missing__router__tcp_pkt,router|missing,0.01282051282051282,2.8138299743235564e-08,5.197708056687531e-07
prior_observed_pairs,pair8,missing__router__udp_pkt,router|missing,0.01282051282051282,2.8138299743235564e-08,5.197708056687531e-07
prior_observed_pairs,pair8,missing__zb__app_event_intensity,zigbee|missing,0.009615384615384616,0.0,0.0
prior_observed_pairs,pair8,missing__zigbee__ack,zigbee|missing,0.009615384615384616,5.105856613379761e-05,0.0009431540746180017
prior_observed_pairs,pair8,missing__zigbee__ack_rate,zigbee|missing,0.009615384615384616,5.105856613379761e-05,0.0009431540746180017
prior_observed_pairs,pair8,missing__zigbee__beacon,zigbee|missing,0.009615384615384616,5.105856613379761e-05,0.0009431540746180017
prior_observed_pairs,pair8,missing__zigbee__beacon_rate,zigbee|missing,0.009615384615384616,5.105856613379761e-05,0.0009431540746180017
prior_observed_pairs,pair8,missing__zigbee__bytes_total,zigbee|missing,0.009615384615384616,5.105856613379761e-05,0.0009431540746180017
prior_observed_pairs,pair8,missing__zigbee__pkt_total,zigbee|missing,0.009615384615384616,5.105856613379761e-05,0.0009431540746180017
prior_observed_pairs,pair8,missing__zigbee__pps,zigbee|missing,0.009615384615384616,5.105856613379761e-05,0.0009431540746180017
prior_observed_pairs,pair8,rank__iot__entity_stale__s5_max_total_cleaning_count,iot|values,0.008547008547008548,0.0,0.0
prior_observed_pairs,pair8,rank__iot__entity_stale__withings_snoring_episode_count,iot|values,0.008547008547008548,0.0,0.0
prior_observed_pairs,pair8,rank__iot__s5_max_main_brush_time_left__sensor__state__value,iot|values,0.008547008547008548,0.0013832010069494936,0.02555049552902725
prior_observed_pairs,pair8,rank__iot__s5_max_side_brush_time_left__sensor__state__value,iot|values,0.008547008547008548,0.0013832010069494936,0.02555049552902725
prior_observed_pairs,pair8,rank__iot__smart_plug__sensor__signal_strength__value,iot|values,0.008547008547008548,4.821601103283259e-05,0.0008906463833762238
prior_observed_pairs,pair8,rank__iot__smart_plug__sensor__voltage__value,iot|values,0.008547008547008548,4.009250975627188e-06,7.40589029452977e-05
prior_observed_pairs,pair8,rank__iot__smart_plug_ps5__sensor__signal_strength__value,iot|values,0.008547008547008548,0.0006747541036782155,0.01246406098795773
prior_observed_pairs,pair8,rank__iot__smart_plug_ps5__sensor__voltage__value,iot|values,0.008547008547008548,5.587441124361616e-06,0.0001032112388217176
prior_observed_pairs,pair8,rank__iot__twinguard_087__sensor__purity__value,iot|values,0.008547008547008548,0.0006392381465173407,0.011808010059648082
prior_observed_pairs,pair8,rank__ota24__bytes_total,ota|values,0.009615384615384616,2.1335153843780294e-06,3.941030625034252e-05
prior_observed_pairs,pair8,rank__ota24__rssi_n,ota|values,0.009615384615384616,8.461841588016692e-06,0.00015630717775341516
prior_observed_pairs,pair8,rank__ota5__mgmt,ota|values,0.009615384615384616,7.975164119724688e-05,0.001473172692620261
prior_observed_pairs,pair8,rank__ota5__rssi_n,ota|values,0.009615384615384616,8.363710798914192e-05,0.0015449450535394017
prior_observed_pairs,pair8,rank__ota__bytes_total,ota|values,0.009615384615384616,0.000102634114883578,0.0018958578545585757
prior_observed_pairs,pair8,rank__ota__data,ota|values,0.009615384615384616,4.412953841508588e-06,8.151610418932111e-05
prior_observed_pairs,pair8,rank__ota__mgmt,ota|values,0.009615384615384616,0.00012003565155042783,0.0022172991220032177
prior_observed_pairs,pair8,rank__ota__pkt_total,ota|values,0.009615384615384616,6.006678177148767e-05,0.0011095538763958481
prior_observed_pairs,pair8,rank__router__bytes_total__absdiff1,router|values,0.01282051282051282,0.00010803431887596665,0.0019956104481947366
prior_observed_pairs,pair8,rank__router__bytes_total__diff1,router|values,0.01282051282051282,2.7818419734754004e-08,5.138619806422603e-07
prior_observed_pairs,pair8,rank__router__pkt_total__absdiff1,router|values,0.01282051282051282,8.823253015491859e-05,0.0016298317134758463
prior_observed_pairs,pair8,rank__router__pkt_total__diff1,router|values,0.01282051282051282,6.93323710228179e-08,1.2807078847796494e-06
prior_observed_pairs,pair8,rank__router__tcp_pkt,router|values,0.01282051282051282,1.921416710275787e-06,3.549241854122821e-05
prior_observed_pairs,pair8,rank__router__udp_pkt,router|values,0.01282051282051282,5.904626051285448e-05,0.0010907028028895544
prior_observed_pairs,pair8,rank__zb__app_event_intensity,zigbee|values,0.009615384615384616,0.0,0.0
prior_observed_pairs,pair8,rank__zigbee__ack,zigbee|values,0.009615384615384616,8.947924368869769e-06,0.00016528610117562544
prior_observed_pairs,pair8,rank__zigbee__ack_rate,zigbee|values,0.009615384615384616,0.00014432266777216954,0.0026659290002850246
prior_observed_pairs,pair8,rank__zigbee__beacon,zigbee|values,0.009615384615384616,5.633442601914109e-06,0.00010406097833219247
prior_observed_pairs,pair8,rank__zigbee__beacon_rate,zigbee|values,0.009615384615384616,6.303536295333113e-06,0.00011643895219984511
prior_observed_pairs,pair8,rank__zigbee__bytes_total,zigbee|values,0.009615384615384616,3.039915225161368e-05,0.0005615332838746516
prior_observed_pairs,pair8,rank__zigbee__pkt_total,zigbee|values,0.009615384615384616,3.176353166380642e-06,5.8673610681649494e-05
prior_observed_pairs,pair8,rank__zigbee__pps,zigbee|values,0.009615384615384616,3.176353166380642e-06,5.8673610681649494e-05
prior_observed_pairs,pair8,time_cos,time,0.038461538461538464,0.00510796410520331,0.09435433706071206
prior_observed_pairs,pair8,time_sin,time,0.038461538461538464,0.003565243470092816,0.06585719420736823
prior_observed_pairs,pair8,zero__iot__entity_stale__s5_max_total_cleaning_count,iot|zeros,0.008547008547008548,0.0,0.0
prior_observed_pairs,pair8,zero__iot__entity_stale__withings_snoring_episode_count,iot|zeros,0.008547008547008548,0.0,0.0
prior_observed_pairs,pair8,zero__iot__s5_max_main_brush_time_left__sensor__state__value,iot|zeros,0.008547008547008548,0.0,0.0
prior_observed_pairs,pair8,zero__iot__s5_max_side_brush_time_left__sensor__state__value,iot|zeros,0.008547008547008548,0.0,0.0
prior_observed_pairs,pair8,zero__iot__smart_plug__sensor__signal_strength__value,iot|zeros,0.008547008547008548,0.002136752136752137,0.03947009555547438
prior_observed_pairs,pair8,zero__iot__smart_plug__sensor__voltage__value,iot|zeros,0.008547008547008548,0.002136752136752137,0.03947009555547438
prior_observed_pairs,pair8,zero__iot__smart_plug_ps5__sensor__signal_strength__value,iot|zeros,0.008547008547008548,0.002136752136752137,0.03947009555547438
prior_observed_pairs,pair8,zero__iot__smart_plug_ps5__sensor__voltage__value,iot|zeros,0.008547008547008548,0.002136752136752137,0.03947009555547438
prior_observed_pairs,pair8,zero__iot__twinguard_087__sensor__purity__value,iot|zeros,0.008547008547008548,0.0,0.0
prior_observed_pairs,pair8,zero__ota24__bytes_total,ota|zeros,0.009615384615384616,8.249752298877297e-09,1.5238946340337886e-07
prior_observed_pairs,pair8,zero__ota24__rssi_n,ota|zeros,0.009615384615384616,8.249752298877297e-09,1.5238946340337886e-07
prior_observed_pairs,pair8,zero__ota5__mgmt,ota|zeros,0.009615384615384616,0.0,0.0
prior_observed_pairs,pair8,zero__ota5__rssi_n,ota|zeros,0.009615384615384616,0.0,0.0
prior_observed_pairs,pair8,zero__ota__bytes_total,ota|zeros,0.009615384615384616,0.0,0.0
prior_observed_pairs,pair8,zero__ota__data,ota|zeros,0.009615384615384616,1.5959691885617822e-07,2.9480750384027177e-06
prior_observed_pairs,pair8,zero__ota__mgmt,ota|zeros,0.009615384615384616,0.0,0.0
prior_observed_pairs,pair8,zero__ota__pkt_total,ota|zeros,0.009615384615384616,0.0,0.0
prior_observed_pairs,pair8,zero__router__bytes_total__absdiff1,router|zeros,0.01282051282051282,5.07901849618916e-05,0.0009381965363438051
prior_observed_pairs,pair8,zero__router__bytes_total__diff1,router|zeros,0.01282051282051282,5.07901849618916e-05,0.0009381965363438051
prior_observed_pairs,pair8,zero__router__pkt_total__absdiff1,router|zeros,0.01282051282051282,5.482791070468225e-05,0.001012781425322546
prior_observed_pairs,pair8,zero__router__pkt_total__diff1,router|zeros,0.01282051282051282,5.482791070468225e-05,0.001012781425322546
prior_observed_pairs,pair8,zero__router__tcp_pkt,router|zeros,0.01282051282051282,9.517819256229224e-06,0.00017581320222481153
prior_observed_pairs,pair8,zero__router__udp_pkt,router|zeros,0.01282051282051282,0.00011299030039940927,0.002087157362287813
prior_observed_pairs,pair8,zero__zb__app_event_intensity,zigbee|zeros,0.009615384615384616,0.0,0.0
prior_observed_pairs,pair8,zero__zigbee__ack,zigbee|zeros,0.009615384615384616,0.00017288547613938414,0.003193541331259583
prior_observed_pairs,pair8,zero__zigbee__ack_rate,zigbee|zeros,0.009615384615384616,0.00017288547613938414,0.003193541331259583
prior_observed_pairs,pair8,zero__zigbee__beacon,zigbee|zeros,0.009615384615384616,2.5313502897616115e-05,0.00046759114500353685
prior_observed_pairs,pair8,zero__zigbee__beacon_rate,zigbee|zeros,0.009615384615384616,2.5313502897616115e-05,0.00046759114500353685
prior_observed_pairs,pair8,zero__zigbee__bytes_total,zigbee|zeros,0.009615384615384616,0.0,0.0
prior_observed_pairs,pair8,zero__zigbee__pkt_total,zigbee|zeros,0.009615384615384616,0.0,0.0
prior_observed_pairs,pair8,zero__zigbee__pps,zigbee|zeros,0.009615384615384616,0.0,0.0
prior_observed_pairs,pair9,missing__iot__coffee_maker_hot__sensor__water__value,iot|missing,0.007692307692307693,0.0,0.0
prior_observed_pairs,pair9,missing__iot__entity_stale__s5_max_total_cleaning_count,iot|missing,0.007692307692307693,0.0,0.0
prior_observed_pairs,pair9,missing__iot__entity_stale__withings_snoring_episode_count,iot|missing,0.007692307692307693,0.0,0.0
prior_observed_pairs,pair9,missing__iot__s5_max_main_brush_time_left__sensor__state__value,iot|missing,0.007692307692307693,0.0,0.0
prior_observed_pairs,pair9,missing__iot__s5_max_side_brush_time_left__sensor__state__value,iot|missing,0.007692307692307693,0.0,0.0
prior_observed_pairs,pair9,missing__iot__smart_plug__sensor__signal_strength__value,iot|missing,0.007692307692307693,0.007692307692307693,0.16246030320104687
prior_observed_pairs,pair9,missing__iot__smart_plug__sensor__voltage__value,iot|missing,0.007692307692307693,0.007692307692307693,0.16246030320104687
prior_observed_pairs,pair9,missing__iot__smart_plug_ps5__sensor__signal_strength__value,iot|missing,0.007692307692307693,0.007692307692307693,0.16246030320104687
prior_observed_pairs,pair9,missing__iot__smart_plug_ps5__sensor__voltage__value,iot|missing,0.007692307692307693,0.007692307692307693,0.16246030320104687
prior_observed_pairs,pair9,missing__iot__twinguard_087__sensor__purity__value,iot|missing,0.007692307692307693,0.0,0.0
prior_observed_pairs,pair9,missing__ota24__bytes_total,ota|missing,0.009615384615384616,0.0,0.0
prior_observed_pairs,pair9,missing__ota24__rssi_n,ota|missing,0.009615384615384616,0.0,0.0
prior_observed_pairs,pair9,missing__ota5__mgmt,ota|missing,0.009615384615384616,2.06091062572279e-11,4.352610146627388e-10
prior_observed_pairs,pair9,missing__ota5__rssi_n,ota|missing,0.009615384615384616,2.06091062572279e-11,4.352610146627388e-10
prior_observed_pairs,pair9,missing__ota__bytes_total,ota|missing,0.009615384615384616,0.0,0.0
prior_observed_pairs,pair9,missing__ota__data,ota|missing,0.009615384615384616,0.0,0.0
prior_observed_pairs,pair9,missing__ota__mgmt,ota|missing,0.009615384615384616,0.0,0.0
prior_observed_pairs,pair9,missing__ota__pkt_total,ota|missing,0.009615384615384616,0.0,0.0
prior_observed_pairs,pair9,missing__router__bytes_total__absdiff1,router|missing,0.01282051282051282,1.8575674439872067e-08,3.923152612165218e-07
prior_observed_pairs,pair9,missing__router__bytes_total__diff1,router|missing,0.01282051282051282,1.8575674439872067e-08,3.923152612165218e-07
prior_observed_pairs,pair9,missing__router__pkt_total__absdiff1,router|missing,0.01282051282051282,1.8575674439872067e-08,3.923152612165218e-07
prior_observed_pairs,pair9,missing__router__pkt_total__diff1,router|missing,0.01282051282051282,1.8575674439872067e-08,3.923152612165218e-07
prior_observed_pairs,pair9,missing__router__tcp_pkt,router|missing,0.01282051282051282,1.8575674439872067e-08,3.923152612165218e-07
prior_observed_pairs,pair9,missing__router__udp_pkt,router|missing,0.01282051282051282,1.8575674439872067e-08,3.923152612165218e-07
prior_observed_pairs,pair9,missing__zb__app_event_intensity,zigbee|missing,0.009615384615384616,0.0,0.0
prior_observed_pairs,pair9,missing__zigbee__ack,zigbee|missing,0.009615384615384616,2.3551282875646235e-05,0.0004973993123776443
prior_observed_pairs,pair9,missing__zigbee__ack_rate,zigbee|missing,0.009615384615384616,2.3551282875646235e-05,0.0004973993123776443
prior_observed_pairs,pair9,missing__zigbee__beacon,zigbee|missing,0.009615384615384616,2.3551282875646235e-05,0.0004973993123776443
prior_observed_pairs,pair9,missing__zigbee__beacon_rate,zigbee|missing,0.009615384615384616,2.3551282875646235e-05,0.0004973993123776443
prior_observed_pairs,pair9,missing__zigbee__bytes_total,zigbee|missing,0.009615384615384616,2.3551282875646235e-05,0.0004973993123776443
prior_observed_pairs,pair9,missing__zigbee__pkt_total,zigbee|missing,0.009615384615384616,2.3551282875646235e-05,0.0004973993123776443
prior_observed_pairs,pair9,missing__zigbee__pps,zigbee|missing,0.009615384615384616,2.3551282875646235e-05,0.0004973993123776443
prior_observed_pairs,pair9,rank__iot__entity_stale__s5_max_total_cleaning_count,iot|values,0.008547008547008548,0.0,0.0
prior_observed_pairs,pair9,rank__iot__entity_stale__withings_snoring_episode_count,iot|values,0.008547008547008548,0.0,0.0
prior_observed_pairs,pair9,rank__iot__s5_max_main_brush_time_left__sensor__state__value,iot|values,0.008547008547008548,0.0013832010069494936,0.029212983147011047
prior_observed_pairs,pair9,rank__iot__s5_max_side_brush_time_left__sensor__state__value,iot|values,0.008547008547008548,0.0013832010069494936,0.029212983147011047
prior_observed_pairs,pair9,rank__iot__smart_plug__sensor__signal_strength__value,iot|values,0.008547008547008548,0.0004148937277719545,0.008762488905305763
prior_observed_pairs,pair9,rank__iot__smart_plug__sensor__voltage__value,iot|values,0.008547008547008548,3.202410236922262e-05,0.0006763438994838851
prior_observed_pairs,pair9,rank__iot__smart_plug_ps5__sensor__signal_strength__value,iot|values,0.008547008547008548,0.0010074248469758695,0.021276650991955838
prior_observed_pairs,pair9,rank__iot__smart_plug_ps5__sensor__voltage__value,iot|values,0.008547008547008548,5.423757319195346e-05,0.0011454888361349849
prior_observed_pairs,pair9,rank__iot__twinguard_087__sensor__purity__value,iot|values,0.008547008547008548,7.324680166586362e-07,1.5469606889286093e-05
prior_observed_pairs,pair9,rank__ota24__bytes_total,ota|values,0.009615384615384616,2.5937054676993556e-06,5.477864297056455e-05
prior_observed_pairs,pair9,rank__ota24__rssi_n,ota|values,0.009615384615384616,1.5361160060758296e-06,3.244252337287785e-05
prior_observed_pairs,pair9,rank__ota5__mgmt,ota|values,0.009615384615384616,7.399060701015683e-05,0.0015626697383569457
prior_observed_pairs,pair9,rank__ota5__rssi_n,ota|values,0.009615384615384616,6.315892108644322e-05,0.0013339062710420926
prior_observed_pairs,pair9,rank__ota__bytes_total,ota|values,0.009615384615384616,2.1093955608235354e-05,0.000445500955097034
prior_observed_pairs,pair9,rank__ota__data,ota|values,0.009615384615384616,1.4425520203079248e-06,3.0466467018326063e-05
prior_observed_pairs,pair9,rank__ota__mgmt,ota|values,0.009615384615384616,5.084215534408815e-05,0.0010737781564373872
prior_observed_pairs,pair9,rank__ota__pkt_total,ota|values,0.009615384615384616,1.792481346197552e-05,0.0003785691818811174
prior_observed_pairs,pair9,rank__router__bytes_total__absdiff1,router|values,0.01282051282051282,0.00012028832364593515,0.002540470079038356
prior_observed_pairs,pair9,rank__router__bytes_total__diff1,router|values,0.01282051282051282,5.1704648377564575e-09,1.0919938708019454e-07
prior_observed_pairs,pair9,rank__router__pkt_total__absdiff1,router|values,0.01282051282051282,9.613204533345934e-05,0.0020302933601873763
prior_observed_pairs,pair9,rank__router__pkt_total__diff1,router|values,0.01282051282051282,4.0006660980614866e-10,8.449342554863836e-09
prior_observed_pairs,pair9,rank__router__tcp_pkt,router|values,0.01282051282051282,1.476168320228108e-06,3.1176437874405e-05
prior_observed_pairs,pair9,rank__router__udp_pkt,router|values,0.01282051282051282,6.185960496913667e-05,0.0013064649232937806
prior_observed_pairs,pair9,rank__zb__app_event_intensity,zigbee|values,0.009615384615384616,5.152343772581704e-12,1.088166730936544e-10
prior_observed_pairs,pair9,rank__zigbee__ack,zigbee|values,0.009615384615384616,4.825547507895314e-05,0.0010191478846168474
prior_observed_pairs,pair9,rank__zigbee__ack_rate,zigbee|values,0.009615384615384616,0.0002536246157426512,0.005356511156464015
prior_observed_pairs,pair9,rank__zigbee__beacon,zigbee|values,0.009615384615384616,4.789916336450983e-06,0.00010116226384257166
prior_observed_pairs,pair9,rank__zigbee__beacon_rate,zigbee|values,0.009615384615384616,5.789144599878104e-06,0.000122265804306217
prior_observed_pairs,pair9,rank__zigbee__bytes_total,zigbee|values,0.009615384615384616,2.6158870843514077e-05,0.0005524711515224618
prior_observed_pairs,pair9,rank__zigbee__pkt_total,zigbee|values,0.009615384615384616,3.602821575032046e-07,7.609101310966732e-06
prior_observed_pairs,pair9,rank__zigbee__pps,zigbee|values,0.009615384615384616,3.602821575032046e-07,7.609101310966732e-06
prior_observed_pairs,pair9,time_cos,time,0.038461538461538464,0.00018109739762711607,0.0038247479565648368
prior_observed_pairs,pair9,time_sin,time,0.038461538461538464,0.0019654653253185564,0.04151031204871159
prior_observed_pairs,pair9,zero__iot__entity_stale__s5_max_total_cleaning_count,iot|zeros,0.008547008547008548,0.0,0.0
prior_observed_pairs,pair9,zero__iot__entity_stale__withings_snoring_episode_count,iot|zeros,0.008547008547008548,0.0,0.0
prior_observed_pairs,pair9,zero__iot__s5_max_main_brush_time_left__sensor__state__value,iot|zeros,0.008547008547008548,0.0,0.0
prior_observed_pairs,pair9,zero__iot__s5_max_side_brush_time_left__sensor__state__value,iot|zeros,0.008547008547008548,0.0,0.0
prior_observed_pairs,pair9,zero__iot__smart_plug__sensor__signal_strength__value,iot|zeros,0.008547008547008548,0.002136752136752137,0.0451278620002908
prior_observed_pairs,pair9,zero__iot__smart_plug__sensor__voltage__value,iot|zeros,0.008547008547008548,0.002136752136752137,0.0451278620002908
prior_observed_pairs,pair9,zero__iot__smart_plug_ps5__sensor__signal_strength__value,iot|zeros,0.008547008547008548,0.002136752136752137,0.0451278620002908
prior_observed_pairs,pair9,zero__iot__smart_plug_ps5__sensor__voltage__value,iot|zeros,0.008547008547008548,0.002136752136752137,0.0451278620002908
prior_observed_pairs,pair9,zero__iot__twinguard_087__sensor__purity__value,iot|zeros,0.008547008547008548,0.0,0.0
prior_observed_pairs,pair9,zero__ota24__bytes_total,ota|zeros,0.009615384615384616,0.0,0.0
prior_observed_pairs,pair9,zero__ota24__rssi_n,ota|zeros,0.009615384615384616,0.0,0.0
prior_observed_pairs,pair9,zero__ota5__mgmt,ota|zeros,0.009615384615384616,0.0,0.0
prior_observed_pairs,pair9,zero__ota5__rssi_n,ota|zeros,0.009615384615384616,0.0,0.0
prior_observed_pairs,pair9,zero__ota__bytes_total,ota|zeros,0.009615384615384616,0.0,0.0
prior_observed_pairs,pair9,zero__ota__data,ota|zeros,0.009615384615384616,8.916323731138549e-07,1.8831132538392953e-05
prior_observed_pairs,pair9,zero__ota__mgmt,ota|zeros,0.009615384615384616,0.0,0.0
prior_observed_pairs,pair9,zero__ota__pkt_total,ota|zeros,0.009615384615384616,0.0,0.0
prior_observed_pairs,pair9,zero__router__bytes_total__absdiff1,router|zeros,0.01282051282051282,3.8653863167266685e-07,8.1636338290597e-06
prior_observed_pairs,pair9,zero__router__bytes_total__diff1,router|zeros,0.01282051282051282,3.8653863167266685e-07,8.1636338290597e-06
prior_observed_pairs,pair9,zero__router__pkt_total__absdiff1,router|zeros,0.01282051282051282,1.8704914901607996e-06,3.950447990144519e-05
prior_observed_pairs,pair9,zero__router__pkt_total__diff1,router|zeros,0.01282051282051282,1.8704914901607996e-06,3.950447990144519e-05
prior_observed_pairs,pair9,zero__router__tcp_pkt,router|zeros,0.01282051282051282,1.8720313690393557e-05,0.00039537001896080594
prior_observed_pairs,pair9,zero__router__udp_pkt,router|zeros,0.01282051282051282,5.6565958046164073e-05,0.0011946639503548765
prior_observed_pairs,pair9,zero__zb__app_event_intensity,zigbee|zeros,0.009615384615384616,2.06091062572279e-11,4.352610146627388e-10
prior_observed_pairs,pair9,zero__zigbee__ack,zigbee|zeros,0.009615384615384616,0.00023619212338201048,0.004988339717184264
prior_observed_pairs,pair9,zero__zigbee__ack_rate,zigbee|zeros,0.009615384615384616,0.00023619212338201048,0.004988339717184264
prior_observed_pairs,pair9,zero__zigbee__beacon,zigbee|zeros,0.009615384615384616,2.029912570637184e-05,0.00042871427520653336
prior_observed_pairs,pair9,zero__zigbee__beacon_rate,zigbee|zeros,0.009615384615384616,2.029912570637184e-05,0.00042871427520653336
prior_observed_pairs,pair9,zero__zigbee__bytes_total,zigbee|zeros,0.009615384615384616,0.0,0.0
prior_observed_pairs,pair9,zero__zigbee__pkt_total,zigbee|zeros,0.009615384615384616,0.0,0.0
prior_observed_pairs,pair9,zero__zigbee__pps,zigbee|zeros,0.009615384615384616,0.0,0.0
original_pairs,pair0,missing__iot__coffee_maker_hot__sensor__water__value,iot|missing,0.007692307692307693,0.007692307692307693,0.12487502241108553
original_pairs,pair0,missing__iot__entity_stale__s5_max_total_cleaning_count,iot|missing,0.007692307692307693,0.0,0.0
original_pairs,pair0,missing__iot__entity_stale__withings_snoring_episode_count,iot|missing,0.007692307692307693,0.0,0.0
original_pairs,pair0,missing__iot__s5_max_main_brush_time_left__sensor__state__value,iot|missing,0.007692307692307693,0.007692307692307693,0.12487502241108553
original_pairs,pair0,missing__iot__s5_max_side_brush_time_left__sensor__state__value,iot|missing,0.007692307692307693,0.007692307692307693,0.12487502241108553
original_pairs,pair0,missing__iot__smart_plug__sensor__signal_strength__value,iot|missing,0.007692307692307693,0.0,0.0
original_pairs,pair0,missing__iot__smart_plug__sensor__voltage__value,iot|missing,0.007692307692307693,0.0,0.0
original_pairs,pair0,missing__iot__smart_plug_ps5__sensor__signal_strength__value,iot|missing,0.007692307692307693,0.0,0.0
original_pairs,pair0,missing__iot__smart_plug_ps5__sensor__voltage__value,iot|missing,0.007692307692307693,0.0,0.0
original_pairs,pair0,missing__iot__twinguard_087__sensor__purity__value,iot|missing,0.007692307692307693,0.0,0.0
original_pairs,pair0,missing__ota24__bytes_total,ota|missing,0.009615384615384616,0.0,0.0
original_pairs,pair0,missing__ota24__rssi_n,ota|missing,0.009615384615384616,0.0,0.0
original_pairs,pair0,missing__ota5__mgmt,ota|missing,0.009615384615384616,0.0,0.0
original_pairs,pair0,missing__ota5__rssi_n,ota|missing,0.009615384615384616,0.0,0.0
original_pairs,pair0,missing__ota__bytes_total,ota|missing,0.009615384615384616,7.419278252613906e-10,1.2044272994900133e-08
original_pairs,pair0,missing__ota__data,ota|missing,0.009615384615384616,7.419278252613906e-10,1.2044272994900133e-08
original_pairs,pair0,missing__ota__mgmt,ota|missing,0.009615384615384616,7.419278252613906e-10,1.2044272994900133e-08
original_pairs,pair0,missing__ota__pkt_total,ota|missing,0.009615384615384616,7.419278252613906e-10,1.2044272994900133e-08
original_pairs,pair0,missing__router__bytes_total__absdiff1,router|missing,0.01282051282051282,3.324935809503784e-09,5.397618638453676e-08
original_pairs,pair0,missing__router__bytes_total__diff1,router|missing,0.01282051282051282,3.324935809503784e-09,5.397618638453676e-08
original_pairs,pair0,missing__router__pkt_total__absdiff1,router|missing,0.01282051282051282,3.324935809503784e-09,5.397618638453676e-08
original_pairs,pair0,missing__router__pkt_total__diff1,router|missing,0.01282051282051282,3.324935809503784e-09,5.397618638453676e-08
original_pairs,pair0,missing__router__tcp_pkt,router|missing,0.01282051282051282,3.324935809503784e-09,5.397618638453676e-08
original_pairs,pair0,missing__router__udp_pkt,router|missing,0.01282051282051282,3.324935809503784e-09,5.397618638453676e-08
original_pairs,pair0,missing__zb__app_event_intensity,zigbee|missing,0.009615384615384616,0.0,0.0
original_pairs,pair0,missing__zigbee__ack,zigbee|missing,0.009615384615384616,9.35014541785375e-05,0.0015178795041818143
original_pairs,pair0,missing__zigbee__ack_rate,zigbee|missing,0.009615384615384616,9.35014541785375e-05,0.0015178795041818143
original_pairs,pair0,missing__zigbee__beacon,zigbee|missing,0.009615384615384616,9.35014541785375e-05,0.0015178795041818143
original_pairs,pair0,missing__zigbee__beacon_rate,zigbee|missing,0.009615384615384616,9.35014541785375e-05,0.0015178795041818143
original_pairs,pair0,missing__zigbee__bytes_total,zigbee|missing,0.009615384615384616,9.35014541785375e-05,0.0015178795041818143
original_pairs,pair0,missing__zigbee__pkt_total,zigbee|missing,0.009615384615384616,9.35014541785375e-05,0.0015178795041818143
original_pairs,pair0,missing__zigbee__pps,zigbee|missing,0.009615384615384616,9.35014541785375e-05,0.0015178795041818143
original_pairs,pair0,rank__iot__entity_stale__s5_max_total_cleaning_count,iot|values,0.008547008547008548,0.0,0.0
original_pairs,pair0,rank__iot__entity_stale__withings_snoring_episode_count,iot|values,0.008547008547008548,0.0,0.0
original_pairs,pair0,rank__iot__s5_max_main_brush_time_left__sensor__state__value,iot|values,0.008547008547008548,0.0001671785018614446,0.0027139344916579477
original_pairs,pair0,rank__iot__s5_max_side_brush_time_left__sensor__state__value,iot|values,0.008547008547008548,0.0001671785018614446,0.0027139344916579477
original_pairs,pair0,rank__iot__smart_plug__sensor__signal_strength__value,iot|values,0.008547008547008548,0.0,0.0
original_pairs,pair0,rank__iot__smart_plug__sensor__voltage__value,iot|values,0.008547008547008548,0.0,0.0
original_pairs,pair0,rank__iot__smart_plug_ps5__sensor__signal_strength__value,iot|values,0.008547008547008548,0.0,0.0
original_pairs,pair0,rank__iot__smart_plug_ps5__sensor__voltage__value,iot|values,0.008547008547008548,0.0,0.0
original_pairs,pair0,rank__iot__twinguard_087__sensor__purity__value,iot|values,0.008547008547008548,0.0004734080985495784,0.007685190099075838
original_pairs,pair0,rank__ota24__bytes_total,ota|values,0.009615384615384616,7.131419888227748e-07,1.1576970838748915e-05
original_pairs,pair0,rank__ota24__rssi_n,ota|values,0.009615384615384616,1.5492594152482436e-05,0.00025150294545962256
original_pairs,pair0,rank__ota5__mgmt,ota|values,0.009615384615384616,6.129683742753338e-05,0.0009950777131739466
original_pairs,pair0,rank__ota5__rssi_n,ota|values,0.009615384615384616,4.299184718649105e-05,0.0006979190245179144
original_pairs,pair0,rank__ota__bytes_total,ota|values,0.009615384615384616,2.8148821886168537e-05,0.0004569610193045236
original_pairs,pair0,rank__ota__data,ota|values,0.009615384615384616,1.8242434630482747e-10,2.9614317633085845e-09
original_pairs,pair0,rank__ota__mgmt,ota|values,0.009615384615384616,0.00012675090834263791,0.0020576429275886063
original_pairs,pair0,rank__ota__pkt_total,ota|values,0.009615384615384616,3.77714611776624e-05,0.000613172567937805
original_pairs,pair0,rank__router__bytes_total__absdiff1,router|values,0.01282051282051282,0.00015906636724751002,0.002582244102734761
original_pairs,pair0,rank__router__bytes_total__diff1,router|values,0.01282051282051282,4.975653952270405e-08,8.07735368439445e-07
original_pairs,pair0,rank__router__pkt_total__absdiff1,router|values,0.01282051282051282,8.605663789937151e-05,0.0013970221962198697
original_pairs,pair0,rank__router__pkt_total__diff1,router|values,0.01282051282051282,6.329462495932318e-08,1.0275093023385756e-06
original_pairs,pair0,rank__router__tcp_pkt,router|values,0.01282051282051282,8.441785347483134e-06,0.00013704185747934886
original_pairs,pair0,rank__router__udp_pkt,router|values,0.01282051282051282,6.755168742577855e-05,0.0010966174025560963
original_pairs,pair0,rank__zb__app_event_intensity,zigbee|values,0.009615384615384616,2.5246540940851384e-10,4.098461075528567e-09
original_pairs,pair0,rank__zigbee__ack,zigbee|values,0.009615384615384616,0.00017220358430459286,0.0027955104384096876
original_pairs,pair0,rank__zigbee__ack_rate,zigbee|values,0.009615384615384616,0.00032861149253523664,0.005334597774334132
original_pairs,pair0,rank__zigbee__beacon,zigbee|values,0.009615384615384616,2.7545323018256596e-06,4.4716396779929974e-05
original_pairs,pair0,rank__zigbee__beacon_rate,zigbee|values,0.009615384615384616,1.4862702678067109e-06,2.4127744290168104e-05
original_pairs,pair0,rank__zigbee__bytes_total,zigbee|values,0.009615384615384616,8.481431750862182e-07,1.3768546739571095e-05
original_pairs,pair0,rank__zigbee__pkt_total,zigbee|values,0.009615384615384616,3.7771205444930485e-05,0.0006131684164358233
original_pairs,pair0,rank__zigbee__pps,zigbee|values,0.009615384615384616,3.7771205444930485e-05,0.0006131684164358233
original_pairs,pair0,time_cos,time,0.038461538461538464,0.026469533481252108,0.42969986626870366
original_pairs,pair0,time_sin,time,0.038461538461538464,0.004255989688580167,0.06909068500656364
original_pairs,pair0,zero__iot__entity_stale__s5_max_total_cleaning_count,iot|zeros,0.008547008547008548,0.0,0.0
original_pairs,pair0,zero__iot__entity_stale__withings_snoring_episode_count,iot|zeros,0.008547008547008548,0.0,0.0
original_pairs,pair0,zero__iot__s5_max_main_brush_time_left__sensor__state__value,iot|zeros,0.008547008547008548,0.002136752136752137,0.03468750622530154
original_pairs,pair0,zero__iot__s5_max_side_brush_time_left__sensor__state__value,iot|zeros,0.008547008547008548,0.002136752136752137,0.03468750622530154
original_pairs,pair0,zero__iot__smart_plug__sensor__signal_strength__value,iot|zeros,0.008547008547008548,0.0,0.0
original_pairs,pair0,zero__iot__smart_plug__sensor__voltage__value,iot|zeros,0.008547008547008548,0.0,0.0
original_pairs,pair0,zero__iot__smart_plug_ps5__sensor__signal_strength__value,iot|zeros,0.008547008547008548,0.0,0.0
original_pairs,pair0,zero__iot__smart_plug_ps5__sensor__voltage__value,iot|zeros,0.008547008547008548,0.0,0.0
original_pairs,pair0,zero__iot__twinguard_087__sensor__purity__value,iot|zeros,0.008547008547008548,0.0,0.0
original_pairs,pair0,zero__ota24__bytes_total,ota|zeros,0.009615384615384616,0.0,0.0
original_pairs,pair0,zero__ota24__rssi_n,ota|zeros,0.009615384615384616,0.0,0.0
original_pairs,pair0,zero__ota5__mgmt,ota|zeros,0.009615384615384616,0.0,0.0
original_pairs,pair0,zero__ota5__rssi_n,ota|zeros,0.009615384615384616,0.0,0.0
original_pairs,pair0,zero__ota__bytes_total,ota|zeros,0.009615384615384616,0.0,0.0
original_pairs,pair0,zero__ota__data,ota|zeros,0.009615384615384616,6.7306426049475635e-09,1.0926358899739843e-07
original_pairs,pair0,zero__ota__mgmt,ota|zeros,0.009615384615384616,0.0,0.0
original_pairs,pair0,zero__ota__pkt_total,ota|zeros,0.009615384615384616,0.0,0.0
original_pairs,pair0,zero__router__bytes_total__absdiff1,router|zeros,0.01282051282051282,2.331593946953159e-09,3.785052002931252e-08
original_pairs,pair0,zero__router__bytes_total__diff1,router|zeros,0.01282051282051282,2.331593946953159e-09,3.785052002931252e-08
original_pairs,pair0,zero__router__pkt_total__absdiff1,router|zeros,0.01282051282051282,2.7131524430753667e-08,4.404464637738462e-07
original_pairs,pair0,zero__router__pkt_total__diff1,router|zeros,0.01282051282051282,2.7131524430753667e-08,4.404464637738462e-07
original_pairs,pair0,zero__router__tcp_pkt,router|zeros,0.01282051282051282,1.28202556815264e-05,0.00020812086302103924
original_pairs,pair0,zero__router__udp_pkt,router|zeros,0.01282051282051282,6.842167089183362e-05,0.0011107404991828134
original_pairs,pair0,zero__zb__app_event_intensity,zigbee|zeros,0.009615384615384616,1.009846206605551e-09,1.6393593798610327e-08
original_pairs,pair0,zero__zigbee__ack,zigbee|zeros,0.009615384615384616,0.00037078433388844004,0.006019221260519788
original_pairs,pair0,zero__zigbee__ack_rate,zigbee|zeros,0.009615384615384616,0.00037078433388844004,0.006019221260519788
original_pairs,pair0,zero__zigbee__beacon,zigbee|zeros,0.009615384615384616,1.1541277509966765e-05,0.00018735824740225544
original_pairs,pair0,zero__zigbee__beacon_rate,zigbee|zeros,0.009615384615384616,1.1541277509966765e-05,0.00018735824740225544
original_pairs,pair0,zero__zigbee__bytes_total,zigbee|zeros,0.009615384615384616,0.0,0.0
original_pairs,pair0,zero__zigbee__pkt_total,zigbee|zeros,0.009615384615384616,0.0,0.0
original_pairs,pair0,zero__zigbee__pps,zigbee|zeros,0.009615384615384616,0.0,0.0
original_pairs,pair1,missing__iot__coffee_maker_hot__sensor__water__value,iot|missing,0.007692307692307693,0.007692307692307693,0.47356718014692395
original_pairs,pair1,missing__iot__entity_stale__s5_max_total_cleaning_count,iot|missing,0.007692307692307693,0.0,0.0
original_pairs,pair1,missing__iot__entity_stale__withings_snoring_episode_count,iot|missing,0.007692307692307693,0.0,0.0
original_pairs,pair1,missing__iot__s5_max_main_brush_time_left__sensor__state__value,iot|missing,0.007692307692307693,0.0,0.0
original_pairs,pair1,missing__iot__s5_max_side_brush_time_left__sensor__state__value,iot|missing,0.007692307692307693,0.0,0.0
original_pairs,pair1,missing__iot__smart_plug__sensor__signal_strength__value,iot|missing,0.007692307692307693,0.0,0.0
original_pairs,pair1,missing__iot__smart_plug__sensor__voltage__value,iot|missing,0.007692307692307693,0.0,0.0
original_pairs,pair1,missing__iot__smart_plug_ps5__sensor__signal_strength__value,iot|missing,0.007692307692307693,0.0,0.0
original_pairs,pair1,missing__iot__smart_plug_ps5__sensor__voltage__value,iot|missing,0.007692307692307693,0.0,0.0
original_pairs,pair1,missing__iot__twinguard_087__sensor__purity__value,iot|missing,0.007692307692307693,0.0,0.0
original_pairs,pair1,missing__ota24__bytes_total,ota|missing,0.009615384615384616,0.0,0.0
original_pairs,pair1,missing__ota24__rssi_n,ota|missing,0.009615384615384616,0.0,0.0
original_pairs,pair1,missing__ota5__mgmt,ota|missing,0.009615384615384616,0.0,0.0
original_pairs,pair1,missing__ota5__rssi_n,ota|missing,0.009615384615384616,0.0,0.0
original_pairs,pair1,missing__ota__bytes_total,ota|missing,0.009615384615384616,0.0,0.0
original_pairs,pair1,missing__ota__data,ota|missing,0.009615384615384616,0.0,0.0
original_pairs,pair1,missing__ota__mgmt,ota|missing,0.009615384615384616,0.0,0.0
original_pairs,pair1,missing__ota__pkt_total,ota|missing,0.009615384615384616,0.0,0.0
original_pairs,pair1,missing__router__bytes_total__absdiff1,router|missing,0.01282051282051282,2.2257834757829856e-09,1.3702754055174178e-07
original_pairs,pair1,missing__router__bytes_total__diff1,router|missing,0.01282051282051282,2.2257834757829856e-09,1.3702754055174178e-07
original_pairs,pair1,missing__router__pkt_total__absdiff1,router|missing,0.01282051282051282,2.2257834757829856e-09,1.3702754055174178e-07
original_pairs,pair1,missing__router__pkt_total__diff1,router|missing,0.01282051282051282,2.2257834757829856e-09,1.3702754055174178e-07
original_pairs,pair1,missing__router__tcp_pkt,router|missing,0.01282051282051282,2.2257834757829856e-09,1.3702754055174178e-07
original_pairs,pair1,missing__router__udp_pkt,router|missing,0.01282051282051282,2.2257834757829856e-09,1.3702754055174178e-07
original_pairs,pair1,missing__zb__app_event_intensity,zigbee|missing,0.009615384615384616,0.0,0.0
original_pairs,pair1,missing__zigbee__ack,zigbee|missing,0.009615384615384616,2.882719346839744e-06,0.00017747096539092437
original_pairs,pair1,missing__zigbee__ack_rate,zigbee|missing,0.009615384615384616,2.882719346839744e-06,0.00017747096539092437
original_pairs,pair1,missing__zigbee__beacon,zigbee|missing,0.009615384615384616,2.882719346839744e-06,0.00017747096539092437
original_pairs,pair1,missing__zigbee__beacon_rate,zigbee|missing,0.009615384615384616,2.882719346839744e-06,0.00017747096539092437
original_pairs,pair1,missing__zigbee__bytes_total,zigbee|missing,0.009615384615384616,2.882719346839744e-06,0.00017747096539092437
original_pairs,pair1,missing__zigbee__pkt_total,zigbee|missing,0.009615384615384616,2.882719346839744e-06,0.00017747096539092437
original_pairs,pair1,missing__zigbee__pps,zigbee|missing,0.009615384615384616,2.882719346839744e-06,0.00017747096539092437
original_pairs,pair1,rank__iot__entity_stale__s5_max_total_cleaning_count,iot|values,0.008547008547008548,0.0,0.0
original_pairs,pair1,rank__iot__entity_stale__withings_snoring_episode_count,iot|values,0.008547008547008548,0.0,0.0
original_pairs,pair1,rank__iot__s5_max_main_brush_time_left__sensor__state__value,iot|values,0.008547008547008548,0.0038888967872374243,0.23941500510387967
original_pairs,pair1,rank__iot__s5_max_side_brush_time_left__sensor__state__value,iot|values,0.008547008547008548,0.0038888967872374243,0.23941500510387967
original_pairs,pair1,rank__iot__smart_plug__sensor__signal_strength__value,iot|values,0.008547008547008548,0.0,0.0
original_pairs,pair1,rank__iot__smart_plug__sensor__voltage__value,iot|values,0.008547008547008548,0.0,0.0
original_pairs,pair1,rank__iot__smart_plug_ps5__sensor__signal_strength__value,iot|values,0.008547008547008548,0.0,0.0
original_pairs,pair1,rank__iot__smart_plug_ps5__sensor__voltage__value,iot|values,0.008547008547008548,0.0,0.0
original_pairs,pair1,rank__iot__twinguard_087__sensor__purity__value,iot|values,0.008547008547008548,2.4450952265474822e-05,0.0015052919071148337
original_pairs,pair1,rank__ota24__bytes_total,ota|values,0.009615384615384616,2.8499383953445033e-07,1.7545284763184694e-05
original_pairs,pair1,rank__ota24__rssi_n,ota|values,0.009615384615384616,2.882288536594724e-07,1.7744444310384574e-05
original_pairs,pair1,rank__ota5__mgmt,ota|values,0.009615384615384616,8.741257202056235e-06,0.000538144428135179
original_pairs,pair1,rank__ota5__rssi_n,ota|values,0.009615384615384616,5.860603901575851e-05,0.003608006562715537
original_pairs,pair1,rank__ota__bytes_total,ota|values,0.009615384615384616,1.4053857820959664e-05,0.0008652079563994958
original_pairs,pair1,rank__ota__data,ota|values,0.009615384615384616,4.3404616030956335e-05,0.002672150210488195
original_pairs,pair1,rank__ota__mgmt,ota|values,0.009615384615384616,2.8811505953311543e-07,1.7737438719124875e-05
original_pairs,pair1,rank__ota__pkt_total,ota|values,0.009615384615384616,1.5589276111625055e-05,0.0009597340387328304
original_pairs,pair1,rank__router__bytes_total__absdiff1,router|values,0.01282051282051282,4.3269642401372984e-05,0.002663840729937917
original_pairs,pair1,rank__router__bytes_total__diff1,router|values,0.01282051282051282,4.366182735770979e-12,2.6879851000408175e-10
original_pairs,pair1,rank__router__pkt_total__absdiff1,router|values,0.01282051282051282,2.459546816350965e-06,0.00015141888453362718
original_pairs,pair1,rank__router__pkt_total__diff1,router|values,0.01282051282051282,4.712371145878507e-08,2.901111609967237e-06
original_pairs,pair1,rank__router__tcp_pkt,router|values,0.01282051282051282,8.57097335687594e-05,0.005276611188849199
original_pairs,pair1,rank__router__udp_pkt,router|values,0.01282051282051282,2.265179341990751e-07,1.394528971567712e-05
original_pairs,pair1,rank__zb__app_event_intensity,zigbee|values,0.009615384615384616,2.524543066760151e-10,1.554202963670594e-08
original_pairs,pair1,rank__zigbee__ack,zigbee|values,0.009615384615384616,1.5546084853182423e-05,0.0009570750236120327
original_pairs,pair1,rank__zigbee__ack_rate,zigbee|values,0.009615384615384616,1.7417942096931362e-07,1.0723135439648038e-05
original_pairs,pair1,rank__zigbee__beacon,zigbee|values,0.009615384615384616,3.427348670415869e-06,0.00021100037987978974
original_pairs,pair1,rank__zigbee__beacon_rate,zigbee|values,0.009615384615384616,3.1195115936486976e-06,0.00019204878014918056
original_pairs,pair1,rank__zigbee__bytes_total,zigbee|values,0.009615384615384616,2.3420537945731945e-05,0.00144185575462296
original_pairs,pair1,rank__zigbee__pkt_total,zigbee|values,0.009615384615384616,1.3884835494811324e-05,0.0008548023109706233
original_pairs,pair1,rank__zigbee__pps,zigbee|values,0.009615384615384616,1.3884835494811324e-05,0.0008548023109706233
original_pairs,pair1,time_cos,time,0.038461538461538464,9.970810875573174e-06,0.000613840342716051
original_pairs,pair1,time_sin,time,0.038461538461538464,8.805466523619618e-06,0.0005420973936909283
original_pairs,pair1,zero__iot__entity_stale__s5_max_total_cleaning_count,iot|zeros,0.008547008547008548,0.0,0.0
original_pairs,pair1,zero__iot__entity_stale__withings_snoring_episode_count,iot|zeros,0.008547008547008548,0.0,0.0
original_pairs,pair1,zero__iot__s5_max_main_brush_time_left__sensor__state__value,iot|zeros,0.008547008547008548,0.0,0.0
original_pairs,pair1,zero__iot__s5_max_side_brush_time_left__sensor__state__value,iot|zeros,0.008547008547008548,0.0,0.0
original_pairs,pair1,zero__iot__smart_plug__sensor__signal_strength__value,iot|zeros,0.008547008547008548,0.0,0.0
original_pairs,pair1,zero__iot__smart_plug__sensor__voltage__value,iot|zeros,0.008547008547008548,0.0,0.0
original_pairs,pair1,zero__iot__smart_plug_ps5__sensor__signal_strength__value,iot|zeros,0.008547008547008548,0.0,0.0
original_pairs,pair1,zero__iot__smart_plug_ps5__sensor__voltage__value,iot|zeros,0.008547008547008548,0.0,0.0
original_pairs,pair1,zero__iot__twinguard_087__sensor__purity__value,iot|zeros,0.008547008547008548,0.0,0.0
original_pairs,pair1,zero__ota24__bytes_total,ota|zeros,0.009615384615384616,0.0,0.0
original_pairs,pair1,zero__ota24__rssi_n,ota|zeros,0.009615384615384616,0.0,0.0
original_pairs,pair1,zero__ota5__mgmt,ota|zeros,0.009615384615384616,0.0,0.0
original_pairs,pair1,zero__ota5__rssi_n,ota|zeros,0.009615384615384616,0.0,0.0
original_pairs,pair1,zero__ota__bytes_total,ota|zeros,0.009615384615384616,0.0,0.0
original_pairs,pair1,zero__ota__data,ota|zeros,0.009615384615384616,9.97480742851113e-07,6.140863854357188e-05
original_pairs,pair1,zero__ota__mgmt,ota|zeros,0.009615384615384616,0.0,0.0
original_pairs,pair1,zero__ota__pkt_total,ota|zeros,0.009615384615384616,0.0,0.0
original_pairs,pair1,zero__router__bytes_total__absdiff1,router|zeros,0.01282051282051282,1.0271837517244706e-06,6.323726666359641e-05
original_pairs,pair1,zero__router__bytes_total__diff1,router|zeros,0.01282051282051282,1.0271837517244706e-06,6.323726666359641e-05
original_pairs,pair1,zero__router__pkt_total__absdiff1,router|zeros,0.01282051282051282,7.538838574390705e-07,4.641190482834181e-05
original_pairs,pair1,zero__router__pkt_total__diff1,router|zeros,0.01282051282051282,7.538838574390705e-07,4.641190482834181e-05
original_pairs,pair1,zero__router__tcp_pkt,router|zeros,0.01282051282051282,0.0003249288038793071,0.02000383026221272
original_pairs,pair1,zero__router__udp_pkt,router|zeros,0.01282051282051282,3.6774368507973223e-07,2.2639674194806138e-05
original_pairs,pair1,zero__zb__app_event_intensity,zigbee|zeros,0.009615384615384616,1.009846206605551e-09,6.216990265775364e-08
original_pairs,pair1,zero__zigbee__ack,zigbee|zeros,0.009615384615384616,7.82551938180107e-06,0.00048176818908720215
original_pairs,pair1,zero__zigbee__ack_rate,zigbee|zeros,0.009615384615384616,7.82551938180107e-06,0.00048176818908720215
original_pairs,pair1,zero__zigbee__beacon,zigbee|zeros,0.009615384615384616,8.936873028223885e-06,0.0005501872687099212
original_pairs,pair1,zero__zigbee__beacon_rate,zigbee|zeros,0.009615384615384616,8.936873028223885e-06,0.0005501872687099212
original_pairs,pair1,zero__zigbee__bytes_total,zigbee|zeros,0.009615384615384616,0.0,0.0
original_pairs,pair1,zero__zigbee__pkt_total,zigbee|zeros,0.009615384615384616,0.0,0.0
original_pairs,pair1,zero__zigbee__pps,zigbee|zeros,0.009615384615384616,0.0,0.0
original_pairs,pair2,missing__iot__coffee_maker_hot__sensor__water__value,iot|missing,0.007692307692307693,0.007692307692307693,0.18374491119734854
original_pairs,pair2,missing__iot__entity_stale__s5_max_total_cleaning_count,iot|missing,0.007692307692307693,0.0,0.0
original_pairs,pair2,missing__iot__entity_stale__withings_snoring_episode_count,iot|missing,0.007692307692307693,0.0,0.0
original_pairs,pair2,missing__iot__s5_max_main_brush_time_left__sensor__state__value,iot|missing,0.007692307692307693,0.0,0.0
original_pairs,pair2,missing__iot__s5_max_side_brush_time_left__sensor__state__value,iot|missing,0.007692307692307693,0.0,0.0
original_pairs,pair2,missing__iot__smart_plug__sensor__signal_strength__value,iot|missing,0.007692307692307693,0.003133471101086842,0.07484871799712577
original_pairs,pair2,missing__iot__smart_plug__sensor__voltage__value,iot|missing,0.007692307692307693,0.0031425694444444444,0.0750660486551229
original_pairs,pair2,missing__iot__smart_plug_ps5__sensor__signal_strength__value,iot|missing,0.007692307692307693,0.0031203019316503114,0.0745341481742002
original_pairs,pair2,missing__iot__smart_plug_ps5__sensor__voltage__value,iot|missing,0.007692307692307693,0.0031430247078453096,0.07507692345843414
original_pairs,pair2,missing__iot__twinguard_087__sensor__purity__value,iot|missing,0.007692307692307693,0.0,0.0
original_pairs,pair2,missing__ota24__bytes_total,ota|missing,0.009615384615384616,2.06091062572279e-11,4.922863918818379e-10
original_pairs,pair2,missing__ota24__rssi_n,ota|missing,0.009615384615384616,2.06091062572279e-11,4.922863918818379e-10
original_pairs,pair2,missing__ota5__mgmt,ota|missing,0.009615384615384616,2.06091062572279e-11,4.922863918818379e-10
original_pairs,pair2,missing__ota5__rssi_n,ota|missing,0.009615384615384616,2.06091062572279e-11,4.922863918818379e-10
original_pairs,pair2,missing__ota__bytes_total,ota|missing,0.009615384615384616,0.0,0.0
original_pairs,pair2,missing__ota__data,ota|missing,0.009615384615384616,0.0,0.0
original_pairs,pair2,missing__ota__mgmt,ota|missing,0.009615384615384616,0.0,0.0
original_pairs,pair2,missing__ota__pkt_total,ota|missing,0.009615384615384616,0.0,0.0
original_pairs,pair2,missing__router__bytes_total__absdiff1,router|missing,0.01282051282051282,5.56445868945865e-08,1.3291732580826623e-06
original_pairs,pair2,missing__router__bytes_total__diff1,router|missing,0.01282051282051282,5.56445868945865e-08,1.3291732580826623e-06
original_pairs,pair2,missing__router__pkt_total__absdiff1,router|missing,0.01282051282051282,5.56445868945865e-08,1.3291732580826623e-06
original_pairs,pair2,missing__router__pkt_total__diff1,router|missing,0.01282051282051282,5.56445868945865e-08,1.3291732580826623e-06
original_pairs,pair2,missing__router__tcp_pkt,router|missing,0.01282051282051282,5.56445868945865e-08,1.3291732580826623e-06
original_pairs,pair2,missing__router__udp_pkt,router|missing,0.01282051282051282,5.56445868945865e-08,1.3291732580826623e-06
original_pairs,pair2,missing__zb__app_event_intensity,zigbee|missing,0.009615384615384616,0.0,0.0
original_pairs,pair2,missing__zigbee__ack,zigbee|missing,0.009615384615384616,1.46920257597342e-06,3.509460459090973e-05
original_pairs,pair2,missing__zigbee__ack_rate,zigbee|missing,0.009615384615384616,1.46920257597342e-06,3.509460459090973e-05
original_pairs,pair2,missing__zigbee__beacon,zigbee|missing,0.009615384615384616,1.46920257597342e-06,3.509460459090973e-05
original_pairs,pair2,missing__zigbee__beacon_rate,zigbee|missing,0.009615384615384616,1.46920257597342e-06,3.509460459090973e-05
original_pairs,pair2,missing__zigbee__bytes_total,zigbee|missing,0.009615384615384616,1.46920257597342e-06,3.509460459090973e-05
original_pairs,pair2,missing__zigbee__pkt_total,zigbee|missing,0.009615384615384616,1.46920257597342e-06,3.509460459090973e-05
original_pairs,pair2,missing__zigbee__pps,zigbee|missing,0.009615384615384616,1.46920257597342e-06,3.509460459090973e-05
original_pairs,pair2,rank__iot__entity_stale__s5_max_total_cleaning_count,iot|values,0.008547008547008548,0.0,0.0
original_pairs,pair2,rank__iot__entity_stale__withings_snoring_episode_count,iot|values,0.008547008547008548,0.0,0.0
original_pairs,pair2,rank__iot__s5_max_main_brush_time_left__sensor__state__value,iot|values,0.008547008547008548,0.0038888967872374243,0.09289344932745729
original_pairs,pair2,rank__iot__s5_max_side_brush_time_left__sensor__state__value,iot|values,0.008547008547008548,0.0038888967872374243,0.09289344932745729
original_pairs,pair2,rank__iot__smart_plug__sensor__signal_strength__value,iot|values,0.008547008547008548,0.001041372886055921,0.024875105901317328
original_pairs,pair2,rank__iot__smart_plug__sensor__voltage__value,iot|values,0.008547008547008548,0.0007191958565446578,0.017179315243258893
original_pairs,pair2,rank__iot__smart_plug_ps5__sensor__signal_strength__value,iot|values,0.008547008547008548,0.00038344140788114584,0.009159202967265967
original_pairs,pair2,rank__iot__smart_plug_ps5__sensor__voltage__value,iot|values,0.008547008547008548,0.0007499656691707521,0.01791430878676919
original_pairs,pair2,rank__iot__twinguard_087__sensor__purity__value,iot|values,0.008547008547008548,0.0013443133163685453,0.03211139502188169
original_pairs,pair2,rank__ota24__bytes_total,ota|values,0.009615384615384616,3.6394554399903233e-07,8.693508416160476e-06
original_pairs,pair2,rank__ota24__rssi_n,ota|values,0.009615384615384616,2.0257373879631555e-07,4.838846173985704e-06
original_pairs,pair2,rank__ota5__mgmt,ota|values,0.009615384615384616,0.00024560794425054744,0.005866797287738422
original_pairs,pair2,rank__ota5__rssi_n,ota|values,0.009615384615384616,0.0001903049803423305,0.004545784322743908
original_pairs,pair2,rank__ota__bytes_total,ota|values,0.009615384615384616,0.00017775766448139803,0.004246068615721733
original_pairs,pair2,rank__ota__data,ota|values,0.009615384615384616,1.6247685038152373e-06,3.881058277847135e-05
original_pairs,pair2,rank__ota__mgmt,ota|values,0.009615384615384616,0.00013926293047525983,0.003326551123123688
original_pairs,pair2,rank__ota__pkt_total,ota|values,0.009615384615384616,5.981958763054365e-05,0.0014289008262147126
original_pairs,pair2,rank__router__bytes_total__absdiff1,router|values,0.01282051282051282,1.5425194636664766e-05,0.00036845913243305196
original_pairs,pair2,rank__router__bytes_total__diff1,router|values,0.01282051282051282,5.43444816936647e-07,1.298117855172886e-05
original_pairs,pair2,rank__router__pkt_total__absdiff1,router|values,0.01282051282051282,3.819008089919458e-07,9.122402930474684e-06
original_pairs,pair2,rank__router__pkt_total__diff1,router|values,0.01282051282051282,7.344716339189735e-07,1.7544205269683724e-05
original_pairs,pair2,rank__router__tcp_pkt,router|values,0.01282051282051282,2.43026004828102e-06,5.805122917852179e-05
original_pairs,pair2,rank__router__udp_pkt,router|values,0.01282051282051282,3.8289601171622666e-07,9.14617517718021e-06
original_pairs,pair2,rank__zb__app_event_intensity,zigbee|values,0.009615384615384616,0.0,0.0
original_pairs,pair2,rank__zigbee__ack,zigbee|values,0.009615384615384616,8.610975665051799e-06,0.00020568898465667137
original_pairs,pair2,rank__zigbee__ack_rate,zigbee|values,0.009615384615384616,2.9783410443448573e-07,7.114315139211334e-06
original_pairs,pair2,rank__zigbee__beacon,zigbee|values,0.009615384615384616,1.118643416322934e-05,0.00026720854575188293
original_pairs,pair2,rank__zigbee__beacon_rate,zigbee|values,0.009615384615384616,1.1630968289178666e-05,0.0002778270606064604
original_pairs,pair2,rank__zigbee__bytes_total,zigbee|values,0.009615384615384616,1.4633440940732283e-05,0.0003495466398016447
original_pairs,pair2,rank__zigbee__pkt_total,zigbee|values,0.009615384615384616,1.0452761538614564e-05,0.00024968342628837315
original_pairs,pair2,rank__zigbee__pps,zigbee|values,0.009615384615384616,1.0452761538614564e-05,0.00024968342628837315
original_pairs,pair2,time_cos,time,0.038461538461538464,1.501185532679192e-05,0.0003585857631107472
original_pairs,pair2,time_sin,time,0.038461538461538464,3.7644220724007846e-06,8.992014192234072e-05
original_pairs,pair2,zero__iot__entity_stale__s5_max_total_cleaning_count,iot|zeros,0.008547008547008548,0.0,0.0
original_pairs,pair2,zero__iot__entity_stale__withings_snoring_episode_count,iot|zeros,0.008547008547008548,0.0,0.0
original_pairs,pair2,zero__iot__s5_max_main_brush_time_left__sensor__state__value,iot|zeros,0.008547008547008548,0.0,0.0
original_pairs,pair2,zero__iot__s5_max_side_brush_time_left__sensor__state__value,iot|zeros,0.008547008547008548,0.0,0.0
original_pairs,pair2,zero__iot__smart_plug__sensor__signal_strength__value,iot|zeros,0.008547008547008548,0.002136752136752137,0.0510402531103746
original_pairs,pair2,zero__iot__smart_plug__sensor__voltage__value,iot|zeros,0.008547008547008548,0.002136752136752137,0.0510402531103746
original_pairs,pair2,zero__iot__smart_plug_ps5__sensor__signal_strength__value,iot|zeros,0.008547008547008548,0.002136752136752137,0.0510402531103746
original_pairs,pair2,zero__iot__smart_plug_ps5__sensor__voltage__value,iot|zeros,0.008547008547008548,0.002136752136752137,0.0510402531103746
original_pairs,pair2,zero__iot__twinguard_087__sensor__purity__value,iot|zeros,0.008547008547008548,0.0,0.0
original_pairs,pair2,zero__ota24__bytes_total,ota|zeros,0.009615384615384616,8.250134360092184e-11,1.9706962669697317e-09
original_pairs,pair2,zero__ota24__rssi_n,ota|zeros,0.009615384615384616,8.250134360092184e-11,1.9706962669697317e-09
original_pairs,pair2,zero__ota5__mgmt,ota|zeros,0.009615384615384616,0.0,0.0
original_pairs,pair2,zero__ota5__rssi_n,ota|zeros,0.009615384615384616,0.0,0.0
original_pairs,pair2,zero__ota__bytes_total,ota|zeros,0.009615384615384616,0.0,0.0
original_pairs,pair2,zero__ota__data,ota|zeros,0.009615384615384616,6.239613010446343e-07,1.4904462800633689e-05
original_pairs,pair2,zero__ota__mgmt,ota|zeros,0.009615384615384616,0.0,0.0
original_pairs,pair2,zero__ota__pkt_total,ota|zeros,0.009615384615384616,0.0,0.0
original_pairs,pair2,zero__router__bytes_total__absdiff1,router|zeros,0.01282051282051282,6.7405967737871264e-09,1.6101154623016445e-07
original_pairs,pair2,zero__router__bytes_total__diff1,router|zeros,0.01282051282051282,6.7405967737871264e-09,1.6101154623016445e-07
original_pairs,pair2,zero__router__pkt_total__absdiff1,router|zeros,0.01282051282051282,2.148222331086934e-07,5.131423978950487e-06
original_pairs,pair2,zero__router__pkt_total__diff1,router|zeros,0.01282051282051282,2.148222331086934e-07,5.131423978950487e-06
original_pairs,pair2,zero__router__tcp_pkt,router|zeros,0.01282051282051282,3.139788835180779e-05,0.0007499962869083342
original_pairs,pair2,zero__router__udp_pkt,router|zeros,0.01282051282051282,4.058927841796776e-06,9.695495366016124e-05
original_pairs,pair2,zero__zb__app_event_intensity,zigbee|zeros,0.009615384615384616,0.0,0.0
original_pairs,pair2,zero__zigbee__ack,zigbee|zeros,0.009615384615384616,4.2362676009343745e-06,0.00010119103983844588
original_pairs,pair2,zero__zigbee__ack_rate,zigbee|zeros,0.009615384615384616,4.2362676009343745e-06,0.00010119103983844588
original_pairs,pair2,zero__zigbee__beacon,zigbee|zeros,0.009615384615384616,4.639663655448675e-05,0.001108268962262777
original_pairs,pair2,zero__zigbee__beacon_rate,zigbee|zeros,0.009615384615384616,4.639663655448675e-05,0.001108268962262777
original_pairs,pair2,zero__zigbee__bytes_total,zigbee|zeros,0.009615384615384616,0.0,0.0
original_pairs,pair2,zero__zigbee__pkt_total,zigbee|zeros,0.009615384615384616,0.0,0.0
original_pairs,pair2,zero__zigbee__pps,zigbee|zeros,0.009615384615384616,0.0,0.0
original_pairs,pair3,missing__iot__coffee_maker_hot__sensor__water__value,iot|missing,0.007692307692307693,0.007692307692307693,0.08683622082088689
original_pairs,pair3,missing__iot__entity_stale__s5_max_total_cleaning_count,iot|missing,0.007692307692307693,0.0,0.0
original_pairs,pair3,missing__iot__entity_stale__withings_snoring_episode_count,iot|missing,0.007692307692307693,0.0,0.0
original_pairs,pair3,missing__iot__s5_max_main_brush_time_left__sensor__state__value,iot|missing,0.007692307692307693,0.0,0.0
original_pairs,pair3,missing__iot__s5_max_side_brush_time_left__sensor__state__value,iot|missing,0.007692307692307693,0.0,0.0
original_pairs,pair3,missing__iot__smart_plug__sensor__signal_strength__value,iot|missing,0.007692307692307693,0.007692307692307693,0.08683622082088689
original_pairs,pair3,missing__iot__smart_plug__sensor__voltage__value,iot|missing,0.007692307692307693,0.007692307692307693,0.08683622082088689
original_pairs,pair3,missing__iot__smart_plug_ps5__sensor__signal_strength__value,iot|missing,0.007692307692307693,0.007692307692307693,0.08683622082088689
original_pairs,pair3,missing__iot__smart_plug_ps5__sensor__voltage__value,iot|missing,0.007692307692307693,0.007692307692307693,0.08683622082088689
original_pairs,pair3,missing__iot__twinguard_087__sensor__purity__value,iot|missing,0.007692307692307693,0.0,0.0
original_pairs,pair3,missing__ota24__bytes_total,ota|missing,0.009615384615384616,8.24364250289116e-11,9.306007889743571e-10
original_pairs,pair3,missing__ota24__rssi_n,ota|missing,0.009615384615384616,8.24364250289116e-11,9.306007889743571e-10
original_pairs,pair3,missing__ota5__mgmt,ota|missing,0.009615384615384616,0.0,0.0
original_pairs,pair3,missing__ota5__rssi_n,ota|missing,0.009615384615384616,0.0,0.0
original_pairs,pair3,missing__ota__bytes_total,ota|missing,0.009615384615384616,0.0,0.0
original_pairs,pair3,missing__ota__data,ota|missing,0.009615384615384616,0.0,0.0
original_pairs,pair3,missing__ota__mgmt,ota|missing,0.009615384615384616,0.0,0.0
original_pairs,pair3,missing__ota__pkt_total,ota|missing,0.009615384615384616,0.0,0.0
original_pairs,pair3,missing__router__bytes_total__absdiff1,router|missing,0.01282051282051282,4.847261791706091e-08,5.471932639176093e-07
original_pairs,pair3,missing__router__bytes_total__diff1,router|missing,0.01282051282051282,4.847261791706091e-08,5.471932639176093e-07
original_pairs,pair3,missing__router__pkt_total__absdiff1,router|missing,0.01282051282051282,4.847261791706091e-08,5.471932639176093e-07
original_pairs,pair3,missing__router__pkt_total__diff1,router|missing,0.01282051282051282,4.847261791706091e-08,5.471932639176093e-07
original_pairs,pair3,missing__router__tcp_pkt,router|missing,0.01282051282051282,4.847261791706091e-08,5.471932639176093e-07
original_pairs,pair3,missing__router__udp_pkt,router|missing,0.01282051282051282,4.847261791706091e-08,5.471932639176093e-07
original_pairs,pair3,missing__zb__app_event_intensity,zigbee|missing,0.009615384615384616,0.0,0.0
original_pairs,pair3,missing__zigbee__ack,zigbee|missing,0.009615384615384616,1.1623556538197714e-05,0.00013121494389575005
original_pairs,pair3,missing__zigbee__ack_rate,zigbee|missing,0.009615384615384616,1.1623556538197714e-05,0.00013121494389575005
original_pairs,pair3,missing__zigbee__beacon,zigbee|missing,0.009615384615384616,1.1623556538197714e-05,0.00013121494389575005
original_pairs,pair3,missing__zigbee__beacon_rate,zigbee|missing,0.009615384615384616,1.1623556538197714e-05,0.00013121494389575005
original_pairs,pair3,missing__zigbee__bytes_total,zigbee|missing,0.009615384615384616,1.1623556538197714e-05,0.00013121494389575005
original_pairs,pair3,missing__zigbee__pkt_total,zigbee|missing,0.009615384615384616,1.1623556538197714e-05,0.00013121494389575005
original_pairs,pair3,missing__zigbee__pps,zigbee|missing,0.009615384615384616,1.1623556538197714e-05,0.00013121494389575005
original_pairs,pair3,rank__iot__entity_stale__s5_max_total_cleaning_count,iot|values,0.008547008547008548,0.0,0.0
original_pairs,pair3,rank__iot__entity_stale__withings_snoring_episode_count,iot|values,0.008547008547008548,0.0,0.0
original_pairs,pair3,rank__iot__s5_max_main_brush_time_left__sensor__state__value,iot|values,0.008547008547008548,0.0038888967872374243,0.04390062302160425
original_pairs,pair3,rank__iot__s5_max_side_brush_time_left__sensor__state__value,iot|values,0.008547008547008548,0.0038888967872374243,0.04390062302160425
original_pairs,pair3,rank__iot__smart_plug__sensor__signal_strength__value,iot|values,0.008547008547008548,4.821601103283259e-05,0.000544296503549418
original_pairs,pair3,rank__iot__smart_plug__sensor__voltage__value,iot|values,0.008547008547008548,4.009250975627188e-06,4.5259266395969427e-05
original_pairs,pair3,rank__iot__smart_plug_ps5__sensor__signal_strength__value,iot|values,0.008547008547008548,0.0006747541036782155,0.007617102525084147
original_pairs,pair3,rank__iot__smart_plug_ps5__sensor__voltage__value,iot|values,0.008547008547008548,5.587441124361616e-06,6.307499526884008e-05
original_pairs,pair3,rank__iot__twinguard_087__sensor__purity__value,iot|values,0.008547008547008548,0.0010238119432601786,0.011557514797920285
original_pairs,pair3,rank__ota24__bytes_total,ota|values,0.009615384615384616,3.921305875583374e-05,0.0004426647977939188
original_pairs,pair3,rank__ota24__rssi_n,ota|values,0.009615384615384616,4.4826624640684135e-05,0.0005060347078739494
original_pairs,pair3,rank__ota5__mgmt,ota|values,0.009615384615384616,0.0002886087557980478,0.0032580201744116903
original_pairs,pair3,rank__ota5__rssi_n,ota|values,0.009615384615384616,0.00030252344618906114,0.0034150990609799706
original_pairs,pair3,rank__ota__bytes_total,ota|values,0.009615384615384616,0.00012574109857000138,0.0014194546342191207
original_pairs,pair3,rank__ota__data,ota|values,0.009615384615384616,3.497095407820164e-06,3.9477691378473564e-05
original_pairs,pair3,rank__ota__mgmt,ota|values,0.009615384615384616,8.558947756404324e-05,0.0009661946805804284
original_pairs,pair3,rank__ota__pkt_total,ota|values,0.009615384615384616,2.2452078479860886e-05,0.0002534549738194607
original_pairs,pair3,rank__router__bytes_total__absdiff1,router|values,0.01282051282051282,0.00023456386736595933,0.002647923171814917
original_pairs,pair3,rank__router__bytes_total__diff1,router|values,0.01282051282051282,6.64711536627739e-08,7.503734910983661e-07
original_pairs,pair3,rank__router__pkt_total__absdiff1,router|values,0.01282051282051282,0.00014086975248506838,0.00159023760139102
original_pairs,pair3,rank__router__pkt_total__diff1,router|values,0.01282051282051282,2.75364820367238e-07,3.1085132452027327e-06
original_pairs,pair3,rank__router__tcp_pkt,router|values,0.01282051282051282,2.2675941337401995e-05,0.0002559820964084952
original_pairs,pair3,rank__router__udp_pkt,router|values,0.01282051282051282,9.707980039304441e-05,0.0010959055879431435
original_pairs,pair3,rank__zb__app_event_intensity,zigbee|values,0.009615384615384616,0.0,0.0
original_pairs,pair3,rank__zigbee__ack,zigbee|values,0.009615384615384616,4.3841552387762687e-07,4.949145141556514e-06
original_pairs,pair3,rank__zigbee__ack_rate,zigbee|values,0.009615384615384616,3.612023357234026e-06,4.0775079521666767e-05
original_pairs,pair3,rank__zigbee__beacon,zigbee|values,0.009615384615384616,1.438000990762218e-06,1.6233174304682672e-05
original_pairs,pair3,rank__zigbee__beacon_rate,zigbee|values,0.009615384615384616,1.0410486075623686e-06,1.1752094480303145e-05
original_pairs,pair3,rank__zigbee__bytes_total,zigbee|values,0.009615384615384616,2.9676114826117587e-08,3.3500501581907647e-07
original_pairs,pair3,rank__zigbee__pkt_total,zigbee|values,0.009615384615384616,3.4661478983085077e-07,3.912833395839817e-06
original_pairs,pair3,rank__zigbee__pps,zigbee|values,0.009615384615384616,3.4661478983085077e-07,3.912833395839817e-06
original_pairs,pair3,time_cos,time,0.038461538461538464,2.5813457023604123e-05,0.00029140059705278095
original_pairs,pair3,time_sin,time,0.038461538461538464,0.030261882548669107,0.3416175770087566
original_pairs,pair3,zero__iot__entity_stale__s5_max_total_cleaning_count,iot|zeros,0.008547008547008548,0.0,0.0
original_pairs,pair3,zero__iot__entity_stale__withings_snoring_episode_count,iot|zeros,0.008547008547008548,0.0,0.0
original_pairs,pair3,zero__iot__s5_max_main_brush_time_left__sensor__state__value,iot|zeros,0.008547008547008548,0.0,0.0
original_pairs,pair3,zero__iot__s5_max_side_brush_time_left__sensor__state__value,iot|zeros,0.008547008547008548,0.0,0.0
original_pairs,pair3,zero__iot__smart_plug__sensor__signal_strength__value,iot|zeros,0.008547008547008548,0.002136752136752137,0.02412117245024636
original_pairs,pair3,zero__iot__smart_plug__sensor__voltage__value,iot|zeros,0.008547008547008548,0.002136752136752137,0.02412117245024636
original_pairs,pair3,zero__iot__smart_plug_ps5__sensor__signal_strength__value,iot|zeros,0.008547008547008548,0.002136752136752137,0.02412117245024636
original_pairs,pair3,zero__iot__smart_plug_ps5__sensor__voltage__value,iot|zeros,0.008547008547008548,0.002136752136752137,0.02412117245024636
original_pairs,pair3,zero__iot__twinguard_087__sensor__purity__value,iot|zeros,0.008547008547008548,0.0,0.0
original_pairs,pair3,zero__ota24__bytes_total,ota|zeros,0.009615384615384616,9.98220028164153e-09,1.1268615123154261e-07
original_pairs,pair3,zero__ota24__rssi_n,ota|zeros,0.009615384615384616,9.98220028164153e-09,1.1268615123154261e-07
original_pairs,pair3,zero__ota5__mgmt,ota|zeros,0.009615384615384616,0.0,0.0
original_pairs,pair3,zero__ota5__rssi_n,ota|zeros,0.009615384615384616,0.0,0.0
original_pairs,pair3,zero__ota__bytes_total,ota|zeros,0.009615384615384616,0.0,0.0
original_pairs,pair3,zero__ota__data,ota|zeros,0.009615384615384616,1.4890079270866313e-07,1.680897675087095e-06
original_pairs,pair3,zero__ota__mgmt,ota|zeros,0.009615384615384616,0.0,0.0
original_pairs,pair3,zero__ota__pkt_total,ota|zeros,0.009615384615384616,0.0,0.0
original_pairs,pair3,zero__router__bytes_total__absdiff1,router|zeros,0.01282051282051282,2.9474169058016626e-07,3.3272530886843086e-06
original_pairs,pair3,zero__router__bytes_total__diff1,router|zeros,0.01282051282051282,2.9474169058016626e-07,3.3272530886843086e-06
original_pairs,pair3,zero__router__pkt_total__absdiff1,router|zeros,0.01282051282051282,1.5336162572205306e-06,1.7312547195645528e-05
original_pairs,pair3,zero__router__pkt_total__diff1,router|zeros,0.01282051282051282,1.5336162572205306e-06,1.7312547195645528e-05
original_pairs,pair3,zero__router__tcp_pkt,router|zeros,0.01282051282051282,6.099325208980338e-05,0.0006885350559170443
original_pairs,pair3,zero__router__udp_pkt,router|zeros,0.01282051282051282,0.00015520900972330025,0.0017521092994240786
original_pairs,pair3,zero__zb__app_event_intensity,zigbee|zeros,0.009615384615384616,0.0,0.0
original_pairs,pair3,zero__zigbee__ack,zigbee|zeros,0.009615384615384616,1.3139069372971417e-05,0.00014832312682879872
original_pairs,pair3,zero__zigbee__ack_rate,zigbee|zeros,0.009615384615384616,1.3139069372971417e-05,0.00014832312682879872
original_pairs,pair3,zero__zigbee__beacon,zigbee|zeros,0.009615384615384616,5.239306913217649e-06,5.9145009568393716e-05
original_pairs,pair3,zero__zigbee__beacon_rate,zigbee|zeros,0.009615384615384616,5.239306913217649e-06,5.9145009568393716e-05
original_pairs,pair3,zero__zigbee__bytes_total,zigbee|zeros,0.009615384615384616,0.0,0.0
original_pairs,pair3,zero__zigbee__pkt_total,zigbee|zeros,0.009615384615384616,0.0,0.0
original_pairs,pair3,zero__zigbee__pps,zigbee|zeros,0.009615384615384616,0.0,0.0
original_pairs,pair4,missing__iot__coffee_maker_hot__sensor__water__value,iot|missing,0.007692307692307693,0.007692307692307693,0.2908487016183263
original_pairs,pair4,missing__iot__entity_stale__s5_max_total_cleaning_count,iot|missing,0.007692307692307693,0.0,0.0
original_pairs,pair4,missing__iot__entity_stale__withings_snoring_episode_count,iot|missing,0.007692307692307693,0.0,0.0
original_pairs,pair4,missing__iot__s5_max_main_brush_time_left__sensor__state__value,iot|missing,0.007692307692307693,0.0,0.0
original_pairs,pair4,missing__iot__s5_max_side_brush_time_left__sensor__state__value,iot|missing,0.007692307692307693,0.0,0.0
original_pairs,pair4,missing__iot__smart_plug__sensor__signal_strength__value,iot|missing,0.007692307692307693,0.0,0.0
original_pairs,pair4,missing__iot__smart_plug__sensor__voltage__value,iot|missing,0.007692307692307693,0.0,0.0
original_pairs,pair4,missing__iot__smart_plug_ps5__sensor__signal_strength__value,iot|missing,0.007692307692307693,0.0,0.0
original_pairs,pair4,missing__iot__smart_plug_ps5__sensor__voltage__value,iot|missing,0.007692307692307693,0.0,0.0
original_pairs,pair4,missing__iot__twinguard_087__sensor__purity__value,iot|missing,0.007692307692307693,0.0,0.0
original_pairs,pair4,missing__ota24__bytes_total,ota|missing,0.009615384615384616,2.06091062572279e-11,7.792371335357518e-10
original_pairs,pair4,missing__ota24__rssi_n,ota|missing,0.009615384615384616,2.06091062572279e-11,7.792371335357518e-10
original_pairs,pair4,missing__ota5__mgmt,ota|missing,0.009615384615384616,8.24364250289116e-11,3.1169485341430072e-09
original_pairs,pair4,missing__ota5__rssi_n,ota|missing,0.009615384615384616,8.24364250289116e-11,3.1169485341430072e-09
original_pairs,pair4,missing__ota__bytes_total,ota|missing,0.009615384615384616,0.0,0.0
original_pairs,pair4,missing__ota__data,ota|missing,0.009615384615384616,0.0,0.0
original_pairs,pair4,missing__ota__mgmt,ota|missing,0.009615384615384616,0.0,0.0
original_pairs,pair4,missing__ota__pkt_total,ota|missing,0.009615384615384616,0.0,0.0
original_pairs,pair4,missing__router__bytes_total__absdiff1,router|missing,0.01282051282051282,2.9924422285529704e-08,1.131452317895227e-06
original_pairs,pair4,missing__router__bytes_total__diff1,router|missing,0.01282051282051282,2.9924422285529704e-08,1.131452317895227e-06
original_pairs,pair4,missing__router__pkt_total__absdiff1,router|missing,0.01282051282051282,2.9924422285529704e-08,1.131452317895227e-06
original_pairs,pair4,missing__router__pkt_total__diff1,router|missing,0.01282051282051282,2.9924422285529704e-08,1.131452317895227e-06
original_pairs,pair4,missing__router__tcp_pkt,router|missing,0.01282051282051282,2.9924422285529704e-08,1.131452317895227e-06
original_pairs,pair4,missing__router__udp_pkt,router|missing,0.01282051282051282,2.9924422285529704e-08,1.131452317895227e-06
original_pairs,pair4,missing__zb__app_event_intensity,zigbee|missing,0.009615384615384616,0.0,0.0
original_pairs,pair4,missing__zigbee__ack,zigbee|missing,0.009615384615384616,0.00026992078271736856,0.010205794195109372
original_pairs,pair4,missing__zigbee__ack_rate,zigbee|missing,0.009615384615384616,0.00026992078271736856,0.010205794195109372
original_pairs,pair4,missing__zigbee__beacon,zigbee|missing,0.009615384615384616,0.00026992078271736856,0.010205794195109372
original_pairs,pair4,missing__zigbee__beacon_rate,zigbee|missing,0.009615384615384616,0.00026992078271736856,0.010205794195109372
original_pairs,pair4,missing__zigbee__bytes_total,zigbee|missing,0.009615384615384616,0.00026992078271736856,0.010205794195109372
original_pairs,pair4,missing__zigbee__pkt_total,zigbee|missing,0.009615384615384616,0.00026992078271736856,0.010205794195109372
original_pairs,pair4,missing__zigbee__pps,zigbee|missing,0.009615384615384616,0.00026992078271736856,0.010205794195109372
original_pairs,pair4,rank__iot__entity_stale__s5_max_total_cleaning_count,iot|values,0.008547008547008548,2.1565826767729972e-07,8.154110529136013e-06
original_pairs,pair4,rank__iot__entity_stale__withings_snoring_episode_count,iot|values,0.008547008547008548,0.0,0.0
original_pairs,pair4,rank__iot__s5_max_main_brush_time_left__sensor__state__value,iot|values,0.008547008547008548,0.0013832010069494936,0.05229928820329483
original_pairs,pair4,rank__iot__s5_max_side_brush_time_left__sensor__state__value,iot|values,0.008547008547008548,0.0013832010069494936,0.05229928820329483
original_pairs,pair4,rank__iot__smart_plug__sensor__signal_strength__value,iot|values,0.008547008547008548,0.0,0.0
original_pairs,pair4,rank__iot__smart_plug__sensor__voltage__value,iot|values,0.008547008547008548,0.0,0.0
original_pairs,pair4,rank__iot__smart_plug_ps5__sensor__signal_strength__value,iot|values,0.008547008547008548,0.0,0.0
original_pairs,pair4,rank__iot__smart_plug_ps5__sensor__voltage__value,iot|values,0.008547008547008548,0.0,0.0
original_pairs,pair4,rank__iot__twinguard_087__sensor__purity__value,iot|values,0.008547008547008548,0.0008453481709904486,0.03196289433323986
original_pairs,pair4,rank__ota24__bytes_total,ota|values,0.009615384615384616,1.6226457292340086e-05,0.0006135277245945039
original_pairs,pair4,rank__ota24__rssi_n,ota|values,0.009615384615384616,8.189496399517026e-06,0.00030964757131197307
original_pairs,pair4,rank__ota5__mgmt,ota|values,0.009615384615384616,0.0011941094843916115,0.04514967510630581
original_pairs,pair4,rank__ota5__rssi_n,ota|values,0.009615384615384616,0.0009822505978569773,0.03713922043656846
original_pairs,pair4,rank__ota__bytes_total,ota|values,0.009615384615384616,0.0008836544793576209,0.03341126854004968
original_pairs,pair4,rank__ota__data,ota|values,0.009615384615384616,4.931120799611351e-06,0.000186447310671711
original_pairs,pair4,rank__ota__mgmt,ota|values,0.009615384615384616,0.0009238431087863262,0.034930813929640356
original_pairs,pair4,rank__ota__pkt_total,ota|values,0.009615384615384616,0.00031199152339320905,0.01179650283432901
original_pairs,pair4,rank__router__bytes_total__absdiff1,router|values,0.01282051282051282,2.8285758322770967e-07,1.0694938907208015e-05
original_pairs,pair4,rank__router__bytes_total__diff1,router|values,0.01282051282051282,2.6493508736276495e-09,1.0017283402437745e-07
original_pairs,pair4,rank__router__pkt_total__absdiff1,router|values,0.01282051282051282,3.349471521267496e-07,1.266446275988675e-05
original_pairs,pair4,rank__router__pkt_total__diff1,router|values,0.01282051282051282,1.1409586043460155e-08,4.314002272765852e-07
original_pairs,pair4,rank__router__tcp_pkt,router|values,0.01282051282051282,1.808103152998799e-05,0.0006836497907742135
original_pairs,pair4,rank__router__udp_pkt,router|values,0.01282051282051282,4.01779806591258e-07,1.5191427560858855e-05
original_pairs,pair4,rank__zb__app_event_intensity,zigbee|values,0.009615384615384616,0.0,0.0
original_pairs,pair4,rank__zigbee__ack,zigbee|values,0.009615384615384616,3.185692146909949e-05,0.0012045207520897945
original_pairs,pair4,rank__zigbee__ack_rate,zigbee|values,0.009615384615384616,2.3269479132759642e-05,0.0008798267131027244
original_pairs,pair4,rank__zigbee__beacon,zigbee|values,0.009615384615384616,1.6143007125020256e-06,6.103724461285793e-05
original_pairs,pair4,rank__zigbee__beacon_rate,zigbee|values,0.009615384615384616,2.553608099994643e-06,9.65527680423128e-05
original_pairs,pair4,rank__zigbee__bytes_total,zigbee|values,0.009615384615384616,5.156094531098867e-06,0.0001949536419728896
original_pairs,pair4,rank__zigbee__pkt_total,zigbee|values,0.009615384615384616,1.3674347836654462e-05,0.0005170316207898816
original_pairs,pair4,rank__zigbee__pps,zigbee|values,0.009615384615384616,1.3674347836654462e-05,0.0005170316207898816
original_pairs,pair4,time_cos,time,0.038461538461538464,0.006934079262960952,0.262179833571598
original_pairs,pair4,time_sin,time,0.038461538461538464,0.0017391283123351744,0.06575701750674635
original_pairs,pair4,zero__iot__entity_stale__s5_max_total_cleaning_count,iot|zeros,0.008547008547008548,8.626330707092025e-07,3.261644211654419e-05
original_pairs,pair4,zero__iot__entity_stale__withings_snoring_episode_count,iot|zeros,0.008547008547008548,0.0,0.0
original_pairs,pair4,zero__iot__s5_max_main_brush_time_left__sensor__state__value,iot|zeros,0.008547008547008548,0.0,0.0
original_pairs,pair4,zero__iot__s5_max_side_brush_time_left__sensor__state__value,iot|zeros,0.008547008547008548,0.0,0.0
original_pairs,pair4,zero__iot__smart_plug__sensor__signal_strength__value,iot|zeros,0.008547008547008548,0.0,0.0
original_pairs,pair4,zero__iot__smart_plug__sensor__voltage__value,iot|zeros,0.008547008547008548,0.0,0.0
original_pairs,pair4,zero__iot__smart_plug_ps5__sensor__signal_strength__value,iot|zeros,0.008547008547008548,0.0,0.0
original_pairs,pair4,zero__iot__smart_plug_ps5__sensor__voltage__value,iot|zeros,0.008547008547008548,0.0,0.0
original_pairs,pair4,zero__iot__twinguard_087__sensor__purity__value,iot|zeros,0.008547008547008548,0.0,0.0
original_pairs,pair4,zero__ota24__bytes_total,ota|zeros,0.009615384615384616,1.8560223456722646e-10,7.017681962373922e-09
original_pairs,pair4,zero__ota24__rssi_n,ota|zeros,0.009615384615384616,1.8560223456722646e-10,7.017681962373922e-09
original_pairs,pair4,zero__ota5__mgmt,ota|zeros,0.009615384615384616,4.640915531777554e-09,1.754745533759174e-07
original_pairs,pair4,zero__ota5__rssi_n,ota|zeros,0.009615384615384616,2.9701859403376354e-09,1.1230371416058717e-07
original_pairs,pair4,zero__ota__bytes_total,ota|zeros,0.009615384615384616,0.0,0.0
original_pairs,pair4,zero__ota__data,ota|zeros,0.009615384615384616,1.706640089163238e-07,6.452862702817861e-06
original_pairs,pair4,zero__ota__mgmt,ota|zeros,0.009615384615384616,2.0609106257254406e-11,7.792371335367539e-10
original_pairs,pair4,zero__ota__pkt_total,ota|zeros,0.009615384615384616,0.0,0.0
original_pairs,pair4,zero__router__bytes_total__absdiff1,router|zeros,0.01282051282051282,6.476484441127878e-07,2.4487802179793356e-05
original_pairs,pair4,zero__router__bytes_total__diff1,router|zeros,0.01282051282051282,6.476484441127878e-07,2.4487802179793356e-05
original_pairs,pair4,zero__router__pkt_total__absdiff1,router|zeros,0.01282051282051282,7.821741130625278e-07,2.9574262279081285e-05
original_pairs,pair4,zero__router__pkt_total__diff1,router|zeros,0.01282051282051282,7.821741130625278e-07,2.9574262279081285e-05
original_pairs,pair4,zero__router__tcp_pkt,router|zeros,0.01282051282051282,7.434004776651374e-05,0.0028108218282475346
original_pairs,pair4,zero__router__udp_pkt,router|zeros,0.01282051282051282,6.453442093449256e-07,2.440067830003401e-05
original_pairs,pair4,zero__zb__app_event_intensity,zigbee|zeros,0.009615384615384616,0.0,0.0
original_pairs,pair4,zero__zigbee__ack,zigbee|zeros,0.009615384615384616,2.6035962497956662e-05,0.000984428365428837
original_pairs,pair4,zero__zigbee__ack_rate,zigbee|zeros,0.009615384615384616,2.6035962497956662e-05,0.000984428365428837
original_pairs,pair4,zero__zigbee__beacon,zigbee|zeros,0.009615384615384616,6.811647669968477e-06,0.00025755065448993783
original_pairs,pair4,zero__zigbee__beacon_rate,zigbee|zeros,0.009615384615384616,6.811647669968477e-06,0.00025755065448993783
original_pairs,pair4,zero__zigbee__bytes_total,zigbee|zeros,0.009615384615384616,0.0,0.0
original_pairs,pair4,zero__zigbee__pkt_total,zigbee|zeros,0.009615384615384616,0.0,0.0
original_pairs,pair4,zero__zigbee__pps,zigbee|zeros,0.009615384615384616,0.0,0.0
original_pairs,pair5,missing__iot__coffee_maker_hot__sensor__water__value,iot|missing,0.007692307692307693,0.007692307692307693,0.13578765642576537
original_pairs,pair5,missing__iot__entity_stale__s5_max_total_cleaning_count,iot|missing,0.007692307692307693,0.0,0.0
original_pairs,pair5,missing__iot__entity_stale__withings_snoring_episode_count,iot|missing,0.007692307692307693,0.0,0.0
original_pairs,pair5,missing__iot__s5_max_main_brush_time_left__sensor__state__value,iot|missing,0.007692307692307693,0.0,0.0
original_pairs,pair5,missing__iot__s5_max_side_brush_time_left__sensor__state__value,iot|missing,0.007692307692307693,0.0,0.0
original_pairs,pair5,missing__iot__smart_plug__sensor__signal_strength__value,iot|missing,0.007692307692307693,0.007692307692307693,0.13578765642576537
original_pairs,pair5,missing__iot__smart_plug__sensor__voltage__value,iot|missing,0.007692307692307693,0.007692307692307693,0.13578765642576537
original_pairs,pair5,missing__iot__smart_plug_ps5__sensor__signal_strength__value,iot|missing,0.007692307692307693,0.007692307692307693,0.13578765642576537
original_pairs,pair5,missing__iot__smart_plug_ps5__sensor__voltage__value,iot|missing,0.007692307692307693,0.007692307692307693,0.13578765642576537
original_pairs,pair5,missing__iot__twinguard_087__sensor__purity__value,iot|missing,0.007692307692307693,0.0,0.0
original_pairs,pair5,missing__ota24__bytes_total,ota|missing,0.009615384615384616,2.06091062572279e-11,3.6380009116081193e-10
original_pairs,pair5,missing__ota24__rssi_n,ota|missing,0.009615384615384616,2.06091062572279e-11,3.6380009116081193e-10
original_pairs,pair5,missing__ota5__mgmt,ota|missing,0.009615384615384616,2.06091062572279e-11,3.6380009116081193e-10
original_pairs,pair5,missing__ota5__rssi_n,ota|missing,0.009615384615384616,2.06091062572279e-11,3.6380009116081193e-10
original_pairs,pair5,missing__ota__bytes_total,ota|missing,0.009615384615384616,0.0,0.0
original_pairs,pair5,missing__ota__data,ota|missing,0.009615384615384616,0.0,0.0
original_pairs,pair5,missing__ota__mgmt,ota|missing,0.009615384615384616,0.0,0.0
original_pairs,pair5,missing__ota__pkt_total,ota|missing,0.009615384615384616,0.0,0.0
original_pairs,pair5,missing__router__bytes_total__absdiff1,router|missing,0.01282051282051282,2.4730927508705113e-08,4.3656010939353274e-07
original_pairs,pair5,missing__router__bytes_total__diff1,router|missing,0.01282051282051282,2.4730927508705113e-08,4.3656010939353274e-07
original_pairs,pair5,missing__router__pkt_total__absdiff1,router|missing,0.01282051282051282,2.4730927508705113e-08,4.3656010939353274e-07
original_pairs,pair5,missing__router__pkt_total__diff1,router|missing,0.01282051282051282,2.4730927508705113e-08,4.3656010939353274e-07
original_pairs,pair5,missing__router__tcp_pkt,router|missing,0.01282051282051282,2.4730927508705113e-08,4.3656010939353274e-07
original_pairs,pair5,missing__router__udp_pkt,router|missing,0.01282051282051282,2.4730927508705113e-08,4.3656010939353274e-07
original_pairs,pair5,missing__zb__app_event_intensity,zigbee|missing,0.009615384615384616,0.0,0.0
original_pairs,pair5,missing__zigbee__ack,zigbee|missing,0.009615384615384616,1.2314538652790946e-05,0.000217381104671508
original_pairs,pair5,missing__zigbee__ack_rate,zigbee|missing,0.009615384615384616,1.2314538652790946e-05,0.000217381104671508
original_pairs,pair5,missing__zigbee__beacon,zigbee|missing,0.009615384615384616,1.2314538652790946e-05,0.000217381104671508
original_pairs,pair5,missing__zigbee__beacon_rate,zigbee|missing,0.009615384615384616,1.2314538652790946e-05,0.000217381104671508
original_pairs,pair5,missing__zigbee__bytes_total,zigbee|missing,0.009615384615384616,1.2314538652790946e-05,0.000217381104671508
original_pairs,pair5,missing__zigbee__pkt_total,zigbee|missing,0.009615384615384616,1.2314538652790946e-05,0.000217381104671508
original_pairs,pair5,missing__zigbee__pps,zigbee|missing,0.009615384615384616,1.2314538652790946e-05,0.000217381104671508
original_pairs,pair5,rank__iot__entity_stale__s5_max_total_cleaning_count,iot|values,0.008547008547008548,0.0,0.0
original_pairs,pair5,rank__iot__entity_stale__withings_snoring_episode_count,iot|values,0.008547008547008548,0.0,0.0
original_pairs,pair5,rank__iot__s5_max_main_brush_time_left__sensor__state__value,iot|values,0.008547008547008548,0.0013832010069494936,0.02441681100292597
original_pairs,pair5,rank__iot__s5_max_side_brush_time_left__sensor__state__value,iot|values,0.008547008547008548,0.0013832010069494936,0.02441681100292597
original_pairs,pair5,rank__iot__smart_plug__sensor__signal_strength__value,iot|values,0.008547008547008548,0.0004148937277719545,0.007323868104787415
original_pairs,pair5,rank__iot__smart_plug__sensor__voltage__value,iot|values,0.008547008547008548,3.202410236922262e-05,0.0005653021152812202
original_pairs,pair5,rank__iot__smart_plug_ps5__sensor__signal_strength__value,iot|values,0.008547008547008548,0.0010074248469758695,0.01778346166947202
original_pairs,pair5,rank__iot__smart_plug_ps5__sensor__voltage__value,iot|values,0.008547008547008548,5.423757319195346e-05,0.0009574230840143162
original_pairs,pair5,rank__iot__twinguard_087__sensor__purity__value,iot|values,0.008547008547008548,5.004987512188931e-05,0.0008835001821364637
original_pairs,pair5,rank__ota24__bytes_total,ota|values,0.009615384615384616,6.071423334840604e-06,0.00010717516495487237
original_pairs,pair5,rank__ota24__rssi_n,ota|values,0.009615384615384616,7.96685808379762e-06,0.00014063412847582055
original_pairs,pair5,rank__ota5__mgmt,ota|values,0.009615384615384616,0.00039054896534863794,0.006894124734145869
original_pairs,pair5,rank__ota5__rssi_n,ota|values,0.009615384615384616,0.0003037889709254311,0.0053626030132947035
original_pairs,pair5,rank__ota__bytes_total,ota|values,0.009615384615384616,0.000300248853183511,0.005300111455380646
original_pairs,pair5,rank__ota__data,ota|values,0.009615384615384616,3.243886880264436e-06,5.7262373633581365e-05
original_pairs,pair5,rank__ota__mgmt,ota|values,0.009615384615384616,0.0002421875042829376,0.004275189570884064
original_pairs,pair5,rank__ota__pkt_total,ota|values,0.009615384615384616,5.49877714473894e-05,0.000970665880199161
original_pairs,pair5,rank__router__bytes_total__absdiff1,router|values,0.01282051282051282,0.00015668973072956424,0.002765949071827729
original_pairs,pair5,rank__router__bytes_total__diff1,router|values,0.01282051282051282,1.2374093969378989e-08,2.1843239866424201e-07
original_pairs,pair5,rank__router__pkt_total__absdiff1,router|values,0.01282051282051282,0.00011895996431822633,0.0020999283192244013
original_pairs,pair5,rank__router__pkt_total__diff1,router|values,0.01282051282051282,4.050033651018642e-08,7.149279512924997e-07
original_pairs,pair5,rank__router__tcp_pkt,router|values,0.01282051282051282,8.379908118766238e-06,0.00014792545098636653
original_pairs,pair5,rank__router__udp_pkt,router|values,0.01282051282051282,6.689128992418621e-05,0.0011807914942332156
original_pairs,pair5,rank__zb__app_event_intensity,zigbee|values,0.009615384615384616,5.152343772581704e-12,9.095120917723831e-11
original_pairs,pair5,rank__zigbee__ack,zigbee|values,0.009615384615384616,4.476199027869753e-05,0.0007901563483966399
original_pairs,pair5,rank__zigbee__ack_rate,zigbee|values,0.009615384615384616,9.384730584494996e-05,0.0016566297439325123
original_pairs,pair5,rank__zigbee__beacon,zigbee|values,0.009615384615384616,1.5498146780585468e-05,0.00027357941393616874
original_pairs,pair5,rank__zigbee__beacon_rate,zigbee|values,0.009615384615384616,1.7745216998898756e-05,0.000313245585776125
original_pairs,pair5,rank__zigbee__bytes_total,zigbee|values,0.009615384615384616,1.3117248199907386e-07,2.3155085093666674e-06
original_pairs,pair5,rank__zigbee__pkt_total,zigbee|values,0.009615384615384616,4.246992931972159e-06,7.496959822160763e-05
original_pairs,pair5,rank__zigbee__pps,zigbee|values,0.009615384615384616,4.246992931972159e-06,7.496959822160763e-05
original_pairs,pair5,time_cos,time,0.038461538461538464,0.0017579854447358693,0.03103265406426777
original_pairs,pair5,time_sin,time,0.038461538461538464,0.0012270340977882236,0.02166009098411162
original_pairs,pair5,zero__iot__entity_stale__s5_max_total_cleaning_count,iot|zeros,0.008547008547008548,0.0,0.0
original_pairs,pair5,zero__iot__entity_stale__withings_snoring_episode_count,iot|zeros,0.008547008547008548,0.0,0.0
original_pairs,pair5,zero__iot__s5_max_main_brush_time_left__sensor__state__value,iot|zeros,0.008547008547008548,0.0,0.0
original_pairs,pair5,zero__iot__s5_max_side_brush_time_left__sensor__state__value,iot|zeros,0.008547008547008548,0.0,0.0
original_pairs,pair5,zero__iot__smart_plug__sensor__signal_strength__value,iot|zeros,0.008547008547008548,0.002136752136752137,0.03771879345160149
original_pairs,pair5,zero__iot__smart_plug__sensor__voltage__value,iot|zeros,0.008547008547008548,0.002136752136752137,0.03771879345160149
original_pairs,pair5,zero__iot__smart_plug_ps5__sensor__signal_strength__value,iot|zeros,0.008547008547008548,0.002136752136752137,0.03771879345160149
original_pairs,pair5,zero__iot__smart_plug_ps5__sensor__voltage__value,iot|zeros,0.008547008547008548,0.002136752136752137,0.03771879345160149
original_pairs,pair5,zero__iot__twinguard_087__sensor__purity__value,iot|zeros,0.008547008547008548,0.0,0.0
original_pairs,pair5,zero__ota24__bytes_total,ota|zeros,0.009615384615384616,0.0,0.0
original_pairs,pair5,zero__ota24__rssi_n,ota|zeros,0.009615384615384616,0.0,0.0
original_pairs,pair5,zero__ota5__mgmt,ota|zeros,0.009615384615384616,0.0,0.0
original_pairs,pair5,zero__ota5__rssi_n,ota|zeros,0.009615384615384616,0.0,0.0
original_pairs,pair5,zero__ota__bytes_total,ota|zeros,0.009615384615384616,0.0,0.0
original_pairs,pair5,zero__ota__data,ota|zeros,0.009615384615384616,6.009615384615388e-08,1.0608410658262926e-06
original_pairs,pair5,zero__ota__mgmt,ota|zeros,0.009615384615384616,0.0,0.0
original_pairs,pair5,zero__ota__pkt_total,ota|zeros,0.009615384615384616,0.0,0.0
original_pairs,pair5,zero__router__bytes_total__absdiff1,router|zeros,0.01282051282051282,3.6623617266281953e-09,6.464945705949409e-08
original_pairs,pair5,zero__router__bytes_total__diff1,router|zeros,0.01282051282051282,3.6623617266281953e-09,6.464945705949409e-08
original_pairs,pair5,zero__router__pkt_total__absdiff1,router|zeros,0.01282051282051282,1.2778144508429644e-06,2.2556485851502526e-05
original_pairs,pair5,zero__router__pkt_total__diff1,router|zeros,0.01282051282051282,1.2778144508429644e-06,2.2556485851502526e-05
original_pairs,pair5,zero__router__tcp_pkt,router|zeros,0.01282051282051282,1.5256726159307246e-05,0.0002693177616872599
original_pairs,pair5,zero__router__udp_pkt,router|zeros,0.01282051282051282,6.774526437457033e-05,0.0011958661888376838
original_pairs,pair5,zero__zb__app_event_intensity,zigbee|zeros,0.009615384615384616,2.06091062572279e-11,3.6380009116081193e-10
original_pairs,pair5,zero__zigbee__ack,zigbee|zeros,0.009615384615384616,9.584765478413984e-05,0.001691940694215739
original_pairs,pair5,zero__zigbee__ack_rate,zigbee|zeros,0.009615384615384616,9.584765478413984e-05,0.001691940694215739
original_pairs,pair5,zero__zigbee__beacon,zigbee|zeros,0.009615384615384616,6.338529541740545e-05,0.001118902293155958
original_pairs,pair5,zero__zigbee__beacon_rate,zigbee|zeros,0.009615384615384616,6.338529541740545e-05,0.001118902293155958
original_pairs,pair5,zero__zigbee__bytes_total,zigbee|zeros,0.009615384615384616,0.0,0.0
original_pairs,pair5,zero__zigbee__pkt_total,zigbee|zeros,0.009615384615384616,0.0,0.0
original_pairs,pair5,zero__zigbee__pps,zigbee|zeros,0.009615384615384616,0.0,0.0
original_pairs,pair6,missing__iot__coffee_maker_hot__sensor__water__value,iot|missing,0.007692307692307693,0.0,0.0
original_pairs,pair6,missing__iot__entity_stale__s5_max_total_cleaning_count,iot|missing,0.007692307692307693,0.0,0.0
original_pairs,pair6,missing__iot__entity_stale__withings_snoring_episode_count,iot|missing,0.007692307692307693,0.0,0.0
original_pairs,pair6,missing__iot__s5_max_main_brush_time_left__sensor__state__value,iot|missing,0.007692307692307693,0.0,0.0
original_pairs,pair6,missing__iot__s5_max_side_brush_time_left__sensor__state__value,iot|missing,0.007692307692307693,0.0,0.0
original_pairs,pair6,missing__iot__smart_plug__sensor__signal_strength__value,iot|missing,0.007692307692307693,0.007692307692307693,0.17923305413362003
original_pairs,pair6,missing__iot__smart_plug__sensor__voltage__value,iot|missing,0.007692307692307693,0.007692307692307693,0.17923305413362003
original_pairs,pair6,missing__iot__smart_plug_ps5__sensor__signal_strength__value,iot|missing,0.007692307692307693,0.007692307692307693,0.17923305413362003
original_pairs,pair6,missing__iot__smart_plug_ps5__sensor__voltage__value,iot|missing,0.007692307692307693,0.007692307692307693,0.17923305413362003
original_pairs,pair6,missing__iot__twinguard_087__sensor__purity__value,iot|missing,0.007692307692307693,0.0,0.0
original_pairs,pair6,missing__ota24__bytes_total,ota|missing,0.009615384615384616,0.0,0.0
original_pairs,pair6,missing__ota24__rssi_n,ota|missing,0.009615384615384616,0.0,0.0
original_pairs,pair6,missing__ota5__mgmt,ota|missing,0.009615384615384616,0.0,0.0
original_pairs,pair6,missing__ota5__rssi_n,ota|missing,0.009615384615384616,0.0,0.0
original_pairs,pair6,missing__ota__bytes_total,ota|missing,0.009615384615384616,0.0,0.0
original_pairs,pair6,missing__ota__data,ota|missing,0.009615384615384616,0.0,0.0
original_pairs,pair6,missing__ota__mgmt,ota|missing,0.009615384615384616,0.0,0.0
original_pairs,pair6,missing__ota__pkt_total,ota|missing,0.009615384615384616,0.0,0.0
original_pairs,pair6,missing__router__bytes_total__absdiff1,router|missing,0.01282051282051282,4.64391860996716e-09,1.0820468302960803e-07
original_pairs,pair6,missing__router__bytes_total__diff1,router|missing,0.01282051282051282,4.64391860996716e-09,1.0820468302960803e-07
original_pairs,pair6,missing__router__pkt_total__absdiff1,router|missing,0.01282051282051282,4.64391860996716e-09,1.0820468302960803e-07
original_pairs,pair6,missing__router__pkt_total__diff1,router|missing,0.01282051282051282,4.64391860996716e-09,1.0820468302960803e-07
original_pairs,pair6,missing__router__tcp_pkt,router|missing,0.01282051282051282,4.64391860996716e-09,1.0820468302960803e-07
original_pairs,pair6,missing__router__udp_pkt,router|missing,0.01282051282051282,4.64391860996716e-09,1.0820468302960803e-07
original_pairs,pair6,missing__zb__app_event_intensity,zigbee|missing,0.009615384615384616,0.0,0.0
original_pairs,pair6,missing__zigbee__ack,zigbee|missing,0.009615384615384616,2.3069091616545353e-05,0.0005375166870478227
original_pairs,pair6,missing__zigbee__ack_rate,zigbee|missing,0.009615384615384616,2.3069091616545353e-05,0.0005375166870478227
original_pairs,pair6,missing__zigbee__beacon,zigbee|missing,0.009615384615384616,2.3069091616545353e-05,0.0005375166870478227
original_pairs,pair6,missing__zigbee__beacon_rate,zigbee|missing,0.009615384615384616,2.3069091616545353e-05,0.0005375166870478227
original_pairs,pair6,missing__zigbee__bytes_total,zigbee|missing,0.009615384615384616,2.3069091616545353e-05,0.0005375166870478227
original_pairs,pair6,missing__zigbee__pkt_total,zigbee|missing,0.009615384615384616,2.3069091616545353e-05,0.0005375166870478227
original_pairs,pair6,missing__zigbee__pps,zigbee|missing,0.009615384615384616,2.3069091616545353e-05,0.0005375166870478227
original_pairs,pair6,rank__iot__entity_stale__s5_max_total_cleaning_count,iot|values,0.008547008547008548,0.0,0.0
original_pairs,pair6,rank__iot__entity_stale__withings_snoring_episode_count,iot|values,0.008547008547008548,0.0,0.0
original_pairs,pair6,rank__iot__s5_max_main_brush_time_left__sensor__state__value,iot|values,0.008547008547008548,0.0013832010069494936,0.03222899432431332
original_pairs,pair6,rank__iot__s5_max_side_brush_time_left__sensor__state__value,iot|values,0.008547008547008548,0.0013832010069494936,0.03222899432431332
original_pairs,pair6,rank__iot__smart_plug__sensor__signal_strength__value,iot|values,0.008547008547008548,8.41597545341155e-05,0.001960947279237089
original_pairs,pair6,rank__iot__smart_plug__sensor__voltage__value,iot|values,0.008547008547008548,3.8662691392246625e-06,9.008521937035381e-05
original_pairs,pair6,rank__iot__smart_plug_ps5__sensor__signal_strength__value,iot|values,0.008547008547008548,4.564773751015771e-05,0.0010636058430705988
original_pairs,pair6,rank__iot__smart_plug_ps5__sensor__voltage__value,iot|values,0.008547008547008548,4.398361609955825e-06,0.00010248313198973831
original_pairs,pair6,rank__iot__twinguard_087__sensor__purity__value,iot|values,0.008547008547008548,0.00013043500195178477,0.0030391742895465998
original_pairs,pair6,rank__ota24__bytes_total,ota|values,0.009615384615384616,9.091230710962718e-07,2.118283760006973e-05
original_pairs,pair6,rank__ota24__rssi_n,ota|values,0.009615384615384616,2.50834744404888e-07,5.844524051926824e-06
original_pairs,pair6,rank__ota5__mgmt,ota|values,0.009615384615384616,2.1602729448818183e-08,5.03350012975417e-07
original_pairs,pair6,rank__ota5__rssi_n,ota|values,0.009615384615384616,3.436955936935635e-06,8.008209423495469e-05
original_pairs,pair6,rank__ota__bytes_total,ota|values,0.009615384615384616,8.982650609483025e-11,2.0929842738387258e-09
original_pairs,pair6,rank__ota__data,ota|values,0.009615384615384616,4.0699203585380905e-06,9.483035327237938e-05
original_pairs,pair6,rank__ota__mgmt,ota|values,0.009615384615384616,2.0521993639422344e-08,4.781685475975708e-07
original_pairs,pair6,rank__ota__pkt_total,ota|values,0.009615384615384616,1.004899544357493e-05,0.00023414457876247963
original_pairs,pair6,rank__router__bytes_total__absdiff1,router|values,0.01282051282051282,7.77019584334075e-06,0.00018104787118838184
original_pairs,pair6,rank__router__bytes_total__diff1,router|values,0.01282051282051282,1.5792198781153566e-07,3.679629224740801e-06
original_pairs,pair6,rank__router__pkt_total__absdiff1,router|values,0.01282051282051282,1.2901255486280775e-06,3.0060308498534922e-05
original_pairs,pair6,rank__router__pkt_total__diff1,router|values,0.01282051282051282,1.8861093484760802e-07,4.394690806445421e-06
original_pairs,pair6,rank__router__tcp_pkt,router|values,0.01282051282051282,8.100196486053478e-06,0.00018873698418611165
original_pairs,pair6,rank__router__udp_pkt,router|values,0.01282051282051282,6.397225367872439e-07,1.4905725128643026e-05
original_pairs,pair6,rank__zb__app_event_intensity,zigbee|values,0.009615384615384616,5.152410981270064e-12,1.2005270632220266e-10
original_pairs,pair6,rank__zigbee__ack,zigbee|values,0.009615384615384616,4.208070057212742e-05,0.00098049282287122
original_pairs,pair6,rank__zigbee__ack_rate,zigbee|values,0.009615384615384616,6.074937310504639e-05,0.001415478438181634
original_pairs,pair6,rank__zigbee__beacon,zigbee|values,0.009615384615384616,5.524079515716553e-08,1.2871269357425005e-06
original_pairs,pair6,rank__zigbee__beacon_rate,zigbee|values,0.009615384615384616,1.633129257275161e-07,3.805239679493169e-06
original_pairs,pair6,rank__zigbee__bytes_total,zigbee|values,0.009615384615384616,1.5964594569962194e-06,3.7197979556131294e-05
original_pairs,pair6,rank__zigbee__pkt_total,zigbee|values,0.009615384615384616,1.2167813188867952e-05,0.00028351366159585893
original_pairs,pair6,rank__zigbee__pps,zigbee|values,0.009615384615384616,1.2167813188867952e-05,0.00028351366159585893
original_pairs,pair6,time_cos,time,0.038461538461538464,1.1058697385202707e-05,0.0002576709339216167
original_pairs,pair6,time_sin,time,0.038461538461538464,7.717580013990039e-06,0.0001798219067356427
original_pairs,pair6,zero__iot__entity_stale__s5_max_total_cleaning_count,iot|zeros,0.008547008547008548,0.0,0.0
original_pairs,pair6,zero__iot__entity_stale__withings_snoring_episode_count,iot|zeros,0.008547008547008548,0.0,0.0
original_pairs,pair6,zero__iot__s5_max_main_brush_time_left__sensor__state__value,iot|zeros,0.008547008547008548,0.0,0.0
original_pairs,pair6,zero__iot__s5_max_side_brush_time_left__sensor__state__value,iot|zeros,0.008547008547008548,0.0,0.0
original_pairs,pair6,zero__iot__smart_plug__sensor__signal_strength__value,iot|zeros,0.008547008547008548,0.002136752136752137,0.04978695948156112
original_pairs,pair6,zero__iot__smart_plug__sensor__voltage__value,iot|zeros,0.008547008547008548,0.002136752136752137,0.04978695948156112
original_pairs,pair6,zero__iot__smart_plug_ps5__sensor__signal_strength__value,iot|zeros,0.008547008547008548,0.002136752136752137,0.04978695948156112
original_pairs,pair6,zero__iot__smart_plug_ps5__sensor__voltage__value,iot|zeros,0.008547008547008548,0.002136752136752137,0.04978695948156112
original_pairs,pair6,zero__iot__twinguard_087__sensor__purity__value,iot|zeros,0.008547008547008548,0.0,0.0
original_pairs,pair6,zero__ota24__bytes_total,ota|zeros,0.009615384615384616,0.0,0.0
original_pairs,pair6,zero__ota24__rssi_n,ota|zeros,0.009615384615384616,0.0,0.0
original_pairs,pair6,zero__ota5__mgmt,ota|zeros,0.009615384615384616,0.0,0.0
original_pairs,pair6,zero__ota5__rssi_n,ota|zeros,0.009615384615384616,0.0,0.0
original_pairs,pair6,zero__ota__bytes_total,ota|zeros,0.009615384615384616,0.0,0.0
original_pairs,pair6,zero__ota__data,ota|zeros,0.009615384615384616,5.152276564313616e-10,1.2004957436719054e-08
original_pairs,pair6,zero__ota__mgmt,ota|zeros,0.009615384615384616,0.0,0.0
original_pairs,pair6,zero__ota__pkt_total,ota|zeros,0.009615384615384616,0.0,0.0
original_pairs,pair6,zero__router__bytes_total__absdiff1,router|zeros,0.01282051282051282,8.093988126680658e-09,1.885923275686102e-07
original_pairs,pair6,zero__router__bytes_total__diff1,router|zeros,0.01282051282051282,8.093988126680658e-09,1.885923275686102e-07
original_pairs,pair6,zero__router__pkt_total__absdiff1,router|zeros,0.01282051282051282,1.374588473539836e-07,3.2028319737624024e-06
original_pairs,pair6,zero__router__pkt_total__diff1,router|zeros,0.01282051282051282,1.374588473539836e-07,3.2028319737624024e-06
original_pairs,pair6,zero__router__tcp_pkt,router|zeros,0.01282051282051282,2.0788899484716495e-05,0.00048438753307393506
original_pairs,pair6,zero__router__udp_pkt,router|zeros,0.01282051282051282,9.588389734711166e-07,2.234123289288453e-05
original_pairs,pair6,zero__zb__app_event_intensity,zigbee|zeros,0.009615384615384616,2.06091062572279e-11,4.801982974681433e-10
original_pairs,pair6,zero__zigbee__ack,zigbee|zeros,0.009615384615384616,9.908422981816377e-05,0.0023086919864823093
original_pairs,pair6,zero__zigbee__ack_rate,zigbee|zeros,0.009615384615384616,9.908422981816377e-05,0.0023086919864823093
original_pairs,pair6,zero__zigbee__beacon,zigbee|zeros,0.009615384615384616,1.8909453539986305e-07,4.4059588429604e-06
original_pairs,pair6,zero__zigbee__beacon_rate,zigbee|zeros,0.009615384615384616,1.8909453539986305e-07,4.4059588429604e-06
original_pairs,pair6,zero__zigbee__bytes_total,zigbee|zeros,0.009615384615384616,0.0,0.0
original_pairs,pair6,zero__zigbee__pkt_total,zigbee|zeros,0.009615384615384616,0.0,0.0
original_pairs,pair6,zero__zigbee__pps,zigbee|zeros,0.009615384615384616,0.0,0.0
original_pairs,pair7,missing__iot__coffee_maker_hot__sensor__water__value,iot|missing,0.007692307692307693,0.0,0.0
original_pairs,pair7,missing__iot__entity_stale__s5_max_total_cleaning_count,iot|missing,0.007692307692307693,0.0,0.0
original_pairs,pair7,missing__iot__entity_stale__withings_snoring_episode_count,iot|missing,0.007692307692307693,0.0,0.0
original_pairs,pair7,missing__iot__s5_max_main_brush_time_left__sensor__state__value,iot|missing,0.007692307692307693,0.0,0.0
original_pairs,pair7,missing__iot__s5_max_side_brush_time_left__sensor__state__value,iot|missing,0.007692307692307693,0.0,0.0
original_pairs,pair7,missing__iot__smart_plug__sensor__signal_strength__value,iot|missing,0.007692307692307693,0.007692307692307693,0.09290931191666295
original_pairs,pair7,missing__iot__smart_plug__sensor__voltage__value,iot|missing,0.007692307692307693,0.007692307692307693,0.09290931191666295
original_pairs,pair7,missing__iot__smart_plug_ps5__sensor__signal_strength__value,iot|missing,0.007692307692307693,0.007692307692307693,0.09290931191666295
original_pairs,pair7,missing__iot__smart_plug_ps5__sensor__voltage__value,iot|missing,0.007692307692307693,0.007692307692307693,0.09290931191666295
original_pairs,pair7,missing__iot__twinguard_087__sensor__purity__value,iot|missing,0.007692307692307693,0.0,0.0
original_pairs,pair7,missing__ota24__bytes_total,ota|missing,0.009615384615384616,2.06091062572279e-11,2.489211246049368e-10
original_pairs,pair7,missing__ota24__rssi_n,ota|missing,0.009615384615384616,2.06091062572279e-11,2.489211246049368e-10
original_pairs,pair7,missing__ota5__mgmt,ota|missing,0.009615384615384616,8.24364250289116e-11,9.956844984197471e-10
original_pairs,pair7,missing__ota5__rssi_n,ota|missing,0.009615384615384616,8.24364250289116e-11,9.956844984197471e-10
original_pairs,pair7,missing__ota__bytes_total,ota|missing,0.009615384615384616,0.0,0.0
original_pairs,pair7,missing__ota__data,ota|missing,0.009615384615384616,0.0,0.0
original_pairs,pair7,missing__ota__mgmt,ota|missing,0.009615384615384616,0.0,0.0
original_pairs,pair7,missing__ota__pkt_total,ota|missing,0.009615384615384616,0.0,0.0
original_pairs,pair7,missing__router__bytes_total__absdiff1,router|missing,0.01282051282051282,9.919849811824882e-09,1.1981403464332746e-07
original_pairs,pair7,missing__router__bytes_total__diff1,router|missing,0.01282051282051282,9.919849811824882e-09,1.1981403464332746e-07
original_pairs,pair7,missing__router__pkt_total__absdiff1,router|missing,0.01282051282051282,9.919849811824882e-09,1.1981403464332746e-07
original_pairs,pair7,missing__router__pkt_total__diff1,router|missing,0.01282051282051282,9.919849811824882e-09,1.1981403464332746e-07
original_pairs,pair7,missing__router__tcp_pkt,router|missing,0.01282051282051282,9.919849811824882e-09,1.1981403464332746e-07
original_pairs,pair7,missing__router__udp_pkt,router|missing,0.01282051282051282,9.919849811824882e-09,1.1981403464332746e-07
original_pairs,pair7,missing__zb__app_event_intensity,zigbee|missing,0.009615384615384616,0.0,0.0
original_pairs,pair7,missing__zigbee__ack,zigbee|missing,0.009615384615384616,8.050432131739965e-06,9.723481429892805e-05
original_pairs,pair7,missing__zigbee__ack_rate,zigbee|missing,0.009615384615384616,8.050432131739965e-06,9.723481429892805e-05
original_pairs,pair7,missing__zigbee__beacon,zigbee|missing,0.009615384615384616,8.050432131739965e-06,9.723481429892805e-05
original_pairs,pair7,missing__zigbee__beacon_rate,zigbee|missing,0.009615384615384616,8.050432131739965e-06,9.723481429892805e-05
original_pairs,pair7,missing__zigbee__bytes_total,zigbee|missing,0.009615384615384616,8.050432131739965e-06,9.723481429892805e-05
original_pairs,pair7,missing__zigbee__pkt_total,zigbee|missing,0.009615384615384616,8.050432131739965e-06,9.723481429892805e-05
original_pairs,pair7,missing__zigbee__pps,zigbee|missing,0.009615384615384616,8.050432131739965e-06,9.723481429892805e-05
original_pairs,pair7,rank__iot__entity_stale__s5_max_total_cleaning_count,iot|values,0.008547008547008548,0.0,0.0
original_pairs,pair7,rank__iot__entity_stale__withings_snoring_episode_count,iot|values,0.008547008547008548,0.0,0.0
original_pairs,pair7,rank__iot__s5_max_main_brush_time_left__sensor__state__value,iot|values,0.008547008547008548,0.0026379440470730878,0.0318616436174683
original_pairs,pair7,rank__iot__s5_max_side_brush_time_left__sensor__state__value,iot|values,0.008547008547008548,0.0026379440470730878,0.0318616436174683
original_pairs,pair7,rank__iot__smart_plug__sensor__signal_strength__value,iot|values,0.008547008547008548,0.00012080476407466308,0.0014591053758361274
original_pairs,pair7,rank__iot__smart_plug__sensor__voltage__value,iot|values,0.008547008547008548,2.643668385249182e-05,0.000319307833792138
original_pairs,pair7,rank__iot__smart_plug_ps5__sensor__signal_strength__value,iot|values,0.008547008547008548,0.00020029758807245358,0.002419236441229251
original_pairs,pair7,rank__iot__smart_plug_ps5__sensor__voltage__value,iot|values,0.008547008547008548,5.127421353651569e-05,0.0006193007468369432
original_pairs,pair7,rank__iot__twinguard_087__sensor__purity__value,iot|values,0.008547008547008548,0.001871684060180602,0.022606594160379537
original_pairs,pair7,rank__ota24__bytes_total,ota|values,0.009615384615384616,1.45509931595587e-06,1.7574995908062684e-05
original_pairs,pair7,rank__ota24__rssi_n,ota|values,0.009615384615384616,4.683298010514082e-08,5.656585943548018e-07
original_pairs,pair7,rank__ota5__mgmt,ota|values,0.009615384615384616,0.0014370382149036035,0.01735685012680364
original_pairs,pair7,rank__ota5__rssi_n,ota|values,0.009615384615384616,0.0010062845776777928,0.012154117001571154
original_pairs,pair7,rank__ota__bytes_total,ota|values,0.009615384615384616,0.0011238180707437988,0.013573711277401337
original_pairs,pair7,rank__ota__data,ota|values,0.009615384615384616,2.1233091713289915e-05,0.0002564577523228713
original_pairs,pair7,rank__ota__mgmt,ota|values,0.009615384615384616,0.0013312137284811783,0.016078679698536213
original_pairs,pair7,rank__ota__pkt_total,ota|values,0.009615384615384616,0.00036489100236959166,0.004407230354116224
original_pairs,pair7,rank__router__bytes_total__absdiff1,router|values,0.01282051282051282,4.3884594187305344e-05,0.0005300473684589883
original_pairs,pair7,rank__router__bytes_total__diff1,router|values,0.01282051282051282,1.1804748302126428e-07,1.42580235472995e-06
original_pairs,pair7,rank__router__pkt_total__absdiff1,router|values,0.01282051282051282,1.855486980122463e-05,0.00022410962417155632
original_pairs,pair7,rank__router__pkt_total__diff1,router|values,0.01282051282051282,5.0984448299510394e-09,6.158009012945642e-08
original_pairs,pair7,rank__router__tcp_pkt,router|values,0.01282051282051282,8.51195664868799e-06,0.00010280920458822849
original_pairs,pair7,rank__router__udp_pkt,router|values,0.01282051282051282,1.188231422042474e-05,0.00014351709296564144
original_pairs,pair7,rank__zb__app_event_intensity,zigbee|values,0.009615384615384616,2.0608998724578122e-11,2.4891982580295187e-10
original_pairs,pair7,rank__zigbee__ack,zigbee|values,0.009615384615384616,2.898521916516414e-05,0.00035008957989057934
original_pairs,pair7,rank__zigbee__ack_rate,zigbee|values,0.009615384615384616,2.3734301607473087e-05,0.0002866678920524733
original_pairs,pair7,rank__zigbee__beacon,zigbee|values,0.009615384615384616,1.4389811915764364e-06,1.7380317808150235e-05
original_pairs,pair7,rank__zigbee__beacon_rate,zigbee|values,0.009615384615384616,2.445465380224449e-06,2.9536845753047626e-05
original_pairs,pair7,rank__zigbee__bytes_total,zigbee|values,0.009615384615384616,9.177136958243187e-06,0.0001108433924201957
original_pairs,pair7,rank__zigbee__pkt_total,zigbee|values,0.009615384615384616,1.338389801161416e-05,0.00016165353815284243
original_pairs,pair7,rank__zigbee__pps,zigbee|values,0.009615384615384616,1.338389801161416e-05,0.00016165353815284243
original_pairs,pair7,time_cos,time,0.038461538461538464,0.024798905804304106,0.2995264056933243
original_pairs,pair7,time_sin,time,0.038461538461538464,0.0054891673164537995,0.0662993185877305
original_pairs,pair7,zero__iot__entity_stale__s5_max_total_cleaning_count,iot|zeros,0.008547008547008548,0.0,0.0
original_pairs,pair7,zero__iot__entity_stale__withings_snoring_episode_count,iot|zeros,0.008547008547008548,0.0,0.0
original_pairs,pair7,zero__iot__s5_max_main_brush_time_left__sensor__state__value,iot|zeros,0.008547008547008548,0.0,0.0
original_pairs,pair7,zero__iot__s5_max_side_brush_time_left__sensor__state__value,iot|zeros,0.008547008547008548,0.0,0.0
original_pairs,pair7,zero__iot__smart_plug__sensor__signal_strength__value,iot|zeros,0.008547008547008548,0.002136752136752137,0.025808142199073042
original_pairs,pair7,zero__iot__smart_plug__sensor__voltage__value,iot|zeros,0.008547008547008548,0.002136752136752137,0.025808142199073042
original_pairs,pair7,zero__iot__smart_plug_ps5__sensor__signal_strength__value,iot|zeros,0.008547008547008548,0.002136752136752137,0.025808142199073042
original_pairs,pair7,zero__iot__smart_plug_ps5__sensor__voltage__value,iot|zeros,0.008547008547008548,0.002136752136752137,0.025808142199073042
original_pairs,pair7,zero__iot__twinguard_087__sensor__purity__value,iot|zeros,0.008547008547008548,0.0,0.0
original_pairs,pair7,zero__ota24__bytes_total,ota|zeros,0.009615384615384616,2.062438074719324e-11,2.491056131107693e-10
original_pairs,pair7,zero__ota24__rssi_n,ota|zeros,0.009615384615384616,2.062438074719324e-11,2.491056131107693e-10
original_pairs,pair7,zero__ota5__mgmt,ota|zeros,0.009615384615384616,0.0,0.0
original_pairs,pair7,zero__ota5__rssi_n,ota|zeros,0.009615384615384616,0.0,0.0
original_pairs,pair7,zero__ota__bytes_total,ota|zeros,0.009615384615384616,0.0,0.0
original_pairs,pair7,zero__ota__data,ota|zeros,0.009615384615384616,1.9423876556399703e-06,2.3460567072920856e-05
original_pairs,pair7,zero__ota__mgmt,ota|zeros,0.009615384615384616,0.0,0.0
original_pairs,pair7,zero__ota__pkt_total,ota|zeros,0.009615384615384616,0.0,0.0
original_pairs,pair7,zero__router__bytes_total__absdiff1,router|zeros,0.01282051282051282,6.01995788489741e-08,7.271031883090403e-07
original_pairs,pair7,zero__router__bytes_total__diff1,router|zeros,0.01282051282051282,6.01995788489741e-08,7.271031883090403e-07
original_pairs,pair7,zero__router__pkt_total__absdiff1,router|zeros,0.01282051282051282,5.794640004649436e-07,6.998888203277719e-06
original_pairs,pair7,zero__router__pkt_total__diff1,router|zeros,0.01282051282051282,5.794640004649436e-07,6.998888203277719e-06
original_pairs,pair7,zero__router__tcp_pkt,router|zeros,0.01282051282051282,9.345908551411932e-06,0.00011288185125720602
original_pairs,pair7,zero__router__udp_pkt,router|zeros,0.01282051282051282,2.2892990682008363e-05,0.00027650636155739653
original_pairs,pair7,zero__zb__app_event_intensity,zigbee|zeros,0.009615384615384616,8.24364250291093e-11,9.95684498422135e-10
original_pairs,pair7,zero__zigbee__ack,zigbee|zeros,0.009615384615384616,3.7202516827480654e-05,0.00044933983120120925
original_pairs,pair7,zero__zigbee__ack_rate,zigbee|zeros,0.009615384615384616,3.7202516827480654e-05,0.00044933983120120925
original_pairs,pair7,zero__zigbee__beacon,zigbee|zeros,0.009615384615384616,7.629341230926619e-06,9.21487897385664e-05
original_pairs,pair7,zero__zigbee__beacon_rate,zigbee|zeros,0.009615384615384616,7.629341230926619e-06,9.21487897385664e-05
original_pairs,pair7,zero__zigbee__bytes_total,zigbee|zeros,0.009615384615384616,0.0,0.0
original_pairs,pair7,zero__zigbee__pkt_total,zigbee|zeros,0.009615384615384616,0.0,0.0
original_pairs,pair7,zero__zigbee__pps,zigbee|zeros,0.009615384615384616,0.0,0.0
original_pairs,pair8,missing__iot__coffee_maker_hot__sensor__water__value,iot|missing,0.007692307692307693,0.0,0.0
original_pairs,pair8,missing__iot__entity_stale__s5_max_total_cleaning_count,iot|missing,0.007692307692307693,0.0,0.0
original_pairs,pair8,missing__iot__entity_stale__withings_snoring_episode_count,iot|missing,0.007692307692307693,0.0,0.0
original_pairs,pair8,missing__iot__s5_max_main_brush_time_left__sensor__state__value,iot|missing,0.007692307692307693,0.0,0.0
original_pairs,pair8,missing__iot__s5_max_side_brush_time_left__sensor__state__value,iot|missing,0.007692307692307693,0.0,0.0
original_pairs,pair8,missing__iot__smart_plug__sensor__signal_strength__value,iot|missing,0.007692307692307693,0.007692307692307693,0.12304205204695949
original_pairs,pair8,missing__iot__smart_plug__sensor__voltage__value,iot|missing,0.007692307692307693,0.007692307692307693,0.12304205204695949
original_pairs,pair8,missing__iot__smart_plug_ps5__sensor__signal_strength__value,iot|missing,0.007692307692307693,0.007692307692307693,0.12304205204695949
original_pairs,pair8,missing__iot__smart_plug_ps5__sensor__voltage__value,iot|missing,0.007692307692307693,0.007692307692307693,0.12304205204695949
original_pairs,pair8,missing__iot__twinguard_087__sensor__purity__value,iot|missing,0.007692307692307693,0.0,0.0
original_pairs,pair8,missing__ota24__bytes_total,ota|missing,0.009615384615384616,0.0,0.0
original_pairs,pair8,missing__ota24__rssi_n,ota|missing,0.009615384615384616,0.0,0.0
original_pairs,pair8,missing__ota5__mgmt,ota|missing,0.009615384615384616,2.06091062572279e-11,3.2965227421661e-10
original_pairs,pair8,missing__ota5__rssi_n,ota|missing,0.009615384615384616,2.06091062572279e-11,3.2965227421661e-10
original_pairs,pair8,missing__ota__bytes_total,ota|missing,0.009615384615384616,0.0,0.0
original_pairs,pair8,missing__ota__data,ota|missing,0.009615384615384616,0.0,0.0
original_pairs,pair8,missing__ota__mgmt,ota|missing,0.009615384615384616,0.0,0.0
original_pairs,pair8,missing__ota__pkt_total,ota|missing,0.009615384615384616,0.0,0.0
original_pairs,pair8,missing__router__bytes_total__absdiff1,router|missing,0.01282051282051282,2.2257834757829856e-09,3.560244561543183e-08
original_pairs,pair8,missing__router__bytes_total__diff1,router|missing,0.01282051282051282,2.2257834757829856e-09,3.560244561543183e-08
original_pairs,pair8,missing__router__pkt_total__absdiff1,router|missing,0.01282051282051282,2.2257834757829856e-09,3.560244561543183e-08
original_pairs,pair8,missing__router__pkt_total__diff1,router|missing,0.01282051282051282,2.2257834757829856e-09,3.560244561543183e-08
original_pairs,pair8,missing__router__tcp_pkt,router|missing,0.01282051282051282,2.2257834757829856e-09,3.560244561543183e-08
original_pairs,pair8,missing__router__udp_pkt,router|missing,0.01282051282051282,2.2257834757829856e-09,3.560244561543183e-08
original_pairs,pair8,missing__zb__app_event_intensity,zigbee|missing,0.009615384615384616,0.0,0.0
original_pairs,pair8,missing__zigbee__ack,zigbee|missing,0.009615384615384616,2.229080932784648e-07,3.5655189979314578e-06
original_pairs,pair8,missing__zigbee__ack_rate,zigbee|missing,0.009615384615384616,2.229080932784648e-07,3.5655189979314578e-06
original_pairs,pair8,missing__zigbee__beacon,zigbee|missing,0.009615384615384616,2.229080932784648e-07,3.5655189979314578e-06
original_pairs,pair8,missing__zigbee__beacon_rate,zigbee|missing,0.009615384615384616,2.229080932784648e-07,3.5655189979314578e-06
original_pairs,pair8,missing__zigbee__bytes_total,zigbee|missing,0.009615384615384616,2.229080932784648e-07,3.5655189979314578e-06
original_pairs,pair8,missing__zigbee__pkt_total,zigbee|missing,0.009615384615384616,2.229080932784648e-07,3.5655189979314578e-06
original_pairs,pair8,missing__zigbee__pps,zigbee|missing,0.009615384615384616,2.229080932784648e-07,3.5655189979314578e-06
original_pairs,pair8,rank__iot__entity_stale__s5_max_total_cleaning_count,iot|values,0.008547008547008548,0.0,0.0
original_pairs,pair8,rank__iot__entity_stale__withings_snoring_episode_count,iot|values,0.008547008547008548,1.6542288420503421e-06,2.6460162466548164e-05
original_pairs,pair8,rank__iot__s5_max_main_brush_time_left__sensor__state__value,iot|values,0.008547008547008548,0.0013832010069494936,0.02212494573750323
original_pairs,pair8,rank__iot__s5_max_side_brush_time_left__sensor__state__value,iot|values,0.008547008547008548,0.0013832010069494936,0.02212494573750323
original_pairs,pair8,rank__iot__smart_plug__sensor__signal_strength__value,iot|values,0.008547008547008548,0.00039706348517103856,0.006351215781087067
original_pairs,pair8,rank__iot__smart_plug__sensor__voltage__value,iot|values,0.008547008547008548,0.0001421678763663406,0.0022740415416254876
original_pairs,pair8,rank__iot__smart_plug_ps5__sensor__signal_strength__value,iot|values,0.008547008547008548,0.00022591920375006341,0.003613683115408983
original_pairs,pair8,rank__iot__smart_plug_ps5__sensor__voltage__value,iot|values,0.008547008547008548,9.849408829932155e-05,0.0015754589160495828
original_pairs,pair8,rank__iot__twinguard_087__sensor__purity__value,iot|values,0.008547008547008548,2.3122788118443902e-05,0.00036985978888825084
original_pairs,pair8,rank__ota24__bytes_total,ota|values,0.009615384615384616,2.406034790964101e-05,0.0003848564953695803
original_pairs,pair8,rank__ota24__rssi_n,ota|values,0.009615384615384616,4.80792927625772e-06,7.690507295216235e-05
original_pairs,pair8,rank__ota5__mgmt,ota|values,0.009615384615384616,0.0002675641740460388,0.004279813853753676
original_pairs,pair8,rank__ota5__rssi_n,ota|values,0.009615384615384616,0.00029938450791546216,0.004788794946648395
original_pairs,pair8,rank__ota__bytes_total,ota|values,0.009615384615384616,0.0001530597378911107,0.0024482619506659624
original_pairs,pair8,rank__ota__data,ota|values,0.009615384615384616,8.247014021781861e-08,1.319148387050115e-06
original_pairs,pair8,rank__ota__mgmt,ota|values,0.009615384615384616,0.0002009898856748988,0.0032149270366360334
original_pairs,pair8,rank__ota__pkt_total,ota|values,0.009615384615384616,7.066417204126458e-05,0.0011303064154403548
original_pairs,pair8,rank__router__bytes_total__absdiff1,router|values,0.01282051282051282,6.599130913668868e-06,0.00010555617921476475
original_pairs,pair8,rank__router__bytes_total__diff1,router|values,0.01282051282051282,4.3717195179460955e-10,6.9927694260038174e-09
original_pairs,pair8,rank__router__pkt_total__absdiff1,router|values,0.01282051282051282,3.905573444971603e-06,6.247147024162445e-05
original_pairs,pair8,rank__router__pkt_total__diff1,router|values,0.01282051282051282,1.86182621653223e-08,2.9780779370803805e-07
original_pairs,pair8,rank__router__tcp_pkt,router|values,0.01282051282051282,2.3505266249399586e-06,3.7597770512071436e-05
original_pairs,pair8,rank__router__udp_pkt,router|values,0.01282051282051282,8.292034139785557e-07,1.3263495650634573e-05
original_pairs,pair8,rank__zb__app_event_intensity,zigbee|values,0.009615384615384616,0.0,0.0
original_pairs,pair8,rank__zigbee__ack,zigbee|values,0.009615384615384616,1.4246042271907416e-05,0.00022787209570881823
original_pairs,pair8,rank__zigbee__ack_rate,zigbee|values,0.009615384615384616,3.2007247369352786e-11,5.119708615709757e-10
original_pairs,pair8,rank__zigbee__beacon,zigbee|values,0.009615384615384616,3.1718154457134265e-06,5.0734668550126784e-05
original_pairs,pair8,rank__zigbee__beacon_rate,zigbee|values,0.009615384615384616,3.972640967171718e-06,6.354424656406138e-05
original_pairs,pair8,rank__zigbee__bytes_total,zigbee|values,0.009615384615384616,1.1048649887074707e-05,0.0001767283120790303
original_pairs,pair8,rank__zigbee__pkt_total,zigbee|values,0.009615384615384616,1.7091447636335886e-05,0.00027338568265162995
original_pairs,pair8,rank__zigbee__pps,zigbee|values,0.009615384615384616,1.7091447636335886e-05,0.00027338568265162995
original_pairs,pair8,time_cos,time,0.038461538461538464,0.00499239417526076,0.07985567511367833
original_pairs,pair8,time_sin,time,0.038461538461538464,0.01322522359200967,0.21154362444029495
original_pairs,pair8,zero__iot__entity_stale__s5_max_total_cleaning_count,iot|zeros,0.008547008547008548,0.0,0.0
original_pairs,pair8,zero__iot__entity_stale__withings_snoring_episode_count,iot|zeros,0.008547008547008548,6.616915368201377e-06,0.00010584064986619279
original_pairs,pair8,zero__iot__s5_max_main_brush_time_left__sensor__state__value,iot|zeros,0.008547008547008548,0.0,0.0
original_pairs,pair8,zero__iot__s5_max_side_brush_time_left__sensor__state__value,iot|zeros,0.008547008547008548,0.0,0.0
original_pairs,pair8,zero__iot__smart_plug__sensor__signal_strength__value,iot|zeros,0.008547008547008548,0.002136752136752137,0.034178347790822086
original_pairs,pair8,zero__iot__smart_plug__sensor__voltage__value,iot|zeros,0.008547008547008548,0.002136752136752137,0.034178347790822086
original_pairs,pair8,zero__iot__smart_plug_ps5__sensor__signal_strength__value,iot|zeros,0.008547008547008548,0.002136752136752137,0.034178347790822086
original_pairs,pair8,zero__iot__smart_plug_ps5__sensor__voltage__value,iot|zeros,0.008547008547008548,0.002136752136752137,0.034178347790822086
original_pairs,pair8,zero__iot__twinguard_087__sensor__purity__value,iot|zeros,0.008547008547008548,0.0,0.0
original_pairs,pair8,zero__ota24__bytes_total,ota|zeros,0.009615384615384616,8.249752298877296e-11,1.319586387252879e-09
original_pairs,pair8,zero__ota24__rssi_n,ota|zeros,0.009615384615384616,8.249752298877296e-11,1.319586387252879e-09
original_pairs,pair8,zero__ota5__mgmt,ota|zeros,0.009615384615384616,0.0,0.0
original_pairs,pair8,zero__ota5__rssi_n,ota|zeros,0.009615384615384616,0.0,0.0
original_pairs,pair8,zero__ota__bytes_total,ota|zeros,0.009615384615384616,0.0,0.0
original_pairs,pair8,zero__ota__data,ota|zeros,0.009615384615384616,1.3521634615384617e-07,2.16284857113796e-06
original_pairs,pair8,zero__ota__mgmt,ota|zeros,0.009615384615384616,0.0,0.0
original_pairs,pair8,zero__ota__pkt_total,ota|zeros,0.009615384615384616,0.0,0.0
original_pairs,pair8,zero__router__bytes_total__absdiff1,router|zeros,0.01282051282051282,4.2228021078547676e-05,0.0006754569077602795
original_pairs,pair8,zero__router__bytes_total__diff1,router|zeros,0.01282051282051282,4.2228021078547676e-05,0.0006754569077602795
original_pairs,pair8,zero__router__pkt_total__absdiff1,router|zeros,0.01282051282051282,3.906298980874063e-05,0.0006248307552703987
original_pairs,pair8,zero__router__pkt_total__diff1,router|zeros,0.01282051282051282,3.906298980874063e-05,0.0006248307552703987
original_pairs,pair8,zero__router__tcp_pkt,router|zeros,0.01282051282051282,2.841081452873337e-05,0.00045444423959232013
original_pairs,pair8,zero__router__udp_pkt,router|zeros,0.01282051282051282,2.67946296088813e-08,4.285926074189467e-07
original_pairs,pair8,zero__zb__app_event_intensity,zigbee|zeros,0.009615384615384616,0.0,0.0
original_pairs,pair8,zero__zigbee__ack,zigbee|zeros,0.009615384615384616,3.648623828010193e-07,5.836144118295488e-06
original_pairs,pair8,zero__zigbee__ack_rate,zigbee|zeros,0.009615384615384616,3.648623828010193e-07,5.836144118295488e-06
original_pairs,pair8,zero__zigbee__beacon,zigbee|zeros,0.009615384615384616,1.4008999975999294e-05,0.0002240804935424587
original_pairs,pair8,zero__zigbee__beacon_rate,zigbee|zeros,0.009615384615384616,1.4008999975999294e-05,0.0002240804935424587
original_pairs,pair8,zero__zigbee__bytes_total,zigbee|zeros,0.009615384615384616,0.0,0.0
original_pairs,pair8,zero__zigbee__pkt_total,zigbee|zeros,0.009615384615384616,0.0,0.0
original_pairs,pair8,zero__zigbee__pps,zigbee|zeros,0.009615384615384616,0.0,0.0
original_pairs,pair9,missing__iot__coffee_maker_hot__sensor__water__value,iot|missing,0.007692307692307693,0.0,0.0
original_pairs,pair9,missing__iot__entity_stale__s5_max_total_cleaning_count,iot|missing,0.007692307692307693,0.0,0.0
original_pairs,pair9,missing__iot__entity_stale__withings_snoring_episode_count,iot|missing,0.007692307692307693,0.0,0.0
original_pairs,pair9,missing__iot__s5_max_main_brush_time_left__sensor__state__value,iot|missing,0.007692307692307693,0.0,0.0
original_pairs,pair9,missing__iot__s5_max_side_brush_time_left__sensor__state__value,iot|missing,0.007692307692307693,0.0,0.0
original_pairs,pair9,missing__iot__smart_plug__sensor__signal_strength__value,iot|missing,0.007692307692307693,0.007692307692307693,0.14467891689944545
original_pairs,pair9,missing__iot__smart_plug__sensor__voltage__value,iot|missing,0.007692307692307693,0.007692307692307693,0.14467891689944545
original_pairs,pair9,missing__iot__smart_plug_ps5__sensor__signal_strength__value,iot|missing,0.007692307692307693,0.007692307692307693,0.14467891689944545
original_pairs,pair9,missing__iot__smart_plug_ps5__sensor__voltage__value,iot|missing,0.007692307692307693,0.007692307692307693,0.14467891689944545
original_pairs,pair9,missing__iot__twinguard_087__sensor__purity__value,iot|missing,0.007692307692307693,0.0,0.0
original_pairs,pair9,missing__ota24__bytes_total,ota|missing,0.009615384615384616,2.06091062572279e-11,3.8762141230297115e-10
original_pairs,pair9,missing__ota24__rssi_n,ota|missing,0.009615384615384616,2.06091062572279e-11,3.8762141230297115e-10
original_pairs,pair9,missing__ota5__mgmt,ota|missing,0.009615384615384616,2.06091062572279e-11,3.8762141230297115e-10
original_pairs,pair9,missing__ota5__rssi_n,ota|missing,0.009615384615384616,2.06091062572279e-11,3.8762141230297115e-10
original_pairs,pair9,missing__ota__bytes_total,ota|missing,0.009615384615384616,0.0,0.0
original_pairs,pair9,missing__ota__data,ota|missing,0.009615384615384616,0.0,0.0
original_pairs,pair9,missing__ota__mgmt,ota|missing,0.009615384615384616,0.0,0.0
original_pairs,pair9,missing__ota__pkt_total,ota|missing,0.009615384615384616,0.0,0.0
original_pairs,pair9,missing__router__bytes_total__absdiff1,router|missing,0.01282051282051282,1.582779360557317e-08,2.976932446490983e-07
original_pairs,pair9,missing__router__bytes_total__diff1,router|missing,0.01282051282051282,1.582779360557317e-08,2.976932446490983e-07
original_pairs,pair9,missing__router__pkt_total__absdiff1,router|missing,0.01282051282051282,1.582779360557317e-08,2.976932446490983e-07
original_pairs,pair9,missing__router__pkt_total__diff1,router|missing,0.01282051282051282,1.582779360557317e-08,2.976932446490983e-07
original_pairs,pair9,missing__router__tcp_pkt,router|missing,0.01282051282051282,1.582779360557317e-08,2.976932446490983e-07
original_pairs,pair9,missing__router__udp_pkt,router|missing,0.01282051282051282,1.582779360557317e-08,2.976932446490983e-07
original_pairs,pair9,missing__zb__app_event_intensity,zigbee|missing,0.009615384615384616,0.0,0.0
original_pairs,pair9,missing__zigbee__ack,zigbee|missing,0.009615384615384616,2.7493062974833728e-05,0.0005170966545481346
original_pairs,pair9,missing__zigbee__ack_rate,zigbee|missing,0.009615384615384616,2.7493062974833728e-05,0.0005170966545481346
original_pairs,pair9,missing__zigbee__beacon,zigbee|missing,0.009615384615384616,2.7493062974833728e-05,0.0005170966545481346
original_pairs,pair9,missing__zigbee__beacon_rate,zigbee|missing,0.009615384615384616,2.7493062974833728e-05,0.0005170966545481346
original_pairs,pair9,missing__zigbee__bytes_total,zigbee|missing,0.009615384615384616,2.7493062974833728e-05,0.0005170966545481346
original_pairs,pair9,missing__zigbee__pkt_total,zigbee|missing,0.009615384615384616,2.7493062974833728e-05,0.0005170966545481346
original_pairs,pair9,missing__zigbee__pps,zigbee|missing,0.009615384615384616,2.7493062974833728e-05,0.0005170966545481346
original_pairs,pair9,rank__iot__entity_stale__s5_max_total_cleaning_count,iot|values,0.008547008547008548,0.0,0.0
original_pairs,pair9,rank__iot__entity_stale__withings_snoring_episode_count,iot|values,0.008547008547008548,0.0,0.0
original_pairs,pair9,rank__iot__s5_max_main_brush_time_left__sensor__state__value,iot|values,0.008547008547008548,0.0013832010069494936,0.026015603060157756
original_pairs,pair9,rank__iot__s5_max_side_brush_time_left__sensor__state__value,iot|values,0.008547008547008548,0.0013832010069494936,0.026015603060157756
original_pairs,pair9,rank__iot__smart_plug__sensor__signal_strength__value,iot|values,0.008547008547008548,0.001195800471473479,0.02249092521528179
original_pairs,pair9,rank__iot__smart_plug__sensor__voltage__value,iot|values,0.008547008547008548,3.0258783605372038e-05,0.0005691150450335901
original_pairs,pair9,rank__iot__smart_plug_ps5__sensor__signal_strength__value,iot|values,0.008547008547008548,3.0564352068600888e-06,5.7486225589240517e-05
original_pairs,pair9,rank__iot__smart_plug_ps5__sensor__voltage__value,iot|values,0.008547008547008548,5.1848718349313975e-05,0.0009751841337424093
original_pairs,pair9,rank__iot__twinguard_087__sensor__purity__value,iot|values,0.008547008547008548,0.00021220992290943758,0.003991299234240792
original_pairs,pair9,rank__ota24__bytes_total,ota|values,0.009615384615384616,6.2458981627460206e-06,0.00011747447156254295
original_pairs,pair9,rank__ota24__rssi_n,ota|values,0.009615384615384616,1.2603177593881933e-05,0.0002370438308906456
original_pairs,pair9,rank__ota5__mgmt,ota|values,0.009615384615384616,1.9076224327661e-06,3.587905716533899e-05
original_pairs,pair9,rank__ota5__rssi_n,ota|values,0.009615384615384616,3.3838486482202095e-06,6.364430245889982e-05
original_pairs,pair9,rank__ota__bytes_total,ota|values,0.009615384615384616,9.48904946059e-06,0.00017847250178724567
original_pairs,pair9,rank__ota__data,ota|values,0.009615384615384616,6.5723534450641885e-06,0.00012361452712858934
original_pairs,pair9,rank__ota__mgmt,ota|values,0.009615384615384616,5.785668520484284e-06,0.00010881835316077481
original_pairs,pair9,rank__ota__pkt_total,ota|values,0.009615384615384616,1.0206641885231287e-05,0.00019196916610765097
original_pairs,pair9,rank__router__bytes_total__absdiff1,router|values,0.01282051282051282,3.8806396380646365e-05,0.0007298807616259219
original_pairs,pair9,rank__router__bytes_total__diff1,router|values,0.01282051282051282,2.2215691587480346e-08,4.1783848561634114e-07
original_pairs,pair9,rank__router__pkt_total__absdiff1,router|values,0.01282051282051282,1.942153387096494e-05,0.0003652852430470232
original_pairs,pair9,rank__router__pkt_total__diff1,router|values,0.01282051282051282,2.0109934727517503e-08,3.78232864788451e-07
original_pairs,pair9,rank__router__tcp_pkt,router|values,0.01282051282051282,4.284950794072996e-06,8.059246518100697e-05
original_pairs,pair9,rank__router__udp_pkt,router|values,0.01282051282051282,2.2481798807140602e-05,0.00042284349917788507
original_pairs,pair9,rank__zb__app_event_intensity,zigbee|values,0.009615384615384616,5.152531958082928e-12,9.691015658807818e-11
original_pairs,pair9,rank__zigbee__ack,zigbee|values,0.009615384615384616,7.632488353045893e-06,0.00014355381926162055
original_pairs,pair9,rank__zigbee__ack_rate,zigbee|values,0.009615384615384616,0.0001441513947096799,0.0027112367952983217
original_pairs,pair9,rank__zigbee__beacon,zigbee|values,0.009615384615384616,5.414723982888798e-06,0.00010184153214999435
original_pairs,pair9,rank__zigbee__beacon_rate,zigbee|values,0.009615384615384616,5.656224622139631e-06,0.00010638373876924779
original_pairs,pair9,rank__zigbee__bytes_total,zigbee|values,0.009615384615384616,4.6551464744778464e-05,0.0008755520149164447
original_pairs,pair9,rank__zigbee__pkt_total,zigbee|values,0.009615384615384616,7.424112136334438e-06,0.0001396346253672363
original_pairs,pair9,rank__zigbee__pps,zigbee|values,0.009615384615384616,7.424112136334438e-06,0.0001396346253672363
original_pairs,pair9,time_cos,time,0.038461538461538464,0.0026424287516164345,0.04969948486981653
original_pairs,pair9,time_sin,time,0.038461538461538464,0.006029762893263697,0.11340934339252155
original_pairs,pair9,zero__iot__entity_stale__s5_max_total_cleaning_count,iot|zeros,0.008547008547008548,0.0,0.0
original_pairs,pair9,zero__iot__entity_stale__withings_snoring_episode_count,iot|zeros,0.008547008547008548,0.0,0.0
original_pairs,pair9,zero__iot__s5_max_main_brush_time_left__sensor__state__value,iot|zeros,0.008547008547008548,0.0,0.0
original_pairs,pair9,zero__iot__s5_max_side_brush_time_left__sensor__state__value,iot|zeros,0.008547008547008548,0.0,0.0
original_pairs,pair9,zero__iot__smart_plug__sensor__signal_strength__value,iot|zeros,0.008547008547008548,0.002136752136752137,0.04018858802762374
original_pairs,pair9,zero__iot__smart_plug__sensor__voltage__value,iot|zeros,0.008547008547008548,0.002136752136752137,0.04018858802762374
original_pairs,pair9,zero__iot__smart_plug_ps5__sensor__signal_strength__value,iot|zeros,0.008547008547008548,0.002136752136752137,0.04018858802762374
original_pairs,pair9,zero__iot__smart_plug_ps5__sensor__voltage__value,iot|zeros,0.008547008547008548,0.002136752136752137,0.04018858802762374
original_pairs,pair9,zero__iot__twinguard_087__sensor__purity__value,iot|zeros,0.008547008547008548,0.0,0.0
original_pairs,pair9,zero__ota24__bytes_total,ota|zeros,0.009615384615384616,0.0,0.0
original_pairs,pair9,zero__ota24__rssi_n,ota|zeros,0.009615384615384616,0.0,0.0
original_pairs,pair9,zero__ota5__mgmt,ota|zeros,0.009615384615384616,0.0,0.0
original_pairs,pair9,zero__ota5__rssi_n,ota|zeros,0.009615384615384616,0.0,0.0
original_pairs,pair9,zero__ota__bytes_total,ota|zeros,0.009615384615384616,0.0,0.0
original_pairs,pair9,zero__ota__data,ota|zeros,0.009615384615384616,2.2716181280996103e-06,4.272518254973765e-05
original_pairs,pair9,zero__ota__mgmt,ota|zeros,0.009615384615384616,0.0,0.0
original_pairs,pair9,zero__ota__pkt_total,ota|zeros,0.009615384615384616,0.0,0.0
original_pairs,pair9,zero__router__bytes_total__absdiff1,router|zeros,0.01282051282051282,1.476896596196218e-06,2.777785398831904e-05
original_pairs,pair9,zero__router__bytes_total__diff1,router|zeros,0.01282051282051282,1.476896596196218e-06,2.777785398831904e-05
original_pairs,pair9,zero__router__pkt_total__absdiff1,router|zeros,0.01282051282051282,1.440319497944365e-06,2.7089902443726688e-05
original_pairs,pair9,zero__router__pkt_total__diff1,router|zeros,0.01282051282051282,1.440319497944365e-06,2.7089902443726688e-05
original_pairs,pair9,zero__router__tcp_pkt,router|zeros,0.01282051282051282,2.9350336478879006e-07,5.520287360118047e-06
original_pairs,pair9,zero__router__udp_pkt,router|zeros,0.01282051282051282,1.9781285780162714e-05,0.0003720515502018046
original_pairs,pair9,zero__zb__app_event_intensity,zigbee|zeros,0.009615384615384616,2.06091062572279e-11,3.8762141230297115e-10
original_pairs,pair9,zero__zigbee__ack,zigbee|zeros,0.009615384615384616,0.00014511140489571693,0.0027292929157089973
original_pairs,pair9,zero__zigbee__ack_rate,zigbee|zeros,0.009615384615384616,0.00014511140489571693,0.0027292929157089973
original_pairs,pair9,zero__zigbee__beacon,zigbee|zeros,0.009615384615384616,2.18441670781068e-05,0.000410850756346032
original_pairs,pair9,zero__zigbee__beacon_rate,zigbee|zeros,0.009615384615384616,2.18441670781068e-05,0.000410850756346032
original_pairs,pair9,zero__zigbee__bytes_total,zigbee|zeros,0.009615384615384616,0.0,0.0
original_pairs,pair9,zero__zigbee__pkt_total,zigbee|zeros,0.009615384615384616,0.0,0.0
original_pairs,pair9,zero__zigbee__pps,zigbee|zeros,0.009615384615384616,0.0,0.0
