feature,replacement,missing,all_missing,rule
events_in_sec__entity__coffee_maker_local_control,0.0,0,False,fit-prefix median with separate observation mask
events_in_sec__entity__door_window_sensor_pid_005,0.0,0,False,fit-prefix median with separate observation mask
events_in_sec__entity__door_window_sensor_pid_007,0.0,0,False,fit-prefix median with separate observation mask
events_in_sec__entity__door_window_sensor_pid_136,0.0,0,False,fit-prefix median with separate observation mask
events_in_sec__entity__motion_sensor_pid_008,0.0,0,False,fit-prefix median with separate observation mask
events_in_sec__entity__motion_sensor_pid_062,0.0,0,False,fit-prefix median with separate observation mask
events_in_sec__entity__motion_sensor_pid_075,0.0,0,False,fit-prefix median with separate observation mask
events_in_sec__entity__motion_sensor_pid_138,0.0,0,False,fit-prefix median with separate observation mask
events_in_sec__entity__multipurpose_sensor_pid_003,0.0,0,False,fit-prefix median with separate observation mask
events_in_sec__entity__multipurpose_sensor_pid_006,0.0,0,False,fit-prefix median with separate observation mask
events_in_sec__entity__vibration_sensor_pid_078,0.0,0,False,fit-prefix median with separate observation mask
events_in_sec__entity__vibration_sensor_pid_079,0.0,0,False,fit-prefix median with separate observation mask
events_in_sec__feat__coffee_maker_local_control__binary_sensor__state,0.0,0,False,fit-prefix median with separate observation mask
events_in_sec__feat__door_window_sensor_pid_005__binary_sensor__contact,0.0,0,False,fit-prefix median with separate observation mask
events_in_sec__feat__door_window_sensor_pid_007__binary_sensor__contact,0.0,0,False,fit-prefix median with separate observation mask
events_in_sec__feat__door_window_sensor_pid_136__binary_sensor__contact,0.0,0,False,fit-prefix median with separate observation mask
events_in_sec__feat__motion_sensor_pid_008__binary_sensor__occupancy,0.0,0,False,fit-prefix median with separate observation mask
events_in_sec__feat__motion_sensor_pid_062__binary_sensor__occupancy,0.0,0,False,fit-prefix median with separate observation mask
events_in_sec__feat__motion_sensor_pid_075__binary_sensor__occupancy,0.0,0,False,fit-prefix median with separate observation mask
events_in_sec__feat__motion_sensor_pid_138__binary_sensor__occupancy,0.0,0,False,fit-prefix median with separate observation mask
events_in_sec__feat__multipurpose_sensor_pid_003__binary_sensor__contact,0.0,0,False,fit-prefix median with separate observation mask
events_in_sec__feat__multipurpose_sensor_pid_003__binary_sensor__moving,0.0,0,False,fit-prefix median with separate observation mask
events_in_sec__feat__multipurpose_sensor_pid_006__binary_sensor__contact,0.0,0,False,fit-prefix median with separate observation mask
events_in_sec__feat__multipurpose_sensor_pid_006__binary_sensor__moving,0.0,0,False,fit-prefix median with separate observation mask
events_in_sec__feat__vibration_sensor_pid_078__binary_sensor__vibration,0.0,0,False,fit-prefix median with separate observation mask
events_in_sec__feat__vibration_sensor_pid_079__binary_sensor__vibration,0.0,0,False,fit-prefix median with separate observation mask
iot__any_update_raw,0.0,0,False,fit-prefix median with separate observation mask
iot__coffee_maker__sensor__coffee_and_milk_cups__value,3.0,225146,False,fit-prefix median with separate observation mask
iot__coffee_maker__sensor__coffee_and_milk_cups__value__nonfinite_mask,0.0,0,False,fit-prefix median with separate observation mask
iot__coffee_maker__sensor__coffees__value,1125.0,60520,False,fit-prefix median with separate observation mask
iot__coffee_maker__sensor__coffees__value__nonfinite_mask,0.0,0,False,fit-prefix median with separate observation mask
iot__coffee_maker__sensor__hot_water_cups__value,222.0,225146,False,fit-prefix median with separate observation mask
iot__coffee_maker__sensor__hot_water_cups__value__nonfinite_mask,0.0,0,False,fit-prefix median with separate observation mask
iot__coffee_maker__sensor__programme_progress__value,100.0,60430,False,fit-prefix median with separate observation mask
iot__coffee_maker__sensor__programme_progress__value__nonfinite_mask,0.0,0,False,fit-prefix median with separate observation mask
iot__coffee_maker__switch__power__state,0.0,60430,False,fit-prefix median with separate observation mask
iot__coffee_maker__switch__power__state__nonfinite_mask,0.0,0,False,fit-prefix median with separate observation mask
iot__coffee_maker_bean_container_empty__sensor__state__state__nonfinite_mask,0.0,0,False,fit-prefix median with separate observation mask
iot__coffee_maker_bean_container_empty__sensor__state__value__nonfinite_mask,0.0,0,False,fit-prefix median with separate observation mask
iot__coffee_maker_child_lock__switch__state__state__nonfinite_mask,0.0,0,False,fit-prefix median with separate observation mask
iot__coffee_maker_connectivity__binary_sensor__state__state,1.0,225144,False,fit-prefix median with separate observation mask
iot__coffee_maker_connectivity__binary_sensor__state__state__nonfinite_mask,0.0,0,False,fit-prefix median with separate observation mask
iot__coffee_maker_drip_tray_full__sensor__state__state,0.0,225146,False,fit-prefix median with separate observation mask
iot__coffee_maker_drip_tray_full__sensor__state__state__nonfinite_mask,0.0,0,False,fit-prefix median with separate observation mask
iot__coffee_maker_drip_tray_full__sensor__state__value__nonfinite_mask,0.0,0,False,fit-prefix median with separate observation mask
iot__coffee_maker_fill_quantity__number__state__value,320.0,225147,False,fit-prefix median with separate observation mask
iot__coffee_maker_fill_quantity__number__state__value__nonfinite_mask,0.0,0,False,fit-prefix median with separate observation mask
iot__coffee_maker_hot__sensor__water__value,50500.0,225146,False,fit-prefix median with separate observation mask
iot__coffee_maker_hot__sensor__water__value__nonfinite_mask,0.0,0,False,fit-prefix median with separate observation mask
iot__coffee_maker_local_control__binary_sensor__state__state,0.0,60520,False,fit-prefix median with separate observation mask
iot__coffee_maker_local_control__binary_sensor__state__state__nonfinite_mask,0.0,0,False,fit-prefix median with separate observation mask
iot__coffee_maker_remote_start__binary_sensor__state__state,1.0,225146,False,fit-prefix median with separate observation mask
iot__coffee_maker_remote_start__binary_sensor__state__state__nonfinite_mask,0.0,0,False,fit-prefix median with separate observation mask
iot__door_window_sensor_pid_005__binary_sensor__contact__state,0.0,8059,False,fit-prefix median with separate observation mask
iot__door_window_sensor_pid_005__binary_sensor__contact__state__nonfinite_mask,0.0,0,False,fit-prefix median with separate observation mask
iot__door_window_sensor_pid_005__sensor__battery__value,0.0,613292,True,fit-prefix median with separate observation mask
iot__door_window_sensor_pid_005__sensor__battery__value__nonfinite_mask,1.0,0,False,fit-prefix median with separate observation mask
iot__door_window_sensor_pid_005__sensor__device_temperature__value,26.0,188,False,fit-prefix median with separate observation mask
iot__door_window_sensor_pid_005__sensor__device_temperature__value__nonfinite_mask,0.0,0,False,fit-prefix median with separate observation mask
iot__door_window_sensor_pid_005__sensor__linkquality__value,108.0,188,False,fit-prefix median with separate observation mask
iot__door_window_sensor_pid_005__sensor__linkquality__value__nonfinite_mask,0.0,0,False,fit-prefix median with separate observation mask
iot__door_window_sensor_pid_005__sensor__power_outage_count__value,0.0,613292,True,fit-prefix median with separate observation mask
iot__door_window_sensor_pid_005__sensor__power_outage_count__value__nonfinite_mask,1.0,0,False,fit-prefix median with separate observation mask
iot__door_window_sensor_pid_005__sensor__trigger_count__value,0.0,11167,False,fit-prefix median with separate observation mask
iot__door_window_sensor_pid_005__sensor__trigger_count__value__nonfinite_mask,0.0,0,False,fit-prefix median with separate observation mask
iot__door_window_sensor_pid_005__sensor__voltage__value,3015.0,264865,False,fit-prefix median with separate observation mask
iot__door_window_sensor_pid_005__sensor__voltage__value__nonfinite_mask,0.0,0,False,fit-prefix median with separate observation mask
iot__door_window_sensor_pid_007__binary_sensor__contact__state,0.0,68220,False,fit-prefix median with separate observation mask
iot__door_window_sensor_pid_007__binary_sensor__contact__state__nonfinite_mask,0.0,0,False,fit-prefix median with separate observation mask
iot__door_window_sensor_pid_007__sensor__battery__value,0.0,613292,True,fit-prefix median with separate observation mask
iot__door_window_sensor_pid_007__sensor__battery__value__nonfinite_mask,1.0,0,False,fit-prefix median with separate observation mask
iot__door_window_sensor_pid_007__sensor__device_temperature__value,29.0,7027,False,fit-prefix median with separate observation mask
iot__door_window_sensor_pid_007__sensor__device_temperature__value__nonfinite_mask,0.0,0,False,fit-prefix median with separate observation mask
iot__door_window_sensor_pid_007__sensor__linkquality__value,99.0,996,False,fit-prefix median with separate observation mask
iot__door_window_sensor_pid_007__sensor__linkquality__value__nonfinite_mask,0.0,0,False,fit-prefix median with separate observation mask
iot__door_window_sensor_pid_007__sensor__power_outage_count__value,0.0,613292,True,fit-prefix median with separate observation mask
iot__door_window_sensor_pid_007__sensor__power_outage_count__value__nonfinite_mask,1.0,0,False,fit-prefix median with separate observation mask
iot__door_window_sensor_pid_007__sensor__trigger_count__value,0.0,71255,False,fit-prefix median with separate observation mask
iot__door_window_sensor_pid_007__sensor__trigger_count__value__nonfinite_mask,0.0,0,False,fit-prefix median with separate observation mask
iot__door_window_sensor_pid_007__sensor__voltage__value,0.0,613292,True,fit-prefix median with separate observation mask
iot__door_window_sensor_pid_007__sensor__voltage__value__nonfinite_mask,1.0,0,False,fit-prefix median with separate observation mask
iot__door_window_sensor_pid_136__binary_sensor__contact__state,0.0,7441,False,fit-prefix median with separate observation mask
iot__door_window_sensor_pid_136__binary_sensor__contact__state__nonfinite_mask,0.0,0,False,fit-prefix median with separate observation mask
iot__door_window_sensor_pid_136__sensor__battery__value,0.0,613292,True,fit-prefix median with separate observation mask
iot__door_window_sensor_pid_136__sensor__battery__value__nonfinite_mask,1.0,0,False,fit-prefix median with separate observation mask
iot__door_window_sensor_pid_136__sensor__linkquality__value,132.0,330,False,fit-prefix median with separate observation mask
iot__door_window_sensor_pid_136__sensor__linkquality__value__nonfinite_mask,0.0,0,False,fit-prefix median with separate observation mask
iot__door_window_sensor_pid_136__sensor__power_outage_count__value,0.0,613292,True,fit-prefix median with separate observation mask
iot__door_window_sensor_pid_136__sensor__power_outage_count__value__nonfinite_mask,1.0,0,False,fit-prefix median with separate observation mask
iot__door_window_sensor_pid_136__sensor__voltage__value,0.0,613292,True,fit-prefix median with separate observation mask
iot__door_window_sensor_pid_136__sensor__voltage__value__nonfinite_mask,1.0,0,False,fit-prefix median with separate observation mask
iot__entity_obs__coffee_maker,0.0,0,False,fit-prefix median with separate observation mask
iot__entity_obs__coffee_maker_bean_container_empty,0.0,0,False,fit-prefix median with separate observation mask
iot__entity_obs__coffee_maker_child_lock,0.0,0,False,fit-prefix median with separate observation mask
iot__entity_obs__coffee_maker_connectivity,0.0,0,False,fit-prefix median with separate observation mask
iot__entity_obs__coffee_maker_drip_tray_full,0.0,0,False,fit-prefix median with separate observation mask
iot__entity_obs__coffee_maker_fill_quantity,0.0,0,False,fit-prefix median with separate observation mask
iot__entity_obs__coffee_maker_hot,0.0,0,False,fit-prefix median with separate observation mask
iot__entity_obs__coffee_maker_local_control,0.0,0,False,fit-prefix median with separate observation mask
iot__entity_obs__coffee_maker_milk,0.0,0,False,fit-prefix median with separate observation mask
iot__entity_obs__coffee_maker_remote_start,0.0,0,False,fit-prefix median with separate observation mask
iot__entity_obs__coffee_maker_water_tank_empty,0.0,0,False,fit-prefix median with separate observation mask
iot__entity_obs__door_window_sensor_pid_005,0.0,0,False,fit-prefix median with separate observation mask
iot__entity_obs__door_window_sensor_pid_007,0.0,0,False,fit-prefix median with separate observation mask
iot__entity_obs__door_window_sensor_pid_136,0.0,0,False,fit-prefix median with separate observation mask
iot__entity_obs__kasa_smart_plug_pid_024,0.0,0,False,fit-prefix median with separate observation mask
iot__entity_obs__lifx_color_6757ce,0.0,0,False,fit-prefix median with separate observation mask
iot__entity_obs__mi_box,0.0,0,False,fit-prefix median with separate observation mask
iot__entity_obs__motion_sensor_pid_008,0.0,0,False,fit-prefix median with separate observation mask
iot__entity_obs__motion_sensor_pid_062,0.0,0,False,fit-prefix median with separate observation mask
iot__entity_obs__motion_sensor_pid_075,0.0,0,False,fit-prefix median with separate observation mask
iot__entity_obs__motion_sensor_pid_138,0.0,0,False,fit-prefix median with separate observation mask
iot__entity_obs__multipurpose_sensor_pid_003,0.0,0,False,fit-prefix median with separate observation mask
iot__entity_obs__multipurpose_sensor_pid_006,0.0,0,False,fit-prefix median with separate observation mask
iot__entity_obs__s5_max,0.0,0,False,fit-prefix median with separate observation mask
iot__entity_obs__s5_max_charging,0.0,0,False,fit-prefix median with separate observation mask
iot__entity_obs__s5_max_cleaning_area,0.0,0,False,fit-prefix median with separate observation mask
iot__entity_obs__s5_max_cleaning_time,0.0,0,False,fit-prefix median with separate observation mask
iot__entity_obs__s5_max_filter_time_left,0.0,0,False,fit-prefix median with separate observation mask
iot__entity_obs__s5_max_main_brush_time_left,0.0,0,False,fit-prefix median with separate observation mask
iot__entity_obs__s5_max_mop_attached,0.0,0,False,fit-prefix median with separate observation mask
iot__entity_obs__s5_max_sensor_time_left,0.0,0,False,fit-prefix median with separate observation mask
iot__entity_obs__s5_max_side_brush_time_left,0.0,0,False,fit-prefix median with separate observation mask
iot__entity_obs__s5_max_total_cleaning_area,0.0,0,False,fit-prefix median with separate observation mask
iot__entity_obs__s5_max_total_cleaning_count,0.0,0,False,fit-prefix median with separate observation mask
iot__entity_obs__s5_max_total_cleaning_time,0.0,0,False,fit-prefix median with separate observation mask
iot__entity_obs__s5_max_water_box_attached,0.0,0,False,fit-prefix median with separate observation mask
iot__entity_obs__smart_light_pid_002,0.0,0,False,fit-prefix median with separate observation mask
iot__entity_obs__smart_light_pid_012,0.0,0,False,fit-prefix median with separate observation mask
iot__entity_obs__smart_light_strip_pid_147,0.0,0,False,fit-prefix median with separate observation mask
iot__entity_obs__smart_plug,0.0,0,False,fit-prefix median with separate observation mask
iot__entity_obs__smart_plug_auto_off_enabled,0.0,0,False,fit-prefix median with separate observation mask
iot__entity_obs__smart_plug_auto_update_enabled,0.0,0,False,fit-prefix median with separate observation mask
iot__entity_obs__smart_plug_cloud_connection,0.0,0,False,fit-prefix median with separate observation mask
iot__entity_obs__smart_plug_current,0.0,0,False,fit-prefix median with separate observation mask
iot__entity_obs__smart_plug_led,0.0,0,False,fit-prefix median with separate observation mask
iot__entity_obs__smart_plug_overheated,0.0,0,False,fit-prefix median with separate observation mask
iot__entity_obs__smart_plug_overloaded,0.0,0,False,fit-prefix median with separate observation mask
iot__entity_obs__smart_plug_power_protection,0.0,0,False,fit-prefix median with separate observation mask
iot__entity_obs__smart_plug_ps5,0.0,0,False,fit-prefix median with separate observation mask
iot__entity_obs__smart_plug_ps5_auto_off_enabled,0.0,0,False,fit-prefix median with separate observation mask
iot__entity_obs__smart_plug_ps5_auto_update_enabled,0.0,0,False,fit-prefix median with separate observation mask
iot__entity_obs__smart_plug_ps5_cloud_connection,0.0,0,False,fit-prefix median with separate observation mask
iot__entity_obs__smart_plug_ps5_current,0.0,0,False,fit-prefix median with separate observation mask
iot__entity_obs__smart_plug_ps5_led,0.0,0,False,fit-prefix median with separate observation mask
iot__entity_obs__smart_plug_ps5_overheated,0.0,0,False,fit-prefix median with separate observation mask
iot__entity_obs__smart_plug_ps5_overloaded,0.0,0,False,fit-prefix median with separate observation mask
iot__entity_obs__smart_plug_ps5_power_protection,0.0,0,False,fit-prefix median with separate observation mask
iot__entity_obs__smart_plug_ps5_this_month_s,0.0,0,False,fit-prefix median with separate observation mask
iot__entity_obs__smart_plug_ps5_today_s,0.0,0,False,fit-prefix median with separate observation mask
iot__entity_obs__smart_plug_ps5_turn_off_in,0.0,0,False,fit-prefix median with separate observation mask
iot__entity_obs__smart_plug_this_month_s,0.0,0,False,fit-prefix median with separate observation mask
iot__entity_obs__smart_plug_today_s,0.0,0,False,fit-prefix median with separate observation mask
iot__entity_obs__smart_plug_turn_off_in,0.0,0,False,fit-prefix median with separate observation mask
iot__entity_obs__temperature_and_humidity_pid_001,0.0,0,False,fit-prefix median with separate observation mask
iot__entity_obs__temperature_and_humidity_pid_070,0.0,0,False,fit-prefix median with separate observation mask
iot__entity_obs__temperature_and_humidity_pid_073,0.0,0,False,fit-prefix median with separate observation mask
iot__entity_obs__twinguard_087,0.0,0,False,fit-prefix median with separate observation mask
iot__entity_obs__twinguard_088,0.0,0,False,fit-prefix median with separate observation mask
iot__entity_obs__unknown_70_ee_50_7a_e5_2c,0.0,0,False,fit-prefix median with separate observation mask
iot__entity_obs__vibration_sensor_pid_078,0.0,0,False,fit-prefix median with separate observation mask
iot__entity_obs__vibration_sensor_pid_079,0.0,0,False,fit-prefix median with separate observation mask
iot__entity_obs__water_leak_sensor_pid_083,0.0,0,False,fit-prefix median with separate observation mask
iot__entity_obs__wireless_mini_switch_pid_080,0.0,0,False,fit-prefix median with separate observation mask
iot__entity_obs__withings_average_heart_rate,0.0,0,False,fit-prefix median with separate observation mask
iot__entity_obs__withings_average_respiratory_rate,0.0,0,False,fit-prefix median with separate observation mask
iot__entity_obs__withings_breathing_disturbances_intensity,0.0,0,False,fit-prefix median with separate observation mask
iot__entity_obs__withings_deep_sleep,0.0,0,False,fit-prefix median with separate observation mask
iot__entity_obs__withings_light_sleep,0.0,0,False,fit-prefix median with separate observation mask
iot__entity_obs__withings_maximum_heart_rate,0.0,0,False,fit-prefix median with separate observation mask
iot__entity_obs__withings_maximum_respiratory_rate,0.0,0,False,fit-prefix median with separate observation mask
iot__entity_obs__withings_minimum_heart_rate,0.0,0,False,fit-prefix median with separate observation mask
iot__entity_obs__withings_minimum_respiratory_rate,0.0,0,False,fit-prefix median with separate observation mask
iot__entity_obs__withings_rem_sleep,0.0,0,False,fit-prefix median with separate observation mask
iot__entity_obs__withings_sleep_score,0.0,0,False,fit-prefix median with separate observation mask
iot__entity_obs__withings_snoring,0.0,0,False,fit-prefix median with separate observation mask
iot__entity_obs__withings_snoring_episode_count,0.0,0,False,fit-prefix median with separate observation mask
iot__entity_obs__withings_time_to_sleep,0.0,0,False,fit-prefix median with separate observation mask
iot__entity_obs__withings_time_to_wakeup,0.0,0,False,fit-prefix median with separate observation mask
iot__entity_obs__withings_wakeup_count,0.0,0,False,fit-prefix median with separate observation mask
iot__entity_obs__withings_wakeup_time,0.0,0,False,fit-prefix median with separate observation mask
iot__entity_stale__coffee_maker,0.0,0,False,fit-prefix median with separate observation mask
iot__entity_stale__coffee_maker_bean_container_empty,1.0,0,False,fit-prefix median with separate observation mask
iot__entity_stale__coffee_maker_child_lock,1.0,0,False,fit-prefix median with separate observation mask
iot__entity_stale__coffee_maker_connectivity,1.0,0,False,fit-prefix median with separate observation mask
iot__entity_stale__coffee_maker_drip_tray_full,1.0,0,False,fit-prefix median with separate observation mask
iot__entity_stale__coffee_maker_fill_quantity,1.0,0,False,fit-prefix median with separate observation mask
iot__entity_stale__coffee_maker_hot,1.0,0,False,fit-prefix median with separate observation mask
iot__entity_stale__coffee_maker_local_control,0.0,0,False,fit-prefix median with separate observation mask
iot__entity_stale__coffee_maker_milk,1.0,0,False,fit-prefix median with separate observation mask
iot__entity_stale__coffee_maker_remote_start,1.0,0,False,fit-prefix median with separate observation mask
iot__entity_stale__coffee_maker_water_tank_empty,1.0,0,False,fit-prefix median with separate observation mask
iot__entity_stale__door_window_sensor_pid_005,0.0,0,False,fit-prefix median with separate observation mask
iot__entity_stale__door_window_sensor_pid_007,0.0,0,False,fit-prefix median with separate observation mask
iot__entity_stale__door_window_sensor_pid_136,0.0,0,False,fit-prefix median with separate observation mask
iot__entity_stale__kasa_smart_plug_pid_024,1.0,0,False,fit-prefix median with separate observation mask
iot__entity_stale__mi_box,1.0,0,False,fit-prefix median with separate observation mask
iot__entity_stale__motion_sensor_pid_075,0.0,0,False,fit-prefix median with separate observation mask
iot__entity_stale__s5_max,0.0,0,False,fit-prefix median with separate observation mask
iot__entity_stale__s5_max_charging,0.0,0,False,fit-prefix median with separate observation mask
iot__entity_stale__s5_max_cleaning_area,1.0,0,False,fit-prefix median with separate observation mask
iot__entity_stale__s5_max_cleaning_time,1.0,0,False,fit-prefix median with separate observation mask
iot__entity_stale__s5_max_filter_time_left,1.0,0,False,fit-prefix median with separate observation mask
iot__entity_stale__s5_max_main_brush_time_left,1.0,0,False,fit-prefix median with separate observation mask
iot__entity_stale__s5_max_mop_attached,0.0,0,False,fit-prefix median with separate observation mask
iot__entity_stale__s5_max_sensor_time_left,1.0,0,False,fit-prefix median with separate observation mask
iot__entity_stale__s5_max_side_brush_time_left,1.0,0,False,fit-prefix median with separate observation mask
iot__entity_stale__s5_max_total_cleaning_area,1.0,0,False,fit-prefix median with separate observation mask
iot__entity_stale__s5_max_total_cleaning_count,1.0,0,False,fit-prefix median with separate observation mask
iot__entity_stale__s5_max_total_cleaning_time,1.0,0,False,fit-prefix median with separate observation mask
iot__entity_stale__s5_max_water_box_attached,0.0,0,False,fit-prefix median with separate observation mask
iot__entity_stale__smart_light_pid_002,1.0,0,False,fit-prefix median with separate observation mask
iot__entity_stale__smart_light_pid_012,1.0,0,False,fit-prefix median with separate observation mask
iot__entity_stale__smart_light_strip_pid_147,1.0,0,False,fit-prefix median with separate observation mask
iot__entity_stale__smart_plug,1.0,0,False,fit-prefix median with separate observation mask
iot__entity_stale__smart_plug_auto_off_enabled,1.0,0,False,fit-prefix median with separate observation mask
iot__entity_stale__smart_plug_auto_update_enabled,1.0,0,False,fit-prefix median with separate observation mask
iot__entity_stale__smart_plug_cloud_connection,1.0,0,False,fit-prefix median with separate observation mask
iot__entity_stale__smart_plug_current,1.0,0,False,fit-prefix median with separate observation mask
iot__entity_stale__smart_plug_led,1.0,0,False,fit-prefix median with separate observation mask
iot__entity_stale__smart_plug_overheated,1.0,0,False,fit-prefix median with separate observation mask
iot__entity_stale__smart_plug_overloaded,1.0,0,False,fit-prefix median with separate observation mask
iot__entity_stale__smart_plug_power_protection,1.0,0,False,fit-prefix median with separate observation mask
iot__entity_stale__smart_plug_ps5,1.0,0,False,fit-prefix median with separate observation mask
iot__entity_stale__smart_plug_ps5_auto_off_enabled,1.0,0,False,fit-prefix median with separate observation mask
iot__entity_stale__smart_plug_ps5_auto_update_enabled,1.0,0,False,fit-prefix median with separate observation mask
iot__entity_stale__smart_plug_ps5_cloud_connection,1.0,0,False,fit-prefix median with separate observation mask
iot__entity_stale__smart_plug_ps5_current,1.0,0,False,fit-prefix median with separate observation mask
iot__entity_stale__smart_plug_ps5_led,1.0,0,False,fit-prefix median with separate observation mask
iot__entity_stale__smart_plug_ps5_overheated,1.0,0,False,fit-prefix median with separate observation mask
iot__entity_stale__smart_plug_ps5_overloaded,1.0,0,False,fit-prefix median with separate observation mask
iot__entity_stale__smart_plug_ps5_power_protection,1.0,0,False,fit-prefix median with separate observation mask
iot__entity_stale__smart_plug_ps5_this_month_s,1.0,0,False,fit-prefix median with separate observation mask
iot__entity_stale__smart_plug_ps5_today_s,1.0,0,False,fit-prefix median with separate observation mask
iot__entity_stale__smart_plug_ps5_turn_off_in,1.0,0,False,fit-prefix median with separate observation mask
iot__entity_stale__smart_plug_this_month_s,1.0,0,False,fit-prefix median with separate observation mask
iot__entity_stale__smart_plug_today_s,1.0,0,False,fit-prefix median with separate observation mask
iot__entity_stale__smart_plug_turn_off_in,1.0,0,False,fit-prefix median with separate observation mask
iot__entity_stale__temperature_and_humidity_pid_001,0.0,0,False,fit-prefix median with separate observation mask
iot__entity_stale__temperature_and_humidity_pid_070,1.0,0,False,fit-prefix median with separate observation mask
iot__entity_stale__temperature_and_humidity_pid_073,1.0,0,False,fit-prefix median with separate observation mask
iot__entity_stale__twinguard_087,0.0,0,False,fit-prefix median with separate observation mask
iot__entity_stale__twinguard_088,0.0,0,False,fit-prefix median with separate observation mask
iot__entity_stale__vibration_sensor_pid_079,0.0,0,False,fit-prefix median with separate observation mask
iot__entity_stale__water_leak_sensor_pid_083,0.0,0,False,fit-prefix median with separate observation mask
iot__entity_stale__wireless_mini_switch_pid_080,1.0,0,False,fit-prefix median with separate observation mask
iot__entity_stale__withings_average_heart_rate,1.0,0,False,fit-prefix median with separate observation mask
iot__entity_stale__withings_average_respiratory_rate,1.0,0,False,fit-prefix median with separate observation mask
iot__entity_stale__withings_breathing_disturbances_intensity,1.0,0,False,fit-prefix median with separate observation mask
iot__entity_stale__withings_deep_sleep,1.0,0,False,fit-prefix median with separate observation mask
iot__entity_stale__withings_light_sleep,1.0,0,False,fit-prefix median with separate observation mask
iot__entity_stale__withings_maximum_heart_rate,1.0,0,False,fit-prefix median with separate observation mask
iot__entity_stale__withings_maximum_respiratory_rate,1.0,0,False,fit-prefix median with separate observation mask
iot__entity_stale__withings_minimum_heart_rate,1.0,0,False,fit-prefix median with separate observation mask
iot__entity_stale__withings_minimum_respiratory_rate,1.0,0,False,fit-prefix median with separate observation mask
iot__entity_stale__withings_rem_sleep,1.0,0,False,fit-prefix median with separate observation mask
iot__entity_stale__withings_sleep_score,1.0,0,False,fit-prefix median with separate observation mask
iot__entity_stale__withings_snoring,1.0,0,False,fit-prefix median with separate observation mask
iot__entity_stale__withings_snoring_episode_count,1.0,0,False,fit-prefix median with separate observation mask
iot__entity_stale__withings_time_to_sleep,1.0,0,False,fit-prefix median with separate observation mask
iot__entity_stale__withings_time_to_wakeup,1.0,0,False,fit-prefix median with separate observation mask
iot__entity_stale__withings_wakeup_count,1.0,0,False,fit-prefix median with separate observation mask
iot__entity_stale__withings_wakeup_time,1.0,0,False,fit-prefix median with separate observation mask
iot__events_entity_unique,0.0,0,False,fit-prefix median with separate observation mask
iot__events_total,0.0,0,False,fit-prefix median with separate observation mask
iot__events_update_any,0.0,0,False,fit-prefix median with separate observation mask
iot__kasa_smart_plug_pid_024__binary_sensor__cloud_connection__state,0.0,613292,True,fit-prefix median with separate observation mask
iot__kasa_smart_plug_pid_024__binary_sensor__cloud_connection__state__nonfinite_mask,1.0,0,False,fit-prefix median with separate observation mask
iot__kasa_smart_plug_pid_024__sensor__current__value,0.029999999329447746,544922,False,fit-prefix median with separate observation mask
iot__kasa_smart_plug_pid_024__sensor__current__value__nonfinite_mask,1.0,0,False,fit-prefix median with separate observation mask
iot__kasa_smart_plug_pid_024__sensor__current_consumption__value,2.5,517567,False,fit-prefix median with separate observation mask
iot__kasa_smart_plug_pid_024__sensor__current_consumption__value__nonfinite_mask,1.0,0,False,fit-prefix median with separate observation mask
iot__kasa_smart_plug_pid_024__sensor__signal_strength__value,-47.0,521732,False,fit-prefix median with separate observation mask
iot__kasa_smart_plug_pid_024__sensor__signal_strength__value__nonfinite_mask,1.0,0,False,fit-prefix median with separate observation mask
iot__kasa_smart_plug_pid_024__sensor__this_month_s_consumption__value,0.5580000281333923,518622,False,fit-prefix median with separate observation mask
iot__kasa_smart_plug_pid_024__sensor__this_month_s_consumption__value__nonfinite_mask,1.0,0,False,fit-prefix median with separate observation mask
iot__kasa_smart_plug_pid_024__sensor__today_s_consumption__value,0.03200000151991844,518622,False,fit-prefix median with separate observation mask
iot__kasa_smart_plug_pid_024__sensor__today_s_consumption__value__nonfinite_mask,1.0,0,False,fit-prefix median with separate observation mask
iot__kasa_smart_plug_pid_024__sensor__total_consumption__value,0.5370000004768372,518647,False,fit-prefix median with separate observation mask
iot__kasa_smart_plug_pid_024__sensor__total_consumption__value__nonfinite_mask,1.0,0,False,fit-prefix median with separate observation mask
iot__kasa_smart_plug_pid_024__sensor__voltage__value,242.0,517552,False,fit-prefix median with separate observation mask
iot__kasa_smart_plug_pid_024__sensor__voltage__value__nonfinite_mask,1.0,0,False,fit-prefix median with separate observation mask
iot__kasa_smart_plug_pid_024__switch__led__state,0.0,613292,True,fit-prefix median with separate observation mask
iot__kasa_smart_plug_pid_024__switch__led__state__nonfinite_mask,1.0,0,False,fit-prefix median with separate observation mask
iot__kasa_smart_plug_pid_024__switch__state__state,0.0,613292,True,fit-prefix median with separate observation mask
iot__kasa_smart_plug_pid_024__switch__state__state__nonfinite_mask,1.0,0,False,fit-prefix median with separate observation mask
iot__lifx_color_6757ce__light__state__state,0.0,99240,False,fit-prefix median with separate observation mask
iot__lifx_color_6757ce__light__state__state__nonfinite_mask,0.0,0,False,fit-prefix median with separate observation mask
iot__lifx_color_6757ce__light__state__value,0.0,99240,False,fit-prefix median with separate observation mask
iot__lifx_color_6757ce__light__state__value__nonfinite_mask,0.0,0,False,fit-prefix median with separate observation mask
iot__lifx_color_6757ce__sensor__rssi__value,-61.0,0,False,fit-prefix median with separate observation mask
iot__mi_box__media_player__state__state,0.0,8421,False,fit-prefix median with separate observation mask
iot__mi_box__media_player__state__state__nonfinite_mask,0.0,0,False,fit-prefix median with separate observation mask
iot__mi_box__media_player__state__volume_level,0.6669999957084656,8421,False,fit-prefix median with separate observation mask
iot__mi_box__media_player__state__volume_level__nonfinite_mask,0.0,0,False,fit-prefix median with separate observation mask
iot__mi_box__remote__state__state,0.0,8435,False,fit-prefix median with separate observation mask
iot__mi_box__remote__state__state__nonfinite_mask,0.0,0,False,fit-prefix median with separate observation mask
iot__mi_box__remote__state__value,0.0,8435,False,fit-prefix median with separate observation mask
iot__mi_box__remote__state__value__nonfinite_mask,0.0,0,False,fit-prefix median with separate observation mask
iot__motion_sensor_pid_008__binary_sensor__occupancy__state,0.0,0,False,fit-prefix median with separate observation mask
iot__motion_sensor_pid_008__select__keep_time__value,0.0,613292,True,fit-prefix median with separate observation mask
iot__motion_sensor_pid_008__select__keep_time__value__nonfinite_mask,1.0,0,False,fit-prefix median with separate observation mask
iot__motion_sensor_pid_008__sensor__battery__value,0.0,613292,True,fit-prefix median with separate observation mask
iot__motion_sensor_pid_008__sensor__battery__value__nonfinite_mask,1.0,0,False,fit-prefix median with separate observation mask
iot__motion_sensor_pid_008__sensor__illuminance__value,634.0,0,False,fit-prefix median with separate observation mask
iot__motion_sensor_pid_008__sensor__linkquality__value,168.0,0,False,fit-prefix median with separate observation mask
iot__motion_sensor_pid_062__binary_sensor__occupancy__state,0.0,4759,False,fit-prefix median with separate observation mask
iot__motion_sensor_pid_062__binary_sensor__occupancy__state__nonfinite_mask,0.0,0,False,fit-prefix median with separate observation mask
iot__motion_sensor_pid_062__sensor__battery__value,0.0,613292,True,fit-prefix median with separate observation mask
iot__motion_sensor_pid_062__sensor__battery__value__nonfinite_mask,1.0,0,False,fit-prefix median with separate observation mask
iot__motion_sensor_pid_062__sensor__illuminance__value,5.0,0,False,fit-prefix median with separate observation mask
iot__motion_sensor_pid_062__sensor__linkquality__value,105.0,0,False,fit-prefix median with separate observation mask
iot__motion_sensor_pid_062__sensor__temperature__value,20.899999618530273,3532,False,fit-prefix median with separate observation mask
iot__motion_sensor_pid_062__sensor__temperature__value__nonfinite_mask,0.0,0,False,fit-prefix median with separate observation mask
iot__motion_sensor_pid_075__binary_sensor__occupancy__state,0.0,7827,False,fit-prefix median with separate observation mask
iot__motion_sensor_pid_075__binary_sensor__occupancy__state__nonfinite_mask,0.0,0,False,fit-prefix median with separate observation mask
iot__motion_sensor_pid_075__sensor__battery__value,0.0,613292,True,fit-prefix median with separate observation mask
iot__motion_sensor_pid_075__sensor__battery__value__nonfinite_mask,1.0,0,False,fit-prefix median with separate observation mask
iot__motion_sensor_pid_075__sensor__device_temperature__value,23.0,2404,False,fit-prefix median with separate observation mask
iot__motion_sensor_pid_075__sensor__device_temperature__value__nonfinite_mask,0.0,0,False,fit-prefix median with separate observation mask
iot__motion_sensor_pid_075__sensor__illuminance__value,4.0,5705,False,fit-prefix median with separate observation mask
iot__motion_sensor_pid_075__sensor__illuminance__value__nonfinite_mask,0.0,0,False,fit-prefix median with separate observation mask
iot__motion_sensor_pid_075__sensor__linkquality__value,132.0,2404,False,fit-prefix median with separate observation mask
iot__motion_sensor_pid_075__sensor__linkquality__value__nonfinite_mask,0.0,0,False,fit-prefix median with separate observation mask
iot__motion_sensor_pid_075__sensor__power_outage_count__value,0.0,613292,True,fit-prefix median with separate observation mask
iot__motion_sensor_pid_075__sensor__power_outage_count__value__nonfinite_mask,1.0,0,False,fit-prefix median with separate observation mask
iot__motion_sensor_pid_075__sensor__voltage__value,0.0,613292,True,fit-prefix median with separate observation mask
iot__motion_sensor_pid_075__sensor__voltage__value__nonfinite_mask,1.0,0,False,fit-prefix median with separate observation mask
iot__motion_sensor_pid_138__binary_sensor__occupancy__state,0.0,0,False,fit-prefix median with separate observation mask
iot__motion_sensor_pid_138__sensor__battery__value,0.0,613292,True,fit-prefix median with separate observation mask
iot__motion_sensor_pid_138__sensor__battery__value__nonfinite_mask,1.0,0,False,fit-prefix median with separate observation mask
iot__motion_sensor_pid_138__sensor__linkquality__value,168.0,679,False,fit-prefix median with separate observation mask
iot__motion_sensor_pid_138__sensor__linkquality__value__nonfinite_mask,0.0,0,False,fit-prefix median with separate observation mask
iot__motion_sensor_pid_138__sensor__power_outage_count__value,0.0,613292,True,fit-prefix median with separate observation mask
iot__motion_sensor_pid_138__sensor__power_outage_count__value__nonfinite_mask,1.0,0,False,fit-prefix median with separate observation mask
iot__motion_sensor_pid_138__sensor__voltage__value,3145.0,152134,False,fit-prefix median with separate observation mask
iot__motion_sensor_pid_138__sensor__voltage__value__nonfinite_mask,0.0,0,False,fit-prefix median with separate observation mask
iot__multipurpose_sensor_pid_003__binary_sensor__contact__state,0.0,92519,False,fit-prefix median with separate observation mask
iot__multipurpose_sensor_pid_003__binary_sensor__contact__state__nonfinite_mask,0.0,0,False,fit-prefix median with separate observation mask
iot__multipurpose_sensor_pid_003__sensor__battery__value,0.0,613292,True,fit-prefix median with separate observation mask
iot__multipurpose_sensor_pid_003__sensor__battery__value__nonfinite_mask,1.0,0,False,fit-prefix median with separate observation mask
iot__multipurpose_sensor_pid_003__sensor__linkquality__value,168.0,0,False,fit-prefix median with separate observation mask
iot__multipurpose_sensor_pid_003__sensor__temperature__value,22.700000762939453,92,False,fit-prefix median with separate observation mask
iot__multipurpose_sensor_pid_003__sensor__temperature__value__nonfinite_mask,0.0,0,False,fit-prefix median with separate observation mask
iot__multipurpose_sensor_pid_003__sensor__x_axis__value,-14.0,8104,False,fit-prefix median with separate observation mask
iot__multipurpose_sensor_pid_003__sensor__x_axis__value__nonfinite_mask,0.0,0,False,fit-prefix median with separate observation mask
iot__multipurpose_sensor_pid_003__sensor__y_axis__value,44.0,8104,False,fit-prefix median with separate observation mask
iot__multipurpose_sensor_pid_003__sensor__y_axis__value__nonfinite_mask,0.0,0,False,fit-prefix median with separate observation mask
iot__multipurpose_sensor_pid_003__sensor__z_axis__value,-1030.0,8104,False,fit-prefix median with separate observation mask
iot__multipurpose_sensor_pid_003__sensor__z_axis__value__nonfinite_mask,0.0,0,False,fit-prefix median with separate observation mask
iot__multipurpose_sensor_pid_006__binary_sensor__contact__state,0.0,7830,False,fit-prefix median with separate observation mask
iot__multipurpose_sensor_pid_006__binary_sensor__contact__state__nonfinite_mask,0.0,0,False,fit-prefix median with separate observation mask
iot__multipurpose_sensor_pid_006__sensor__battery__value,0.0,613292,True,fit-prefix median with separate observation mask
iot__multipurpose_sensor_pid_006__sensor__battery__value__nonfinite_mask,1.0,0,False,fit-prefix median with separate observation mask
iot__multipurpose_sensor_pid_006__sensor__linkquality__value,168.0,0,False,fit-prefix median with separate observation mask
iot__multipurpose_sensor_pid_006__sensor__temperature__value,21.600000381469727,0,False,fit-prefix median with separate observation mask
iot__multipurpose_sensor_pid_006__sensor__x_axis__value,26.0,7836,False,fit-prefix median with separate observation mask
iot__multipurpose_sensor_pid_006__sensor__x_axis__value__nonfinite_mask,0.0,0,False,fit-prefix median with separate observation mask
iot__multipurpose_sensor_pid_006__sensor__y_axis__value,1007.0,7836,False,fit-prefix median with separate observation mask
iot__multipurpose_sensor_pid_006__sensor__y_axis__value__nonfinite_mask,0.0,0,False,fit-prefix median with separate observation mask
iot__multipurpose_sensor_pid_006__sensor__z_axis__value,0.0,7836,False,fit-prefix median with separate observation mask
iot__multipurpose_sensor_pid_006__sensor__z_axis__value__nonfinite_mask,0.0,0,False,fit-prefix median with separate observation mask
iot__obs_present,0.0,0,False,fit-prefix median with separate observation mask
iot__s5_max__binary_sensor__cleaning__state,0.0,26569,False,fit-prefix median with separate observation mask
iot__s5_max__binary_sensor__cleaning__state__nonfinite_mask,0.0,0,False,fit-prefix median with separate observation mask
iot__s5_max__sensor__battery__value,100.0,26569,False,fit-prefix median with separate observation mask
iot__s5_max__sensor__battery__value__nonfinite_mask,0.0,0,False,fit-prefix median with separate observation mask
iot__s5_max__vacuum__state__battery_level,100.0,26569,False,fit-prefix median with separate observation mask
iot__s5_max__vacuum__state__battery_level__nonfinite_mask,0.0,0,False,fit-prefix median with separate observation mask
iot__s5_max_charging__binary_sensor__state__state,1.0,26569,False,fit-prefix median with separate observation mask
iot__s5_max_charging__binary_sensor__state__state__nonfinite_mask,0.0,0,False,fit-prefix median with separate observation mask
iot__s5_max_cleaning_area__sensor__state__value,16.299999237060547,26569,False,fit-prefix median with separate observation mask
iot__s5_max_cleaning_area__sensor__state__value__nonfinite_mask,0.0,0,False,fit-prefix median with separate observation mask
iot__s5_max_cleaning_time__sensor__state__value,978.0,26569,False,fit-prefix median with separate observation mask
iot__s5_max_cleaning_time__sensor__state__value__nonfinite_mask,0.0,0,False,fit-prefix median with separate observation mask
iot__s5_max_filter_time_left__sensor__state__value,514792.0,26569,False,fit-prefix median with separate observation mask
iot__s5_max_filter_time_left__sensor__state__value__nonfinite_mask,0.0,0,False,fit-prefix median with separate observation mask
iot__s5_max_main_brush_time_left__sensor__state__value,1054792.0,26569,False,fit-prefix median with separate observation mask
iot__s5_max_main_brush_time_left__sensor__state__value__nonfinite_mask,0.0,0,False,fit-prefix median with separate observation mask
iot__s5_max_mop_attached__binary_sensor__state__state__nonfinite_mask,0.0,0,False,fit-prefix median with separate observation mask
iot__s5_max_sensor_time_left__sensor__state__value,82792.0,26569,False,fit-prefix median with separate observation mask
iot__s5_max_sensor_time_left__sensor__state__value__nonfinite_mask,0.0,0,False,fit-prefix median with separate observation mask
iot__s5_max_side_brush_time_left__sensor__state__value,694792.0,26569,False,fit-prefix median with separate observation mask
iot__s5_max_side_brush_time_left__sensor__state__value__nonfinite_mask,0.0,0,False,fit-prefix median with separate observation mask
iot__s5_max_total_cleaning_area__sensor__state__value,334.0,26569,False,fit-prefix median with separate observation mask
iot__s5_max_total_cleaning_area__sensor__state__value__nonfinite_mask,0.0,0,False,fit-prefix median with separate observation mask
iot__s5_max_total_cleaning_count__sensor__state__value,64.0,26569,False,fit-prefix median with separate observation mask
iot__s5_max_total_cleaning_count__sensor__state__value__nonfinite_mask,0.0,0,False,fit-prefix median with separate observation mask
iot__s5_max_total_cleaning_time__sensor__state__value,25208.0,26569,False,fit-prefix median with separate observation mask
iot__s5_max_total_cleaning_time__sensor__state__value__nonfinite_mask,0.0,0,False,fit-prefix median with separate observation mask
iot__s5_max_water_box_attached__binary_sensor__state__state__nonfinite_mask,0.0,0,False,fit-prefix median with separate observation mask
iot__smart_light_pid_002__light__state__brightness,255.0,268999,False,fit-prefix median with separate observation mask
iot__smart_light_pid_002__light__state__brightness__nonfinite_mask,0.0,0,False,fit-prefix median with separate observation mask
iot__smart_light_pid_002__light__state__color_temp,250.0,268999,False,fit-prefix median with separate observation mask
iot__smart_light_pid_002__light__state__color_temp__nonfinite_mask,0.0,0,False,fit-prefix median with separate observation mask
iot__smart_light_pid_002__light__state__color_temp_kelvin,4000.0,268999,False,fit-prefix median with separate observation mask
iot__smart_light_pid_002__light__state__color_temp_kelvin__nonfinite_mask,0.0,0,False,fit-prefix median with separate observation mask
iot__smart_light_pid_002__light__state__rgb_color,255206160.0,268999,False,fit-prefix median with separate observation mask
iot__smart_light_pid_002__light__state__rgb_color__nonfinite_mask,0.0,0,False,fit-prefix median with separate observation mask
iot__smart_light_pid_002__light__state__state,0.0,268999,False,fit-prefix median with separate observation mask
iot__smart_light_pid_002__light__state__state__nonfinite_mask,0.0,0,False,fit-prefix median with separate observation mask
iot__smart_light_pid_002__light__state__value,0.0,268999,False,fit-prefix median with separate observation mask
iot__smart_light_pid_002__light__state__value__nonfinite_mask,0.0,0,False,fit-prefix median with separate observation mask
iot__smart_light_pid_002__select__power_on_behavior__state,0.0,613292,True,fit-prefix median with separate observation mask
iot__smart_light_pid_002__select__power_on_behavior__state__nonfinite_mask,1.0,0,False,fit-prefix median with separate observation mask
iot__smart_light_pid_002__select__power_on_behavior__value,0.0,613292,True,fit-prefix median with separate observation mask
iot__smart_light_pid_002__select__power_on_behavior__value__nonfinite_mask,1.0,0,False,fit-prefix median with separate observation mask
iot__smart_light_pid_002__sensor__linkquality__value,168.0,92106,False,fit-prefix median with separate observation mask
iot__smart_light_pid_002__sensor__linkquality__value__nonfinite_mask,0.0,0,False,fit-prefix median with separate observation mask
iot__smart_light_strip_pid_147__light__state__brightness,84.0,8690,False,fit-prefix median with separate observation mask
iot__smart_light_strip_pid_147__light__state__brightness__nonfinite_mask,0.0,0,False,fit-prefix median with separate observation mask
iot__smart_light_strip_pid_147__light__state__rgb_color,25515520.0,8690,False,fit-prefix median with separate observation mask
iot__smart_light_strip_pid_147__light__state__rgb_color__nonfinite_mask,0.0,0,False,fit-prefix median with separate observation mask
iot__smart_light_strip_pid_147__light__state__state,0.0,8690,False,fit-prefix median with separate observation mask
iot__smart_light_strip_pid_147__light__state__state__nonfinite_mask,0.0,0,False,fit-prefix median with separate observation mask
iot__smart_light_strip_pid_147__light__state__value,0.0,8690,False,fit-prefix median with separate observation mask
iot__smart_light_strip_pid_147__light__state__value__nonfinite_mask,0.0,0,False,fit-prefix median with separate observation mask
iot__smart_light_strip_pid_147__sensor__linkquality__value,87.0,8690,False,fit-prefix median with separate observation mask
iot__smart_light_strip_pid_147__sensor__linkquality__value__nonfinite_mask,0.0,0,False,fit-prefix median with separate observation mask
iot__smart_plug__sensor__current__value,0.05000000074505806,517541,False,fit-prefix median with separate observation mask
iot__smart_plug__sensor__current__value__nonfinite_mask,1.0,0,False,fit-prefix median with separate observation mask
iot__smart_plug__sensor__signal_level__value,2.0,521778,False,fit-prefix median with separate observation mask
iot__smart_plug__sensor__signal_level__value__nonfinite_mask,1.0,0,False,fit-prefix median with separate observation mask
iot__smart_plug__sensor__signal_strength__value,-52.0,517561,False,fit-prefix median with separate observation mask
iot__smart_plug__sensor__signal_strength__value__nonfinite_mask,1.0,0,False,fit-prefix median with separate observation mask
iot__smart_plug__sensor__voltage__value,243.0,517541,False,fit-prefix median with separate observation mask
iot__smart_plug__sensor__voltage__value__nonfinite_mask,1.0,0,False,fit-prefix median with separate observation mask
iot__smart_plug__switch__state__state,0.0,613292,True,fit-prefix median with separate observation mask
iot__smart_plug__switch__state__state__nonfinite_mask,1.0,0,False,fit-prefix median with separate observation mask
iot__smart_plug_auto_update_enabled__switch__state__state,0.0,613292,True,fit-prefix median with separate observation mask
iot__smart_plug_auto_update_enabled__switch__state__state__nonfinite_mask,1.0,0,False,fit-prefix median with separate observation mask
iot__smart_plug_cloud_connection__binary_sensor__state__state,0.0,613292,True,fit-prefix median with separate observation mask
iot__smart_plug_cloud_connection__binary_sensor__state__state__nonfinite_mask,1.0,0,False,fit-prefix median with separate observation mask
iot__smart_plug_current__sensor__consumption__value,0.0,517547,False,fit-prefix median with separate observation mask
iot__smart_plug_current__sensor__consumption__value__nonfinite_mask,1.0,0,False,fit-prefix median with separate observation mask
iot__smart_plug_led__switch__state__state,0.0,613292,True,fit-prefix median with separate observation mask
iot__smart_plug_led__switch__state__state__nonfinite_mask,1.0,0,False,fit-prefix median with separate observation mask
iot__smart_plug_ps5__sensor__current__value,0.07000000029802322,517540,False,fit-prefix median with separate observation mask
iot__smart_plug_ps5__sensor__current__value__nonfinite_mask,1.0,0,False,fit-prefix median with separate observation mask
iot__smart_plug_ps5__sensor__signal_level__value,2.0,529021,False,fit-prefix median with separate observation mask
iot__smart_plug_ps5__sensor__signal_level__value__nonfinite_mask,1.0,0,False,fit-prefix median with separate observation mask
iot__smart_plug_ps5__sensor__signal_strength__value,-62.0,517590,False,fit-prefix median with separate observation mask
iot__smart_plug_ps5__sensor__signal_strength__value__nonfinite_mask,1.0,0,False,fit-prefix median with separate observation mask
iot__smart_plug_ps5__sensor__voltage__value,243.0,517540,False,fit-prefix median with separate observation mask
iot__smart_plug_ps5__sensor__voltage__value__nonfinite_mask,1.0,0,False,fit-prefix median with separate observation mask
iot__smart_plug_ps5__switch__state__state,0.0,613292,True,fit-prefix median with separate observation mask
iot__smart_plug_ps5__switch__state__state__nonfinite_mask,1.0,0,False,fit-prefix median with separate observation mask
iot__smart_plug_ps5_auto_off_enabled__switch__state__state__nonfinite_mask,1.0,0,False,fit-prefix median with separate observation mask
iot__smart_plug_ps5_auto_update_enabled__switch__state__state,0.0,613292,True,fit-prefix median with separate observation mask
iot__smart_plug_ps5_auto_update_enabled__switch__state__state__nonfinite_mask,1.0,0,False,fit-prefix median with separate observation mask
iot__smart_plug_ps5_cloud_connection__binary_sensor__state__state,0.0,613292,True,fit-prefix median with separate observation mask
iot__smart_plug_ps5_cloud_connection__binary_sensor__state__state__nonfinite_mask,1.0,0,False,fit-prefix median with separate observation mask
iot__smart_plug_ps5_current__sensor__consumption__value,0.0,517546,False,fit-prefix median with separate observation mask
iot__smart_plug_ps5_current__sensor__consumption__value__nonfinite_mask,1.0,0,False,fit-prefix median with separate observation mask
iot__smart_plug_ps5_led__switch__state__state,0.0,613292,True,fit-prefix median with separate observation mask
iot__smart_plug_ps5_led__switch__state__state__nonfinite_mask,1.0,0,False,fit-prefix median with separate observation mask
iot__smart_plug_ps5_overheated__binary_sensor__state__state__nonfinite_mask,1.0,0,False,fit-prefix median with separate observation mask
iot__smart_plug_ps5_overloaded__binary_sensor__state__state__nonfinite_mask,1.0,0,False,fit-prefix median with separate observation mask
iot__smart_plug_ps5_power_protection__number__state__value__nonfinite_mask,1.0,0,False,fit-prefix median with separate observation mask
iot__smart_plug_ps5_this_month_s__sensor__consumption__value,3.950000047683716,532786,False,fit-prefix median with separate observation mask
iot__smart_plug_ps5_this_month_s__sensor__consumption__value__nonfinite_mask,1.0,0,False,fit-prefix median with separate observation mask
iot__smart_plug_ps5_today_s__sensor__consumption__value,0.003000000026077032,532502,False,fit-prefix median with separate observation mask
iot__smart_plug_ps5_today_s__sensor__consumption__value__nonfinite_mask,1.0,0,False,fit-prefix median with separate observation mask
iot__smart_plug_ps5_turn_off_in__number__state__value,0.0,613292,True,fit-prefix median with separate observation mask
iot__smart_plug_ps5_turn_off_in__number__state__value__nonfinite_mask,1.0,0,False,fit-prefix median with separate observation mask
iot__smart_plug_this_month_s__sensor__consumption__value,0.8830000162124634,520196,False,fit-prefix median with separate observation mask
iot__smart_plug_this_month_s__sensor__consumption__value__nonfinite_mask,1.0,0,False,fit-prefix median with separate observation mask
iot__smart_plug_today_s__sensor__consumption__value,0.04699999839067459,520196,False,fit-prefix median with separate observation mask
iot__smart_plug_today_s__sensor__consumption__value__nonfinite_mask,1.0,0,False,fit-prefix median with separate observation mask
iot__smart_plug_turn_off_in__number__state__value,0.0,613292,True,fit-prefix median with separate observation mask
iot__smart_plug_turn_off_in__number__state__value__nonfinite_mask,1.0,0,False,fit-prefix median with separate observation mask
iot__temperature_and_humidity_pid_001__sensor__battery__value,0.0,613292,True,fit-prefix median with separate observation mask
iot__temperature_and_humidity_pid_001__sensor__battery__value__nonfinite_mask,1.0,0,False,fit-prefix median with separate observation mask
iot__temperature_and_humidity_pid_001__sensor__humidity__value,67.80000305175781,0,False,fit-prefix median with separate observation mask
iot__temperature_and_humidity_pid_001__sensor__linkquality__value,168.0,51,False,fit-prefix median with separate observation mask
iot__temperature_and_humidity_pid_001__sensor__linkquality__value__nonfinite_mask,0.0,0,False,fit-prefix median with separate observation mask
iot__temperature_and_humidity_pid_001__sensor__temperature__value,22.399999618530273,0,False,fit-prefix median with separate observation mask
iot__temperature_and_humidity_pid_001__sensor__voltage__value,0.0,613292,True,fit-prefix median with separate observation mask
iot__temperature_and_humidity_pid_001__sensor__voltage__value__nonfinite_mask,1.0,0,False,fit-prefix median with separate observation mask
iot__temperature_and_humidity_pid_070__sensor__battery__value,97.0,263971,False,fit-prefix median with separate observation mask
iot__temperature_and_humidity_pid_070__sensor__battery__value__nonfinite_mask,0.0,0,False,fit-prefix median with separate observation mask
iot__temperature_and_humidity_pid_070__sensor__humidity__value,59.900001525878906,221,False,fit-prefix median with separate observation mask
iot__temperature_and_humidity_pid_070__sensor__humidity__value__nonfinite_mask,0.0,0,False,fit-prefix median with separate observation mask
iot__temperature_and_humidity_pid_070__sensor__linkquality__value,168.0,221,False,fit-prefix median with separate observation mask
iot__temperature_and_humidity_pid_070__sensor__linkquality__value__nonfinite_mask,0.0,0,False,fit-prefix median with separate observation mask
iot__temperature_and_humidity_pid_070__sensor__pressure__value,1037.0,221,False,fit-prefix median with separate observation mask
iot__temperature_and_humidity_pid_070__sensor__pressure__value__nonfinite_mask,0.0,0,False,fit-prefix median with separate observation mask
iot__temperature_and_humidity_pid_070__sensor__temperature__value,23.299999237060547,221,False,fit-prefix median with separate observation mask
iot__temperature_and_humidity_pid_070__sensor__temperature__value__nonfinite_mask,0.0,0,False,fit-prefix median with separate observation mask
iot__temperature_and_humidity_pid_070__sensor__voltage__value,2995.0,3673,False,fit-prefix median with separate observation mask
iot__temperature_and_humidity_pid_070__sensor__voltage__value__nonfinite_mask,0.0,0,False,fit-prefix median with separate observation mask
iot__temperature_and_humidity_pid_073__sensor__battery__value,83.0,32318,False,fit-prefix median with separate observation mask
iot__temperature_and_humidity_pid_073__sensor__battery__value__nonfinite_mask,0.0,0,False,fit-prefix median with separate observation mask
iot__temperature_and_humidity_pid_073__sensor__humidity__value,71.19999694824219,2695,False,fit-prefix median with separate observation mask
iot__temperature_and_humidity_pid_073__sensor__humidity__value__nonfinite_mask,0.0,0,False,fit-prefix median with separate observation mask
iot__temperature_and_humidity_pid_073__sensor__linkquality__value,90.0,2695,False,fit-prefix median with separate observation mask
iot__temperature_and_humidity_pid_073__sensor__linkquality__value__nonfinite_mask,0.0,0,False,fit-prefix median with separate observation mask
iot__temperature_and_humidity_pid_073__sensor__pressure__value,1044.0,2695,False,fit-prefix median with separate observation mask
iot__temperature_and_humidity_pid_073__sensor__pressure__value__nonfinite_mask,0.0,0,False,fit-prefix median with separate observation mask
iot__temperature_and_humidity_pid_073__sensor__temperature__value,19.899999618530273,2695,False,fit-prefix median with separate observation mask
iot__temperature_and_humidity_pid_073__sensor__temperature__value__nonfinite_mask,0.0,0,False,fit-prefix median with separate observation mask
iot__temperature_and_humidity_pid_073__sensor__voltage__value,2975.0,32318,False,fit-prefix median with separate observation mask
iot__temperature_and_humidity_pid_073__sensor__voltage__value__nonfinite_mask,0.0,0,False,fit-prefix median with separate observation mask
iot__twinguard_087__sensor__humidity__value,62.099998474121094,0,False,fit-prefix median with separate observation mask
iot__twinguard_087__sensor__purity__value,600.0,0,False,fit-prefix median with separate observation mask
iot__twinguard_087__sensor__temperature__value,22.399999618530273,0,False,fit-prefix median with separate observation mask
iot__twinguard_088__sensor__humidity__value,60.79999923706055,0,False,fit-prefix median with separate observation mask
iot__twinguard_088__sensor__purity__value,590.0,0,False,fit-prefix median with separate observation mask
iot__twinguard_088__sensor__temperature__value,23.5,0,False,fit-prefix median with separate observation mask
iot__unknown_70_ee_50_7a_e5_2c__binary_sensor__connectivity__state,1.0,78813,False,fit-prefix median with separate observation mask
iot__unknown_70_ee_50_7a_e5_2c__binary_sensor__connectivity__state__nonfinite_mask,0.0,0,False,fit-prefix median with separate observation mask
iot__unknown_70_ee_50_7a_e5_2c__sensor__anemometer_gust_angle__value,294.0,0,False,fit-prefix median with separate observation mask
iot__unknown_70_ee_50_7a_e5_2c__sensor__anemometer_gust_strength__value,11.0,0,False,fit-prefix median with separate observation mask
iot__unknown_70_ee_50_7a_e5_2c__sensor__anemometer_wind_angle__value,251.0,0,False,fit-prefix median with separate observation mask
iot__unknown_70_ee_50_7a_e5_2c__sensor__anemometer_wind_speed__value,6.0,0,False,fit-prefix median with separate observation mask
iot__unknown_70_ee_50_7a_e5_2c__sensor__atmospheric_pressure__value,1015.0,2132,False,fit-prefix median with separate observation mask
iot__unknown_70_ee_50_7a_e5_2c__sensor__atmospheric_pressure__value__nonfinite_mask,0.0,0,False,fit-prefix median with separate observation mask
iot__unknown_70_ee_50_7a_e5_2c__sensor__carbon_dioxide__value,545.0,0,False,fit-prefix median with separate observation mask
iot__unknown_70_ee_50_7a_e5_2c__sensor__humidity__value,59.0,5372,False,fit-prefix median with separate observation mask
iot__unknown_70_ee_50_7a_e5_2c__sensor__humidity__value__nonfinite_mask,0.0,0,False,fit-prefix median with separate observation mask
iot__unknown_70_ee_50_7a_e5_2c__sensor__noise__value,36.0,0,False,fit-prefix median with separate observation mask
iot__unknown_70_ee_50_7a_e5_2c__sensor__outdoor_humidity__value,78.0,332,False,fit-prefix median with separate observation mask
iot__unknown_70_ee_50_7a_e5_2c__sensor__outdoor_humidity__value__nonfinite_mask,0.0,0,False,fit-prefix median with separate observation mask
iot__unknown_70_ee_50_7a_e5_2c__sensor__outdoor_temperature__value,17.899999618530273,0,False,fit-prefix median with separate observation mask
iot__unknown_70_ee_50_7a_e5_2c__sensor__rain_gauge_battery__value,67.0,70533,False,fit-prefix median with separate observation mask
iot__unknown_70_ee_50_7a_e5_2c__sensor__rain_gauge_battery__value__nonfinite_mask,0.0,0,False,fit-prefix median with separate observation mask
iot__unknown_70_ee_50_7a_e5_2c__sensor__rain_gauge_precipitation__value,0.0,136954,False,fit-prefix median with separate observation mask
iot__unknown_70_ee_50_7a_e5_2c__sensor__rain_gauge_precipitation__value__nonfinite_mask,0.0,0,False,fit-prefix median with separate observation mask
iot__unknown_70_ee_50_7a_e5_2c__sensor__rain_gauge_precipitation_last_hour__value,0.0,136954,False,fit-prefix median with separate observation mask
iot__unknown_70_ee_50_7a_e5_2c__sensor__rain_gauge_precipitation_last_hour__value__nonfinite_mask,0.0,0,False,fit-prefix median with separate observation mask
iot__unknown_70_ee_50_7a_e5_2c__sensor__rain_gauge_precipitation_today__value,0.10000000149011612,136954,False,fit-prefix median with separate observation mask
iot__unknown_70_ee_50_7a_e5_2c__sensor__rain_gauge_precipitation_today__value__nonfinite_mask,0.0,0,False,fit-prefix median with separate observation mask
iot__unknown_70_ee_50_7a_e5_2c__sensor__reachability__state,1.0,78813,False,fit-prefix median with separate observation mask
iot__unknown_70_ee_50_7a_e5_2c__sensor__reachability__state__nonfinite_mask,0.0,0,False,fit-prefix median with separate observation mask
iot__unknown_70_ee_50_7a_e5_2c__sensor__temperature__value,22.5,2132,False,fit-prefix median with separate observation mask
iot__unknown_70_ee_50_7a_e5_2c__sensor__temperature__value__nonfinite_mask,0.0,0,False,fit-prefix median with separate observation mask
iot__vibration_sensor_pid_078__binary_sensor__vibration__state,0.0,8104,False,fit-prefix median with separate observation mask
iot__vibration_sensor_pid_078__binary_sensor__vibration__state__nonfinite_mask,0.0,0,False,fit-prefix median with separate observation mask
iot__vibration_sensor_pid_078__number__sensitivity__value,0.0,613292,True,fit-prefix median with separate observation mask
iot__vibration_sensor_pid_078__number__sensitivity__value__nonfinite_mask,1.0,0,False,fit-prefix median with separate observation mask
iot__vibration_sensor_pid_078__sensor__angle_z__value,0.0,613292,True,fit-prefix median with separate observation mask
iot__vibration_sensor_pid_078__sensor__angle_z__value__nonfinite_mask,1.0,0,False,fit-prefix median with separate observation mask
iot__vibration_sensor_pid_078__sensor__battery__value,0.0,613292,True,fit-prefix median with separate observation mask
iot__vibration_sensor_pid_078__sensor__battery__value__nonfinite_mask,1.0,0,False,fit-prefix median with separate observation mask
iot__vibration_sensor_pid_078__sensor__device_temperature__value,24.0,0,False,fit-prefix median with separate observation mask
iot__vibration_sensor_pid_078__sensor__linkquality__value,90.0,0,False,fit-prefix median with separate observation mask
iot__vibration_sensor_pid_078__sensor__power_outage_count__value,90.0,507645,False,fit-prefix median with separate observation mask
iot__vibration_sensor_pid_078__sensor__power_outage_count__value__nonfinite_mask,1.0,0,False,fit-prefix median with separate observation mask
iot__vibration_sensor_pid_078__sensor__strength__value,30.0,5013,False,fit-prefix median with separate observation mask
iot__vibration_sensor_pid_078__sensor__strength__value__nonfinite_mask,0.0,0,False,fit-prefix median with separate observation mask
iot__vibration_sensor_pid_078__sensor__voltage__value,3045.0,69271,False,fit-prefix median with separate observation mask
iot__vibration_sensor_pid_078__sensor__voltage__value__nonfinite_mask,0.0,0,False,fit-prefix median with separate observation mask
iot__vibration_sensor_pid_078__sensor__x_axis__value,0.0,613292,True,fit-prefix median with separate observation mask
iot__vibration_sensor_pid_078__sensor__x_axis__value__nonfinite_mask,1.0,0,False,fit-prefix median with separate observation mask
iot__vibration_sensor_pid_078__sensor__y_axis__value,0.0,613292,True,fit-prefix median with separate observation mask
iot__vibration_sensor_pid_078__sensor__y_axis__value__nonfinite_mask,1.0,0,False,fit-prefix median with separate observation mask
iot__vibration_sensor_pid_078__sensor__z_axis__value,0.0,613292,True,fit-prefix median with separate observation mask
iot__vibration_sensor_pid_078__sensor__z_axis__value__nonfinite_mask,1.0,0,False,fit-prefix median with separate observation mask
iot__vibration_sensor_pid_079__binary_sensor__vibration__state,0.0,18716,False,fit-prefix median with separate observation mask
iot__vibration_sensor_pid_079__binary_sensor__vibration__state__nonfinite_mask,0.0,0,False,fit-prefix median with separate observation mask
iot__vibration_sensor_pid_079__number__sensitivity__value,0.0,613292,True,fit-prefix median with separate observation mask
iot__vibration_sensor_pid_079__number__sensitivity__value__nonfinite_mask,1.0,0,False,fit-prefix median with separate observation mask
iot__vibration_sensor_pid_079__sensor__angle_x__value,0.0,613292,True,fit-prefix median with separate observation mask
iot__vibration_sensor_pid_079__sensor__angle_x__value__nonfinite_mask,1.0,0,False,fit-prefix median with separate observation mask
iot__vibration_sensor_pid_079__sensor__angle_y__value,0.0,613292,True,fit-prefix median with separate observation mask
iot__vibration_sensor_pid_079__sensor__angle_y__value__nonfinite_mask,1.0,0,False,fit-prefix median with separate observation mask
iot__vibration_sensor_pid_079__sensor__angle_z__value,0.0,613292,True,fit-prefix median with separate observation mask
iot__vibration_sensor_pid_079__sensor__angle_z__value__nonfinite_mask,1.0,0,False,fit-prefix median with separate observation mask
iot__vibration_sensor_pid_079__sensor__battery__value,0.0,613292,True,fit-prefix median with separate observation mask
iot__vibration_sensor_pid_079__sensor__battery__value__nonfinite_mask,1.0,0,False,fit-prefix median with separate observation mask
iot__vibration_sensor_pid_079__sensor__device_temperature__value,28.0,1140,False,fit-prefix median with separate observation mask
iot__vibration_sensor_pid_079__sensor__device_temperature__value__nonfinite_mask,0.0,0,False,fit-prefix median with separate observation mask
iot__vibration_sensor_pid_079__sensor__linkquality__value,90.0,4531,False,fit-prefix median with separate observation mask
iot__vibration_sensor_pid_079__sensor__linkquality__value__nonfinite_mask,0.0,0,False,fit-prefix median with separate observation mask
iot__vibration_sensor_pid_079__sensor__power_outage_count__value,0.0,613292,True,fit-prefix median with separate observation mask
iot__vibration_sensor_pid_079__sensor__power_outage_count__value__nonfinite_mask,1.0,0,False,fit-prefix median with separate observation mask
iot__vibration_sensor_pid_079__sensor__strength__value,9.0,18956,False,fit-prefix median with separate observation mask
iot__vibration_sensor_pid_079__sensor__strength__value__nonfinite_mask,0.0,0,False,fit-prefix median with separate observation mask
iot__vibration_sensor_pid_079__sensor__voltage__value,3025.0,1140,False,fit-prefix median with separate observation mask
iot__vibration_sensor_pid_079__sensor__voltage__value__nonfinite_mask,0.0,0,False,fit-prefix median with separate observation mask
iot__vibration_sensor_pid_079__sensor__x_axis__value,0.0,613292,True,fit-prefix median with separate observation mask
iot__vibration_sensor_pid_079__sensor__x_axis__value__nonfinite_mask,1.0,0,False,fit-prefix median with separate observation mask
iot__vibration_sensor_pid_079__sensor__y_axis__value,0.0,613292,True,fit-prefix median with separate observation mask
iot__vibration_sensor_pid_079__sensor__y_axis__value__nonfinite_mask,1.0,0,False,fit-prefix median with separate observation mask
iot__vibration_sensor_pid_079__sensor__z_axis__value,0.0,613292,True,fit-prefix median with separate observation mask
iot__vibration_sensor_pid_079__sensor__z_axis__value__nonfinite_mask,1.0,0,False,fit-prefix median with separate observation mask
iot__water_leak_sensor_pid_083__sensor__battery__value,0.0,613292,True,fit-prefix median with separate observation mask
iot__water_leak_sensor_pid_083__sensor__battery__value__nonfinite_mask,1.0,0,False,fit-prefix median with separate observation mask
iot__water_leak_sensor_pid_083__sensor__device_temperature__value,23.0,22973,False,fit-prefix median with separate observation mask
iot__water_leak_sensor_pid_083__sensor__device_temperature__value__nonfinite_mask,0.0,0,False,fit-prefix median with separate observation mask
iot__water_leak_sensor_pid_083__sensor__linkquality__value,138.0,1943,False,fit-prefix median with separate observation mask
iot__water_leak_sensor_pid_083__sensor__linkquality__value__nonfinite_mask,0.0,0,False,fit-prefix median with separate observation mask
iot__water_leak_sensor_pid_083__sensor__power_outage_count__value,0.0,613292,True,fit-prefix median with separate observation mask
iot__water_leak_sensor_pid_083__sensor__power_outage_count__value__nonfinite_mask,1.0,0,False,fit-prefix median with separate observation mask
iot__water_leak_sensor_pid_083__sensor__voltage__value,3095.0,1943,False,fit-prefix median with separate observation mask
iot__water_leak_sensor_pid_083__sensor__voltage__value__nonfinite_mask,0.0,0,False,fit-prefix median with separate observation mask
iot__wireless_mini_switch_pid_080__sensor__battery__value,0.0,613292,True,fit-prefix median with separate observation mask
iot__wireless_mini_switch_pid_080__sensor__battery__value__nonfinite_mask,1.0,0,False,fit-prefix median with separate observation mask
iot__wireless_mini_switch_pid_080__sensor__device_temperature__value,24.0,21536,False,fit-prefix median with separate observation mask
iot__wireless_mini_switch_pid_080__sensor__device_temperature__value__nonfinite_mask,0.0,0,False,fit-prefix median with separate observation mask
iot__wireless_mini_switch_pid_080__sensor__linkquality__value,126.0,0,False,fit-prefix median with separate observation mask
iot__wireless_mini_switch_pid_080__sensor__power_outage_count__value,0.0,613292,True,fit-prefix median with separate observation mask
iot__wireless_mini_switch_pid_080__sensor__power_outage_count__value__nonfinite_mask,1.0,0,False,fit-prefix median with separate observation mask
iot__wireless_mini_switch_pid_080__sensor__voltage__value,3025.0,352588,False,fit-prefix median with separate observation mask
iot__wireless_mini_switch_pid_080__sensor__voltage__value__nonfinite_mask,1.0,0,False,fit-prefix median with separate observation mask
iot__withings_average_heart_rate__sensor__state__value,64.0,31215,False,fit-prefix median with separate observation mask
iot__withings_average_heart_rate__sensor__state__value__nonfinite_mask,0.0,0,False,fit-prefix median with separate observation mask
iot__withings_average_respiratory_rate__sensor__state__value,18.0,31215,False,fit-prefix median with separate observation mask
iot__withings_average_respiratory_rate__sensor__state__value__nonfinite_mask,0.0,0,False,fit-prefix median with separate observation mask
iot__withings_breathing_disturbances_intensity__sensor__state__value,21.0,31215,False,fit-prefix median with separate observation mask
iot__withings_breathing_disturbances_intensity__sensor__state__value__nonfinite_mask,0.0,0,False,fit-prefix median with separate observation mask
iot__withings_deep_sleep__sensor__state__value,1.9700000286102295,31215,False,fit-prefix median with separate observation mask
iot__withings_deep_sleep__sensor__state__value__nonfinite_mask,0.0,0,False,fit-prefix median with separate observation mask
iot__withings_light_sleep__sensor__state__value,3.4200000762939453,31215,False,fit-prefix median with separate observation mask
iot__withings_light_sleep__sensor__state__value__nonfinite_mask,0.0,0,False,fit-prefix median with separate observation mask
iot__withings_maximum_heart_rate__sensor__state__value,79.0,31215,False,fit-prefix median with separate observation mask
iot__withings_maximum_heart_rate__sensor__state__value__nonfinite_mask,0.0,0,False,fit-prefix median with separate observation mask
iot__withings_maximum_respiratory_rate__sensor__state__value,25.0,31215,False,fit-prefix median with separate observation mask
iot__withings_maximum_respiratory_rate__sensor__state__value__nonfinite_mask,0.0,0,False,fit-prefix median with separate observation mask
iot__withings_minimum_heart_rate__sensor__state__value,52.0,31215,False,fit-prefix median with separate observation mask
iot__withings_minimum_heart_rate__sensor__state__value__nonfinite_mask,0.0,0,False,fit-prefix median with separate observation mask
iot__withings_minimum_respiratory_rate__sensor__state__value,11.0,31215,False,fit-prefix median with separate observation mask
iot__withings_minimum_respiratory_rate__sensor__state__value__nonfinite_mask,0.0,0,False,fit-prefix median with separate observation mask
iot__withings_rem_sleep__sensor__state__value,2.130000114440918,31215,False,fit-prefix median with separate observation mask
iot__withings_rem_sleep__sensor__state__value__nonfinite_mask,0.0,0,False,fit-prefix median with separate observation mask
iot__withings_sleep_score__sensor__state__value,82.0,31215,False,fit-prefix median with separate observation mask
iot__withings_sleep_score__sensor__state__value__nonfinite_mask,0.0,0,False,fit-prefix median with separate observation mask
iot__withings_snoring__sensor__state__value,64.0,31215,False,fit-prefix median with separate observation mask
iot__withings_snoring__sensor__state__value__nonfinite_mask,0.0,0,False,fit-prefix median with separate observation mask
iot__withings_snoring_episode_count__sensor__state__value,9.0,31215,False,fit-prefix median with separate observation mask
iot__withings_snoring_episode_count__sensor__state__value__nonfinite_mask,0.0,0,False,fit-prefix median with separate observation mask
iot__withings_time_to_sleep__sensor__state__value,0.3330000042915344,31215,False,fit-prefix median with separate observation mask
iot__withings_time_to_sleep__sensor__state__value__nonfinite_mask,0.0,0,False,fit-prefix median with separate observation mask
iot__withings_time_to_wakeup__sensor__state__value,0.0,55478,False,fit-prefix median with separate observation mask
iot__withings_time_to_wakeup__sensor__state__value__nonfinite_mask,0.0,0,False,fit-prefix median with separate observation mask
iot__withings_wakeup_count__sensor__state__value,1.0,31215,False,fit-prefix median with separate observation mask
iot__withings_wakeup_count__sensor__state__value__nonfinite_mask,0.0,0,False,fit-prefix median with separate observation mask
iot__withings_wakeup_time__sensor__state__value,0.550000011920929,31215,False,fit-prefix median with separate observation mask
iot__withings_wakeup_time__sensor__state__value__nonfinite_mask,0.0,0,False,fit-prefix median with separate observation mask
net__obs_all,1.0,0,False,fit-prefix median with separate observation mask
ota24__action,0.0,212,False,fit-prefix median with separate observation mask
ota24__action__nonfinite_mask,0.0,0,False,fit-prefix median with separate observation mask
ota24__assoc_req,0.0,212,False,fit-prefix median with separate observation mask
ota24__assoc_req__nonfinite_mask,0.0,0,False,fit-prefix median with separate observation mask
ota24__assoc_resp,0.0,212,False,fit-prefix median with separate observation mask
ota24__assoc_resp__nonfinite_mask,0.0,0,False,fit-prefix median with separate observation mask
ota24__auth,0.0,212,False,fit-prefix median with separate observation mask
ota24__auth__nonfinite_mask,0.0,0,False,fit-prefix median with separate observation mask
ota24__beacon,9.0,212,False,fit-prefix median with separate observation mask
ota24__beacon__nonfinite_mask,0.0,0,False,fit-prefix median with separate observation mask
ota24__bssid_unique,1.0,212,False,fit-prefix median with separate observation mask
ota24__bssid_unique__nonfinite_mask,0.0,0,False,fit-prefix median with separate observation mask
ota24__bytes_total,5713.0,212,False,fit-prefix median with separate observation mask
ota24__bytes_total__nonfinite_mask,0.0,0,False,fit-prefix median with separate observation mask
ota24__da_unique,4.0,212,False,fit-prefix median with separate observation mask
ota24__da_unique__nonfinite_mask,0.0,0,False,fit-prefix median with separate observation mask
ota24__data,10.0,212,False,fit-prefix median with separate observation mask
ota24__data__nonfinite_mask,0.0,0,False,fit-prefix median with separate observation mask
ota24__deauth,0.0,212,False,fit-prefix median with separate observation mask
ota24__deauth__nonfinite_mask,0.0,0,False,fit-prefix median with separate observation mask
ota24__disassoc,0.0,212,False,fit-prefix median with separate observation mask
ota24__disassoc__nonfinite_mask,0.0,0,False,fit-prefix median with separate observation mask
ota24__mgmt,10.0,212,False,fit-prefix median with separate observation mask
ota24__mgmt__nonfinite_mask,0.0,0,False,fit-prefix median with separate observation mask
ota24__obs_present,1.0,0,False,fit-prefix median with separate observation mask
ota24__pkt_total,21.0,212,False,fit-prefix median with separate observation mask
ota24__pkt_total__nonfinite_mask,0.0,0,False,fit-prefix median with separate observation mask
ota24__probe_req,0.0,212,False,fit-prefix median with separate observation mask
ota24__probe_req__nonfinite_mask,0.0,0,False,fit-prefix median with separate observation mask
ota24__probe_resp,0.0,212,False,fit-prefix median with separate observation mask
ota24__probe_resp__nonfinite_mask,0.0,0,False,fit-prefix median with separate observation mask
ota24__rssi_max,-34.0,212,False,fit-prefix median with separate observation mask
ota24__rssi_max__nonfinite_mask,0.0,0,False,fit-prefix median with separate observation mask
ota24__rssi_mean,-39.266666412353516,212,False,fit-prefix median with separate observation mask
ota24__rssi_mean__nonfinite_mask,0.0,0,False,fit-prefix median with separate observation mask
ota24__rssi_min,-55.0,212,False,fit-prefix median with separate observation mask
ota24__rssi_min__nonfinite_mask,0.0,0,False,fit-prefix median with separate observation mask
ota24__rssi_n,21.0,212,False,fit-prefix median with separate observation mask
ota24__rssi_n__nonfinite_mask,0.0,0,False,fit-prefix median with separate observation mask
ota24__sa_unique,4.0,212,False,fit-prefix median with separate observation mask
ota24__sa_unique__nonfinite_mask,0.0,0,False,fit-prefix median with separate observation mask
ota24__traffic_present,1.0,212,False,fit-prefix median with separate observation mask
ota24__traffic_present__nonfinite_mask,0.0,0,False,fit-prefix median with separate observation mask
ota5__action,0.0,206,False,fit-prefix median with separate observation mask
ota5__action__nonfinite_mask,0.0,0,False,fit-prefix median with separate observation mask
ota5__assoc_req,0.0,206,False,fit-prefix median with separate observation mask
ota5__assoc_req__nonfinite_mask,0.0,0,False,fit-prefix median with separate observation mask
ota5__assoc_resp,0.0,206,False,fit-prefix median with separate observation mask
ota5__assoc_resp__nonfinite_mask,0.0,0,False,fit-prefix median with separate observation mask
ota5__auth,0.0,206,False,fit-prefix median with separate observation mask
ota5__auth__nonfinite_mask,0.0,0,False,fit-prefix median with separate observation mask
ota5__beacon,10.0,206,False,fit-prefix median with separate observation mask
ota5__beacon__nonfinite_mask,0.0,0,False,fit-prefix median with separate observation mask
ota5__bssid_unique,1.0,206,False,fit-prefix median with separate observation mask
ota5__bssid_unique__nonfinite_mask,0.0,0,False,fit-prefix median with separate observation mask
ota5__bytes_total,13891.0,206,False,fit-prefix median with separate observation mask
ota5__bytes_total__nonfinite_mask,0.0,0,False,fit-prefix median with separate observation mask
ota5__da_unique,2.0,206,False,fit-prefix median with separate observation mask
ota5__da_unique__nonfinite_mask,0.0,0,False,fit-prefix median with separate observation mask
ota5__data,3.0,206,False,fit-prefix median with separate observation mask
ota5__data__nonfinite_mask,0.0,0,False,fit-prefix median with separate observation mask
ota5__deauth,0.0,206,False,fit-prefix median with separate observation mask
ota5__deauth__nonfinite_mask,0.0,0,False,fit-prefix median with separate observation mask
ota5__disassoc,0.0,206,False,fit-prefix median with separate observation mask
ota5__disassoc__nonfinite_mask,0.0,0,False,fit-prefix median with separate observation mask
ota5__mgmt,22.0,206,False,fit-prefix median with separate observation mask
ota5__mgmt__nonfinite_mask,0.0,0,False,fit-prefix median with separate observation mask
ota5__obs_present,1.0,0,False,fit-prefix median with separate observation mask
ota5__pkt_total,25.0,206,False,fit-prefix median with separate observation mask
ota5__pkt_total__nonfinite_mask,0.0,0,False,fit-prefix median with separate observation mask
ota5__probe_req,0.0,206,False,fit-prefix median with separate observation mask
ota5__probe_req__nonfinite_mask,0.0,0,False,fit-prefix median with separate observation mask
ota5__probe_resp,0.0,206,False,fit-prefix median with separate observation mask
ota5__probe_resp__nonfinite_mask,0.0,0,False,fit-prefix median with separate observation mask
ota5__rssi_max,-24.0,206,False,fit-prefix median with separate observation mask
ota5__rssi_max__nonfinite_mask,0.0,0,False,fit-prefix median with separate observation mask
ota5__rssi_mean,-38.730770111083984,206,False,fit-prefix median with separate observation mask
ota5__rssi_mean__nonfinite_mask,0.0,0,False,fit-prefix median with separate observation mask
ota5__rssi_min,-60.0,206,False,fit-prefix median with separate observation mask
ota5__rssi_min__nonfinite_mask,0.0,0,False,fit-prefix median with separate observation mask
ota5__rssi_n,25.0,206,False,fit-prefix median with separate observation mask
ota5__rssi_n__nonfinite_mask,0.0,0,False,fit-prefix median with separate observation mask
ota5__sa_unique,5.0,206,False,fit-prefix median with separate observation mask
ota5__sa_unique__nonfinite_mask,0.0,0,False,fit-prefix median with separate observation mask
ota5__traffic_present,1.0,206,False,fit-prefix median with separate observation mask
ota5__traffic_present__nonfinite_mask,0.0,0,False,fit-prefix median with separate observation mask
ota__action,0.0,7,False,fit-prefix median with separate observation mask
ota__action__nonfinite_mask,0.0,0,False,fit-prefix median with separate observation mask
ota__assoc_req,0.0,7,False,fit-prefix median with separate observation mask
ota__assoc_req__nonfinite_mask,0.0,0,False,fit-prefix median with separate observation mask
ota__assoc_resp,0.0,7,False,fit-prefix median with separate observation mask
ota__assoc_resp__nonfinite_mask,0.0,0,False,fit-prefix median with separate observation mask
ota__auth,0.0,7,False,fit-prefix median with separate observation mask
ota__auth__nonfinite_mask,0.0,0,False,fit-prefix median with separate observation mask
ota__beacon,19.0,7,False,fit-prefix median with separate observation mask
ota__beacon__nonfinite_mask,0.0,0,False,fit-prefix median with separate observation mask
ota__bytes_total,19978.0,7,False,fit-prefix median with separate observation mask
ota__bytes_total__nonfinite_mask,0.0,0,False,fit-prefix median with separate observation mask
ota__data,14.0,7,False,fit-prefix median with separate observation mask
ota__data__nonfinite_mask,0.0,0,False,fit-prefix median with separate observation mask
ota__deauth,0.0,7,False,fit-prefix median with separate observation mask
ota__deauth__nonfinite_mask,0.0,0,False,fit-prefix median with separate observation mask
ota__disassoc,0.0,7,False,fit-prefix median with separate observation mask
ota__disassoc__nonfinite_mask,0.0,0,False,fit-prefix median with separate observation mask
ota__mgmt,32.0,7,False,fit-prefix median with separate observation mask
ota__mgmt__nonfinite_mask,0.0,0,False,fit-prefix median with separate observation mask
ota__obs_present,1.0,0,False,fit-prefix median with separate observation mask
ota__pkt_total,47.0,7,False,fit-prefix median with separate observation mask
ota__pkt_total__nonfinite_mask,0.0,0,False,fit-prefix median with separate observation mask
ota__probe_req,0.0,7,False,fit-prefix median with separate observation mask
ota__probe_req__nonfinite_mask,0.0,0,False,fit-prefix median with separate observation mask
ota__probe_resp,0.0,7,False,fit-prefix median with separate observation mask
ota__probe_resp__nonfinite_mask,0.0,0,False,fit-prefix median with separate observation mask
ota__traffic_obs_present,1.0,7,False,fit-prefix median with separate observation mask
ota__traffic_obs_present__nonfinite_mask,0.0,0,False,fit-prefix median with separate observation mask
ota__traffic_present,1.0,7,False,fit-prefix median with separate observation mask
ota__traffic_present__nonfinite_mask,0.0,0,False,fit-prefix median with separate observation mask
router__arp_pkt,2.0,870,False,fit-prefix median with separate observation mask
router__arp_pkt__absdiff1,2.0,870,False,fit-prefix median with separate observation mask
router__arp_pkt__absdiff1__nonfinite_mask,0.0,0,False,fit-prefix median with separate observation mask
router__arp_pkt__diff1,0.0,870,False,fit-prefix median with separate observation mask
router__arp_pkt__diff1__nonfinite_mask,0.0,0,False,fit-prefix median with separate observation mask
router__arp_pkt__nonfinite_mask,0.0,0,False,fit-prefix median with separate observation mask
router__arp_pkt__roll300_mean,2.450000047683716,870,False,fit-prefix median with separate observation mask
router__arp_pkt__roll300_z,-0.19282278418540955,870,False,fit-prefix median with separate observation mask
router__arp_pkt__roll30_mean,2.433333396911621,870,False,fit-prefix median with separate observation mask
router__arp_pkt__roll30_std,2.138535261154175,870,False,fit-prefix median with separate observation mask
router__arp_pkt__roll30_z,-0.1800801306962967,870,False,fit-prefix median with separate observation mask
router__arp_reply,0.0,870,False,fit-prefix median with separate observation mask
router__arp_reply__nonfinite_mask,0.0,0,False,fit-prefix median with separate observation mask
router__arp_reply_rate,0.0,870,False,fit-prefix median with separate observation mask
router__arp_reply_rate__nonfinite_mask,0.0,0,False,fit-prefix median with separate observation mask
router__arp_req,2.0,870,False,fit-prefix median with separate observation mask
router__arp_req__nonfinite_mask,0.0,0,False,fit-prefix median with separate observation mask
router__arp_req_rate,0.6666666865348816,870,False,fit-prefix median with separate observation mask
router__arp_req_rate__nonfinite_mask,0.0,0,False,fit-prefix median with separate observation mask
router__arp_share,0.2222222238779068,870,False,fit-prefix median with separate observation mask
router__arp_share__nonfinite_mask,0.0,0,False,fit-prefix median with separate observation mask
router__avg_pkt_bytes,88.55555725097656,870,False,fit-prefix median with separate observation mask
router__avg_pkt_bytes__nonfinite_mask,0.0,0,False,fit-prefix median with separate observation mask
router__byte_rate,710.0,870,False,fit-prefix median with separate observation mask
router__byte_rate__nonfinite_mask,0.0,0,False,fit-prefix median with separate observation mask
router__bytes_total,710.0,870,False,fit-prefix median with separate observation mask
router__bytes_total__absdiff1,786.0,870,False,fit-prefix median with separate observation mask
router__bytes_total__absdiff1__nonfinite_mask,0.0,0,False,fit-prefix median with separate observation mask
router__bytes_total__diff1,0.0,870,False,fit-prefix median with separate observation mask
router__bytes_total__diff1__nonfinite_mask,0.0,0,False,fit-prefix median with separate observation mask
router__bytes_total__nonfinite_mask,0.0,0,False,fit-prefix median with separate observation mask
router__bytes_total__roll300_mean,3686.199951171875,870,False,fit-prefix median with separate observation mask
router__bytes_total__roll300_std,25773.654296875,870,False,fit-prefix median with separate observation mask
router__bytes_total__roll300_z,-0.1534632369875908,870,False,fit-prefix median with separate observation mask
router__bytes_total__roll30_mean,1665.8333740234375,870,False,fit-prefix median with separate observation mask
router__bytes_total__roll30_std,3030.469482421875,870,False,fit-prefix median with separate observation mask
router__bytes_total__roll30_z,-0.30127087235450745,870,False,fit-prefix median with separate observation mask
router__dhcp_pkt,0.0,870,False,fit-prefix median with separate observation mask
router__dhcp_pkt__nonfinite_mask,0.0,0,False,fit-prefix median with separate observation mask
router__dns_nx_rate,0.0,870,False,fit-prefix median with separate observation mask
router__dns_nx_rate__nonfinite_mask,0.0,0,False,fit-prefix median with separate observation mask
router__dns_pkt,0.0,870,False,fit-prefix median with separate observation mask
router__dns_pkt__absdiff1,0.0,870,False,fit-prefix median with separate observation mask
router__dns_pkt__absdiff1__nonfinite_mask,0.0,0,False,fit-prefix median with separate observation mask
router__dns_pkt__diff1,0.0,870,False,fit-prefix median with separate observation mask
router__dns_pkt__diff1__nonfinite_mask,0.0,0,False,fit-prefix median with separate observation mask
router__dns_pkt__nonfinite_mask,0.0,0,False,fit-prefix median with separate observation mask
router__dns_pkt__roll300_mean,0.7866666913032532,870,False,fit-prefix median with separate observation mask
router__dns_query,0.0,870,False,fit-prefix median with separate observation mask
router__dns_query__nonfinite_mask,0.0,0,False,fit-prefix median with separate observation mask
router__dns_rcode0_ok,0.0,870,False,fit-prefix median with separate observation mask
router__dns_rcode0_ok__nonfinite_mask,0.0,0,False,fit-prefix median with separate observation mask
router__dns_rcode2_sf,0.0,870,False,fit-prefix median with separate observation mask
router__dns_rcode2_sf__nonfinite_mask,0.0,0,False,fit-prefix median with separate observation mask
router__dns_rcode3_nx,0.0,870,False,fit-prefix median with separate observation mask
router__dns_rcode3_nx__nonfinite_mask,0.0,0,False,fit-prefix median with separate observation mask
router__dns_rcode_other,0.0,870,False,fit-prefix median with separate observation mask
router__dns_rcode_other__nonfinite_mask,0.0,0,False,fit-prefix median with separate observation mask
router__dns_response,0.0,870,False,fit-prefix median with separate observation mask
router__dns_response__nonfinite_mask,0.0,0,False,fit-prefix median with separate observation mask
router__dns_servfail_rate,0.0,870,False,fit-prefix median with separate observation mask
router__dns_servfail_rate__nonfinite_mask,0.0,0,False,fit-prefix median with separate observation mask
router__dns_share,0.0,870,False,fit-prefix median with separate observation mask
router__dns_share__nonfinite_mask,0.0,0,False,fit-prefix median with separate observation mask
router__dst_ip_entropy_norm,0.6365141868591309,870,False,fit-prefix median with separate observation mask
router__dst_ip_entropy_norm__nonfinite_mask,0.0,0,False,fit-prefix median with separate observation mask
router__dst_ip_per_pkt,0.2380952388048172,870,False,fit-prefix median with separate observation mask
router__dst_ip_per_pkt__nonfinite_mask,0.0,0,False,fit-prefix median with separate observation mask
router__dst_port_entropy,0.6365141868591309,870,False,fit-prefix median with separate observation mask
router__dst_port_entropy__nonfinite_mask,0.0,0,False,fit-prefix median with separate observation mask
router__dst_port_entropy_norm,0.6365141868591309,870,False,fit-prefix median with separate observation mask
router__dst_port_entropy_norm__nonfinite_mask,0.0,0,False,fit-prefix median with separate observation mask
router__dst_port_per_pkt,0.21052631735801697,870,False,fit-prefix median with separate observation mask
router__dst_port_per_pkt__nonfinite_mask,0.0,0,False,fit-prefix median with separate observation mask
router__dst_port_per_tcp,1.0,870,False,fit-prefix median with separate observation mask
router__dst_port_per_tcp__nonfinite_mask,0.0,0,False,fit-prefix median with separate observation mask
router__dst_port_unique,2.0,870,False,fit-prefix median with separate observation mask
router__dst_port_unique__absdiff1,2.0,870,False,fit-prefix median with separate observation mask
router__dst_port_unique__absdiff1__nonfinite_mask,0.0,0,False,fit-prefix median with separate observation mask
router__dst_port_unique__diff1,0.0,870,False,fit-prefix median with separate observation mask
router__dst_port_unique__diff1__nonfinite_mask,0.0,0,False,fit-prefix median with separate observation mask
router__dst_port_unique__nonfinite_mask,0.0,0,False,fit-prefix median with separate observation mask
router__icmp_pkt,0.0,870,False,fit-prefix median with separate observation mask
router__icmp_pkt__nonfinite_mask,0.0,0,False,fit-prefix median with separate observation mask
router__icmp_share,0.0,870,False,fit-prefix median with separate observation mask
router__icmp_share__nonfinite_mask,0.0,0,False,fit-prefix median with separate observation mask
router__ip_dst_entropy,0.6365141868591309,870,False,fit-prefix median with separate observation mask
router__ip_dst_entropy__nonfinite_mask,0.0,0,False,fit-prefix median with separate observation mask
router__ip_dst_unique,2.0,870,False,fit-prefix median with separate observation mask
router__ip_dst_unique__absdiff1,2.0,870,False,fit-prefix median with separate observation mask
router__ip_dst_unique__absdiff1__nonfinite_mask,0.0,0,False,fit-prefix median with separate observation mask
router__ip_dst_unique__diff1,0.0,870,False,fit-prefix median with separate observation mask
router__ip_dst_unique__diff1__nonfinite_mask,0.0,0,False,fit-prefix median with separate observation mask
router__ip_dst_unique__nonfinite_mask,0.0,0,False,fit-prefix median with separate observation mask
router__ip_src_entropy,0.6365141868591309,870,False,fit-prefix median with separate observation mask
router__ip_src_entropy__nonfinite_mask,0.0,0,False,fit-prefix median with separate observation mask
router__ip_src_unique,2.0,870,False,fit-prefix median with separate observation mask
router__ip_src_unique__nonfinite_mask,0.0,0,False,fit-prefix median with separate observation mask
router__obs_present,1.0,0,False,fit-prefix median with separate observation mask
router__pkt_rate,7.0,870,False,fit-prefix median with separate observation mask
router__pkt_rate__nonfinite_mask,0.0,0,False,fit-prefix median with separate observation mask
router__pkt_total,7.0,870,False,fit-prefix median with separate observation mask
router__pkt_total__absdiff1,7.0,870,False,fit-prefix median with separate observation mask
router__pkt_total__absdiff1__nonfinite_mask,0.0,0,False,fit-prefix median with separate observation mask
router__pkt_total__diff1,0.0,870,False,fit-prefix median with separate observation mask
router__pkt_total__diff1__nonfinite_mask,0.0,0,False,fit-prefix median with separate observation mask
router__pkt_total__nonfinite_mask,0.0,0,False,fit-prefix median with separate observation mask
router__pkt_total__roll300_mean,13.213333129882812,870,False,fit-prefix median with separate observation mask
router__pkt_total__roll300_std,32.10067558288574,870,False,fit-prefix median with separate observation mask
router__pkt_total__roll300_z,-0.18406495451927185,870,False,fit-prefix median with separate observation mask
router__pkt_total__roll30_mean,10.100000381469727,870,False,fit-prefix median with separate observation mask
router__pkt_total__roll30_std,10.581246852874756,870,False,fit-prefix median with separate observation mask
router__pkt_total__roll30_z,-0.30603039264678955,870,False,fit-prefix median with separate observation mask
router__tcp_ack,0.0,870,False,fit-prefix median with separate observation mask
router__tcp_ack__nonfinite_mask,0.0,0,False,fit-prefix median with separate observation mask
router__tcp_fin,0.0,870,False,fit-prefix median with separate observation mask
router__tcp_fin__nonfinite_mask,0.0,0,False,fit-prefix median with separate observation mask
router__tcp_fin_rate,0.0,870,False,fit-prefix median with separate observation mask
router__tcp_fin_rate__nonfinite_mask,0.0,0,False,fit-prefix median with separate observation mask
router__tcp_pkt,0.0,870,False,fit-prefix median with separate observation mask
router__tcp_pkt__nonfinite_mask,0.0,0,False,fit-prefix median with separate observation mask
router__tcp_rst,0.0,870,False,fit-prefix median with separate observation mask
router__tcp_rst__absdiff1,0.0,870,False,fit-prefix median with separate observation mask
router__tcp_rst__absdiff1__nonfinite_mask,0.0,0,False,fit-prefix median with separate observation mask
router__tcp_rst__diff1,0.0,870,False,fit-prefix median with separate observation mask
router__tcp_rst__diff1__nonfinite_mask,0.0,0,False,fit-prefix median with separate observation mask
router__tcp_rst__nonfinite_mask,0.0,0,False,fit-prefix median with separate observation mask
router__tcp_rst_rate,0.0,870,False,fit-prefix median with separate observation mask
router__tcp_rst_rate__nonfinite_mask,0.0,0,False,fit-prefix median with separate observation mask
router__tcp_share,0.0,870,False,fit-prefix median with separate observation mask
router__tcp_share__nonfinite_mask,0.0,0,False,fit-prefix median with separate observation mask
router__tcp_syn,0.0,870,False,fit-prefix median with separate observation mask
router__tcp_syn__absdiff1,0.0,870,False,fit-prefix median with separate observation mask
router__tcp_syn__absdiff1__nonfinite_mask,0.0,0,False,fit-prefix median with separate observation mask
router__tcp_syn__diff1,0.0,870,False,fit-prefix median with separate observation mask
router__tcp_syn__diff1__nonfinite_mask,0.0,0,False,fit-prefix median with separate observation mask
router__tcp_syn__nonfinite_mask,0.0,0,False,fit-prefix median with separate observation mask
router__tcp_syn_minus_ack,0.0,870,False,fit-prefix median with separate observation mask
router__tcp_syn_minus_ack__nonfinite_mask,0.0,0,False,fit-prefix median with separate observation mask
router__tcp_syn_minus_ack__roll300_std,0.0,870,False,fit-prefix median with separate observation mask
router__tcp_syn_minus_ack_rate,0.0,870,False,fit-prefix median with separate observation mask
router__tcp_syn_minus_ack_rate__nonfinite_mask,0.0,0,False,fit-prefix median with separate observation mask
router__tcp_syn_rate,0.0,870,False,fit-prefix median with separate observation mask
router__tcp_syn_rate__nonfinite_mask,0.0,0,False,fit-prefix median with separate observation mask
router__traffic_present,1.0,870,False,fit-prefix median with separate observation mask
router__traffic_present__nonfinite_mask,0.0,0,False,fit-prefix median with separate observation mask
router__udp_pkt,2.0,870,False,fit-prefix median with separate observation mask
router__udp_pkt__nonfinite_mask,0.0,0,False,fit-prefix median with separate observation mask
router__udp_share,0.25,870,False,fit-prefix median with separate observation mask
router__udp_share__nonfinite_mask,0.0,0,False,fit-prefix median with separate observation mask
telemetry_in_sec__entity__coffee_maker,0.0,0,False,fit-prefix median with separate observation mask
telemetry_in_sec__entity__door_window_sensor_pid_005,0.0,0,False,fit-prefix median with separate observation mask
telemetry_in_sec__entity__door_window_sensor_pid_007,0.0,0,False,fit-prefix median with separate observation mask
telemetry_in_sec__entity__door_window_sensor_pid_136,0.0,0,False,fit-prefix median with separate observation mask
telemetry_in_sec__entity__kasa_smart_plug_pid_024,0.0,0,False,fit-prefix median with separate observation mask
telemetry_in_sec__entity__lifx_color_6757ce,0.0,0,False,fit-prefix median with separate observation mask
telemetry_in_sec__entity__motion_sensor_pid_008,0.0,0,False,fit-prefix median with separate observation mask
telemetry_in_sec__entity__motion_sensor_pid_062,0.0,0,False,fit-prefix median with separate observation mask
telemetry_in_sec__entity__motion_sensor_pid_075,0.0,0,False,fit-prefix median with separate observation mask
telemetry_in_sec__entity__motion_sensor_pid_138,0.0,0,False,fit-prefix median with separate observation mask
telemetry_in_sec__entity__multipurpose_sensor_pid_003,0.0,0,False,fit-prefix median with separate observation mask
telemetry_in_sec__entity__multipurpose_sensor_pid_006,0.0,0,False,fit-prefix median with separate observation mask
telemetry_in_sec__entity__s5_max,0.0,0,False,fit-prefix median with separate observation mask
telemetry_in_sec__entity__s5_max_cleaning_area,0.0,0,False,fit-prefix median with separate observation mask
telemetry_in_sec__entity__s5_max_cleaning_time,0.0,0,False,fit-prefix median with separate observation mask
telemetry_in_sec__entity__s5_max_filter_time_left,0.0,0,False,fit-prefix median with separate observation mask
telemetry_in_sec__entity__s5_max_main_brush_time_left,0.0,0,False,fit-prefix median with separate observation mask
telemetry_in_sec__entity__s5_max_sensor_time_left,0.0,0,False,fit-prefix median with separate observation mask
telemetry_in_sec__entity__s5_max_side_brush_time_left,0.0,0,False,fit-prefix median with separate observation mask
telemetry_in_sec__entity__s5_max_total_cleaning_area,0.0,0,False,fit-prefix median with separate observation mask
telemetry_in_sec__entity__s5_max_total_cleaning_count,0.0,0,False,fit-prefix median with separate observation mask
telemetry_in_sec__entity__s5_max_total_cleaning_time,0.0,0,False,fit-prefix median with separate observation mask
telemetry_in_sec__entity__smart_light_pid_002,0.0,0,False,fit-prefix median with separate observation mask
telemetry_in_sec__entity__smart_light_strip_pid_147,0.0,0,False,fit-prefix median with separate observation mask
telemetry_in_sec__entity__smart_plug,0.0,0,False,fit-prefix median with separate observation mask
telemetry_in_sec__entity__smart_plug_current,0.0,0,False,fit-prefix median with separate observation mask
telemetry_in_sec__entity__smart_plug_ps5,0.0,0,False,fit-prefix median with separate observation mask
telemetry_in_sec__entity__smart_plug_ps5_current,0.0,0,False,fit-prefix median with separate observation mask
telemetry_in_sec__entity__smart_plug_ps5_this_month_s,0.0,0,False,fit-prefix median with separate observation mask
telemetry_in_sec__entity__smart_plug_ps5_today_s,0.0,0,False,fit-prefix median with separate observation mask
telemetry_in_sec__entity__smart_plug_this_month_s,0.0,0,False,fit-prefix median with separate observation mask
telemetry_in_sec__entity__smart_plug_today_s,0.0,0,False,fit-prefix median with separate observation mask
telemetry_in_sec__entity__temperature_and_humidity_pid_001,0.0,0,False,fit-prefix median with separate observation mask
telemetry_in_sec__entity__temperature_and_humidity_pid_070,0.0,0,False,fit-prefix median with separate observation mask
telemetry_in_sec__entity__temperature_and_humidity_pid_073,0.0,0,False,fit-prefix median with separate observation mask
telemetry_in_sec__entity__twinguard_087,0.0,0,False,fit-prefix median with separate observation mask
telemetry_in_sec__entity__twinguard_088,0.0,0,False,fit-prefix median with separate observation mask
telemetry_in_sec__entity__unknown_70_ee_50_7a_e5_2c,0.0,0,False,fit-prefix median with separate observation mask
telemetry_in_sec__entity__vibration_sensor_pid_078,0.0,0,False,fit-prefix median with separate observation mask
telemetry_in_sec__entity__vibration_sensor_pid_079,0.0,0,False,fit-prefix median with separate observation mask
telemetry_in_sec__entity__water_leak_sensor_pid_083,0.0,0,False,fit-prefix median with separate observation mask
telemetry_in_sec__entity__wireless_mini_switch_pid_080,0.0,0,False,fit-prefix median with separate observation mask
telemetry_in_sec__entity__withings_average_heart_rate,0.0,0,False,fit-prefix median with separate observation mask
telemetry_in_sec__entity__withings_breathing_disturbances_intensity,0.0,0,False,fit-prefix median with separate observation mask
telemetry_in_sec__entity__withings_deep_sleep,0.0,0,False,fit-prefix median with separate observation mask
telemetry_in_sec__entity__withings_light_sleep,0.0,0,False,fit-prefix median with separate observation mask
telemetry_in_sec__entity__withings_minimum_heart_rate,0.0,0,False,fit-prefix median with separate observation mask
telemetry_in_sec__entity__withings_rem_sleep,0.0,0,False,fit-prefix median with separate observation mask
telemetry_in_sec__entity__withings_sleep_score,0.0,0,False,fit-prefix median with separate observation mask
telemetry_in_sec__entity__withings_wakeup_time,0.0,0,False,fit-prefix median with separate observation mask
zb__app_event_flag,0.0,0,False,fit-prefix median with separate observation mask
zb__app_event_intensity,0.0,0,False,fit-prefix median with separate observation mask
zigbee__ack,2.0,49236,False,fit-prefix median with separate observation mask
zigbee__ack__nonfinite_mask,0.0,0,False,fit-prefix median with separate observation mask
zigbee__ack_rate,0.4545454680919647,49236,False,fit-prefix median with separate observation mask
zigbee__ack_rate__nonfinite_mask,0.0,0,False,fit-prefix median with separate observation mask
zigbee__app_obs_present,0.0,49236,False,fit-prefix median with separate observation mask
zigbee__app_obs_present__nonfinite_mask,0.0,0,False,fit-prefix median with separate observation mask
zigbee__aps_obs_present,0.0,49236,False,fit-prefix median with separate observation mask
zigbee__aps_obs_present__nonfinite_mask,0.0,0,False,fit-prefix median with separate observation mask
zigbee__aps_present,0.0,49236,False,fit-prefix median with separate observation mask
zigbee__aps_present__nonfinite_mask,0.0,0,False,fit-prefix median with separate observation mask
zigbee__beacon,0.0,49236,False,fit-prefix median with separate observation mask
zigbee__beacon__nonfinite_mask,0.0,0,False,fit-prefix median with separate observation mask
zigbee__beacon_rate,0.0,49236,False,fit-prefix median with separate observation mask
zigbee__beacon_rate__nonfinite_mask,0.0,0,False,fit-prefix median with separate observation mask
zigbee__bytes_total,143.0,49236,False,fit-prefix median with separate observation mask
zigbee__bytes_total__nonfinite_mask,0.0,0,False,fit-prefix median with separate observation mask
zigbee__channel,11.0,49236,False,fit-prefix median with separate observation mask
zigbee__channel__nonfinite_mask,0.0,0,False,fit-prefix median with separate observation mask
zigbee__cmd,0.0,49236,False,fit-prefix median with separate observation mask
zigbee__cmd__nonfinite_mask,0.0,0,False,fit-prefix median with separate observation mask
zigbee__cmd_rate,0.0,49236,False,fit-prefix median with separate observation mask
zigbee__cmd_rate__nonfinite_mask,0.0,0,False,fit-prefix median with separate observation mask
zigbee__data,1.0,49236,False,fit-prefix median with separate observation mask
zigbee__data__nonfinite_mask,0.0,0,False,fit-prefix median with separate observation mask
zigbee__data_rate,0.3333333432674408,49236,False,fit-prefix median with separate observation mask
zigbee__data_rate__nonfinite_mask,0.0,0,False,fit-prefix median with separate observation mask
zigbee__dst16_unique,1.0,49236,False,fit-prefix median with separate observation mask
zigbee__dst16_unique__nonfinite_mask,0.0,0,False,fit-prefix median with separate observation mask
zigbee__dst64_unique,0.0,49236,False,fit-prefix median with separate observation mask
zigbee__dst64_unique__nonfinite_mask,0.0,0,False,fit-prefix median with separate observation mask
zigbee__nwk_present,1.0,49236,False,fit-prefix median with separate observation mask
zigbee__nwk_present__nonfinite_mask,0.0,0,False,fit-prefix median with separate observation mask
zigbee__obs_present,1.0,0,False,fit-prefix median with separate observation mask
zigbee__other_rate,0.0,49236,False,fit-prefix median with separate observation mask
zigbee__other_rate__nonfinite_mask,0.0,0,False,fit-prefix median with separate observation mask
zigbee__other_type,0.0,49236,False,fit-prefix median with separate observation mask
zigbee__other_type__nonfinite_mask,0.0,0,False,fit-prefix median with separate observation mask
zigbee__panid_unique,1.0,49236,False,fit-prefix median with separate observation mask
zigbee__panid_unique__nonfinite_mask,0.0,0,False,fit-prefix median with separate observation mask
zigbee__pkt_total,4.0,49236,False,fit-prefix median with separate observation mask
zigbee__pkt_total__nonfinite_mask,0.0,0,False,fit-prefix median with separate observation mask
zigbee__pps,4.0,49236,False,fit-prefix median with separate observation mask
zigbee__pps__nonfinite_mask,0.0,0,False,fit-prefix median with separate observation mask
zigbee__src16_unique,2.0,49236,False,fit-prefix median with separate observation mask
zigbee__src16_unique__nonfinite_mask,0.0,0,False,fit-prefix median with separate observation mask
zigbee__src64_unique,0.0,49236,False,fit-prefix median with separate observation mask
zigbee__src64_unique__nonfinite_mask,0.0,0,False,fit-prefix median with separate observation mask
zigbee__zcl_obs_present,0.0,49236,False,fit-prefix median with separate observation mask
zigbee__zcl_obs_present__nonfinite_mask,0.0,0,False,fit-prefix median with separate observation mask
zigbee__zcl_present,0.0,49236,False,fit-prefix median with separate observation mask
zigbee__zcl_present__nonfinite_mask,0.0,0,False,fit-prefix median with separate observation mask
