card_id,suite,capability,task_family,target,model_id,admitted,train_audit,val_audit,status,loss,naive_loss,roc_auc,average_precision,balanced_accuracy,calibration_error,brier_skill_score,prevalence_train,prevalence_test,skill_gain,fit_warnings,r2,target_iqr_test
burst__ota5__bytes_total__h0__w30__train_q0.99__model_rf,temporal,burst|byte_volume,burst|ota|byte_volume,ota5__bytes_total,rf,True,"{'possible_contexts': 766526, 'missing_target_contexts': 6437, 'join_contexts_removed': 0, 'available_before_cap': 760089, 'used': 60000, 'predictor_missing_fraction': 0.066807421875, 'used_target_missing': 0}","{'possible_contexts': 255328, 'missing_target_contexts': 2145, 'join_contexts_removed': 0, 'available_before_cap': 253183, 'used': 30000, 'predictor_missing_fraction': 0.00020598958333333333, 'used_target_missing': 0}",ok,0.19393337779675687,0.2333409525,0.880529160022576,0.6513188221825464,0.5022680902579774,0.18851107086916807,0.16888409120230674,0.09018333333333334,0.27476666666666666,0.16888409120230677,[],,
burst__ota5__bytes_total__h0__w30__train_q0.99__model_linear,temporal,burst|byte_volume,burst|ota|byte_volume,ota5__bytes_total,linear,True,"{'possible_contexts': 766526, 'missing_target_contexts': 6437, 'join_contexts_removed': 0, 'available_before_cap': 760089, 'used': 60000, 'predictor_missing_fraction': 0.066807421875, 'used_target_missing': 0}","{'possible_contexts': 255328, 'missing_target_contexts': 2145, 'join_contexts_removed': 0, 'available_before_cap': 253183, 'used': 30000, 'predictor_missing_fraction': 0.00020598958333333333, 'used_target_missing': 0}",ok,0.15757753802705168,0.2333409525,0.9117456085575395,0.7274731906482005,0.5709181678403408,0.15497365418465825,0.3246897454614115,0.09018333333333334,0.27476666666666666,0.32468974546141155,[],,
contemporaneous_dependency__zigbee__beacon__h0__w0__active_state__model_rf,contemporaneous,contemporaneous_dependency|management_control,contemporaneous_dependency|zigbee|management_control,zigbee__beacon,rf,True,"{'possible_contexts': 766616, 'missing_target_contexts': 59105, 'join_contexts_removed': 0, 'available_before_cap': 707511, 'used': 60000, 'predictor_missing_fraction': 0.0, 'used_target_missing': 0}","{'possible_contexts': 255418, 'missing_target_contexts': 19343, 'join_contexts_removed': 0, 'available_before_cap': 236075, 'used': 30000, 'predictor_missing_fraction': 0.0, 'used_target_missing': 0}",ok,0.03945743217258169,0.15288392333333334,0.9848602755339306,0.9471601345108753,0.8742497443792995,0.029477951394635646,0.7419124829328685,0.1993,0.18816666666666668,0.7419124829328685,[],,
contemporaneous_dependency__zigbee__beacon__h0__w0__active_state__model_linear,contemporaneous,contemporaneous_dependency|management_control,contemporaneous_dependency|zigbee|management_control,zigbee__beacon,linear,True,"{'possible_contexts': 766616, 'missing_target_contexts': 59105, 'join_contexts_removed': 0, 'available_before_cap': 707511, 'used': 60000, 'predictor_missing_fraction': 0.0, 'used_target_missing': 0}","{'possible_contexts': 255418, 'missing_target_contexts': 19343, 'join_contexts_removed': 0, 'available_before_cap': 236075, 'used': 30000, 'predictor_missing_fraction': 0.0, 'used_target_missing': 0}",ok,0.06200696345991837,0.15288392333333334,0.9546608904783267,0.8621709273225556,0.8159237467493938,0.029568048431098715,0.594418025728419,0.1993,0.18816666666666668,0.594418025728419,[],,
forecast__ota5__bytes_total__h15__w0__continuous__model_rf,temporal,forecast|byte_volume,forecast|ota|byte_volume,ota5__bytes_total,rf,True,"{'possible_contexts': 766541, 'missing_target_contexts': 260, 'join_contexts_removed': 0, 'available_before_cap': 766281, 'used': 60000, 'predictor_missing_fraction': 0.06734817708333334, 'used_target_missing': 0}","{'possible_contexts': 255343, 'missing_target_contexts': 86, 'join_contexts_removed': 0, 'available_before_cap': 255257, 'used': 30000, 'predictor_missing_fraction': 0.00021119791666666666, 'used_target_missing': 0}",ok,0.3723535817322543,0.5577487090816207,,,,,,,,0.33239902545831934,[],0.4188597934553884,12723.5
forecast__ota5__bytes_total__h15__w0__continuous__model_linear,temporal,forecast|byte_volume,forecast|ota|byte_volume,ota5__bytes_total,linear,True,"{'possible_contexts': 766541, 'missing_target_contexts': 260, 'join_contexts_removed': 0, 'available_before_cap': 766281, 'used': 60000, 'predictor_missing_fraction': 0.06734817708333334, 'used_target_missing': 0}","{'possible_contexts': 255343, 'missing_target_contexts': 86, 'join_contexts_removed': 0, 'available_before_cap': 255257, 'used': 30000, 'predictor_missing_fraction': 0.00021119791666666666, 'used_target_missing': 0}",ok,0.3348632061455227,0.5577487090816207,,,,,,,,0.39961634927510165,[],0.5430415412118241,12723.5
contemporaneous_dependency__zigbee__beacon_rate__h0__w0__active_state__model_rf,contemporaneous,contemporaneous_dependency|management_control,contemporaneous_dependency|zigbee|management_control,zigbee__beacon_rate,rf,True,"{'possible_contexts': 766616, 'missing_target_contexts': 59105, 'join_contexts_removed': 0, 'available_before_cap': 707511, 'used': 60000, 'predictor_missing_fraction': 0.0, 'used_target_missing': 0}","{'possible_contexts': 255418, 'missing_target_contexts': 19343, 'join_contexts_removed': 0, 'available_before_cap': 236075, 'used': 30000, 'predictor_missing_fraction': 0.0, 'used_target_missing': 0}",ok,0.0002611296601446186,0.15288392333333334,1.0,1.0,1.0,0.007073102768502766,0.9982919743655762,0.1993,0.18816666666666668,0.998291974365576,[],,
contemporaneous_dependency__zigbee__beacon_rate__h0__w0__active_state__model_linear,contemporaneous,contemporaneous_dependency|management_control,contemporaneous_dependency|zigbee|management_control,zigbee__beacon_rate,linear,True,"{'possible_contexts': 766616, 'missing_target_contexts': 59105, 'join_contexts_removed': 0, 'available_before_cap': 707511, 'used': 60000, 'predictor_missing_fraction': 0.0, 'used_target_missing': 0}","{'possible_contexts': 255418, 'missing_target_contexts': 19343, 'join_contexts_removed': 0, 'available_before_cap': 236075, 'used': 30000, 'predictor_missing_fraction': 0.0, 'used_target_missing': 0}",ok,2.9046787998120596e-06,0.15288392333333334,1.0,1.0,1.0,0.0007541798600843507,0.999981000757068,0.1993,0.18816666666666668,0.999981000757068,[],,
contemporaneous_dependency__ota5__bytes_total__h0__w0__continuous__model_rf,contemporaneous,contemporaneous_dependency|byte_volume,contemporaneous_dependency|ota|byte_volume,ota5__bytes_total,rf,True,"{'possible_contexts': 766616, 'missing_target_contexts': 260, 'join_contexts_removed': 0, 'available_before_cap': 766356, 'used': 60000, 'predictor_missing_fraction': 0.06723697916666667, 'used_target_missing': 0}","{'possible_contexts': 255418, 'missing_target_contexts': 86, 'join_contexts_removed': 0, 'available_before_cap': 255332, 'used': 30000, 'predictor_missing_fraction': 8.125e-05, 'used_target_missing': 0}",ok,0.0918152776143438,0.5576410594099991,,,,,,,,0.8353505788983918,[],0.9529434662175504,12604.5
contemporaneous_dependency__ota5__bytes_total__h0__w0__continuous__model_linear,contemporaneous,contemporaneous_dependency|byte_volume,contemporaneous_dependency|ota|byte_volume,ota5__bytes_total,linear,True,"{'possible_contexts': 766616, 'missing_target_contexts': 260, 'join_contexts_removed': 0, 'available_before_cap': 766356, 'used': 60000, 'predictor_missing_fraction': 0.06723697916666667, 'used_target_missing': 0}","{'possible_contexts': 255418, 'missing_target_contexts': 86, 'join_contexts_removed': 0, 'available_before_cap': 255332, 'used': 30000, 'predictor_missing_fraction': 8.125e-05, 'used_target_missing': 0}",ok,0.15159645953146755,0.5576410594099991,,,,,,,,0.7281468841410976,[],0.8813405487100837,12604.5
burst__ota5__bytes_total__h0__w60__train_q0.99__model_rf,temporal,burst|byte_volume,burst|ota|byte_volume,ota5__bytes_total,rf,True,"{'possible_contexts': 766496, 'missing_target_contexts': 12827, 'join_contexts_removed': 0, 'available_before_cap': 753669, 'used': 60000, 'predictor_missing_fraction': 0.06625716145833334, 'used_target_missing': 0}","{'possible_contexts': 255298, 'missing_target_contexts': 4252, 'join_contexts_removed': 0, 'available_before_cap': 251046, 'used': 30000, 'predictor_missing_fraction': 0.00019505208333333335, 'used_target_missing': 0}",ok,0.22321593814089932,0.26340225694444447,0.8658681383913858,0.7017220092286032,0.5355314759470249,0.21684520391397058,0.15256634195059704,0.12158333333333333,0.3285,0.15256634195059707,[],,
burst__ota5__bytes_total__h0__w60__train_q0.99__model_linear,temporal,burst|byte_volume,burst|ota|byte_volume,ota5__bytes_total,linear,True,"{'possible_contexts': 766496, 'missing_target_contexts': 12827, 'join_contexts_removed': 0, 'available_before_cap': 753669, 'used': 60000, 'predictor_missing_fraction': 0.06625716145833334, 'used_target_missing': 0}","{'possible_contexts': 255298, 'missing_target_contexts': 4252, 'join_contexts_removed': 0, 'available_before_cap': 251046, 'used': 30000, 'predictor_missing_fraction': 0.00019505208333333335, 'used_target_missing': 0}",ok,0.15843803369952275,0.26340225694444447,0.9169696816295959,0.8258991080802635,0.6296541852392075,0.16104200061877968,0.3984940161961492,0.12158333333333333,0.3285,0.3984940161961492,[],,
burst__ota__bytes_total__h0__w30__train_q0.99__model_rf,temporal,burst|byte_volume,burst|ota|byte_volume,ota__bytes_total,rf,True,"{'possible_contexts': 766526, 'missing_target_contexts': 210, 'join_contexts_removed': 0, 'available_before_cap': 766316, 'used': 60000, 'predictor_missing_fraction': 0.048088671875, 'used_target_missing': 0}","{'possible_contexts': 255328, 'missing_target_contexts': 0, 'join_contexts_removed': 0, 'available_before_cap': 255328, 'used': 30000, 'predictor_missing_fraction': 0.0004505208333333333, 'used_target_missing': 0}",ok,0.14655447547881256,0.19365631916666662,0.8641269863937062,0.6211222784475401,0.5549110002589475,0.10612463136501665,0.24322389215358753,0.12968333333333334,0.23876666666666665,0.24322389215358758,[],,
burst__ota__bytes_total__h0__w30__train_q0.99__model_linear,temporal,burst|byte_volume,burst|ota|byte_volume,ota__bytes_total,linear,True,"{'possible_contexts': 766526, 'missing_target_contexts': 210, 'join_contexts_removed': 0, 'available_before_cap': 766316, 'used': 60000, 'predictor_missing_fraction': 0.048088671875, 'used_target_missing': 0}","{'possible_contexts': 255328, 'missing_target_contexts': 0, 'join_contexts_removed': 0, 'available_before_cap': 255328, 'used': 30000, 'predictor_missing_fraction': 0.0004505208333333333, 'used_target_missing': 0}",ok,0.1148979729332376,0.19365631916666662,0.888348525328648,0.6577087999039473,0.6973387462296989,0.05152903520828915,0.4066913311806115,0.12968333333333334,0.23876666666666665,0.4066913311806115,[],,
burst__router__tcp_pkt__h0__w30__train_q0.99__model_rf,temporal,burst|packet_count,burst|router|packet_count,router__tcp_pkt,rf,True,"{'possible_contexts': 766526, 'missing_target_contexts': 6329, 'join_contexts_removed': 0, 'available_before_cap': 760197, 'used': 60000, 'predictor_missing_fraction': 0.000963671875, 'used_target_missing': 0}","{'possible_contexts': 255328, 'missing_target_contexts': 2353, 'join_contexts_removed': 0, 'available_before_cap': 252975, 'used': 30000, 'predictor_missing_fraction': 0.0009408854166666667, 'used_target_missing': 0}",ok,0.074907508153316,0.09170174222222222,0.7735254085182031,0.4002656628677362,0.5766206478636824,0.011101637760252381,0.1831397491686526,0.11093333333333333,0.10203333333333334,0.18313974916865264,[],,
contemporaneous_dependency__ota__bytes_total__h0__w0__continuous__model_rf,contemporaneous,contemporaneous_dependency|byte_volume,contemporaneous_dependency|ota|byte_volume,ota__bytes_total,rf,True,"{'possible_contexts': 766616, 'missing_target_contexts': 7, 'join_contexts_removed': 0, 'available_before_cap': 766609, 'used': 60000, 'predictor_missing_fraction': 0.04811666666666667, 'used_target_missing': 0}","{'possible_contexts': 255418, 'missing_target_contexts': 0, 'join_contexts_removed': 0, 'available_before_cap': 255418, 'used': 30000, 'predictor_missing_fraction': 0.00043229166666666665, 'used_target_missing': 0}",ok,0.14910350303902523,0.577629453272832,,,,,,,,0.7418699787654369,[],0.8805067453119502,13167.75
contemporaneous_dependency__ota__bytes_total__h0__w0__continuous__model_linear,contemporaneous,contemporaneous_dependency|byte_volume,contemporaneous_dependency|ota|byte_volume,ota__bytes_total,linear,True,"{'possible_contexts': 766616, 'missing_target_contexts': 7, 'join_contexts_removed': 0, 'available_before_cap': 766609, 'used': 60000, 'predictor_missing_fraction': 0.04811666666666667, 'used_target_missing': 0}","{'possible_contexts': 255418, 'missing_target_contexts': 0, 'join_contexts_removed': 0, 'available_before_cap': 255418, 'used': 30000, 'predictor_missing_fraction': 0.00043229166666666665, 'used_target_missing': 0}",ok,0.15421033738447235,0.577629453272832,,,,,,,,0.733028957386572,[],0.903522836743723,13167.75
contemporaneous_dependency__ota5__mgmt__h0__w0__continuous__model_rf,contemporaneous,contemporaneous_dependency|management_control,contemporaneous_dependency|ota|management_control,ota5__mgmt,rf,True,"{'possible_contexts': 766616, 'missing_target_contexts': 260, 'join_contexts_removed': 0, 'available_before_cap': 766356, 'used': 60000, 'predictor_missing_fraction': 0.05611354166666667, 'used_target_missing': 0}","{'possible_contexts': 255418, 'missing_target_contexts': 86, 'join_contexts_removed': 0, 'available_before_cap': 255332, 'used': 30000, 'predictor_missing_fraction': 8.125e-05, 'used_target_missing': 0}",ok,0.06479893094246254,0.62767,,,,,,,,0.8967627400664958,[],0.9778213774851868,10.0
contemporaneous_dependency__ota5__mgmt__h0__w0__continuous__model_linear,contemporaneous,contemporaneous_dependency|management_control,contemporaneous_dependency|ota|management_control,ota5__mgmt,linear,True,"{'possible_contexts': 766616, 'missing_target_contexts': 260, 'join_contexts_removed': 0, 'available_before_cap': 766356, 'used': 60000, 'predictor_missing_fraction': 0.05611354166666667, 'used_target_missing': 0}","{'possible_contexts': 255418, 'missing_target_contexts': 86, 'join_contexts_removed': 0, 'available_before_cap': 255332, 'used': 30000, 'predictor_missing_fraction': 8.125e-05, 'used_target_missing': 0}",ok,0.11282752641099443,0.62767,,,,,,,,0.8202438759045446,[],0.9588662150391063,10.0
contemporaneous_dependency__iot__smart_plug__sensor__voltage__value__h0__w0__continuous__model_rf,contemporaneous,contemporaneous_dependency|physical_context,contemporaneous_dependency|iot|physical_context,iot__smart_plug__sensor__voltage__value,rf,True,"{'possible_contexts': 766616, 'missing_target_contexts': 517541, 'join_contexts_removed': 0, 'available_before_cap': 249075, 'used': 60000, 'predictor_missing_fraction': 0.0590140625, 'used_target_missing': 0}","{'possible_contexts': 255418, 'missing_target_contexts': 0, 'join_contexts_removed': 0, 'available_before_cap': 255418, 'used': 30000, 'predictor_missing_fraction': 0.0, 'used_target_missing': 0}",ok,0.15588069502107918,0.6802833333333334,,,,,,,,0.7708591591428878,[],0.8999673257220749,2.0
contemporaneous_dependency__iot__smart_plug__sensor__voltage__value__h0__w0__continuous__model_linear,contemporaneous,contemporaneous_dependency|physical_context,contemporaneous_dependency|iot|physical_context,iot__smart_plug__sensor__voltage__value,linear,False,"{'possible_contexts': 766616, 'missing_target_contexts': 517541, 'join_contexts_removed': 0, 'available_before_cap': 249075, 'used': 60000, 'predictor_missing_fraction': 0.0590140625, 'used_target_missing': 0}","{'possible_contexts': 255418, 'missing_target_contexts': 0, 'join_contexts_removed': 0, 'available_before_cap': 255418, 'used': 30000, 'predictor_missing_fraction': 0.0, 'used_target_missing': 0}",ok,0.6148623577466247,0.6802833333333334,,,,,,,,0.09616724735288043,[],0.12080506332174401,2.0
contemporaneous_dependency__iot__smart_plug__sensor__signal_strength__value__h0__w0__continuous__model_rf,contemporaneous,contemporaneous_dependency|radio_quality,contemporaneous_dependency|iot|radio_quality,iot__smart_plug__sensor__signal_strength__value,rf,False,"{'possible_contexts': 766616, 'missing_target_contexts': 517561, 'join_contexts_removed': 0, 'available_before_cap': 249055, 'used': 60000, 'predictor_missing_fraction': 0.05899322916666667, 'used_target_missing': 0}","{'possible_contexts': 255418, 'missing_target_contexts': 0, 'join_contexts_removed': 0, 'available_before_cap': 255418, 'used': 30000, 'predictor_missing_fraction': 0.0, 'used_target_missing': 0}",ok,0.9469652036393298,0.7899333333333334,,,,,,,,-0.1987912950113888,[],-1.4017802568612003,2.0
contemporaneous_dependency__iot__smart_plug__sensor__signal_strength__value__h0__w0__continuous__model_linear,contemporaneous,contemporaneous_dependency|radio_quality,contemporaneous_dependency|iot|radio_quality,iot__smart_plug__sensor__signal_strength__value,linear,False,"{'possible_contexts': 766616, 'missing_target_contexts': 517561, 'join_contexts_removed': 0, 'available_before_cap': 249055, 'used': 60000, 'predictor_missing_fraction': 0.05899322916666667, 'used_target_missing': 0}","{'possible_contexts': 255418, 'missing_target_contexts': 0, 'join_contexts_removed': 0, 'available_before_cap': 255418, 'used': 30000, 'predictor_missing_fraction': 0.0, 'used_target_missing': 0}",ok,0.8581849029419257,0.7899333333333334,,,,,,,,-0.0864016831908925,[],-1.5000420360894653,2.0
contemporaneous_dependency__iot__s5_max_main_brush_time_left__sensor__state__value__h0__w0__continuous__model_rf,contemporaneous,contemporaneous_dependency|state_event,contemporaneous_dependency|iot|state_event,iot__s5_max_main_brush_time_left__sensor__state__value,rf,False,"{'possible_contexts': 766616, 'missing_target_contexts': 26569, 'join_contexts_removed': 0, 'available_before_cap': 740047, 'used': 60000, 'predictor_missing_fraction': 0.0, 'used_target_missing': 0}","{'possible_contexts': 255418, 'missing_target_contexts': 0, 'join_contexts_removed': 0, 'available_before_cap': 255418, 'used': 30000, 'predictor_missing_fraction': 0.0, 'used_target_missing': 0}",unobserved_or_constant_target,,,,,,,,,,,[],,
contemporaneous_dependency__iot__s5_max_main_brush_time_left__sensor__state__value__h0__w0__continuous__model_linear,contemporaneous,contemporaneous_dependency|state_event,contemporaneous_dependency|iot|state_event,iot__s5_max_main_brush_time_left__sensor__state__value,linear,False,"{'possible_contexts': 766616, 'missing_target_contexts': 26569, 'join_contexts_removed': 0, 'available_before_cap': 740047, 'used': 60000, 'predictor_missing_fraction': 0.0, 'used_target_missing': 0}","{'possible_contexts': 255418, 'missing_target_contexts': 0, 'join_contexts_removed': 0, 'available_before_cap': 255418, 'used': 30000, 'predictor_missing_fraction': 0.0, 'used_target_missing': 0}",unobserved_or_constant_target,,,,,,,,,,,[],,
forecast__ota5__bytes_total__h5__w0__continuous__model_rf,temporal,forecast|byte_volume,forecast|ota|byte_volume,ota5__bytes_total,rf,True,"{'possible_contexts': 766551, 'missing_target_contexts': 260, 'join_contexts_removed': 0, 'available_before_cap': 766291, 'used': 60000, 'predictor_missing_fraction': 0.06734817708333334, 'used_target_missing': 0}","{'possible_contexts': 255353, 'missing_target_contexts': 86, 'join_contexts_removed': 0, 'available_before_cap': 255267, 'used': 30000, 'predictor_missing_fraction': 0.00021119791666666666, 'used_target_missing': 0}",ok,0.38608175503250375,0.5595731355680807,,,,,,,,0.31004236892010173,[],0.36447528205220825,12641.25
forecast__ota5__bytes_total__h5__w0__continuous__model_linear,temporal,forecast|byte_volume,forecast|ota|byte_volume,ota5__bytes_total,linear,True,"{'possible_contexts': 766551, 'missing_target_contexts': 260, 'join_contexts_removed': 0, 'available_before_cap': 766291, 'used': 60000, 'predictor_missing_fraction': 0.06734817708333334, 'used_target_missing': 0}","{'possible_contexts': 255353, 'missing_target_contexts': 86, 'join_contexts_removed': 0, 'available_before_cap': 255267, 'used': 30000, 'predictor_missing_fraction': 0.00021119791666666666, 'used_target_missing': 0}",ok,0.3371957898765077,0.5595731355680807,,,,,,,,0.39740532837734377,[],0.533331435006769,12641.25
forecast__ota5__mgmt__h15__w0__continuous__model_rf,temporal,forecast|management_control,forecast|ota|management_control,ota5__mgmt,rf,True,"{'possible_contexts': 766541, 'missing_target_contexts': 260, 'join_contexts_removed': 0, 'available_before_cap': 766281, 'used': 60000, 'predictor_missing_fraction': 0.0562171875, 'used_target_missing': 0}","{'possible_contexts': 255343, 'missing_target_contexts': 86, 'join_contexts_removed': 0, 'available_before_cap': 255257, 'used': 30000, 'predictor_missing_fraction': 0.00019895833333333332, 'used_target_missing': 0}",ok,0.40416128491913944,0.6363533333333333,,,,,,,,0.36487912650340043,[],0.41245744665233175,10.0
forecast__ota5__mgmt__h15__w0__continuous__model_linear,temporal,forecast|management_control,forecast|ota|management_control,ota5__mgmt,linear,True,"{'possible_contexts': 766541, 'missing_target_contexts': 260, 'join_contexts_removed': 0, 'available_before_cap': 766281, 'used': 60000, 'predictor_missing_fraction': 0.0562171875, 'used_target_missing': 0}","{'possible_contexts': 255343, 'missing_target_contexts': 86, 'join_contexts_removed': 0, 'available_before_cap': 255257, 'used': 30000, 'predictor_missing_fraction': 0.00019895833333333332, 'used_target_missing': 0}",ok,0.39990320009036473,0.6363533333333333,,,,,,,,0.3715705109996049,[],0.42747300157341916,10.0
forecast__iot__smart_plug__sensor__voltage__value__h15__w0__continuous__model_rf,temporal,forecast|physical_context,forecast|iot|physical_context,iot__smart_plug__sensor__voltage__value,rf,True,"{'possible_contexts': 766541, 'missing_target_contexts': 517466, 'join_contexts_removed': 0, 'available_before_cap': 249075, 'used': 60000, 'predictor_missing_fraction': 0.05906015625, 'used_target_missing': 0}","{'possible_contexts': 255343, 'missing_target_contexts': 0, 'join_contexts_removed': 0, 'available_before_cap': 255343, 'used': 30000, 'predictor_missing_fraction': 0.0, 'used_target_missing': 0}",ok,0.2350990939356945,0.6797166666666666,,,,,,,,0.6541219224642211,[],0.7992191685944604,2.0
forecast__iot__smart_plug__sensor__voltage__value__h15__w0__continuous__model_linear,temporal,forecast|physical_context,forecast|iot|physical_context,iot__smart_plug__sensor__voltage__value,linear,False,"{'possible_contexts': 766541, 'missing_target_contexts': 517466, 'join_contexts_removed': 0, 'available_before_cap': 249075, 'used': 60000, 'predictor_missing_fraction': 0.05906015625, 'used_target_missing': 0}","{'possible_contexts': 255343, 'missing_target_contexts': 0, 'join_contexts_removed': 0, 'available_before_cap': 255343, 'used': 30000, 'predictor_missing_fraction': 0.0, 'used_target_missing': 0}",ok,0.6317193739485056,0.6797166666666666,,,,,,,,0.07061367636244661,[],-0.849642340149168,2.0
forecast__iot__smart_plug__sensor__signal_strength__value__h15__w0__continuous__model_rf,temporal,forecast|radio_quality,forecast|iot|radio_quality,iot__smart_plug__sensor__signal_strength__value,rf,False,"{'possible_contexts': 766541, 'missing_target_contexts': 517486, 'join_contexts_removed': 0, 'available_before_cap': 249055, 'used': 60000, 'predictor_missing_fraction': 0.05903684895833333, 'used_target_missing': 0}","{'possible_contexts': 255343, 'missing_target_contexts': 0, 'join_contexts_removed': 0, 'available_before_cap': 255343, 'used': 30000, 'predictor_missing_fraction': 0.0, 'used_target_missing': 0}",ok,0.9204103587507207,0.79065,,,,,,,,-0.16411858439350002,[],-1.2863428703267075,2.0
forecast__iot__smart_plug__sensor__signal_strength__value__h15__w0__continuous__model_linear,temporal,forecast|radio_quality,forecast|iot|radio_quality,iot__smart_plug__sensor__signal_strength__value,linear,False,"{'possible_contexts': 766541, 'missing_target_contexts': 517486, 'join_contexts_removed': 0, 'available_before_cap': 249055, 'used': 60000, 'predictor_missing_fraction': 0.05903684895833333, 'used_target_missing': 0}","{'possible_contexts': 255343, 'missing_target_contexts': 0, 'join_contexts_removed': 0, 'available_before_cap': 255343, 'used': 30000, 'predictor_missing_fraction': 0.0, 'used_target_missing': 0}",ok,0.8891134537854174,0.79065,,,,,,,,-0.124534817916167,[],-3.9286600023155245,2.0
forecast__iot__s5_max_main_brush_time_left__sensor__state__value__h15__w0__continuous__model_rf,temporal,forecast|state_event,forecast|iot|state_event,iot__s5_max_main_brush_time_left__sensor__state__value,rf,False,"{'possible_contexts': 766541, 'missing_target_contexts': 26494, 'join_contexts_removed': 0, 'available_before_cap': 740047, 'used': 60000, 'predictor_missing_fraction': 2.1484375e-05, 'used_target_missing': 0}","{'possible_contexts': 255343, 'missing_target_contexts': 0, 'join_contexts_removed': 0, 'available_before_cap': 255343, 'used': 30000, 'predictor_missing_fraction': 0.0, 'used_target_missing': 0}",unobserved_or_constant_target,,,,,,,,,,,[],,
forecast__iot__s5_max_main_brush_time_left__sensor__state__value__h15__w0__continuous__model_linear,temporal,forecast|state_event,forecast|iot|state_event,iot__s5_max_main_brush_time_left__sensor__state__value,linear,False,"{'possible_contexts': 766541, 'missing_target_contexts': 26494, 'join_contexts_removed': 0, 'available_before_cap': 740047, 'used': 60000, 'predictor_missing_fraction': 2.1484375e-05, 'used_target_missing': 0}","{'possible_contexts': 255343, 'missing_target_contexts': 0, 'join_contexts_removed': 0, 'available_before_cap': 255343, 'used': 30000, 'predictor_missing_fraction': 0.0, 'used_target_missing': 0}",unobserved_or_constant_target,,,,,,,,,,,[],,
burst__ota__bytes_total__h0__w60__train_q0.99__model_rf,temporal,burst|byte_volume,burst|ota|byte_volume,ota__bytes_total,rf,True,"{'possible_contexts': 766496, 'missing_target_contexts': 420, 'join_contexts_removed': 0, 'available_before_cap': 766076, 'used': 60000, 'predictor_missing_fraction': 0.048046354166666666, 'used_target_missing': 0}","{'possible_contexts': 255298, 'missing_target_contexts': 0, 'join_contexts_removed': 0, 'available_before_cap': 255298, 'used': 30000, 'predictor_missing_fraction': 0.0004505208333333333, 'used_target_missing': 0}",ok,0.16860893180657482,0.23614274027777774,0.875240985803686,0.7633617544874317,0.5835267400387223,0.13496469630883678,0.2859872312473465,0.18801666666666667,0.3218,0.28598723124734654,[],,
burst__ota__bytes_total__h0__w60__train_q0.99__model_linear,temporal,burst|byte_volume,burst|ota|byte_volume,ota__bytes_total,linear,True,"{'possible_contexts': 766496, 'missing_target_contexts': 420, 'join_contexts_removed': 0, 'available_before_cap': 766076, 'used': 60000, 'predictor_missing_fraction': 0.048046354166666666, 'used_target_missing': 0}","{'possible_contexts': 255298, 'missing_target_contexts': 0, 'join_contexts_removed': 0, 'available_before_cap': 255298, 'used': 30000, 'predictor_missing_fraction': 0.0004505208333333333, 'used_target_missing': 0}",ok,0.11449795196808893,0.23614274027777774,0.9093802399756229,0.8242904721186604,0.782612772314289,0.06512658087638806,0.5151324498335053,0.18801666666666667,0.3218,0.5151324498335053,[],,
burst__router__tcp_pkt__h0__w60__train_q0.99__model_rf,temporal,burst|packet_count,burst|router|packet_count,router__tcp_pkt,rf,True,"{'possible_contexts': 766496, 'missing_target_contexts': 11789, 'join_contexts_removed': 0, 'available_before_cap': 754707, 'used': 60000, 'predictor_missing_fraction': 0.0009765625, 'used_target_missing': 0}","{'possible_contexts': 255298, 'missing_target_contexts': 4453, 'join_contexts_removed': 0, 'available_before_cap': 250845, 'used': 30000, 'predictor_missing_fraction': 0.0009864583333333333, 'used_target_missing': 0}",ok,0.10907444680198641,0.14002335916666667,0.7560784752846745,0.5065380185540168,0.6794400062170377,0.016463717744097956,0.22102678116615138,0.17785,0.16823333333333335,0.2210267811661514,[],,
burst__router__tcp_pkt__h0__w60__train_q0.99__model_linear,temporal,burst|packet_count,burst|router|packet_count,router__tcp_pkt,linear,True,"{'possible_contexts': 766496, 'missing_target_contexts': 11789, 'join_contexts_removed': 0, 'available_before_cap': 754707, 'used': 60000, 'predictor_missing_fraction': 0.0009765625, 'used_target_missing': 0}","{'possible_contexts': 255298, 'missing_target_contexts': 4453, 'join_contexts_removed': 0, 'available_before_cap': 250845, 'used': 30000, 'predictor_missing_fraction': 0.0009864583333333333, 'used_target_missing': 0}",ok,0.12112532378980713,0.14002335916666667,0.7351783945456055,0.42501076164773216,0.5486289774607847,0.03343208774040612,0.13496344816557093,0.17785,0.16823333333333335,0.13496344816557093,[],,
contemporaneous_dependency__router__bytes_total__absdiff1__h0__w0__continuous__model_rf,contemporaneous,contemporaneous_dependency|byte_volume,contemporaneous_dependency|router|byte_volume,router__bytes_total__absdiff1,rf,True,"{'possible_contexts': 766616, 'missing_target_contexts': 1051, 'join_contexts_removed': 0, 'available_before_cap': 765565, 'used': 60000, 'predictor_missing_fraction': 0.02367447916666667, 'used_target_missing': 0}","{'possible_contexts': 255418, 'missing_target_contexts': 323, 'join_contexts_removed': 0, 'available_before_cap': 255095, 'used': 30000, 'predictor_missing_fraction': 2.0833333333333333e-05, 'used_target_missing': 0}",ok,3.70504428242941,65.71764189287006,,,,,,,,0.9436217707192049,[],0.9898940401742478,1842.0
contemporaneous_dependency__router__bytes_total__absdiff1__h0__w0__continuous__model_linear,contemporaneous,contemporaneous_dependency|byte_volume,contemporaneous_dependency|router|byte_volume,router__bytes_total__absdiff1,linear,True,"{'possible_contexts': 766616, 'missing_target_contexts': 1051, 'join_contexts_removed': 0, 'available_before_cap': 765565, 'used': 60000, 'predictor_missing_fraction': 0.02367447916666667, 'used_target_missing': 0}","{'possible_contexts': 255418, 'missing_target_contexts': 323, 'join_contexts_removed': 0, 'available_before_cap': 255095, 'used': 30000, 'predictor_missing_fraction': 2.0833333333333333e-05, 'used_target_missing': 0}",ok,10.440794000682367,65.71764189287006,,,,,,,,0.8411264661975778,[],0.9877061020451666,1842.0
contemporaneous_dependency__ota__mgmt__h0__w0__continuous__model_rf,contemporaneous,contemporaneous_dependency|management_control,contemporaneous_dependency|ota|management_control,ota__mgmt,rf,True,"{'possible_contexts': 766616, 'missing_target_contexts': 7, 'join_contexts_removed': 0, 'available_before_cap': 766609, 'used': 60000, 'predictor_missing_fraction': 0.0069171875, 'used_target_missing': 0}","{'possible_contexts': 255418, 'missing_target_contexts': 0, 'join_contexts_removed': 0, 'available_before_cap': 255418, 'used': 30000, 'predictor_missing_fraction': 0.00023541666666666668, 'used_target_missing': 0}",ok,0.06687153547602127,0.6346151515151516,,,,,,,,0.8946266326664835,[],0.9757525997348232,11.0
contemporaneous_dependency__ota__mgmt__h0__w0__continuous__model_linear,contemporaneous,contemporaneous_dependency|management_control,contemporaneous_dependency|ota|management_control,ota__mgmt,linear,True,"{'possible_contexts': 766616, 'missing_target_contexts': 7, 'join_contexts_removed': 0, 'available_before_cap': 766609, 'used': 60000, 'predictor_missing_fraction': 0.0069171875, 'used_target_missing': 0}","{'possible_contexts': 255418, 'missing_target_contexts': 0, 'join_contexts_removed': 0, 'available_before_cap': 255418, 'used': 30000, 'predictor_missing_fraction': 0.00023541666666666668, 'used_target_missing': 0}",ok,0.07223776369767648,0.6346151515151516,,,,,,,,0.8861707547870424,[],0.9800172494379662,11.0
contemporaneous_dependency__iot__smart_plug_ps5__sensor__voltage__value__h0__w0__continuous__model_rf,contemporaneous,contemporaneous_dependency|physical_context,contemporaneous_dependency|iot|physical_context,iot__smart_plug_ps5__sensor__voltage__value,rf,True,"{'possible_contexts': 766616, 'missing_target_contexts': 517540, 'join_contexts_removed': 0, 'available_before_cap': 249076, 'used': 60000, 'predictor_missing_fraction': 0.0580703125, 'used_target_missing': 0}","{'possible_contexts': 255418, 'missing_target_contexts': 0, 'join_contexts_removed': 0, 'available_before_cap': 255418, 'used': 30000, 'predictor_missing_fraction': 0.0, 'used_target_missing': 0}",ok,0.12750091922276766,0.44472222222222224,,,,,,,,0.7133021179250697,[],0.8831571093960607,3.0
contemporaneous_dependency__iot__smart_plug_ps5__sensor__voltage__value__h0__w0__continuous__model_linear,contemporaneous,contemporaneous_dependency|physical_context,contemporaneous_dependency|iot|physical_context,iot__smart_plug_ps5__sensor__voltage__value,linear,False,"{'possible_contexts': 766616, 'missing_target_contexts': 517540, 'join_contexts_removed': 0, 'available_before_cap': 249076, 'used': 60000, 'predictor_missing_fraction': 0.0580703125, 'used_target_missing': 0}","{'possible_contexts': 255418, 'missing_target_contexts': 0, 'join_contexts_removed': 0, 'available_before_cap': 255418, 'used': 30000, 'predictor_missing_fraction': 0.0, 'used_target_missing': 0}",ok,0.42409191884112235,0.44472222222222224,,,,,,,,0.046389189364122174,[],0.10462935249828087,3.0
contemporaneous_dependency__iot__smart_plug_ps5__sensor__signal_strength__value__h0__w0__continuous__model_rf,contemporaneous,contemporaneous_dependency|radio_quality,contemporaneous_dependency|iot|radio_quality,iot__smart_plug_ps5__sensor__signal_strength__value,rf,False,"{'possible_contexts': 766616, 'missing_target_contexts': 517590, 'join_contexts_removed': 0, 'available_before_cap': 249026, 'used': 60000, 'predictor_missing_fraction': 0.05801979166666667, 'used_target_missing': 0}","{'possible_contexts': 255418, 'missing_target_contexts': 0, 'join_contexts_removed': 0, 'available_before_cap': 255418, 'used': 30000, 'predictor_missing_fraction': 0.0, 'used_target_missing': 0}",ok,1.2694400644224482,0.5489833333333334,,,,,,,,-1.3123471831369162,[],-3.8312677987536388,4.0
contemporaneous_dependency__iot__smart_plug_ps5__sensor__signal_strength__value__h0__w0__continuous__model_linear,contemporaneous,contemporaneous_dependency|radio_quality,contemporaneous_dependency|iot|radio_quality,iot__smart_plug_ps5__sensor__signal_strength__value,linear,False,"{'possible_contexts': 766616, 'missing_target_contexts': 517590, 'join_contexts_removed': 0, 'available_before_cap': 249026, 'used': 60000, 'predictor_missing_fraction': 0.05801979166666667, 'used_target_missing': 0}","{'possible_contexts': 255418, 'missing_target_contexts': 0, 'join_contexts_removed': 0, 'available_before_cap': 255418, 'used': 30000, 'predictor_missing_fraction': 0.0, 'used_target_missing': 0}",ok,2.6041495008423623,0.5489833333333334,,,,,,,,-3.743585720590841,[],-15.936195806939427,4.0
contemporaneous_dependency__iot__s5_max_side_brush_time_left__sensor__state__value__h0__w0__continuous__model_rf,contemporaneous,contemporaneous_dependency|state_event,contemporaneous_dependency|iot|state_event,iot__s5_max_side_brush_time_left__sensor__state__value,rf,False,"{'possible_contexts': 766616, 'missing_target_contexts': 26569, 'join_contexts_removed': 0, 'available_before_cap': 740047, 'used': 60000, 'predictor_missing_fraction': 0.0, 'used_target_missing': 0}","{'possible_contexts': 255418, 'missing_target_contexts': 0, 'join_contexts_removed': 0, 'available_before_cap': 255418, 'used': 30000, 'predictor_missing_fraction': 0.0, 'used_target_missing': 0}",unobserved_or_constant_target,,,,,,,,,,,[],,
contemporaneous_dependency__iot__s5_max_side_brush_time_left__sensor__state__value__h0__w0__continuous__model_linear,contemporaneous,contemporaneous_dependency|state_event,contemporaneous_dependency|iot|state_event,iot__s5_max_side_brush_time_left__sensor__state__value,linear,False,"{'possible_contexts': 766616, 'missing_target_contexts': 26569, 'join_contexts_removed': 0, 'available_before_cap': 740047, 'used': 60000, 'predictor_missing_fraction': 0.0, 'used_target_missing': 0}","{'possible_contexts': 255418, 'missing_target_contexts': 0, 'join_contexts_removed': 0, 'available_before_cap': 255418, 'used': 30000, 'predictor_missing_fraction': 0.0, 'used_target_missing': 0}",unobserved_or_constant_target,,,,,,,,,,,[],,
forecast__ota5__bytes_total__h60__w0__continuous__model_rf,temporal,forecast|byte_volume,forecast|ota|byte_volume,ota5__bytes_total,rf,True,"{'possible_contexts': 766496, 'missing_target_contexts': 260, 'join_contexts_removed': 0, 'available_before_cap': 766236, 'used': 60000, 'predictor_missing_fraction': 0.06734921875, 'used_target_missing': 0}","{'possible_contexts': 255298, 'missing_target_contexts': 86, 'join_contexts_removed': 0, 'available_before_cap': 255212, 'used': 30000, 'predictor_missing_fraction': 0.00021119791666666666, 'used_target_missing': 0}",ok,0.43894335347020497,0.5573260273610643,,,,,,,,0.21241188833652833,[],0.18712331294558726,12615.25
forecast__ota5__bytes_total__h60__w0__continuous__model_linear,temporal,forecast|byte_volume,forecast|ota|byte_volume,ota5__bytes_total,linear,True,"{'possible_contexts': 766496, 'missing_target_contexts': 260, 'join_contexts_removed': 0, 'available_before_cap': 766236, 'used': 60000, 'predictor_missing_fraction': 0.06734921875, 'used_target_missing': 0}","{'possible_contexts': 255298, 'missing_target_contexts': 86, 'join_contexts_removed': 0, 'available_before_cap': 255212, 'used': 30000, 'predictor_missing_fraction': 0.00021119791666666666, 'used_target_missing': 0}",ok,0.35953400046694106,0.5573260273610643,,,,,,,,0.35489465265181924,[],0.47451555679786295,12615.25
forecast__ota5__mgmt__h5__w0__continuous__model_rf,temporal,forecast|management_control,forecast|ota|management_control,ota5__mgmt,rf,True,"{'possible_contexts': 766551, 'missing_target_contexts': 260, 'join_contexts_removed': 0, 'available_before_cap': 766291, 'used': 60000, 'predictor_missing_fraction': 0.0562171875, 'used_target_missing': 0}","{'possible_contexts': 255353, 'missing_target_contexts': 86, 'join_contexts_removed': 0, 'available_before_cap': 255267, 'used': 30000, 'predictor_missing_fraction': 0.00019895833333333332, 'used_target_missing': 0}",ok,0.4068526340814153,0.63206,,,,,,,,0.3563069422500786,[],0.3990543240161656,10.0
forecast__ota5__mgmt__h5__w0__continuous__model_linear,temporal,forecast|management_control,forecast|ota|management_control,ota5__mgmt,linear,True,"{'possible_contexts': 766551, 'missing_target_contexts': 260, 'join_contexts_removed': 0, 'available_before_cap': 766291, 'used': 60000, 'predictor_missing_fraction': 0.0562171875, 'used_target_missing': 0}","{'possible_contexts': 255353, 'missing_target_contexts': 86, 'join_contexts_removed': 0, 'available_before_cap': 255267, 'used': 30000, 'predictor_missing_fraction': 0.00019895833333333332, 'used_target_missing': 0}",ok,0.3999180103673882,0.63206,,,,,,,,0.3672784065319934,[],0.4164906525502057,10.0
forecast__iot__smart_plug__sensor__voltage__value__h5__w0__continuous__model_rf,temporal,forecast|physical_context,forecast|iot|physical_context,iot__smart_plug__sensor__voltage__value,rf,True,"{'possible_contexts': 766551, 'missing_target_contexts': 517476, 'join_contexts_removed': 0, 'available_before_cap': 249075, 'used': 60000, 'predictor_missing_fraction': 0.05904908854166667, 'used_target_missing': 0}","{'possible_contexts': 255353, 'missing_target_contexts': 0, 'join_contexts_removed': 0, 'available_before_cap': 255353, 'used': 30000, 'predictor_missing_fraction': 0.0, 'used_target_missing': 0}",ok,0.19363368558909075,0.6802166666666667,,,,,,,,0.7153352820095203,[],0.8709915716057686,2.0
forecast__iot__smart_plug__sensor__voltage__value__h5__w0__continuous__model_linear,temporal,forecast|physical_context,forecast|iot|physical_context,iot__smart_plug__sensor__voltage__value,linear,False,"{'possible_contexts': 766551, 'missing_target_contexts': 517476, 'join_contexts_removed': 0, 'available_before_cap': 249075, 'used': 60000, 'predictor_missing_fraction': 0.05904908854166667, 'used_target_missing': 0}","{'possible_contexts': 255353, 'missing_target_contexts': 0, 'join_contexts_removed': 0, 'available_before_cap': 255353, 'used': 30000, 'predictor_missing_fraction': 0.0, 'used_target_missing': 0}",ok,0.6216963307707263,0.6802166666666667,,,,,,,,0.08603190536731983,[],-0.7332070049294392,2.0
forecast__iot__smart_plug__sensor__signal_strength__value__h5__w0__continuous__model_rf,temporal,forecast|radio_quality,forecast|iot|radio_quality,iot__smart_plug__sensor__signal_strength__value,rf,False,"{'possible_contexts': 766551, 'missing_target_contexts': 517496, 'join_contexts_removed': 0, 'available_before_cap': 249055, 'used': 60000, 'predictor_missing_fraction': 0.059026302083333336, 'used_target_missing': 0}","{'possible_contexts': 255353, 'missing_target_contexts': 0, 'join_contexts_removed': 0, 'available_before_cap': 255353, 'used': 30000, 'predictor_missing_fraction': 0.0, 'used_target_missing': 0}",ok,0.9195865102025991,0.79105,,,,,,,,-0.16248847759635804,[],-1.2512252782040192,2.0
forecast__iot__smart_plug__sensor__signal_strength__value__h5__w0__continuous__model_linear,temporal,forecast|radio_quality,forecast|iot|radio_quality,iot__smart_plug__sensor__signal_strength__value,linear,False,"{'possible_contexts': 766551, 'missing_target_contexts': 517496, 'join_contexts_removed': 0, 'available_before_cap': 249055, 'used': 60000, 'predictor_missing_fraction': 0.059026302083333336, 'used_target_missing': 0}","{'possible_contexts': 255353, 'missing_target_contexts': 0, 'join_contexts_removed': 0, 'available_before_cap': 255353, 'used': 30000, 'predictor_missing_fraction': 0.0, 'used_target_missing': 0}",ok,0.8929618335665024,0.79105,,,,,,,,-0.12883108977498559,[],-3.8860771774367313,2.0
forecast__iot__s5_max_main_brush_time_left__sensor__state__value__h5__w0__continuous__model_rf,temporal,forecast|state_event,forecast|iot|state_event,iot__s5_max_main_brush_time_left__sensor__state__value,rf,False,"{'possible_contexts': 766551, 'missing_target_contexts': 26504, 'join_contexts_removed': 0, 'available_before_cap': 740047, 'used': 60000, 'predictor_missing_fraction': 1.5755208333333333e-05, 'used_target_missing': 0}","{'possible_contexts': 255353, 'missing_target_contexts': 0, 'join_contexts_removed': 0, 'available_before_cap': 255353, 'used': 30000, 'predictor_missing_fraction': 0.0, 'used_target_missing': 0}",unobserved_or_constant_target,,,,,,,,,,,[],,
forecast__iot__s5_max_main_brush_time_left__sensor__state__value__h5__w0__continuous__model_linear,temporal,forecast|state_event,forecast|iot|state_event,iot__s5_max_main_brush_time_left__sensor__state__value,linear,False,"{'possible_contexts': 766551, 'missing_target_contexts': 26504, 'join_contexts_removed': 0, 'available_before_cap': 740047, 'used': 60000, 'predictor_missing_fraction': 1.5755208333333333e-05, 'used_target_missing': 0}","{'possible_contexts': 255353, 'missing_target_contexts': 0, 'join_contexts_removed': 0, 'available_before_cap': 255353, 'used': 30000, 'predictor_missing_fraction': 0.0, 'used_target_missing': 0}",unobserved_or_constant_target,,,,,,,,,,,[],,
burst__router__bytes_total__absdiff1__h0__w30__train_q0.99__model_rf,temporal,burst|byte_volume,burst|router|byte_volume,router__bytes_total__absdiff1,rf,True,"{'possible_contexts': 766526, 'missing_target_contexts': 6329, 'join_contexts_removed': 0, 'available_before_cap': 760197, 'used': 60000, 'predictor_missing_fraction': 0.024158723958333333, 'used_target_missing': 0}","{'possible_contexts': 255328, 'missing_target_contexts': 2353, 'join_contexts_removed': 0, 'available_before_cap': 252975, 'used': 30000, 'predictor_missing_fraction': 0.00065390625, 'used_target_missing': 0}",ok,0.017329567711582998,0.02635466249999999,0.8199837415248993,0.4986684543325992,0.7083555200845398,0.010980957988784497,0.3424477467096001,0.06391666666666666,0.025533333333333335,0.3424477467096001,[],,
burst__router__bytes_total__absdiff1__h0__w30__train_q0.99__model_linear,temporal,burst|byte_volume,burst|router|byte_volume,router__bytes_total__absdiff1,linear,True,"{'possible_contexts': 766526, 'missing_target_contexts': 6329, 'join_contexts_removed': 0, 'available_before_cap': 760197, 'used': 60000, 'predictor_missing_fraction': 0.024158723958333333, 'used_target_missing': 0}","{'possible_contexts': 255328, 'missing_target_contexts': 2353, 'join_contexts_removed': 0, 'available_before_cap': 252975, 'used': 30000, 'predictor_missing_fraction': 0.00065390625, 'used_target_missing': 0}",ok,0.018560194618334806,0.02635466249999999,0.7988071312937062,0.42083471024431307,0.6672499080526252,0.0052944242726376215,0.29575290071216764,0.06391666666666666,0.025533333333333335,0.29575290071216764,[],,
burst__router__udp_pkt__h0__w30__train_q0.99__model_rf,temporal,burst|packet_count,burst|router|packet_count,router__udp_pkt,rf,True,"{'possible_contexts': 766526, 'missing_target_contexts': 6329, 'join_contexts_removed': 0, 'available_before_cap': 760197, 'used': 60000, 'predictor_missing_fraction': 0.0018694010416666666, 'used_target_missing': 0}","{'possible_contexts': 255328, 'missing_target_contexts': 2353, 'join_contexts_removed': 0, 'available_before_cap': 252975, 'used': 30000, 'predictor_missing_fraction': 0.0007611979166666666, 'used_target_missing': 0}",ok,0.011403663038894042,0.03287160444444445,0.9662900931028104,0.8062384842284959,0.8599423165044879,0.006531118609599622,0.6530846841331669,0.07353333333333334,0.0322,0.6530846841331669,[],,
burst__router__udp_pkt__h0__w30__train_q0.99__model_linear,temporal,burst|packet_count,burst|router|packet_count,router__udp_pkt,linear,True,"{'possible_contexts': 766526, 'missing_target_contexts': 6329, 'join_contexts_removed': 0, 'available_before_cap': 760197, 'used': 60000, 'predictor_missing_fraction': 0.0018694010416666666, 'used_target_missing': 0}","{'possible_contexts': 255328, 'missing_target_contexts': 2353, 'join_contexts_removed': 0, 'available_before_cap': 252975, 'used': 30000, 'predictor_missing_fraction': 0.0007611979166666666, 'used_target_missing': 0}",ok,0.014631963675092868,0.03287160444444445,0.9518375044265232,0.706616836255578,0.8325277881532767,0.009582389467167161,0.5548752814964656,0.07353333333333334,0.0322,0.5548752814964656,[],,
burst__iot__smart_plug_ps5__sensor__voltage__value__h0__w30__train_q0.99__model_rf,temporal,burst|physical_context,burst|iot|physical_context,iot__smart_plug_ps5__sensor__voltage__value,rf,False,"{'possible_contexts': 766526, 'missing_target_contexts': 517479, 'join_contexts_removed': 0, 'available_before_cap': 249047, 'used': 60000, 'predictor_missing_fraction': 0.058098046875, 'used_target_missing': 0}","{'possible_contexts': 255328, 'missing_target_contexts': 0, 'join_contexts_removed': 0, 'available_before_cap': 255328, 'used': 30000, 'predictor_missing_fraction': 0.0, 'used_target_missing': 0}",ok,0.0005500959001906425,0.0006397791666666665,0.9383574509470034,0.32786288581575307,0.5525481928028102,0.0021298509328258513,0.1401784727428459,0.00325,0.0006333333333333333,0.14017847274284592,[],,
contemporaneous_dependency__router__bytes_total__diff1__h0__w0__continuous__model_rf,contemporaneous,contemporaneous_dependency|byte_volume,contemporaneous_dependency|router|byte_volume,router__bytes_total__diff1,rf,True,"{'possible_contexts': 766616, 'missing_target_contexts': 1051, 'join_contexts_removed': 0, 'available_before_cap': 765565, 'used': 60000, 'predictor_missing_fraction': 0.000425, 'used_target_missing': 0}","{'possible_contexts': 255418, 'missing_target_contexts': 323, 'join_contexts_removed': 0, 'available_before_cap': 255095, 'used': 30000, 'predictor_missing_fraction': 4.8958333333333335e-05, 'used_target_missing': 0}",ok,4.342739727363633,81.13314382798575,,,,,,,,0.9464739128490954,[],0.9918006716531735,1496.0
contemporaneous_dependency__router__bytes_total__diff1__h0__w0__continuous__model_linear,contemporaneous,contemporaneous_dependency|byte_volume,contemporaneous_dependency|router|byte_volume,router__bytes_total__diff1,linear,True,"{'possible_contexts': 766616, 'missing_target_contexts': 1051, 'join_contexts_removed': 0, 'available_before_cap': 765565, 'used': 60000, 'predictor_missing_fraction': 0.000425, 'used_target_missing': 0}","{'possible_contexts': 255418, 'missing_target_contexts': 323, 'join_contexts_removed': 0, 'available_before_cap': 255095, 'used': 30000, 'predictor_missing_fraction': 4.8958333333333335e-05, 'used_target_missing': 0}",ok,13.556761415468747,81.13314382798575,,,,,,,,0.8329072340126363,[],0.9855596782903513,1496.0
contemporaneous_dependency__zigbee__beacon__h0__w0__continuous__model_rf,contemporaneous,contemporaneous_dependency|management_control,contemporaneous_dependency|zigbee|management_control,zigbee__beacon,rf,False,"{'possible_contexts': 766616, 'missing_target_contexts': 59105, 'join_contexts_removed': 0, 'available_before_cap': 707511, 'used': 60000, 'predictor_missing_fraction': 0.0, 'used_target_missing': 0}","{'possible_contexts': 255418, 'missing_target_contexts': 19343, 'join_contexts_removed': 0, 'available_before_cap': 236075, 'used': 30000, 'predictor_missing_fraction': 0.0, 'used_target_missing': 0}",unobserved_or_constant_target,,,,,,,,,,,[],,
contemporaneous_dependency__router__tcp_pkt__h0__w0__continuous__model_rf,contemporaneous,contemporaneous_dependency|packet_count,contemporaneous_dependency|router|packet_count,router__tcp_pkt,rf,True,"{'possible_contexts': 766616, 'missing_target_contexts': 1051, 'join_contexts_removed': 0, 'available_before_cap': 765565, 'used': 60000, 'predictor_missing_fraction': 1.25e-05, 'used_target_missing': 0}","{'possible_contexts': 255418, 'missing_target_contexts': 323, 'join_contexts_removed': 0, 'available_before_cap': 255095, 'used': 30000, 'predictor_missing_fraction': 1.0416666666666666e-05, 'used_target_missing': 0}",ok,0.19362788369409714,11.898311111111111,,,,,,,,0.983726439669805,[],0.9987347357375668,3.0
contemporaneous_dependency__router__tcp_pkt__h0__w0__continuous__model_linear,contemporaneous,contemporaneous_dependency|packet_count,contemporaneous_dependency|router|packet_count,router__tcp_pkt,linear,True,"{'possible_contexts': 766616, 'missing_target_contexts': 1051, 'join_contexts_removed': 0, 'available_before_cap': 765565, 'used': 60000, 'predictor_missing_fraction': 1.25e-05, 'used_target_missing': 0}","{'possible_contexts': 255418, 'missing_target_contexts': 323, 'join_contexts_removed': 0, 'available_before_cap': 255095, 'used': 30000, 'predictor_missing_fraction': 1.0416666666666666e-05, 'used_target_missing': 0}",ok,0.1121070375779185,11.898311111111111,,,,,,,,0.9905779033233357,[],0.9999965462823932,3.0
contemporaneous_dependency__ota__data__h0__w0__continuous__model_rf,contemporaneous,contemporaneous_dependency|protocol_other,contemporaneous_dependency|ota|protocol_other,ota__data,rf,True,"{'possible_contexts': 766616, 'missing_target_contexts': 7, 'join_contexts_removed': 0, 'available_before_cap': 766609, 'used': 60000, 'predictor_missing_fraction': 0.13515260416666666, 'used_target_missing': 0}","{'possible_contexts': 255418, 'missing_target_contexts': 0, 'join_contexts_removed': 0, 'available_before_cap': 255418, 'used': 30000, 'predictor_missing_fraction': 8.854166666666667e-05, 'used_target_missing': 0}",ok,0.22330469406937667,0.6042527777777777,,,,,,,,0.63044490272662,[],0.8212926838073095,12.0
contemporaneous_dependency__ota__data__h0__w0__continuous__model_linear,contemporaneous,contemporaneous_dependency|protocol_other,contemporaneous_dependency|ota|protocol_other,ota__data,linear,True,"{'possible_contexts': 766616, 'missing_target_contexts': 7, 'join_contexts_removed': 0, 'available_before_cap': 766609, 'used': 60000, 'predictor_missing_fraction': 0.13515260416666666, 'used_target_missing': 0}","{'possible_contexts': 255418, 'missing_target_contexts': 0, 'join_contexts_removed': 0, 'available_before_cap': 255418, 'used': 30000, 'predictor_missing_fraction': 8.854166666666667e-05, 'used_target_missing': 0}",ok,0.3020570296841964,0.6042527777777777,,,,,,,,0.500114785082077,[],0.6809541272610051,12.0
contemporaneous_dependency__ota24__rssi_n__h0__w0__continuous__model_rf,contemporaneous,contemporaneous_dependency|radio_quality,contemporaneous_dependency|ota|radio_quality,ota24__rssi_n,rf,True,"{'possible_contexts': 766616, 'missing_target_contexts': 265, 'join_contexts_removed': 0, 'available_before_cap': 766351, 'used': 60000, 'predictor_missing_fraction': 0.15798645833333333, 'used_target_missing': 0}","{'possible_contexts': 255418, 'missing_target_contexts': 88, 'join_contexts_removed': 0, 'available_before_cap': 255330, 'used': 30000, 'predictor_missing_fraction': 0.0, 'used_target_missing': 0}",ok,0.0007277627015884552,0.6063722222222222,,,,,,,,0.9987998086407696,[],0.9998082854480579,12.0
contemporaneous_dependency__zb__app_event_flag__h0__w0__continuous__model_rf,contemporaneous,contemporaneous_dependency|state_event,contemporaneous_dependency|zigbee|state_event,zb__app_event_flag,rf,False,"{'possible_contexts': 766616, 'missing_target_contexts': 0, 'join_contexts_removed': 0, 'available_before_cap': 766616, 'used': 60000, 'predictor_missing_fraction': 0.0495421875, 'used_target_missing': 0}","{'possible_contexts': 255418, 'missing_target_contexts': 0, 'join_contexts_removed': 0, 'available_before_cap': 255418, 'used': 30000, 'predictor_missing_fraction': 0.033305208333333336, 'used_target_missing': 0}",unobserved_or_constant_target,,,,,,,,,,,[],,
contemporaneous_dependency__zb__app_event_flag__h0__w0__continuous__model_linear,contemporaneous,contemporaneous_dependency|state_event,contemporaneous_dependency|zigbee|state_event,zb__app_event_flag,linear,False,"{'possible_contexts': 766616, 'missing_target_contexts': 0, 'join_contexts_removed': 0, 'available_before_cap': 766616, 'used': 60000, 'predictor_missing_fraction': 0.0495421875, 'used_target_missing': 0}","{'possible_contexts': 255418, 'missing_target_contexts': 0, 'join_contexts_removed': 0, 'available_before_cap': 255418, 'used': 30000, 'predictor_missing_fraction': 0.033305208333333336, 'used_target_missing': 0}",unobserved_or_constant_target,,,,,,,,,,,[],,
forecast__ota__bytes_total__h15__w0__continuous__model_rf,temporal,forecast|byte_volume,forecast|ota|byte_volume,ota__bytes_total,rf,True,"{'possible_contexts': 766541, 'missing_target_contexts': 7, 'join_contexts_removed': 0, 'available_before_cap': 766534, 'used': 60000, 'predictor_missing_fraction': 0.048114713541666666, 'used_target_missing': 0}","{'possible_contexts': 255343, 'missing_target_contexts': 0, 'join_contexts_removed': 0, 'available_before_cap': 255343, 'used': 30000, 'predictor_missing_fraction': 0.0004505208333333333, 'used_target_missing': 0}",ok,0.4253493004484072,0.5597866607215843,,,,,,,,0.24015820616354586,[],-2.5582347709845705,13456.5
forecast__ota__bytes_total__h15__w0__continuous__model_linear,temporal,forecast|byte_volume,forecast|ota|byte_volume,ota__bytes_total,linear,True,"{'possible_contexts': 766541, 'missing_target_contexts': 7, 'join_contexts_removed': 0, 'available_before_cap': 766534, 'used': 60000, 'predictor_missing_fraction': 0.048114713541666666, 'used_target_missing': 0}","{'possible_contexts': 255343, 'missing_target_contexts': 0, 'join_contexts_removed': 0, 'available_before_cap': 255343, 'used': 30000, 'predictor_missing_fraction': 0.0004505208333333333, 'used_target_missing': 0}",ok,0.38903901460964974,0.5597866607215843,,,,,,,,0.3050227132812257,[],0.41560817565747843,13456.5
forecast__ota5__mgmt__h60__w0__continuous__model_rf,temporal,forecast|management_control,forecast|ota|management_control,ota5__mgmt,rf,True,"{'possible_contexts': 766496, 'missing_target_contexts': 260, 'join_contexts_removed': 0, 'available_before_cap': 766236, 'used': 60000, 'predictor_missing_fraction': 0.05621822916666667, 'used_target_missing': 0}","{'possible_contexts': 255298, 'missing_target_contexts': 86, 'join_contexts_removed': 0, 'available_before_cap': 255212, 'used': 30000, 'predictor_missing_fraction': 0.00019895833333333332, 'used_target_missing': 0}",ok,0.4144620623676906,0.62779,,,,,,,,0.3398077982005278,[],0.39280923984778326,10.0
forecast__ota5__mgmt__h60__w0__continuous__model_linear,temporal,forecast|management_control,forecast|ota|management_control,ota5__mgmt,linear,True,"{'possible_contexts': 766496, 'missing_target_contexts': 260, 'join_contexts_removed': 0, 'available_before_cap': 766236, 'used': 60000, 'predictor_missing_fraction': 0.05621822916666667, 'used_target_missing': 0}","{'possible_contexts': 255298, 'missing_target_contexts': 86, 'join_contexts_removed': 0, 'available_before_cap': 255212, 'used': 30000, 'predictor_missing_fraction': 0.00019895833333333332, 'used_target_missing': 0}",ok,0.40629985309951583,0.62779,,,,,,,,0.35280929435079267,[],0.41684671588989697,10.0
forecast__iot__smart_plug__sensor__voltage__value__h60__w0__continuous__model_rf,temporal,forecast|physical_context,forecast|iot|physical_context,iot__smart_plug__sensor__voltage__value,rf,True,"{'possible_contexts': 766496, 'missing_target_contexts': 517421, 'join_contexts_removed': 0, 'available_before_cap': 249075, 'used': 60000, 'predictor_missing_fraction': 0.059113541666666665, 'used_target_missing': 0}","{'possible_contexts': 255298, 'missing_target_contexts': 0, 'join_contexts_removed': 0, 'available_before_cap': 255298, 'used': 30000, 'predictor_missing_fraction': 0.0, 'used_target_missing': 0}",ok,0.37011415944400156,0.6802,,,,,,,,0.45587450831519916,[],0.4326405021980976,2.0
forecast__iot__smart_plug__sensor__voltage__value__h60__w0__continuous__model_linear,temporal,forecast|physical_context,forecast|iot|physical_context,iot__smart_plug__sensor__voltage__value,linear,False,"{'possible_contexts': 766496, 'missing_target_contexts': 517421, 'join_contexts_removed': 0, 'available_before_cap': 249075, 'used': 60000, 'predictor_missing_fraction': 0.059113541666666665, 'used_target_missing': 0}","{'possible_contexts': 255298, 'missing_target_contexts': 0, 'join_contexts_removed': 0, 'available_before_cap': 255298, 'used': 30000, 'predictor_missing_fraction': 0.0, 'used_target_missing': 0}",ok,0.6691162956493732,0.6802,,,,,,,,0.016294772641321342,[],-0.8591335686231771,2.0
forecast__iot__smart_plug__sensor__signal_strength__value__h60__w0__continuous__model_rf,temporal,forecast|radio_quality,forecast|iot|radio_quality,iot__smart_plug__sensor__signal_strength__value,rf,False,"{'possible_contexts': 766496, 'missing_target_contexts': 517441, 'join_contexts_removed': 0, 'available_before_cap': 249055, 'used': 60000, 'predictor_missing_fraction': 0.059090104166666664, 'used_target_missing': 0}","{'possible_contexts': 255298, 'missing_target_contexts': 0, 'join_contexts_removed': 0, 'available_before_cap': 255298, 'used': 30000, 'predictor_missing_fraction': 0.0, 'used_target_missing': 0}",ok,0.9004163740110661,0.7906166666666666,,,,,,,,-0.13887856400413115,[],-1.2203075578049427,2.0
forecast__iot__smart_plug__sensor__signal_strength__value__h60__w0__continuous__model_linear,temporal,forecast|radio_quality,forecast|iot|radio_quality,iot__smart_plug__sensor__signal_strength__value,linear,False,"{'possible_contexts': 766496, 'missing_target_contexts': 517441, 'join_contexts_removed': 0, 'available_before_cap': 249055, 'used': 60000, 'predictor_missing_fraction': 0.059090104166666664, 'used_target_missing': 0}","{'possible_contexts': 255298, 'missing_target_contexts': 0, 'join_contexts_removed': 0, 'available_before_cap': 255298, 'used': 30000, 'predictor_missing_fraction': 0.0, 'used_target_missing': 0}",ok,0.879155227879387,0.7906166666666666,,,,,,,,-0.1119867123292625,[],-3.886524054283166,2.0
forecast__iot__s5_max_main_brush_time_left__sensor__state__value__h60__w0__continuous__model_rf,temporal,forecast|state_event,forecast|iot|state_event,iot__s5_max_main_brush_time_left__sensor__state__value,rf,False,"{'possible_contexts': 766496, 'missing_target_contexts': 26449, 'join_contexts_removed': 0, 'available_before_cap': 740047, 'used': 60000, 'predictor_missing_fraction': 4.296875e-05, 'used_target_missing': 0}","{'possible_contexts': 255298, 'missing_target_contexts': 0, 'join_contexts_removed': 0, 'available_before_cap': 255298, 'used': 30000, 'predictor_missing_fraction': 0.0, 'used_target_missing': 0}",unobserved_or_constant_target,,,,,,,,,,,[],,
forecast__iot__s5_max_main_brush_time_left__sensor__state__value__h60__w0__continuous__model_linear,temporal,forecast|state_event,forecast|iot|state_event,iot__s5_max_main_brush_time_left__sensor__state__value,linear,False,"{'possible_contexts': 766496, 'missing_target_contexts': 26449, 'join_contexts_removed': 0, 'available_before_cap': 740047, 'used': 60000, 'predictor_missing_fraction': 4.296875e-05, 'used_target_missing': 0}","{'possible_contexts': 255298, 'missing_target_contexts': 0, 'join_contexts_removed': 0, 'available_before_cap': 255298, 'used': 30000, 'predictor_missing_fraction': 0.0, 'used_target_missing': 0}",unobserved_or_constant_target,,,,,,,,,,,[],,
burst__router__bytes_total__absdiff1__h0__w60__train_q0.99__model_rf,temporal,burst|byte_volume,burst|router|byte_volume,router__bytes_total__absdiff1,rf,True,"{'possible_contexts': 766496, 'missing_target_contexts': 11789, 'join_contexts_removed': 0, 'available_before_cap': 754707, 'used': 60000, 'predictor_missing_fraction': 0.024011067708333333, 'used_target_missing': 0}","{'possible_contexts': 255298, 'missing_target_contexts': 4453, 'join_contexts_removed': 0, 'available_before_cap': 250845, 'used': 30000, 'predictor_missing_fraction': 0.0006809895833333334, 'used_target_missing': 0}",ok,0.028826545180698163,0.03976977777777779,0.7664867332144315,0.4299914762690695,0.6841161595792418,0.014042019420602885,0.27516453972228105,0.07813333333333333,0.0399,0.2751645397222811,[],,
burst__router__bytes_total__absdiff1__h0__w60__train_q0.99__model_linear,temporal,burst|byte_volume,burst|router|byte_volume,router__bytes_total__absdiff1,linear,True,"{'possible_contexts': 766496, 'missing_target_contexts': 11789, 'join_contexts_removed': 0, 'available_before_cap': 754707, 'used': 60000, 'predictor_missing_fraction': 0.024011067708333333, 'used_target_missing': 0}","{'possible_contexts': 255298, 'missing_target_contexts': 4453, 'join_contexts_removed': 0, 'available_before_cap': 250845, 'used': 30000, 'predictor_missing_fraction': 0.0006809895833333334, 'used_target_missing': 0}",ok,0.029829938568446894,0.03976977777777779,0.7515024933440778,0.3945739523314145,0.6696015200310257,0.00922658037622866,0.24993449208773288,0.07813333333333333,0.0399,0.24993449208773288,[],,
burst__router__udp_pkt__h0__w60__train_q0.99__model_rf,temporal,burst|packet_count,burst|router|packet_count,router__udp_pkt,rf,True,"{'possible_contexts': 766496, 'missing_target_contexts': 11789, 'join_contexts_removed': 0, 'available_before_cap': 754707, 'used': 60000, 'predictor_missing_fraction': 0.001876171875, 'used_target_missing': 0}","{'possible_contexts': 255298, 'missing_target_contexts': 4453, 'join_contexts_removed': 0, 'available_before_cap': 250845, 'used': 30000, 'predictor_missing_fraction': 0.0007973958333333333, 'used_target_missing': 0}",ok,0.016060666116114265,0.040549982500000005,0.946647467061086,0.7755895950888493,0.8330667903157665,0.009217196182487345,0.6039291480307232,0.08195,0.040466666666666665,0.6039291480307233,[],,
burst__router__udp_pkt__h0__w60__train_q0.99__model_linear,temporal,burst|packet_count,burst|router|packet_count,router__udp_pkt,linear,True,"{'possible_contexts': 766496, 'missing_target_contexts': 11789, 'join_contexts_removed': 0, 'available_before_cap': 754707, 'used': 60000, 'predictor_missing_fraction': 0.001876171875, 'used_target_missing': 0}","{'possible_contexts': 255298, 'missing_target_contexts': 4453, 'join_contexts_removed': 0, 'available_before_cap': 250845, 'used': 30000, 'predictor_missing_fraction': 0.0007973958333333333, 'used_target_missing': 0}",ok,0.020428857410000147,0.040549982500000005,0.9290048212389534,0.6821108656803929,0.8032811517954854,0.015075798759836367,0.49620551846107097,0.08195,0.040466666666666665,0.49620551846107097,[],,
burst__iot__smart_plug_ps5__sensor__voltage__value__h0__w60__train_q0.99__model_rf,temporal,burst|physical_context,burst|iot|physical_context,iot__smart_plug_ps5__sensor__voltage__value,rf,False,"{'possible_contexts': 766496, 'missing_target_contexts': 517479, 'join_contexts_removed': 0, 'available_before_cap': 249017, 'used': 60000, 'predictor_missing_fraction': 0.058098046875, 'used_target_missing': 0}","{'possible_contexts': 255298, 'missing_target_contexts': 0, 'join_contexts_removed': 0, 'available_before_cap': 255298, 'used': 30000, 'predictor_missing_fraction': 0.0, 'used_target_missing': 0}",ok,0.0011684902178149949,0.0010443991666666667,0.911131825466961,0.2867396415838507,0.5483203611473791,0.0035673672822073028,-0.1188157316750651,0.004516666666666667,0.0010333333333333334,-0.11881573167506504,[],,
contemporaneous_dependency__zigbee__bytes_total__h0__w0__continuous__model_rf,contemporaneous,contemporaneous_dependency|byte_volume,contemporaneous_dependency|zigbee|byte_volume,zigbee__bytes_total,rf,True,"{'possible_contexts': 766616, 'missing_target_contexts': 59105, 'join_contexts_removed': 0, 'available_before_cap': 707511, 'used': 60000, 'predictor_missing_fraction': 0.0, 'used_target_missing': 0}","{'possible_contexts': 255418, 'missing_target_contexts': 19343, 'join_contexts_removed': 0, 'available_before_cap': 236075, 'used': 30000, 'predictor_missing_fraction': 0.0, 'used_target_missing': 0}",ok,0.11221753076692366,0.7376677018633541,,,,,,,,0.8478752282586572,[],0.9630927897256837,161.0
contemporaneous_dependency__zigbee__bytes_total__h0__w0__continuous__model_linear,contemporaneous,contemporaneous_dependency|byte_volume,contemporaneous_dependency|zigbee|byte_volume,zigbee__bytes_total,linear,True,"{'possible_contexts': 766616, 'missing_target_contexts': 59105, 'join_contexts_removed': 0, 'available_before_cap': 707511, 'used': 60000, 'predictor_missing_fraction': 0.0, 'used_target_missing': 0}","{'possible_contexts': 255418, 'missing_target_contexts': 19343, 'join_contexts_removed': 0, 'available_before_cap': 236075, 'used': 30000, 'predictor_missing_fraction': 0.0, 'used_target_missing': 0}",ok,0.14940464712851387,0.7376677018633541,,,,,,,,0.7974634828783792,[],0.954135767181283,161.0
contemporaneous_dependency__zigbee__beacon_rate__h0__w0__continuous__model_rf,contemporaneous,contemporaneous_dependency|management_control,contemporaneous_dependency|zigbee|management_control,zigbee__beacon_rate,rf,False,"{'possible_contexts': 766616, 'missing_target_contexts': 59105, 'join_contexts_removed': 0, 'available_before_cap': 707511, 'used': 60000, 'predictor_missing_fraction': 0.0, 'used_target_missing': 0}","{'possible_contexts': 255418, 'missing_target_contexts': 19343, 'join_contexts_removed': 0, 'available_before_cap': 236075, 'used': 30000, 'predictor_missing_fraction': 0.0, 'used_target_missing': 0}",unobserved_or_constant_target,,,,,,,,,,,[],,
contemporaneous_dependency__zigbee__beacon_rate__h0__w0__continuous__model_linear,contemporaneous,contemporaneous_dependency|management_control,contemporaneous_dependency|zigbee|management_control,zigbee__beacon_rate,linear,False,"{'possible_contexts': 766616, 'missing_target_contexts': 59105, 'join_contexts_removed': 0, 'available_before_cap': 707511, 'used': 60000, 'predictor_missing_fraction': 0.0, 'used_target_missing': 0}","{'possible_contexts': 255418, 'missing_target_contexts': 19343, 'join_contexts_removed': 0, 'available_before_cap': 236075, 'used': 30000, 'predictor_missing_fraction': 0.0, 'used_target_missing': 0}",unobserved_or_constant_target,,,,,,,,,,,[],,
contemporaneous_dependency__router__udp_pkt__h0__w0__continuous__model_rf,contemporaneous,contemporaneous_dependency|packet_count,contemporaneous_dependency|router|packet_count,router__udp_pkt,rf,True,"{'possible_contexts': 766616, 'missing_target_contexts': 1051, 'join_contexts_removed': 0, 'available_before_cap': 765565, 'used': 60000, 'predictor_missing_fraction': 0.0011104166666666667, 'used_target_missing': 0}","{'possible_contexts': 255418, 'missing_target_contexts': 323, 'join_contexts_removed': 0, 'available_before_cap': 255095, 'used': 30000, 'predictor_missing_fraction': 1.0416666666666666e-05, 'used_target_missing': 0}",ok,0.06978877272999459,6.063075,,,,,,,,0.9884895415725528,[],0.9905909413487644,8.0
contemporaneous_dependency__ota__pkt_total__h0__w0__continuous__model_rf,contemporaneous,contemporaneous_dependency|protocol_other,contemporaneous_dependency|ota|protocol_other,ota__pkt_total,rf,True,"{'possible_contexts': 766616, 'missing_target_contexts': 7, 'join_contexts_removed': 0, 'available_before_cap': 766609, 'used': 60000, 'predictor_missing_fraction': 0.04511458333333333, 'used_target_missing': 0}","{'possible_contexts': 255418, 'missing_target_contexts': 0, 'join_contexts_removed': 0, 'available_before_cap': 255418, 'used': 30000, 'predictor_missing_fraction': 0.00021875, 'used_target_missing': 0}",ok,0.004449441868044442,0.6136313725490197,,,,,,,,0.9927489987196035,[],0.9956930995235863,17.0
contemporaneous_dependency__ota__pkt_total__h0__w0__continuous__model_linear,contemporaneous,contemporaneous_dependency|protocol_other,contemporaneous_dependency|ota|protocol_other,ota__pkt_total,linear,True,"{'possible_contexts': 766616, 'missing_target_contexts': 7, 'join_contexts_removed': 0, 'available_before_cap': 766609, 'used': 60000, 'predictor_missing_fraction': 0.04511458333333333, 'used_target_missing': 0}","{'possible_contexts': 255418, 'missing_target_contexts': 0, 'join_contexts_removed': 0, 'available_before_cap': 255418, 'used': 30000, 'predictor_missing_fraction': 0.00021875, 'used_target_missing': 0}",ok,0.00014045491761894107,0.6136313725490197,,,,,,,,0.9997711086429047,[],0.9999818892267532,17.0
contemporaneous_dependency__ota5__rssi_n__h0__w0__continuous__model_rf,contemporaneous,contemporaneous_dependency|radio_quality,contemporaneous_dependency|ota|radio_quality,ota5__rssi_n,rf,True,"{'possible_contexts': 766616, 'missing_target_contexts': 260, 'join_contexts_removed': 0, 'available_before_cap': 766356, 'used': 60000, 'predictor_missing_fraction': 0.0, 'used_target_missing': 0}","{'possible_contexts': 255418, 'missing_target_contexts': 86, 'join_contexts_removed': 0, 'available_before_cap': 255332, 'used': 30000, 'predictor_missing_fraction': 0.0, 'used_target_missing': 0}",ok,0.0001903289291726794,0.635009090909091,,,,,,,,0.999700273693877,[],0.9999230515546249,11.0
contemporaneous_dependency__ota5__rssi_n__h0__w0__continuous__model_linear,contemporaneous,contemporaneous_dependency|radio_quality,contemporaneous_dependency|ota|radio_quality,ota5__rssi_n,linear,True,"{'possible_contexts': 766616, 'missing_target_contexts': 260, 'join_contexts_removed': 0, 'available_before_cap': 766356, 'used': 60000, 'predictor_missing_fraction': 0.0, 'used_target_missing': 0}","{'possible_contexts': 255418, 'missing_target_contexts': 86, 'join_contexts_removed': 0, 'available_before_cap': 255332, 'used': 30000, 'predictor_missing_fraction': 0.0, 'used_target_missing': 0}",ok,0.00037422317729279007,0.635009090909091,,,,,,,,0.9994106805986714,[],0.9999969588517945,11.0
contemporaneous_dependency__zb__app_event_intensity__h0__w0__continuous__model_rf,contemporaneous,contemporaneous_dependency|state_event,contemporaneous_dependency|zigbee|state_event,zb__app_event_intensity,rf,False,"{'possible_contexts': 766616, 'missing_target_contexts': 0, 'join_contexts_removed': 0, 'available_before_cap': 766616, 'used': 60000, 'predictor_missing_fraction': 0.0495421875, 'used_target_missing': 0}","{'possible_contexts': 255418, 'missing_target_contexts': 0, 'join_contexts_removed': 0, 'available_before_cap': 255418, 'used': 30000, 'predictor_missing_fraction': 0.033305208333333336, 'used_target_missing': 0}",unobserved_or_constant_target,,,,,,,,,,,[],,
forecast__ota__bytes_total__h5__w0__continuous__model_rf,temporal,forecast|byte_volume,forecast|ota|byte_volume,ota__bytes_total,rf,True,"{'possible_contexts': 766551, 'missing_target_contexts': 7, 'join_contexts_removed': 0, 'available_before_cap': 766544, 'used': 60000, 'predictor_missing_fraction': 0.048114713541666666, 'used_target_missing': 0}","{'possible_contexts': 255353, 'missing_target_contexts': 0, 'join_contexts_removed': 0, 'available_before_cap': 255353, 'used': 30000, 'predictor_missing_fraction': 0.0004505208333333333, 'used_target_missing': 0}",ok,0.4183408143723967,0.5734200523940283,,,,,,,,0.2704461369534879,[],0.21037295487077834,13201.25
forecast__ota__bytes_total__h5__w0__continuous__model_linear,temporal,forecast|byte_volume,forecast|ota|byte_volume,ota__bytes_total,linear,True,"{'possible_contexts': 766551, 'missing_target_contexts': 7, 'join_contexts_removed': 0, 'available_before_cap': 766544, 'used': 60000, 'predictor_missing_fraction': 0.048114713541666666, 'used_target_missing': 0}","{'possible_contexts': 255353, 'missing_target_contexts': 0, 'join_contexts_removed': 0, 'available_before_cap': 255353, 'used': 30000, 'predictor_missing_fraction': 0.0004505208333333333, 'used_target_missing': 0}",ok,0.3915503290266486,0.5734200523940283,,,,,,,,0.3171666609984665,[],0.43694615386874924,13201.25
forecast__ota__mgmt__h15__w0__continuous__model_rf,temporal,forecast|management_control,forecast|ota|management_control,ota__mgmt,rf,True,"{'possible_contexts': 766541, 'missing_target_contexts': 7, 'join_contexts_removed': 0, 'available_before_cap': 766534, 'used': 60000, 'predictor_missing_fraction': 0.006922265625, 'used_target_missing': 0}","{'possible_contexts': 255343, 'missing_target_contexts': 0, 'join_contexts_removed': 0, 'available_before_cap': 255343, 'used': 30000, 'predictor_missing_fraction': 0.00024296875, 'used_target_missing': 0}",ok,0.4924053711764425,0.6714333333333333,,,,,,,,0.2666354994145224,[],0.3083759122084707,10.0
forecast__ota__mgmt__h15__w0__continuous__model_linear,temporal,forecast|management_control,forecast|ota|management_control,ota__mgmt,linear,True,"{'possible_contexts': 766541, 'missing_target_contexts': 7, 'join_contexts_removed': 0, 'available_before_cap': 766534, 'used': 60000, 'predictor_missing_fraction': 0.006922265625, 'used_target_missing': 0}","{'possible_contexts': 255343, 'missing_target_contexts': 0, 'join_contexts_removed': 0, 'available_before_cap': 255343, 'used': 30000, 'predictor_missing_fraction': 0.00024296875, 'used_target_missing': 0}",ok,0.5095244597916517,0.6714333333333333,,,,,,,,0.24113916528076493,[],0.29367896080348077,10.0
forecast__iot__smart_plug_ps5__sensor__voltage__value__h15__w0__continuous__model_rf,temporal,forecast|physical_context,forecast|iot|physical_context,iot__smart_plug_ps5__sensor__voltage__value,rf,True,"{'possible_contexts': 766541, 'missing_target_contexts': 517465, 'join_contexts_removed': 0, 'available_before_cap': 249076, 'used': 60000, 'predictor_missing_fraction': 0.058115364583333336, 'used_target_missing': 0}","{'possible_contexts': 255343, 'missing_target_contexts': 0, 'join_contexts_removed': 0, 'available_before_cap': 255343, 'used': 30000, 'predictor_missing_fraction': 0.0, 'used_target_missing': 0}",ok,0.17385340399097182,0.4445888888888889,,,,,,,,0.6089569300180575,[],0.8166022930374761,3.0
forecast__iot__smart_plug_ps5__sensor__voltage__value__h15__w0__continuous__model_linear,temporal,forecast|physical_context,forecast|iot|physical_context,iot__smart_plug_ps5__sensor__voltage__value,linear,False,"{'possible_contexts': 766541, 'missing_target_contexts': 517465, 'join_contexts_removed': 0, 'available_before_cap': 249076, 'used': 60000, 'predictor_missing_fraction': 0.058115364583333336, 'used_target_missing': 0}","{'possible_contexts': 255343, 'missing_target_contexts': 0, 'join_contexts_removed': 0, 'available_before_cap': 255343, 'used': 30000, 'predictor_missing_fraction': 0.0, 'used_target_missing': 0}",ok,0.42169290037495016,0.4445888888888889,,,,,,,,0.051499236904368285,[],-0.46845926932631565,3.0
forecast__iot__smart_plug_ps5__sensor__signal_strength__value__h15__w0__continuous__model_rf,temporal,forecast|radio_quality,forecast|iot|radio_quality,iot__smart_plug_ps5__sensor__signal_strength__value,rf,False,"{'possible_contexts': 766541, 'missing_target_contexts': 517515, 'join_contexts_removed': 0, 'available_before_cap': 249026, 'used': 60000, 'predictor_missing_fraction': 0.05805859375, 'used_target_missing': 0}","{'possible_contexts': 255343, 'missing_target_contexts': 0, 'join_contexts_removed': 0, 'available_before_cap': 255343, 'used': 30000, 'predictor_missing_fraction': 0.0, 'used_target_missing': 0}",ok,1.6460301175784815,0.5485916666666667,,,,,,,,-2.0004650409293157,[],-6.4169086704717815,4.0
forecast__iot__smart_plug_ps5__sensor__signal_strength__value__h15__w0__continuous__model_linear,temporal,forecast|radio_quality,forecast|iot|radio_quality,iot__smart_plug_ps5__sensor__signal_strength__value,linear,False,"{'possible_contexts': 766541, 'missing_target_contexts': 517515, 'join_contexts_removed': 0, 'available_before_cap': 249026, 'used': 60000, 'predictor_missing_fraction': 0.05805859375, 'used_target_missing': 0}","{'possible_contexts': 255343, 'missing_target_contexts': 0, 'join_contexts_removed': 0, 'available_before_cap': 255343, 'used': 30000, 'predictor_missing_fraction': 0.0, 'used_target_missing': 0}",ok,2.782283299488578,0.5485916666666667,,,,,,,,-4.071683491647238,[],-19.27789350625653,4.0
forecast__iot__s5_max_side_brush_time_left__sensor__state__value__h15__w0__continuous__model_rf,temporal,forecast|state_event,forecast|iot|state_event,iot__s5_max_side_brush_time_left__sensor__state__value,rf,False,"{'possible_contexts': 766541, 'missing_target_contexts': 26494, 'join_contexts_removed': 0, 'available_before_cap': 740047, 'used': 60000, 'predictor_missing_fraction': 2.1484375e-05, 'used_target_missing': 0}","{'possible_contexts': 255343, 'missing_target_contexts': 0, 'join_contexts_removed': 0, 'available_before_cap': 255343, 'used': 30000, 'predictor_missing_fraction': 0.0, 'used_target_missing': 0}",unobserved_or_constant_target,,,,,,,,,,,[],,
forecast__iot__s5_max_side_brush_time_left__sensor__state__value__h15__w0__continuous__model_linear,temporal,forecast|state_event,forecast|iot|state_event,iot__s5_max_side_brush_time_left__sensor__state__value,linear,False,"{'possible_contexts': 766541, 'missing_target_contexts': 26494, 'join_contexts_removed': 0, 'available_before_cap': 740047, 'used': 60000, 'predictor_missing_fraction': 2.1484375e-05, 'used_target_missing': 0}","{'possible_contexts': 255343, 'missing_target_contexts': 0, 'join_contexts_removed': 0, 'available_before_cap': 255343, 'used': 30000, 'predictor_missing_fraction': 0.0, 'used_target_missing': 0}",unobserved_or_constant_target,,,,,,,,,,,[],,
burst__router__bytes_total__diff1__h0__w30__train_q0.99__model_rf,temporal,burst|byte_volume,burst|router|byte_volume,router__bytes_total__diff1,rf,True,"{'possible_contexts': 766526, 'missing_target_contexts': 6329, 'join_contexts_removed': 0, 'available_before_cap': 760197, 'used': 60000, 'predictor_missing_fraction': 0.0011635416666666667, 'used_target_missing': 0}","{'possible_contexts': 255328, 'missing_target_contexts': 2353, 'join_contexts_removed': 0, 'available_before_cap': 252975, 'used': 30000, 'predictor_missing_fraction': 0.00077265625, 'used_target_missing': 0}",ok,0.021541214575226793,0.04446584583333333,0.8784617380392544,0.6752873882492555,0.7875026427601394,0.005578965749659506,0.5155559470077895,0.08325,0.045033333333333335,0.5155559470077895,[],,
burst__router__bytes_total__diff1__h0__w30__train_q0.99__model_linear,temporal,burst|byte_volume,burst|router|byte_volume,router__bytes_total__diff1,linear,True,"{'possible_contexts': 766526, 'missing_target_contexts': 6329, 'join_contexts_removed': 0, 'available_before_cap': 760197, 'used': 60000, 'predictor_missing_fraction': 0.0011635416666666667, 'used_target_missing': 0}","{'possible_contexts': 255328, 'missing_target_contexts': 2353, 'join_contexts_removed': 0, 'available_before_cap': 252975, 'used': 30000, 'predictor_missing_fraction': 0.00077265625, 'used_target_missing': 0}",ok,0.02957572166875285,0.04446584583333333,0.8602831654028226,0.5067257493574645,0.729513528800395,0.0184328169082168,0.33486654499706514,0.08325,0.045033333333333335,0.3348665449970652,[],,
contemporaneous_dependency__zigbee__ack__h0__w0__continuous__model_rf,contemporaneous,contemporaneous_dependency|packet_count,contemporaneous_dependency|zigbee|packet_count,zigbee__ack,rf,True,"{'possible_contexts': 766616, 'missing_target_contexts': 59105, 'join_contexts_removed': 0, 'available_before_cap': 707511, 'used': 60000, 'predictor_missing_fraction': 0.0, 'used_target_missing': 0}","{'possible_contexts': 255418, 'missing_target_contexts': 19343, 'join_contexts_removed': 0, 'available_before_cap': 236075, 'used': 30000, 'predictor_missing_fraction': 0.0, 'used_target_missing': 0}",ok,0.09566200771413984,0.87105,,,,,,,,0.8901762152412148,[],0.9736372914661331,2.0
contemporaneous_dependency__zigbee__ack__h0__w0__continuous__model_linear,contemporaneous,contemporaneous_dependency|packet_count,contemporaneous_dependency|zigbee|packet_count,zigbee__ack,linear,True,"{'possible_contexts': 766616, 'missing_target_contexts': 59105, 'join_contexts_removed': 0, 'available_before_cap': 707511, 'used': 60000, 'predictor_missing_fraction': 0.0, 'used_target_missing': 0}","{'possible_contexts': 255418, 'missing_target_contexts': 19343, 'join_contexts_removed': 0, 'available_before_cap': 236075, 'used': 30000, 'predictor_missing_fraction': 0.0, 'used_target_missing': 0}",ok,0.2140598934460387,0.87105,,,,,,,,0.7542507393995308,[],0.9499045923746633,2.0
contemporaneous_dependency__router__pkt_total__absdiff1__h0__w0__continuous__model_rf,contemporaneous,contemporaneous_dependency|protocol_other,contemporaneous_dependency|router|protocol_other,router__pkt_total__absdiff1,rf,True,"{'possible_contexts': 766616, 'missing_target_contexts': 1051, 'join_contexts_removed': 0, 'available_before_cap': 765565, 'used': 60000, 'predictor_missing_fraction': 0.02367447916666667, 'used_target_missing': 0}","{'possible_contexts': 255418, 'missing_target_contexts': 323, 'join_contexts_removed': 0, 'available_before_cap': 255095, 'used': 30000, 'predictor_missing_fraction': 2.0833333333333333e-05, 'used_target_missing': 0}",ok,0.6035227335530755,8.522172222222222,,,,,,,,0.9291820538454569,[],0.9894641910544931,12.0
contemporaneous_dependency__router__pkt_total__absdiff1__h0__w0__continuous__model_linear,contemporaneous,contemporaneous_dependency|protocol_other,contemporaneous_dependency|router|protocol_other,router__pkt_total__absdiff1,linear,True,"{'possible_contexts': 766616, 'missing_target_contexts': 1051, 'join_contexts_removed': 0, 'available_before_cap': 765565, 'used': 60000, 'predictor_missing_fraction': 0.02367447916666667, 'used_target_missing': 0}","{'possible_contexts': 255418, 'missing_target_contexts': 323, 'join_contexts_removed': 0, 'available_before_cap': 255095, 'used': 30000, 'predictor_missing_fraction': 2.0833333333333333e-05, 'used_target_missing': 0}",ok,1.2849009270551341,8.522172222222222,,,,,,,,0.8492284720901725,[],0.9878661626440396,12.0
forecast__ota__bytes_total__h60__w0__continuous__model_rf,temporal,forecast|byte_volume,forecast|ota|byte_volume,ota__bytes_total,rf,True,"{'possible_contexts': 766496, 'missing_target_contexts': 7, 'join_contexts_removed': 0, 'available_before_cap': 766489, 'used': 60000, 'predictor_missing_fraction': 0.048114713541666666, 'used_target_missing': 0}","{'possible_contexts': 255298, 'missing_target_contexts': 0, 'join_contexts_removed': 0, 'available_before_cap': 255298, 'used': 30000, 'predictor_missing_fraction': 0.0004505208333333333, 'used_target_missing': 0}",ok,0.43923715805309754,0.5771757362003906,,,,,,,,0.23898887201211447,[],0.23205106660904673,13184.25
forecast__ota__bytes_total__h60__w0__continuous__model_linear,temporal,forecast|byte_volume,forecast|ota|byte_volume,ota__bytes_total,linear,True,"{'possible_contexts': 766496, 'missing_target_contexts': 7, 'join_contexts_removed': 0, 'available_before_cap': 766489, 'used': 60000, 'predictor_missing_fraction': 0.048114713541666666, 'used_target_missing': 0}","{'possible_contexts': 255298, 'missing_target_contexts': 0, 'join_contexts_removed': 0, 'available_before_cap': 255298, 'used': 30000, 'predictor_missing_fraction': 0.0004505208333333333, 'used_target_missing': 0}",ok,0.3884764300202021,0.5771757362003906,,,,,,,,0.32693561829611234,[],0.4449887840594252,13184.25
forecast__ota__mgmt__h5__w0__continuous__model_rf,temporal,forecast|management_control,forecast|ota|management_control,ota__mgmt,rf,True,"{'possible_contexts': 766551, 'missing_target_contexts': 7, 'join_contexts_removed': 0, 'available_before_cap': 766544, 'used': 60000, 'predictor_missing_fraction': 0.006922265625, 'used_target_missing': 0}","{'possible_contexts': 255353, 'missing_target_contexts': 0, 'join_contexts_removed': 0, 'available_before_cap': 255353, 'used': 30000, 'predictor_missing_fraction': 0.00024296875, 'used_target_missing': 0}",ok,0.4711708807074775,0.6087636363636363,,,,,,,,0.22601999764317351,[],0.27433326518502343,11.0
forecast__ota__mgmt__h5__w0__continuous__model_linear,temporal,forecast|management_control,forecast|ota|management_control,ota__mgmt,linear,True,"{'possible_contexts': 766551, 'missing_target_contexts': 7, 'join_contexts_removed': 0, 'available_before_cap': 766544, 'used': 60000, 'predictor_missing_fraction': 0.006922265625, 'used_target_missing': 0}","{'possible_contexts': 255353, 'missing_target_contexts': 0, 'join_contexts_removed': 0, 'available_before_cap': 255353, 'used': 30000, 'predictor_missing_fraction': 0.00024296875, 'used_target_missing': 0}",ok,0.4945070667091954,0.6087636363636363,,,,,,,,0.1876862592137342,[],0.2397675817351841,11.0
forecast__iot__smart_plug_ps5__sensor__voltage__value__h5__w0__continuous__model_rf,temporal,forecast|physical_context,forecast|iot|physical_context,iot__smart_plug_ps5__sensor__voltage__value,rf,True,"{'possible_contexts': 766551, 'missing_target_contexts': 517475, 'join_contexts_removed': 0, 'available_before_cap': 249076, 'used': 60000, 'predictor_missing_fraction': 0.058102734375, 'used_target_missing': 0}","{'possible_contexts': 255353, 'missing_target_contexts': 0, 'join_contexts_removed': 0, 'available_before_cap': 255353, 'used': 30000, 'predictor_missing_fraction': 0.0, 'used_target_missing': 0}",ok,0.13648931789643967,0.44525555555555557,,,,,,,,0.6934584730197497,[],0.8589828257399241,3.0
forecast__iot__smart_plug_ps5__sensor__voltage__value__h5__w0__continuous__model_linear,temporal,forecast|physical_context,forecast|iot|physical_context,iot__smart_plug_ps5__sensor__voltage__value,linear,False,"{'possible_contexts': 766551, 'missing_target_contexts': 517475, 'join_contexts_removed': 0, 'available_before_cap': 249076, 'used': 60000, 'predictor_missing_fraction': 0.058102734375, 'used_target_missing': 0}","{'possible_contexts': 255353, 'missing_target_contexts': 0, 'join_contexts_removed': 0, 'available_before_cap': 255353, 'used': 30000, 'predictor_missing_fraction': 0.0, 'used_target_missing': 0}",ok,0.42201362233087486,0.44525555555555557,,,,,,,,0.052199086422809966,[],-0.5141059871677902,3.0
forecast__iot__smart_plug_ps5__sensor__signal_strength__value__h5__w0__continuous__model_rf,temporal,forecast|radio_quality,forecast|iot|radio_quality,iot__smart_plug_ps5__sensor__signal_strength__value,rf,False,"{'possible_contexts': 766551, 'missing_target_contexts': 517525, 'join_contexts_removed': 0, 'available_before_cap': 249026, 'used': 60000, 'predictor_missing_fraction': 0.05804908854166667, 'used_target_missing': 0}","{'possible_contexts': 255353, 'missing_target_contexts': 0, 'join_contexts_removed': 0, 'available_before_cap': 255353, 'used': 30000, 'predictor_missing_fraction': 0.0, 'used_target_missing': 0}",ok,1.5770491462124452,0.5482,,,,,,,,-1.8767769905371126,[],-5.801622872746424,4.0
forecast__iot__smart_plug_ps5__sensor__signal_strength__value__h5__w0__continuous__model_linear,temporal,forecast|radio_quality,forecast|iot|radio_quality,iot__smart_plug_ps5__sensor__signal_strength__value,linear,False,"{'possible_contexts': 766551, 'missing_target_contexts': 517525, 'join_contexts_removed': 0, 'available_before_cap': 249026, 'used': 60000, 'predictor_missing_fraction': 0.05804908854166667, 'used_target_missing': 0}","{'possible_contexts': 255353, 'missing_target_contexts': 0, 'join_contexts_removed': 0, 'available_before_cap': 255353, 'used': 30000, 'predictor_missing_fraction': 0.0, 'used_target_missing': 0}",ok,2.766246558821771,0.5482,,,,,,,,-4.046053554946681,[],-18.99779676328974,4.0
forecast__iot__s5_max_side_brush_time_left__sensor__state__value__h5__w0__continuous__model_rf,temporal,forecast|state_event,forecast|iot|state_event,iot__s5_max_side_brush_time_left__sensor__state__value,rf,False,"{'possible_contexts': 766551, 'missing_target_contexts': 26504, 'join_contexts_removed': 0, 'available_before_cap': 740047, 'used': 60000, 'predictor_missing_fraction': 1.5755208333333333e-05, 'used_target_missing': 0}","{'possible_contexts': 255353, 'missing_target_contexts': 0, 'join_contexts_removed': 0, 'available_before_cap': 255353, 'used': 30000, 'predictor_missing_fraction': 0.0, 'used_target_missing': 0}",unobserved_or_constant_target,,,,,,,,,,,[],,
forecast__iot__s5_max_side_brush_time_left__sensor__state__value__h5__w0__continuous__model_linear,temporal,forecast|state_event,forecast|iot|state_event,iot__s5_max_side_brush_time_left__sensor__state__value,linear,False,"{'possible_contexts': 766551, 'missing_target_contexts': 26504, 'join_contexts_removed': 0, 'available_before_cap': 740047, 'used': 60000, 'predictor_missing_fraction': 1.5755208333333333e-05, 'used_target_missing': 0}","{'possible_contexts': 255353, 'missing_target_contexts': 0, 'join_contexts_removed': 0, 'available_before_cap': 255353, 'used': 30000, 'predictor_missing_fraction': 0.0, 'used_target_missing': 0}",unobserved_or_constant_target,,,,,,,,,,,[],,
burst__router__bytes_total__diff1__h0__w60__train_q0.99__model_rf,temporal,burst|byte_volume,burst|router|byte_volume,router__bytes_total__diff1,rf,True,"{'possible_contexts': 766496, 'missing_target_contexts': 11789, 'join_contexts_removed': 0, 'available_before_cap': 754707, 'used': 60000, 'predictor_missing_fraction': 0.001174609375, 'used_target_missing': 0}","{'possible_contexts': 255298, 'missing_target_contexts': 4453, 'join_contexts_removed': 0, 'available_before_cap': 250845, 'used': 30000, 'predictor_missing_fraction': 0.0008106770833333333, 'used_target_missing': 0}",ok,0.03378196706505343,0.05980015444444445,0.826602989037037,0.6162266807826675,0.7400711111111111,0.013332801212543386,0.43508562178651966,0.09723333333333334,0.0625,0.4350856217865196,[],,
burst__router__bytes_total__diff1__h0__w60__train_q0.99__model_linear,temporal,burst|byte_volume,burst|router|byte_volume,router__bytes_total__diff1,linear,True,"{'possible_contexts': 766496, 'missing_target_contexts': 11789, 'join_contexts_removed': 0, 'available_before_cap': 754707, 'used': 60000, 'predictor_missing_fraction': 0.001174609375, 'used_target_missing': 0}","{'possible_contexts': 255298, 'missing_target_contexts': 4453, 'join_contexts_removed': 0, 'available_before_cap': 250845, 'used': 30000, 'predictor_missing_fraction': 0.0008106770833333333, 'used_target_missing': 0}",ok,0.043258833635953654,0.05980015444444445,0.8104082773333333,0.4830825182705966,0.7008888888888889,0.024226935902241085,0.27661000146509684,0.09723333333333334,0.0625,0.2766100014650968,[],,
contemporaneous_dependency__zigbee__ack_rate__h0__w0__continuous__model_rf,contemporaneous,contemporaneous_dependency|packet_count,contemporaneous_dependency|zigbee|packet_count,zigbee__ack_rate,rf,True,"{'possible_contexts': 766616, 'missing_target_contexts': 59105, 'join_contexts_removed': 0, 'available_before_cap': 707511, 'used': 60000, 'predictor_missing_fraction': 0.0, 'used_target_missing': 0}","{'possible_contexts': 255418, 'missing_target_contexts': 19343, 'join_contexts_removed': 0, 'available_before_cap': 236075, 'used': 30000, 'predictor_missing_fraction': 0.0, 'used_target_missing': 0}",ok,0.04390034932628,0.8139616067946422,,,,,,,,0.9460658230562516,[],0.9858199876290007,0.2666666805744171
contemporaneous_dependency__zigbee__ack_rate__h0__w0__continuous__model_linear,contemporaneous,contemporaneous_dependency|packet_count,contemporaneous_dependency|zigbee|packet_count,zigbee__ack_rate,linear,True,"{'possible_contexts': 766616, 'missing_target_contexts': 59105, 'join_contexts_removed': 0, 'available_before_cap': 707511, 'used': 60000, 'predictor_missing_fraction': 0.0, 'used_target_missing': 0}","{'possible_contexts': 255418, 'missing_target_contexts': 19343, 'join_contexts_removed': 0, 'available_before_cap': 236075, 'used': 30000, 'predictor_missing_fraction': 0.0, 'used_target_missing': 0}",ok,0.36519101094576617,0.8139616067946422,,,,,,,,0.5513412329312706,[],0.8174402729204965,0.2666666805744171
contemporaneous_dependency__router__pkt_total__diff1__h0__w0__continuous__model_rf,contemporaneous,contemporaneous_dependency|protocol_other,contemporaneous_dependency|router|protocol_other,router__pkt_total__diff1,rf,True,"{'possible_contexts': 766616, 'missing_target_contexts': 1051, 'join_contexts_removed': 0, 'available_before_cap': 765565, 'used': 60000, 'predictor_missing_fraction': 0.000425, 'used_target_missing': 0}","{'possible_contexts': 255418, 'missing_target_contexts': 323, 'join_contexts_removed': 0, 'available_before_cap': 255095, 'used': 30000, 'predictor_missing_fraction': 4.8958333333333335e-05, 'used_target_missing': 0}",ok,0.5412797144497449,7.526228571428571,,,,,,,,0.9280808828335911,[],0.9880118451113854,14.0
contemporaneous_dependency__router__pkt_total__diff1__h0__w0__continuous__model_linear,contemporaneous,contemporaneous_dependency|protocol_other,contemporaneous_dependency|router|protocol_other,router__pkt_total__diff1,linear,True,"{'possible_contexts': 766616, 'missing_target_contexts': 1051, 'join_contexts_removed': 0, 'available_before_cap': 765565, 'used': 60000, 'predictor_missing_fraction': 0.000425, 'used_target_missing': 0}","{'possible_contexts': 255418, 'missing_target_contexts': 323, 'join_contexts_removed': 0, 'available_before_cap': 255095, 'used': 30000, 'predictor_missing_fraction': 4.8958333333333335e-05, 'used_target_missing': 0}",ok,1.205838386189649,7.526228571428571,,,,,,,,0.839781854252034,[],0.9855036731049173,14.0
forecast__ota__mgmt__h60__w0__continuous__model_rf,temporal,forecast|management_control,forecast|ota|management_control,ota__mgmt,rf,True,"{'possible_contexts': 766496, 'missing_target_contexts': 7, 'join_contexts_removed': 0, 'available_before_cap': 766489, 'used': 60000, 'predictor_missing_fraction': 0.006922265625, 'used_target_missing': 0}","{'possible_contexts': 255298, 'missing_target_contexts': 0, 'join_contexts_removed': 0, 'available_before_cap': 255298, 'used': 30000, 'predictor_missing_fraction': 0.00024296875, 'used_target_missing': 0}",ok,0.4693100211621389,0.6347303030303031,,,,,,,,0.2606150692324308,[],0.27014831898364344,11.0
forecast__ota__mgmt__h60__w0__continuous__model_linear,temporal,forecast|management_control,forecast|ota|management_control,ota__mgmt,linear,True,"{'possible_contexts': 766496, 'missing_target_contexts': 7, 'join_contexts_removed': 0, 'available_before_cap': 766489, 'used': 60000, 'predictor_missing_fraction': 0.006922265625, 'used_target_missing': 0}","{'possible_contexts': 255298, 'missing_target_contexts': 0, 'join_contexts_removed': 0, 'available_before_cap': 255298, 'used': 30000, 'predictor_missing_fraction': 0.00024296875, 'used_target_missing': 0}",ok,0.4771643175016868,0.6347303030303031,,,,,,,,0.24824084304210983,[],0.28464173170579343,11.0
forecast__iot__smart_plug_ps5__sensor__voltage__value__h60__w0__continuous__model_rf,temporal,forecast|physical_context,forecast|iot|physical_context,iot__smart_plug_ps5__sensor__voltage__value,rf,True,"{'possible_contexts': 766496, 'missing_target_contexts': 517420, 'join_contexts_removed': 0, 'available_before_cap': 249076, 'used': 60000, 'predictor_missing_fraction': 0.05816796875, 'used_target_missing': 0}","{'possible_contexts': 255298, 'missing_target_contexts': 0, 'join_contexts_removed': 0, 'available_before_cap': 255298, 'used': 30000, 'predictor_missing_fraction': 0.0, 'used_target_missing': 0}",ok,0.2548945581714281,0.4447111111111111,,,,,,,,0.4268311454270306,[],0.6367739492404976,3.0
forecast__iot__smart_plug_ps5__sensor__voltage__value__h60__w0__continuous__model_linear,temporal,forecast|physical_context,forecast|iot|physical_context,iot__smart_plug_ps5__sensor__voltage__value,linear,False,"{'possible_contexts': 766496, 'missing_target_contexts': 517420, 'join_contexts_removed': 0, 'available_before_cap': 249076, 'used': 60000, 'predictor_missing_fraction': 0.05816796875, 'used_target_missing': 0}","{'possible_contexts': 255298, 'missing_target_contexts': 0, 'join_contexts_removed': 0, 'available_before_cap': 255298, 'used': 30000, 'predictor_missing_fraction': 0.0, 'used_target_missing': 0}",ok,0.40950609853988945,0.4447111111111111,,,,,,,,0.0791637800172384,[],-0.45527484929824014,3.0
forecast__iot__smart_plug_ps5__sensor__signal_strength__value__h60__w0__continuous__model_rf,temporal,forecast|radio_quality,forecast|iot|radio_quality,iot__smart_plug_ps5__sensor__signal_strength__value,rf,False,"{'possible_contexts': 766496, 'missing_target_contexts': 517470, 'join_contexts_removed': 0, 'available_before_cap': 249026, 'used': 60000, 'predictor_missing_fraction': 0.05810872395833333, 'used_target_missing': 0}","{'possible_contexts': 255298, 'missing_target_contexts': 0, 'join_contexts_removed': 0, 'available_before_cap': 255298, 'used': 30000, 'predictor_missing_fraction': 0.0, 'used_target_missing': 0}",ok,1.6976034493004581,0.5490416666666667,,,,,,,,-2.091939195811717,[],-6.673001065241865,4.0
forecast__iot__smart_plug_ps5__sensor__signal_strength__value__h60__w0__continuous__model_linear,temporal,forecast|radio_quality,forecast|iot|radio_quality,iot__smart_plug_ps5__sensor__signal_strength__value,linear,False,"{'possible_contexts': 766496, 'missing_target_contexts': 517470, 'join_contexts_removed': 0, 'available_before_cap': 249026, 'used': 60000, 'predictor_missing_fraction': 0.05810872395833333, 'used_target_missing': 0}","{'possible_contexts': 255298, 'missing_target_contexts': 0, 'join_contexts_removed': 0, 'available_before_cap': 255298, 'used': 30000, 'predictor_missing_fraction': 0.0, 'used_target_missing': 0}",ok,2.782013429648643,0.5490416666666667,,,,,,,,-4.067035160625896,[],-19.69329652805858,4.0
forecast__iot__s5_max_side_brush_time_left__sensor__state__value__h60__w0__continuous__model_rf,temporal,forecast|state_event,forecast|iot|state_event,iot__s5_max_side_brush_time_left__sensor__state__value,rf,False,"{'possible_contexts': 766496, 'missing_target_contexts': 26449, 'join_contexts_removed': 0, 'available_before_cap': 740047, 'used': 60000, 'predictor_missing_fraction': 4.296875e-05, 'used_target_missing': 0}","{'possible_contexts': 255298, 'missing_target_contexts': 0, 'join_contexts_removed': 0, 'available_before_cap': 255298, 'used': 30000, 'predictor_missing_fraction': 0.0, 'used_target_missing': 0}",unobserved_or_constant_target,,,,,,,,,,,[],,
forecast__iot__s5_max_side_brush_time_left__sensor__state__value__h60__w0__continuous__model_linear,temporal,forecast|state_event,forecast|iot|state_event,iot__s5_max_side_brush_time_left__sensor__state__value,linear,False,"{'possible_contexts': 766496, 'missing_target_contexts': 26449, 'join_contexts_removed': 0, 'available_before_cap': 740047, 'used': 60000, 'predictor_missing_fraction': 4.296875e-05, 'used_target_missing': 0}","{'possible_contexts': 255298, 'missing_target_contexts': 0, 'join_contexts_removed': 0, 'available_before_cap': 255298, 'used': 30000, 'predictor_missing_fraction': 0.0, 'used_target_missing': 0}",unobserved_or_constant_target,,,,,,,,,,,[],,
contemporaneous_dependency__zigbee__pkt_total__h0__w0__continuous__model_rf,contemporaneous,contemporaneous_dependency|protocol_other,contemporaneous_dependency|zigbee|protocol_other,zigbee__pkt_total,rf,True,"{'possible_contexts': 766616, 'missing_target_contexts': 59105, 'join_contexts_removed': 0, 'available_before_cap': 707511, 'used': 60000, 'predictor_missing_fraction': 0.0, 'used_target_missing': 0}","{'possible_contexts': 255418, 'missing_target_contexts': 19343, 'join_contexts_removed': 0, 'available_before_cap': 236075, 'used': 30000, 'predictor_missing_fraction': 0.0, 'used_target_missing': 0}",ok,3.359623015873003e-05,0.72898,,,,,,,,0.9999539133718912,[],0.9999905163477398,5.0
contemporaneous_dependency__zigbee__pkt_total__h0__w0__continuous__model_linear,contemporaneous,contemporaneous_dependency|protocol_other,contemporaneous_dependency|zigbee|protocol_other,zigbee__pkt_total,linear,True,"{'possible_contexts': 766616, 'missing_target_contexts': 59105, 'join_contexts_removed': 0, 'available_before_cap': 707511, 'used': 60000, 'predictor_missing_fraction': 0.0, 'used_target_missing': 0}","{'possible_contexts': 255418, 'missing_target_contexts': 19343, 'join_contexts_removed': 0, 'available_before_cap': 236075, 'used': 30000, 'predictor_missing_fraction': 0.0, 'used_target_missing': 0}",ok,0.00010486194258511239,0.72898,,,,,,,,0.9998561525109261,[],0.9999999794581668,5.0
cross_tier_response__iot_to_router__tcp_pkt__h0__w30__train_q0.99__model_linear,temporal,cross_tier_response|packet_count,cross_tier_response|iot_to_router|packet_count,router__tcp_pkt,linear,True,"{'possible_contexts': 766526, 'missing_target_contexts': 6329, 'join_contexts_removed': 0, 'available_before_cap': 760197, 'used': 60000, 'predictor_missing_fraction': 0.07580086805555555, 'used_target_missing': 0}","{'possible_contexts': 255328, 'missing_target_contexts': 2353, 'join_contexts_removed': 0, 'available_before_cap': 252975, 'used': 30000, 'predictor_missing_fraction': 0.0, 'used_target_missing': 0}",ok,0.08214474301911999,0.09170174222222222,0.7242608529131948,0.25469199995870734,0.5015740730152028,0.009407000892412335,0.10421829478378508,0.11093333333333333,0.10203333333333334,0.10421829478378508,[],,
cross_tier_forecast__ota_to_iot__smart_plug__sensor__voltage__value__h5__w0__continuous__model_rf,temporal,cross_tier_response|physical_context,cross_tier_forecast|ota_to_iot|physical_context,iot__smart_plug__sensor__voltage__value,rf,False,"{'possible_contexts': 766551, 'missing_target_contexts': 517476, 'join_contexts_removed': 0, 'available_before_cap': 249075, 'used': 60000, 'predictor_missing_fraction': 0.0002614583333333333, 'used_target_missing': 0}","{'possible_contexts': 255353, 'missing_target_contexts': 0, 'join_contexts_removed': 0, 'available_before_cap': 255353, 'used': 30000, 'predictor_missing_fraction': 0.00026458333333333336, 'used_target_missing': 0}",ok,0.7304044890212639,0.6802166666666667,,,,,,,,-0.07378211210339428,[],-0.28244742858145244,2.0
cross_tier_forecast__ota_to_iot__smart_plug__sensor__voltage__value__h5__w0__continuous__model_linear,temporal,cross_tier_response|physical_context,cross_tier_forecast|ota_to_iot|physical_context,iot__smart_plug__sensor__voltage__value,linear,False,"{'possible_contexts': 766551, 'missing_target_contexts': 517476, 'join_contexts_removed': 0, 'available_before_cap': 249075, 'used': 60000, 'predictor_missing_fraction': 0.0002614583333333333, 'used_target_missing': 0}","{'possible_contexts': 255353, 'missing_target_contexts': 0, 'join_contexts_removed': 0, 'available_before_cap': 255353, 'used': 30000, 'predictor_missing_fraction': 0.00026458333333333336, 'used_target_missing': 0}",ok,0.7284368599347695,0.6802166666666667,,,,,,,,-0.0708894615952311,[],-0.2923253177261038,2.0
forecast__ota__data__h15__w0__continuous__model_rf,temporal,forecast|protocol_other,forecast|ota|protocol_other,ota__data,rf,True,"{'possible_contexts': 766541, 'missing_target_contexts': 7, 'join_contexts_removed': 0, 'available_before_cap': 766534, 'used': 60000, 'predictor_missing_fraction': 0.13515130208333334, 'used_target_missing': 0}","{'possible_contexts': 255343, 'missing_target_contexts': 0, 'join_contexts_removed': 0, 'available_before_cap': 255343, 'used': 30000, 'predictor_missing_fraction': 8.828125e-05, 'used_target_missing': 0}",ok,0.45341719082686127,0.5514820512820513,,,,,,,,0.17782058405566403,[],-0.20457401406561604,13.0
forecast__ota24__rssi_n__h15__w0__continuous__model_rf,temporal,forecast|radio_quality,forecast|ota|radio_quality,ota24__rssi_n,rf,True,"{'possible_contexts': 766541, 'missing_target_contexts': 265, 'join_contexts_removed': 0, 'available_before_cap': 766276, 'used': 60000, 'predictor_missing_fraction': 0.158034765625, 'used_target_missing': 0}","{'possible_contexts': 255343, 'missing_target_contexts': 88, 'join_contexts_removed': 0, 'available_before_cap': 255255, 'used': 30000, 'predictor_missing_fraction': 4.739583333333333e-05, 'used_target_missing': 0}",ok,0.4935063266572834,0.6024805555555556,,,,,,,,0.18087592685507595,[],0.3102103743034572,12.0
burst__ota5__rssi_n__h0__w60__train_q0.99__model_rf,temporal,burst|radio_quality,burst|ota|radio_quality,ota5__rssi_n,rf,True,"{'possible_contexts': 766496, 'missing_target_contexts': 12827, 'join_contexts_removed': 0, 'available_before_cap': 753669, 'used': 60000, 'predictor_missing_fraction': 0.00010442708333333334, 'used_target_missing': 0}","{'possible_contexts': 255298, 'missing_target_contexts': 4252, 'join_contexts_removed': 0, 'available_before_cap': 251046, 'used': 30000, 'predictor_missing_fraction': 0.00010677083333333334, 'used_target_missing': 0}",ok,0.21376948382812913,0.24007062222222225,0.6871414653745512,0.5424346553461015,0.636462677373244,0.044893335453267166,0.10955583882207531,0.3102666666666667,0.3789666666666667,0.10955583882207534,[],,
burst__ota5__rssi_n__h0__w60__train_q0.99__model_linear,temporal,burst|radio_quality,burst|ota|radio_quality,ota5__rssi_n,linear,True,"{'possible_contexts': 766496, 'missing_target_contexts': 12827, 'join_contexts_removed': 0, 'available_before_cap': 753669, 'used': 60000, 'predictor_missing_fraction': 0.00010442708333333334, 'used_target_missing': 0}","{'possible_contexts': 255298, 'missing_target_contexts': 4252, 'join_contexts_removed': 0, 'available_before_cap': 251046, 'used': 30000, 'predictor_missing_fraction': 0.00010677083333333334, 'used_target_missing': 0}",ok,0.21385508227944952,0.24007062222222225,0.6838185032989907,0.5347889700660329,0.6340770082826526,0.03850775632225523,0.10919928352793717,0.3102666666666667,0.3789666666666667,0.10919928352793713,[],,
contemporaneous_dependency__zigbee__pps__h0__w0__continuous__model_rf,contemporaneous,contemporaneous_dependency|protocol_other,contemporaneous_dependency|zigbee|protocol_other,zigbee__pps,rf,True,"{'possible_contexts': 766616, 'missing_target_contexts': 59105, 'join_contexts_removed': 0, 'available_before_cap': 707511, 'used': 60000, 'predictor_missing_fraction': 0.0, 'used_target_missing': 0}","{'possible_contexts': 255418, 'missing_target_contexts': 19343, 'join_contexts_removed': 0, 'available_before_cap': 236075, 'used': 30000, 'predictor_missing_fraction': 0.0, 'used_target_missing': 0}",ok,3.359623015873003e-05,0.72898,,,,,,,,0.9999539133718912,[],0.9999905163477398,5.0
contemporaneous_dependency__zigbee__pps__h0__w0__continuous__model_linear,contemporaneous,contemporaneous_dependency|protocol_other,contemporaneous_dependency|zigbee|protocol_other,zigbee__pps,linear,True,"{'possible_contexts': 766616, 'missing_target_contexts': 59105, 'join_contexts_removed': 0, 'available_before_cap': 707511, 'used': 60000, 'predictor_missing_fraction': 0.0, 'used_target_missing': 0}","{'possible_contexts': 255418, 'missing_target_contexts': 19343, 'join_contexts_removed': 0, 'available_before_cap': 236075, 'used': 30000, 'predictor_missing_fraction': 0.0, 'used_target_missing': 0}",ok,0.00010486194258511239,0.72898,,,,,,,,0.9998561525109261,[],0.9999999794581668,5.0
cross_tier_forecast__ota_to_iot__smart_plug_ps5__sensor__voltage__value__h5__w0__continuous__model_rf,temporal,cross_tier_response|physical_context,cross_tier_forecast|ota_to_iot|physical_context,iot__smart_plug_ps5__sensor__voltage__value,rf,False,"{'possible_contexts': 766551, 'missing_target_contexts': 517475, 'join_contexts_removed': 0, 'available_before_cap': 249076, 'used': 60000, 'predictor_missing_fraction': 0.00026041666666666666, 'used_target_missing': 0}","{'possible_contexts': 255353, 'missing_target_contexts': 0, 'join_contexts_removed': 0, 'available_before_cap': 255353, 'used': 30000, 'predictor_missing_fraction': 0.00026458333333333336, 'used_target_missing': 0}",ok,0.5123182043043877,0.44525555555555557,,,,,,,,-0.15061608532914655,[],-0.3537480573579661,3.0
cross_tier_forecast__ota_to_iot__smart_plug_ps5__sensor__voltage__value__h5__w0__continuous__model_linear,temporal,cross_tier_response|physical_context,cross_tier_forecast|ota_to_iot|physical_context,iot__smart_plug_ps5__sensor__voltage__value,linear,False,"{'possible_contexts': 766551, 'missing_target_contexts': 517475, 'join_contexts_removed': 0, 'available_before_cap': 249076, 'used': 60000, 'predictor_missing_fraction': 0.00026041666666666666, 'used_target_missing': 0}","{'possible_contexts': 255353, 'missing_target_contexts': 0, 'join_contexts_removed': 0, 'available_before_cap': 255353, 'used': 30000, 'predictor_missing_fraction': 0.00026458333333333336, 'used_target_missing': 0}",ok,0.49456339177829894,0.44525555555555557,,,,,,,,-0.11074053003386079,[],-0.259867480771776,3.0
forecast__ota__data__h5__w0__continuous__model_rf,temporal,forecast|protocol_other,forecast|ota|protocol_other,ota__data,rf,True,"{'possible_contexts': 766551, 'missing_target_contexts': 7, 'join_contexts_removed': 0, 'available_before_cap': 766544, 'used': 60000, 'predictor_missing_fraction': 0.13515130208333334, 'used_target_missing': 0}","{'possible_contexts': 255353, 'missing_target_contexts': 0, 'join_contexts_removed': 0, 'available_before_cap': 255353, 'used': 30000, 'predictor_missing_fraction': 8.828125e-05, 'used_target_missing': 0}",ok,0.40175785842622225,0.5626538461538462,,,,,,,,0.2859591004797472,[],0.41101142331257634,13.0
forecast__ota24__rssi_n__h5__w0__continuous__model_rf,temporal,forecast|radio_quality,forecast|ota|radio_quality,ota24__rssi_n,rf,True,"{'possible_contexts': 766551, 'missing_target_contexts': 265, 'join_contexts_removed': 0, 'available_before_cap': 766286, 'used': 60000, 'predictor_missing_fraction': 0.158034765625, 'used_target_missing': 0}","{'possible_contexts': 255353, 'missing_target_contexts': 88, 'join_contexts_removed': 0, 'available_before_cap': 255265, 'used': 30000, 'predictor_missing_fraction': 4.739583333333333e-05, 'used_target_missing': 0}",ok,0.4548885911406688,0.6003333333333333,,,,,,,,0.24227330737256714,[],0.3804129905089868,12.0
burst__router__pkt_total__absdiff1__h0__w30__train_q0.99__model_rf,temporal,burst|protocol_other,burst|router|protocol_other,router__pkt_total__absdiff1,rf,True,"{'possible_contexts': 766526, 'missing_target_contexts': 6329, 'join_contexts_removed': 0, 'available_before_cap': 760197, 'used': 60000, 'predictor_missing_fraction': 0.024158723958333333, 'used_target_missing': 0}","{'possible_contexts': 255328, 'missing_target_contexts': 2353, 'join_contexts_removed': 0, 'available_before_cap': 252975, 'used': 30000, 'predictor_missing_fraction': 0.00065390625, 'used_target_missing': 0}",ok,0.017226578490508435,0.026945493333333338,0.8190090487180633,0.5115851512917171,0.7105458010148199,0.01030761926559549,0.3606879533655436,0.0648,0.026133333333333335,0.36068795336554366,[],,
burst__router__pkt_total__absdiff1__h0__w30__train_q0.99__model_linear,temporal,burst|protocol_other,burst|router|protocol_other,router__pkt_total__absdiff1,linear,True,"{'possible_contexts': 766526, 'missing_target_contexts': 6329, 'join_contexts_removed': 0, 'available_before_cap': 760197, 'used': 60000, 'predictor_missing_fraction': 0.024158723958333333, 'used_target_missing': 0}","{'possible_contexts': 255328, 'missing_target_contexts': 2353, 'join_contexts_removed': 0, 'available_before_cap': 252975, 'used': 30000, 'predictor_missing_fraction': 0.00065390625, 'used_target_missing': 0}",ok,0.018852426953053992,0.026945493333333338,0.8081592662393544,0.42918401763849473,0.6713689172273509,0.005280503752004959,0.3003495345274564,0.0648,0.026133333333333335,0.30034953452745633,[],,
cross_tier_forecast__router_to_iot__smart_plug__sensor__voltage__value__h5__w0__continuous__model_rf,temporal,cross_tier_response|physical_context,cross_tier_forecast|router_to_iot|physical_context,iot__smart_plug__sensor__voltage__value,rf,False,"{'possible_contexts': 766551, 'missing_target_contexts': 517476, 'join_contexts_removed': 0, 'available_before_cap': 249075, 'used': 60000, 'predictor_missing_fraction': 0.0017875, 'used_target_missing': 0}","{'possible_contexts': 255353, 'missing_target_contexts': 0, 'join_contexts_removed': 0, 'available_before_cap': 255353, 'used': 30000, 'predictor_missing_fraction': 0.001225, 'used_target_missing': 0}",ok,0.7039107681697402,0.6802166666666667,,,,,,,,-0.03483316811271922,[],-0.20065420027594216,2.0
cross_tier_forecast__router_to_iot__smart_plug__sensor__voltage__value__h5__w0__continuous__model_linear,temporal,cross_tier_response|physical_context,cross_tier_forecast|router_to_iot|physical_context,iot__smart_plug__sensor__voltage__value,linear,False,"{'possible_contexts': 766551, 'missing_target_contexts': 517476, 'join_contexts_removed': 0, 'available_before_cap': 249075, 'used': 60000, 'predictor_missing_fraction': 0.0017875, 'used_target_missing': 0}","{'possible_contexts': 255353, 'missing_target_contexts': 0, 'join_contexts_removed': 0, 'available_before_cap': 255353, 'used': 30000, 'predictor_missing_fraction': 0.001225, 'used_target_missing': 0}",ok,0.6665009636066106,0.6802166666666667,,,,,,,,0.020163726842020082,[],-0.06372032664865213,2.0
forecast__ota__data__h60__w0__continuous__model_rf,temporal,forecast|protocol_other,forecast|ota|protocol_other,ota__data,rf,True,"{'possible_contexts': 766496, 'missing_target_contexts': 7, 'join_contexts_removed': 0, 'available_before_cap': 766489, 'used': 60000, 'predictor_missing_fraction': 0.13515130208333334, 'used_target_missing': 0}","{'possible_contexts': 255298, 'missing_target_contexts': 0, 'join_contexts_removed': 0, 'available_before_cap': 255298, 'used': 30000, 'predictor_missing_fraction': 8.828125e-05, 'used_target_missing': 0}",ok,0.5028524122974621,0.6043388888888889,,,,,,,,0.1679297467982167,[],-0.7743502670475586,12.0
forecast__ota__data__h60__w0__continuous__model_linear,temporal,forecast|protocol_other,forecast|ota|protocol_other,ota__data,linear,False,"{'possible_contexts': 766496, 'missing_target_contexts': 7, 'join_contexts_removed': 0, 'available_before_cap': 766489, 'used': 60000, 'predictor_missing_fraction': 0.13515130208333334, 'used_target_missing': 0}","{'possible_contexts': 255298, 'missing_target_contexts': 0, 'join_contexts_removed': 0, 'available_before_cap': 255298, 'used': 30000, 'predictor_missing_fraction': 8.828125e-05, 'used_target_missing': 0}",ok,0.7285288525749966,0.6043388888888889,,,,,,,,-0.20549722344434584,[],-0.7531882778191097,12.0
forecast__ota24__rssi_n__h60__w0__continuous__model_rf,temporal,forecast|radio_quality,forecast|ota|radio_quality,ota24__rssi_n,rf,True,"{'possible_contexts': 766496, 'missing_target_contexts': 265, 'join_contexts_removed': 0, 'available_before_cap': 766231, 'used': 60000, 'predictor_missing_fraction': 0.158034765625, 'used_target_missing': 0}","{'possible_contexts': 255298, 'missing_target_contexts': 88, 'join_contexts_removed': 0, 'available_before_cap': 255210, 'used': 30000, 'predictor_missing_fraction': 4.739583333333333e-05, 'used_target_missing': 0}",ok,0.41882355100670937,0.6062722222222222,,,,,,,,0.30918235133458855,[],0.4828420553092462,12.0
burst__router__pkt_total__absdiff1__h0__w60__train_q0.99__model_rf,temporal,burst|protocol_other,burst|router|protocol_other,router__pkt_total__absdiff1,rf,True,"{'possible_contexts': 766496, 'missing_target_contexts': 11789, 'join_contexts_removed': 0, 'available_before_cap': 754707, 'used': 60000, 'predictor_missing_fraction': 0.024011067708333333, 'used_target_missing': 0}","{'possible_contexts': 255298, 'missing_target_contexts': 4453, 'join_contexts_removed': 0, 'available_before_cap': 250845, 'used': 30000, 'predictor_missing_fraction': 0.0006809895833333334, 'used_target_missing': 0}",ok,0.028512215188648778,0.04063046666666668,0.7716538862628727,0.45509520246097174,0.6870161638809552,0.014316478075910697,0.2982552865423951,0.07873333333333334,0.04086666666666667,0.298255286542395,[],,
burst__router__pkt_total__absdiff1__h0__w60__train_q0.99__model_linear,temporal,burst|protocol_other,burst|router|protocol_other,router__pkt_total__absdiff1,linear,True,"{'possible_contexts': 766496, 'missing_target_contexts': 11789, 'join_contexts_removed': 0, 'available_before_cap': 754707, 'used': 60000, 'predictor_missing_fraction': 0.024011067708333333, 'used_target_missing': 0}","{'possible_contexts': 255298, 'missing_target_contexts': 4453, 'join_contexts_removed': 0, 'available_before_cap': 250845, 'used': 30000, 'predictor_missing_fraction': 0.0006809895833333334, 'used_target_missing': 0}",ok,0.02969096878743672,0.04063046666666668,0.7588727123714074,0.41368777450669764,0.6729495746284455,0.009120365673053679,0.26924371725724583,0.07873333333333334,0.04086666666666667,0.2692437172572459,[],,
cross_tier_forecast__router_to_iot__smart_plug_ps5__sensor__voltage__value__h5__w0__continuous__model_rf,temporal,cross_tier_response|physical_context,cross_tier_forecast|router_to_iot|physical_context,iot__smart_plug_ps5__sensor__voltage__value,rf,False,"{'possible_contexts': 766551, 'missing_target_contexts': 517475, 'join_contexts_removed': 0, 'available_before_cap': 249076, 'used': 60000, 'predictor_missing_fraction': 0.0017958333333333333, 'used_target_missing': 0}","{'possible_contexts': 255353, 'missing_target_contexts': 0, 'join_contexts_removed': 0, 'available_before_cap': 255353, 'used': 30000, 'predictor_missing_fraction': 0.001225, 'used_target_missing': 0}",ok,0.47464743078519755,0.44525555555555557,,,,,,,,-0.06601124873774807,[],-0.20829508548841869,3.0
cross_tier_forecast__router_to_iot__smart_plug_ps5__sensor__voltage__value__h5__w0__continuous__model_linear,temporal,cross_tier_response|physical_context,cross_tier_forecast|router_to_iot|physical_context,iot__smart_plug_ps5__sensor__voltage__value,linear,False,"{'possible_contexts': 766551, 'missing_target_contexts': 517475, 'join_contexts_removed': 0, 'available_before_cap': 249076, 'used': 60000, 'predictor_missing_fraction': 0.0017958333333333333, 'used_target_missing': 0}","{'possible_contexts': 255353, 'missing_target_contexts': 0, 'join_contexts_removed': 0, 'available_before_cap': 255353, 'used': 30000, 'predictor_missing_fraction': 0.001225, 'used_target_missing': 0}",ok,0.445998627056206,0.44525555555555557,,,,,,,,-0.001668865197478114,[],-0.056821391028341495,3.0
forecast__ota__pkt_total__h15__w0__continuous__model_rf,temporal,forecast|protocol_other,forecast|ota|protocol_other,ota__pkt_total,rf,True,"{'possible_contexts': 766541, 'missing_target_contexts': 7, 'join_contexts_removed': 0, 'available_before_cap': 766534, 'used': 60000, 'predictor_missing_fraction': 0.04512994791666667, 'used_target_missing': 0}","{'possible_contexts': 255343, 'missing_target_contexts': 0, 'join_contexts_removed': 0, 'available_before_cap': 255343, 'used': 30000, 'predictor_missing_fraction': 0.00022135416666666666, 'used_target_missing': 0}",ok,0.4542592188557864,0.5964549019607843,,,,,,,,0.23840139906226637,[],0.1485761897848863,17.0
forecast__ota__pkt_total__h15__w0__continuous__model_linear,temporal,forecast|protocol_other,forecast|ota|protocol_other,ota__pkt_total,linear,True,"{'possible_contexts': 766541, 'missing_target_contexts': 7, 'join_contexts_removed': 0, 'available_before_cap': 766534, 'used': 60000, 'predictor_missing_fraction': 0.04512994791666667, 'used_target_missing': 0}","{'possible_contexts': 255343, 'missing_target_contexts': 0, 'join_contexts_removed': 0, 'available_before_cap': 255343, 'used': 30000, 'predictor_missing_fraction': 0.00022135416666666666, 'used_target_missing': 0}",ok,0.508992393760129,0.5964549019607843,,,,,,,,0.14663725272963865,[],0.16938665349484827,17.0
forecast__ota5__rssi_n__h15__w0__continuous__model_rf,temporal,forecast|radio_quality,forecast|ota|radio_quality,ota5__rssi_n,rf,True,"{'possible_contexts': 766541, 'missing_target_contexts': 260, 'join_contexts_removed': 0, 'available_before_cap': 766281, 'used': 60000, 'predictor_missing_fraction': 0.00010416666666666667, 'used_target_missing': 0}","{'possible_contexts': 255343, 'missing_target_contexts': 86, 'join_contexts_removed': 0, 'available_before_cap': 255257, 'used': 30000, 'predictor_missing_fraction': 0.00012239583333333332, 'used_target_missing': 0}",ok,0.38935709029962307,0.5886194444444445,,,,,,,,0.33852492646227617,[],0.3013000142161103,12.0
forecast__ota5__rssi_n__h15__w0__continuous__model_linear,temporal,forecast|radio_quality,forecast|ota|radio_quality,ota5__rssi_n,linear,True,"{'possible_contexts': 766541, 'missing_target_contexts': 260, 'join_contexts_removed': 0, 'available_before_cap': 766281, 'used': 60000, 'predictor_missing_fraction': 0.00010416666666666667, 'used_target_missing': 0}","{'possible_contexts': 255343, 'missing_target_contexts': 86, 'join_contexts_removed': 0, 'available_before_cap': 255257, 'used': 30000, 'predictor_missing_fraction': 0.00012239583333333332, 'used_target_missing': 0}",ok,0.4036389977002908,0.5886194444444445,,,,,,,,0.3142615292275018,[],0.3255980257450434,12.0
burst__router__pkt_total__diff1__h0__w30__train_q0.99__model_rf,temporal,burst|protocol_other,burst|router|protocol_other,router__pkt_total__diff1,rf,True,"{'possible_contexts': 766526, 'missing_target_contexts': 6329, 'join_contexts_removed': 0, 'available_before_cap': 760197, 'used': 60000, 'predictor_missing_fraction': 0.0011635416666666667, 'used_target_missing': 0}","{'possible_contexts': 255328, 'missing_target_contexts': 2353, 'join_contexts_removed': 0, 'available_before_cap': 252975, 'used': 30000, 'predictor_missing_fraction': 0.00077265625, 'used_target_missing': 0}",ok,0.022287537333787032,0.046155821388888886,0.8830092373239589,0.6841506635213166,0.7852569978209356,0.005260654487046018,0.5171240232948747,0.08431666666666666,0.046966666666666664,0.5171240232948747,[],,
burst__router__pkt_total__diff1__h0__w30__train_q0.99__model_linear,temporal,burst|protocol_other,burst|router|protocol_other,router__pkt_total__diff1,linear,True,"{'possible_contexts': 766526, 'missing_target_contexts': 6329, 'join_contexts_removed': 0, 'available_before_cap': 760197, 'used': 60000, 'predictor_missing_fraction': 0.0011635416666666667, 'used_target_missing': 0}","{'possible_contexts': 255328, 'missing_target_contexts': 2353, 'join_contexts_removed': 0, 'available_before_cap': 252975, 'used': 30000, 'predictor_missing_fraction': 0.00077265625, 'used_target_missing': 0}",ok,0.030283591529299946,0.046155821388888886,0.8638741652883317,0.5215679135060803,0.7280251849342675,0.0181694422063468,0.3438835965209336,0.08431666666666666,0.046966666666666664,0.34388359652093353,[],,
cross_tier_forecast__zigbee_to_iot__smart_plug__sensor__voltage__value__h5__w0__continuous__model_rf,temporal,cross_tier_response|physical_context,cross_tier_forecast|zigbee_to_iot|physical_context,iot__smart_plug__sensor__voltage__value,rf,False,"{'possible_contexts': 766551, 'missing_target_contexts': 517476, 'join_contexts_removed': 0, 'available_before_cap': 249075, 'used': 60000, 'predictor_missing_fraction': 0.05918697916666667, 'used_target_missing': 0}","{'possible_contexts': 255353, 'missing_target_contexts': 0, 'join_contexts_removed': 0, 'available_before_cap': 255353, 'used': 30000, 'predictor_missing_fraction': 0.057672916666666664, 'used_target_missing': 0}",ok,0.6690956806157968,0.6802166666666667,,,,,,,,0.016349181953107878,[],-0.07920529237843477,2.0
cross_tier_forecast__zigbee_to_iot__smart_plug__sensor__voltage__value__h5__w0__continuous__model_linear,temporal,cross_tier_response|physical_context,cross_tier_forecast|zigbee_to_iot|physical_context,iot__smart_plug__sensor__voltage__value,linear,False,"{'possible_contexts': 766551, 'missing_target_contexts': 517476, 'join_contexts_removed': 0, 'available_before_cap': 249075, 'used': 60000, 'predictor_missing_fraction': 0.05918697916666667, 'used_target_missing': 0}","{'possible_contexts': 255353, 'missing_target_contexts': 0, 'join_contexts_removed': 0, 'available_before_cap': 255353, 'used': 30000, 'predictor_missing_fraction': 0.057672916666666664, 'used_target_missing': 0}",ok,0.6703715878353219,0.6802166666666667,,,,,,,,0.014473445467882455,[],-0.09179162356233572,2.0
forecast__ota__pkt_total__h5__w0__continuous__model_rf,temporal,forecast|protocol_other,forecast|ota|protocol_other,ota__pkt_total,rf,True,"{'possible_contexts': 766551, 'missing_target_contexts': 7, 'join_contexts_removed': 0, 'available_before_cap': 766544, 'used': 60000, 'predictor_missing_fraction': 0.04512994791666667, 'used_target_missing': 0}","{'possible_contexts': 255353, 'missing_target_contexts': 0, 'join_contexts_removed': 0, 'available_before_cap': 255353, 'used': 30000, 'predictor_missing_fraction': 0.00022135416666666666, 'used_target_missing': 0}",ok,0.4339003138207732,0.5809314814814814,,,,,,,,0.2530955411225983,[],0.2988757392925404,18.0
forecast__ota__pkt_total__h5__w0__continuous__model_linear,temporal,forecast|protocol_other,forecast|ota|protocol_other,ota__pkt_total,linear,True,"{'possible_contexts': 766551, 'missing_target_contexts': 7, 'join_contexts_removed': 0, 'available_before_cap': 766544, 'used': 60000, 'predictor_missing_fraction': 0.04512994791666667, 'used_target_missing': 0}","{'possible_contexts': 255353, 'missing_target_contexts': 0, 'join_contexts_removed': 0, 'available_before_cap': 255353, 'used': 30000, 'predictor_missing_fraction': 0.00022135416666666666, 'used_target_missing': 0}",ok,0.44020663303302965,0.5809314814814814,,,,,,,,0.24224001097268427,[],0.3370902576601301,18.0
forecast__ota5__rssi_n__h5__w0__continuous__model_rf,temporal,forecast|radio_quality,forecast|ota|radio_quality,ota5__rssi_n,rf,True,"{'possible_contexts': 766551, 'missing_target_contexts': 260, 'join_contexts_removed': 0, 'available_before_cap': 766291, 'used': 60000, 'predictor_missing_fraction': 0.00010416666666666667, 'used_target_missing': 0}","{'possible_contexts': 255353, 'missing_target_contexts': 86, 'join_contexts_removed': 0, 'available_before_cap': 255267, 'used': 30000, 'predictor_missing_fraction': 0.00012239583333333332, 'used_target_missing': 0}",ok,0.38790387588577846,0.586825,,,,,,,,0.33897861221696685,[],0.3315984275306656,12.0
forecast__ota5__rssi_n__h5__w0__continuous__model_linear,temporal,forecast|radio_quality,forecast|ota|radio_quality,ota5__rssi_n,linear,True,"{'possible_contexts': 766551, 'missing_target_contexts': 260, 'join_contexts_removed': 0, 'available_before_cap': 766291, 'used': 60000, 'predictor_missing_fraction': 0.00010416666666666667, 'used_target_missing': 0}","{'possible_contexts': 255353, 'missing_target_contexts': 86, 'join_contexts_removed': 0, 'available_before_cap': 255267, 'used': 30000, 'predictor_missing_fraction': 0.00012239583333333332, 'used_target_missing': 0}",ok,0.4001924346549401,0.586825,,,,,,,,0.3180378568483959,[],0.3195777723881339,12.0
burst__router__pkt_total__diff1__h0__w60__train_q0.99__model_rf,temporal,burst|protocol_other,burst|router|protocol_other,router__pkt_total__diff1,rf,True,"{'possible_contexts': 766496, 'missing_target_contexts': 11789, 'join_contexts_removed': 0, 'available_before_cap': 754707, 'used': 60000, 'predictor_missing_fraction': 0.001174609375, 'used_target_missing': 0}","{'possible_contexts': 255298, 'missing_target_contexts': 4453, 'join_contexts_removed': 0, 'available_before_cap': 250845, 'used': 30000, 'predictor_missing_fraction': 0.0008106770833333333, 'used_target_missing': 0}",ok,0.03477167175480712,0.06195524555555556,0.8303911678340643,0.6241673168509158,0.7376862147325896,0.012425090317408667,0.4387614568708763,0.09856666666666666,0.06506666666666666,0.4387614568708763,[],,
burst__router__pkt_total__diff1__h0__w60__train_q0.99__model_linear,temporal,burst|protocol_other,burst|router|protocol_other,router__pkt_total__diff1,linear,True,"{'possible_contexts': 766496, 'missing_target_contexts': 11789, 'join_contexts_removed': 0, 'available_before_cap': 754707, 'used': 60000, 'predictor_missing_fraction': 0.001174609375, 'used_target_missing': 0}","{'possible_contexts': 255298, 'missing_target_contexts': 4453, 'join_contexts_removed': 0, 'available_before_cap': 250845, 'used': 30000, 'predictor_missing_fraction': 0.0008106770833333333, 'used_target_missing': 0}",ok,0.04428077883038477,0.06195524555555556,0.8123573508061122,0.49375154912458713,0.6987678616516885,0.023365226315700826,0.2852779706816272,0.09856666666666666,0.06506666666666666,0.2852779706816272,[],,
cross_tier_forecast__zigbee_to_iot__smart_plug_ps5__sensor__voltage__value__h5__w0__continuous__model_rf,temporal,cross_tier_response|physical_context,cross_tier_forecast|zigbee_to_iot|physical_context,iot__smart_plug_ps5__sensor__voltage__value,rf,False,"{'possible_contexts': 766551, 'missing_target_contexts': 517475, 'join_contexts_removed': 0, 'available_before_cap': 249076, 'used': 60000, 'predictor_missing_fraction': 0.05927604166666667, 'used_target_missing': 0}","{'possible_contexts': 255353, 'missing_target_contexts': 0, 'join_contexts_removed': 0, 'available_before_cap': 255353, 'used': 30000, 'predictor_missing_fraction': 0.057672916666666664, 'used_target_missing': 0}",ok,0.4462560473805703,0.44525555555555557,,,,,,,,-0.0022470058206604045,[],-0.06396308427531938,3.0
cross_tier_forecast__zigbee_to_iot__smart_plug_ps5__sensor__voltage__value__h5__w0__continuous__model_linear,temporal,cross_tier_response|physical_context,cross_tier_forecast|zigbee_to_iot|physical_context,iot__smart_plug_ps5__sensor__voltage__value,linear,False,"{'possible_contexts': 766551, 'missing_target_contexts': 517475, 'join_contexts_removed': 0, 'available_before_cap': 249076, 'used': 60000, 'predictor_missing_fraction': 0.05927604166666667, 'used_target_missing': 0}","{'possible_contexts': 255353, 'missing_target_contexts': 0, 'join_contexts_removed': 0, 'available_before_cap': 255353, 'used': 30000, 'predictor_missing_fraction': 0.057672916666666664, 'used_target_missing': 0}",ok,0.4459280868955393,0.44525555555555557,,,,,,,,-0.0015104389638543798,[],-0.06011027009556602,3.0
forecast__ota__pkt_total__h60__w0__continuous__model_rf,temporal,forecast|protocol_other,forecast|ota|protocol_other,ota__pkt_total,rf,True,"{'possible_contexts': 766496, 'missing_target_contexts': 7, 'join_contexts_removed': 0, 'available_before_cap': 766489, 'used': 60000, 'predictor_missing_fraction': 0.04512994791666667, 'used_target_missing': 0}","{'possible_contexts': 255298, 'missing_target_contexts': 0, 'join_contexts_removed': 0, 'available_before_cap': 255298, 'used': 30000, 'predictor_missing_fraction': 0.00022135416666666666, 'used_target_missing': 0}",ok,0.46338617643850716,0.6137392156862745,,,,,,,,0.24497870659877052,[],0.06671929908020535,17.0
forecast__ota__pkt_total__h60__w0__continuous__model_linear,temporal,forecast|protocol_other,forecast|ota|protocol_other,ota__pkt_total,linear,True,"{'possible_contexts': 766496, 'missing_target_contexts': 7, 'join_contexts_removed': 0, 'available_before_cap': 766489, 'used': 60000, 'predictor_missing_fraction': 0.04512994791666667, 'used_target_missing': 0}","{'possible_contexts': 255298, 'missing_target_contexts': 0, 'join_contexts_removed': 0, 'available_before_cap': 255298, 'used': 30000, 'predictor_missing_fraction': 0.00022135416666666666, 'used_target_missing': 0}",ok,0.4994152728944188,0.6137392156862745,,,,,,,,0.18627446294762237,[],0.2151925426593625,17.0
forecast__ota5__rssi_n__h60__w0__continuous__model_rf,temporal,forecast|radio_quality,forecast|ota|radio_quality,ota5__rssi_n,rf,True,"{'possible_contexts': 766496, 'missing_target_contexts': 260, 'join_contexts_removed': 0, 'available_before_cap': 766236, 'used': 60000, 'predictor_missing_fraction': 0.00010416666666666667, 'used_target_missing': 0}","{'possible_contexts': 255298, 'missing_target_contexts': 86, 'join_contexts_removed': 0, 'available_before_cap': 255212, 'used': 30000, 'predictor_missing_fraction': 0.00012239583333333332, 'used_target_missing': 0}",ok,0.4337465958133688,0.6351484848484849,,,,,,,,0.31709418165920783,[],0.13274629324213072,11.0
forecast__ota5__rssi_n__h60__w0__continuous__model_linear,temporal,forecast|radio_quality,forecast|ota|radio_quality,ota5__rssi_n,linear,True,"{'possible_contexts': 766496, 'missing_target_contexts': 260, 'join_contexts_removed': 0, 'available_before_cap': 766236, 'used': 60000, 'predictor_missing_fraction': 0.00010416666666666667, 'used_target_missing': 0}","{'possible_contexts': 255298, 'missing_target_contexts': 86, 'join_contexts_removed': 0, 'available_before_cap': 255212, 'used': 30000, 'predictor_missing_fraction': 0.00012239583333333332, 'used_target_missing': 0}",ok,0.46558612504445857,0.6351484848484849,,,,,,,,0.26696491269199124,[],0.25796452756786403,11.0
cross_tier_forecast__ota_to_iot__smart_plug__sensor__signal_strength__value__h5__w0__continuous__model_rf,temporal,cross_tier_response|radio_quality,cross_tier_forecast|ota_to_iot|radio_quality,iot__smart_plug__sensor__signal_strength__value,rf,False,"{'possible_contexts': 766551, 'missing_target_contexts': 517496, 'join_contexts_removed': 0, 'available_before_cap': 249055, 'used': 60000, 'predictor_missing_fraction': 0.0002614583333333333, 'used_target_missing': 0}","{'possible_contexts': 255353, 'missing_target_contexts': 0, 'join_contexts_removed': 0, 'available_before_cap': 255353, 'used': 30000, 'predictor_missing_fraction': 0.00026458333333333336, 'used_target_missing': 0}",ok,0.8379573541070368,0.79105,,,,,,,,-0.05929758435881009,[],-0.8487969206212893,2.0
cross_tier_forecast__ota_to_iot__smart_plug__sensor__signal_strength__value__h5__w0__continuous__model_linear,temporal,cross_tier_response|radio_quality,cross_tier_forecast|ota_to_iot|radio_quality,iot__smart_plug__sensor__signal_strength__value,linear,False,"{'possible_contexts': 766551, 'missing_target_contexts': 517496, 'join_contexts_removed': 0, 'available_before_cap': 249055, 'used': 60000, 'predictor_missing_fraction': 0.0002614583333333333, 'used_target_missing': 0}","{'possible_contexts': 255353, 'missing_target_contexts': 0, 'join_contexts_removed': 0, 'available_before_cap': 255353, 'used': 30000, 'predictor_missing_fraction': 0.00026458333333333336, 'used_target_missing': 0}",ok,1.1730697560329981,0.79105,,,,,,,,-0.4829274458416005,[],-3.088667821851698,2.0
cross_tier_forecast__ota_to_iot__s5_max_main_brush_time_left__sensor__state__value__h5__w0__continuous__model_rf,temporal,cross_tier_response|state_event,cross_tier_forecast|ota_to_iot|state_event,iot__s5_max_main_brush_time_left__sensor__state__value,rf,False,"{'possible_contexts': 766551, 'missing_target_contexts': 26504, 'join_contexts_removed': 0, 'available_before_cap': 740047, 'used': 60000, 'predictor_missing_fraction': 0.00026753472222222223, 'used_target_missing': 0}","{'possible_contexts': 255353, 'missing_target_contexts': 0, 'join_contexts_removed': 0, 'available_before_cap': 255353, 'used': 30000, 'predictor_missing_fraction': 0.0002798611111111111, 'used_target_missing': 0}",unobserved_or_constant_target,,,,,,,,,,,[],,
cross_tier_forecast__ota_to_iot__smart_plug_ps5__sensor__signal_strength__value__h5__w0__continuous__model_rf,temporal,cross_tier_response|radio_quality,cross_tier_forecast|ota_to_iot|radio_quality,iot__smart_plug_ps5__sensor__signal_strength__value,rf,False,"{'possible_contexts': 766551, 'missing_target_contexts': 517525, 'join_contexts_removed': 0, 'available_before_cap': 249026, 'used': 60000, 'predictor_missing_fraction': 0.00025833333333333334, 'used_target_missing': 0}","{'possible_contexts': 255353, 'missing_target_contexts': 0, 'join_contexts_removed': 0, 'available_before_cap': 255353, 'used': 30000, 'predictor_missing_fraction': 0.00026458333333333336, 'used_target_missing': 0}",ok,0.7717460030511487,0.5482,,,,,,,,-0.4077818370141348,[],-0.9703092894089043,4.0
cross_tier_forecast__ota_to_iot__smart_plug_ps5__sensor__signal_strength__value__h5__w0__continuous__model_linear,temporal,cross_tier_response|radio_quality,cross_tier_forecast|ota_to_iot|radio_quality,iot__smart_plug_ps5__sensor__signal_strength__value,linear,False,"{'possible_contexts': 766551, 'missing_target_contexts': 517525, 'join_contexts_removed': 0, 'available_before_cap': 249026, 'used': 60000, 'predictor_missing_fraction': 0.00025833333333333334, 'used_target_missing': 0}","{'possible_contexts': 255353, 'missing_target_contexts': 0, 'join_contexts_removed': 0, 'available_before_cap': 255353, 'used': 30000, 'predictor_missing_fraction': 0.00026458333333333336, 'used_target_missing': 0}",ok,1.2753765529641878,0.5482,,,,,,,,-1.326480395775607,[],-3.96056566989622,4.0
cross_tier_forecast__ota_to_iot__s5_max_side_brush_time_left__sensor__state__value__h5__w0__continuous__model_rf,temporal,cross_tier_response|state_event,cross_tier_forecast|ota_to_iot|state_event,iot__s5_max_side_brush_time_left__sensor__state__value,rf,False,"{'possible_contexts': 766551, 'missing_target_contexts': 26504, 'join_contexts_removed': 0, 'available_before_cap': 740047, 'used': 60000, 'predictor_missing_fraction': 0.00026753472222222223, 'used_target_missing': 0}","{'possible_contexts': 255353, 'missing_target_contexts': 0, 'join_contexts_removed': 0, 'available_before_cap': 255353, 'used': 30000, 'predictor_missing_fraction': 0.0002798611111111111, 'used_target_missing': 0}",unobserved_or_constant_target,,,,,,,,,,,[],,
cross_tier_forecast__router_to_iot__smart_plug__sensor__signal_strength__value__h5__w0__continuous__model_rf,temporal,cross_tier_response|radio_quality,cross_tier_forecast|router_to_iot|radio_quality,iot__smart_plug__sensor__signal_strength__value,rf,False,"{'possible_contexts': 766551, 'missing_target_contexts': 517496, 'join_contexts_removed': 0, 'available_before_cap': 249055, 'used': 60000, 'predictor_missing_fraction': 0.0017833333333333334, 'used_target_missing': 0}","{'possible_contexts': 255353, 'missing_target_contexts': 0, 'join_contexts_removed': 0, 'available_before_cap': 255353, 'used': 30000, 'predictor_missing_fraction': 0.001225, 'used_target_missing': 0}",ok,0.7217300141788126,0.79105,,,,,,,,0.08763034678109788,[],-0.357584374376269,2.0
cross_tier_forecast__router_to_iot__smart_plug__sensor__signal_strength__value__h5__w0__continuous__model_linear,temporal,cross_tier_response|radio_quality,cross_tier_forecast|router_to_iot|radio_quality,iot__smart_plug__sensor__signal_strength__value,linear,True,"{'possible_contexts': 766551, 'missing_target_contexts': 517496, 'join_contexts_removed': 0, 'available_before_cap': 249055, 'used': 60000, 'predictor_missing_fraction': 0.0017833333333333334, 'used_target_missing': 0}","{'possible_contexts': 255353, 'missing_target_contexts': 0, 'join_contexts_removed': 0, 'available_before_cap': 255353, 'used': 30000, 'predictor_missing_fraction': 0.001225, 'used_target_missing': 0}",ok,0.6977655787175907,0.79105,,,,,,,,0.11792481041958071,[],-0.174433971119627,2.0
cross_tier_forecast__router_to_iot__smart_plug_ps5__sensor__signal_strength__value__h5__w0__continuous__model_rf,temporal,cross_tier_response|radio_quality,cross_tier_forecast|router_to_iot|radio_quality,iot__smart_plug_ps5__sensor__signal_strength__value,rf,False,"{'possible_contexts': 766551, 'missing_target_contexts': 517525, 'join_contexts_removed': 0, 'available_before_cap': 249026, 'used': 60000, 'predictor_missing_fraction': 0.0017583333333333333, 'used_target_missing': 0}","{'possible_contexts': 255353, 'missing_target_contexts': 0, 'join_contexts_removed': 0, 'available_before_cap': 255353, 'used': 30000, 'predictor_missing_fraction': 0.001225, 'used_target_missing': 0}",ok,0.7317792708600372,0.5482,,,,,,,,-0.3348764517694951,[],-0.7198298283000184,4.0
cross_tier_forecast__router_to_iot__smart_plug_ps5__sensor__signal_strength__value__h5__w0__continuous__model_linear,temporal,cross_tier_response|radio_quality,cross_tier_forecast|router_to_iot|radio_quality,iot__smart_plug_ps5__sensor__signal_strength__value,linear,False,"{'possible_contexts': 766551, 'missing_target_contexts': 517525, 'join_contexts_removed': 0, 'available_before_cap': 249026, 'used': 60000, 'predictor_missing_fraction': 0.0017583333333333333, 'used_target_missing': 0}","{'possible_contexts': 255353, 'missing_target_contexts': 0, 'join_contexts_removed': 0, 'available_before_cap': 255353, 'used': 30000, 'predictor_missing_fraction': 0.001225, 'used_target_missing': 0}",ok,0.6697155640471742,0.5482,,,,,,,,-0.2216628311695991,[],-0.37613222563747706,4.0
cross_tier_forecast__zigbee_to_iot__smart_plug__sensor__signal_strength__value__h5__w0__continuous__model_rf,temporal,cross_tier_response|radio_quality,cross_tier_forecast|zigbee_to_iot|radio_quality,iot__smart_plug__sensor__signal_strength__value,rf,True,"{'possible_contexts': 766551, 'missing_target_contexts': 517496, 'join_contexts_removed': 0, 'available_before_cap': 249055, 'used': 60000, 'predictor_missing_fraction': 0.059196875, 'used_target_missing': 0}","{'possible_contexts': 255353, 'missing_target_contexts': 0, 'join_contexts_removed': 0, 'available_before_cap': 255353, 'used': 30000, 'predictor_missing_fraction': 0.057672916666666664, 'used_target_missing': 0}",ok,0.6577909819071497,0.79105,,,,,,,,0.16845840097699302,[],-0.09427287989882305,2.0
cross_tier_forecast__zigbee_to_iot__smart_plug__sensor__signal_strength__value__h5__w0__continuous__model_linear,temporal,cross_tier_response|radio_quality,cross_tier_forecast|zigbee_to_iot|radio_quality,iot__smart_plug__sensor__signal_strength__value,linear,True,"{'possible_contexts': 766551, 'missing_target_contexts': 517496, 'join_contexts_removed': 0, 'available_before_cap': 249055, 'used': 60000, 'predictor_missing_fraction': 0.059196875, 'used_target_missing': 0}","{'possible_contexts': 255353, 'missing_target_contexts': 0, 'join_contexts_removed': 0, 'available_before_cap': 255353, 'used': 30000, 'predictor_missing_fraction': 0.057672916666666664, 'used_target_missing': 0}",ok,0.6566702094461985,0.79105,,,,,,,,0.16987521718450357,[],-0.09028434706048283,2.0
cross_tier_forecast__zigbee_to_iot__smart_plug_ps5__sensor__signal_strength__value__h5__w0__continuous__model_rf,temporal,cross_tier_response|radio_quality,cross_tier_forecast|zigbee_to_iot|radio_quality,iot__smart_plug_ps5__sensor__signal_strength__value,rf,False,"{'possible_contexts': 766551, 'missing_target_contexts': 517525, 'join_contexts_removed': 0, 'available_before_cap': 249026, 'used': 60000, 'predictor_missing_fraction': 0.04828333333333333, 'used_target_missing': 0}","{'possible_contexts': 255353, 'missing_target_contexts': 0, 'join_contexts_removed': 0, 'available_before_cap': 255353, 'used': 30000, 'predictor_missing_fraction': 0.04856666666666667, 'used_target_missing': 0}",ok,0.642994846654164,0.5482,,,,,,,,-0.17292018725677477,[],-0.30212712671192143,4.0
cross_tier_forecast__zigbee_to_iot__smart_plug_ps5__sensor__signal_strength__value__h5__w0__continuous__model_linear,temporal,cross_tier_response|radio_quality,cross_tier_forecast|zigbee_to_iot|radio_quality,iot__smart_plug_ps5__sensor__signal_strength__value,linear,False,"{'possible_contexts': 766551, 'missing_target_contexts': 517525, 'join_contexts_removed': 0, 'available_before_cap': 249026, 'used': 60000, 'predictor_missing_fraction': 0.04828333333333333, 'used_target_missing': 0}","{'possible_contexts': 255353, 'missing_target_contexts': 0, 'join_contexts_removed': 0, 'available_before_cap': 255353, 'used': 30000, 'predictor_missing_fraction': 0.04856666666666667, 'used_target_missing': 0}",ok,0.6589051596978444,0.5482,,,,,,,,-0.2019430129475453,[],-0.5062334199643819,4.0
